variant,r,stage1_kernel,stage1_params,stage1_label,val_acc,best_svm_kernel,best_svm_params,diag,regime,repeat
KFDA-1D,1,linear,{},linear,0.4846153846153846,rbf,"{'C': 0.5, 'gamma': 'scale'}","{'top_lambda': 0.003515914586512144, 'd_norm': 9.449203254609426}",same_mean_diff_covariance,1
KFDA-1D,1,rbf,{'gamma': 0.0399566906617043},rbf(gamma=0.0399566906617043),0.7769230769230769,poly,"{'C': 0.5, 'gamma': 'scale', 'degree': 2, 'coef0': 1.0}","{'top_lambda': 7411.876019345537, 'd_norm': 0.2565701496576583}",same_mean_diff_covariance,1
KFDA-1D,1,laplacian,{'gamma': 0.0399566906617043},laplacian(gamma=0.0399566906617043),0.6846153846153846,linear,{'C': 2.0},"{'top_lambda': 10253.596891039675, 'd_norm': 0.16784253624816725}",same_mean_diff_covariance,1
KFDA-1D,1,polynomial,"{'degree': 2, 'gamma': 0.0399566906617043, 'coef0': 1.0}","polynomial(coef0=1.0, degree=2, gamma=0.0399566906617043)",0.7846153846153846,linear,{'C': 0.5},"{'top_lambda': 48.04196464233703, 'd_norm': 1.0257440309877264}",same_mean_diff_covariance,1
KFDA-1D,1,sigmoid,"{'gamma': 0.0399566906617043, 'coef0': 0.0}","sigmoid(coef0=0.0, gamma=0.0399566906617043)",0.5,rbf,"{'C': 2.0, 'gamma': 'scale'}","{'top_lambda': 0.11191061088160664, 'd_norm': 0.3480390048573496}",same_mean_diff_covariance,1
MY-large_mu,1,linear,{},linear,0.6384615384615384,rbf,"{'C': 0.5, 'gamma': 0.5}","{'thetas': array([0.]), 'lambdas': array([0.]), 'gvals': array([9.7002e+09])}",same_mean_diff_covariance,1
MY-large_mu,1,rbf,{'gamma': 0.0399566906617043},rbf(gamma=0.0399566906617043),0.6,rbf,"{'C': 2.0, 'gamma': 'scale'}","{'thetas': array([0.0013]), 'lambdas': array([0.0013]), 'gvals': array([381.2764])}",same_mean_diff_covariance,1
MY-large_mu,1,laplacian,{'gamma': 0.0399566906617043},laplacian(gamma=0.0399566906617043),0.49230769230769234,poly,"{'C': 0.5, 'gamma': 'scale', 'degree': 2, 'coef0': 1.0}","{'thetas': array([0.0005]), 'lambdas': array([0.0005]), 'gvals': array([1042.1037])}",same_mean_diff_covariance,1
MY-large_mu,1,polynomial,"{'degree': 2, 'gamma': 0.0399566906617043, 'coef0': 1.0}","polynomial(coef0=1.0, degree=2, gamma=0.0399566906617043)",0.4461538461538462,linear,{'C': 0.5},"{'thetas': array([0.0004]), 'lambdas': array([0.0004]), 'gvals': array([1332.1558])}",same_mean_diff_covariance,1
MY-large_mu,1,sigmoid,"{'gamma': 0.0399566906617043, 'coef0': 0.0}","sigmoid(coef0=0.0, gamma=0.0399566906617043)",0.5769230769230769,rbf,"{'C': 2.0, 'gamma': 'scale'}","{'thetas': array([0.]), 'lambdas': array([0.]), 'gvals': array([2.7934e+10])}",same_mean_diff_covariance,1
MY-large_mu,2,linear,{},linear,0.6692307692307692,rbf,"{'C': 0.5, 'gamma': 'scale'}","{'thetas': array([0., 0.]), 'lambdas': array([0., 0.]), 'gvals': array([1.7985e+10, 8.7125e+09])}",same_mean_diff_covariance,1
MY-large_mu,2,rbf,{'gamma': 0.0399566906617043},rbf(gamma=0.0399566906617043),0.5923076923076923,poly,"{'C': 2.0, 'gamma': 'scale', 'degree': 2, 'coef0': 1.0}","{'thetas': array([0.0031, 0.0043]), 'lambdas': array([0.0031, 0.0043]), 'gvals': array([158.3555, 114.3008])}",same_mean_diff_covariance,1
MY-large_mu,2,laplacian,{'gamma': 0.0399566906617043},laplacian(gamma=0.0399566906617043),0.4846153846153846,poly,"{'C': 2.0, 'gamma': 'scale', 'degree': 2, 'coef0': 1.0}","{'thetas': array([0.0001, 0.002 ]), 'lambdas': array([0.0001, 0.002 ]), 'gvals': array([3995.4798,  252.1906])}",same_mean_diff_covariance,1
MY-large_mu,2,polynomial,"{'degree': 2, 'gamma': 0.0399566906617043, 'coef0': 1.0}","polynomial(coef0=1.0, degree=2, gamma=0.0399566906617043)",0.5923076923076923,poly,"{'C': 0.5, 'gamma': 'scale', 'degree': 2, 'coef0': 1.0}","{'thetas': array([0.0053, 0.0151]), 'lambdas': array([0.0053, 0.0151]), 'gvals': array([91.9012, 30.6128])}",same_mean_diff_covariance,1
MY-large_mu,2,sigmoid,"{'gamma': 0.0399566906617043, 'coef0': 0.0}","sigmoid(coef0=0.0, gamma=0.0399566906617043)",0.6615384615384615,rbf,"{'C': 2.0, 'gamma': 'scale'}","{'thetas': array([0., 0.]), 'lambdas': array([0., 0.]), 'gvals': array([1.1738e+10, 2.3742e+09])}",same_mean_diff_covariance,1
MY-large_mu,3,linear,{},linear,0.8153846153846154,poly,"{'C': 2.0, 'gamma': 'scale', 'degree': 2, 'coef0': 1.0}","{'thetas': array([0., 0., 0.]), 'lambdas': array([0., 0., 0.]), 'gvals': array([2.8195e+09, 2.6371e+09, 2.1642e+09])}",same_mean_diff_covariance,1
MY-large_mu,3,rbf,{'gamma': 0.0399566906617043},rbf(gamma=0.0399566906617043),0.6692307692307692,rbf,"{'C': 2.0, 'gamma': 'scale'}","{'thetas': array([0.0008, 0.0018, 0.0027]), 'lambdas': array([0.0008, 0.0018, 0.0027]), 'gvals': array([612.4518, 271.6531, 183.9396])}",same_mean_diff_covariance,1
MY-large_mu,3,laplacian,{'gamma': 0.0399566906617043},laplacian(gamma=0.0399566906617043),0.5692307692307692,poly,"{'C': 2.0, 'gamma': 'scale', 'degree': 2, 'coef0': 1.0}","{'thetas': array([0.0007, 0.0034, 0.0058]), 'lambdas': array([0.0007, 0.0034, 0.0058]), 'gvals': array([754.2411, 145.6543,  82.9076])}",same_mean_diff_covariance,1
MY-large_mu,3,polynomial,"{'degree': 2, 'gamma': 0.0399566906617043, 'coef0': 1.0}","polynomial(coef0=1.0, degree=2, gamma=0.0399566906617043)",0.7153846153846154,rbf,"{'C': 1.0, 'gamma': 0.5}","{'thetas': array([0.0047, 0.0085, 0.011 ]), 'lambdas': array([0.0047, 0.0085, 0.011 ]), 'gvals': array([104.221 ,  55.8613,  42.7912])}",same_mean_diff_covariance,1
MY-large_mu,3,sigmoid,"{'gamma': 0.0399566906617043, 'coef0': 0.0}","sigmoid(coef0=0.0, gamma=0.0399566906617043)",0.7692307692307693,rbf,"{'C': 0.5, 'gamma': 0.5}","{'thetas': array([0.    , 0.    , 0.0002]), 'lambdas': array([0.    , 0.    , 0.0002]), 'gvals': array([6.8544e+09, 2.3042e+09, 3.1583e+03])}",same_mean_diff_covariance,1
MY-large_mu,4,linear,{},linear,0.7923076923076923,poly,"{'C': 1.0, 'gamma': 'scale', 'degree': 2, 'coef0': 1.0}","{'thetas': array([0., 0., 0., 0.]), 'lambdas': array([0., 0., 0., 0.]), 'gvals': array([1.5980e+10, 1.0402e+10, 5.7405e+09, 5.1880e+09])}",same_mean_diff_covariance,1
MY-large_mu,4,rbf,{'gamma': 0.0399566906617043},rbf(gamma=0.0399566906617043),0.6153846153846154,rbf,"{'C': 2.0, 'gamma': 'scale'}","{'thetas': array([0.0011, 0.0024, 0.0041, 0.005 ]), 'lambdas': array([0.0011, 0.0024, 0.0041, 0.005 ]), 'gvals': array([459.4114, 208.9454, 119.2879,  95.9841])}",same_mean_diff_covariance,1
MY-large_mu,4,laplacian,{'gamma': 0.0399566906617043},laplacian(gamma=0.0399566906617043),0.6307692307692307,rbf,"{'C': 0.5, 'gamma': 0.5}","{'thetas': array([0.0004, 0.0017, 0.0032, 0.0053]), 'lambdas': array([0.0004, 0.0017, 0.0032, 0.0053]), 'gvals': array([1215.532 ,  294.6733,  151.7406,   91.9653])}",same_mean_diff_covariance,1
MY-large_mu,4,polynomial,"{'degree': 2, 'gamma': 0.0399566906617043, 'coef0': 1.0}","polynomial(coef0=1.0, degree=2, gamma=0.0399566906617043)",0.6,rbf,"{'C': 0.5, 'gamma': 'scale'}","{'thetas': array([0.0021, 0.0116, 0.0185, 0.0251]), 'lambdas': array([0.0021, 0.0116, 0.0185, 0.0251]), 'gvals': array([234.0291,  40.2199,  24.4665,  17.5989])}",same_mean_diff_covariance,1
MY-large_mu,4,sigmoid,"{'gamma': 0.0399566906617043, 'coef0': 0.0}","sigmoid(coef0=0.0, gamma=0.0399566906617043)",0.8,rbf,"{'C': 0.5, 'gamma': 'scale'}","{'thetas': array([0.    , 0.0009, 0.0019, 0.0025]), 'lambdas': array([0.    , 0.0009, 0.0019, 0.0025]), 'gvals': array([6.1488e+08, 5.3560e+02, 2.5459e+02, 1.9952e+02])}",same_mean_diff_covariance,1
MY-large_mu,5,linear,{},linear,0.823076923076923,rbf,"{'C': 2.0, 'gamma': 'scale'}","{'thetas': array([0., 0., 0., 0., 0.]), 'lambdas': array([0., 0., 0., 0., 0.]), 'gvals': array([4.8307e+10, 2.7901e+10, 1.5307e+10, 1.1261e+10, 5.3454e+09])}",same_mean_diff_covariance,1
MY-large_mu,5,rbf,{'gamma': 0.0399566906617043},rbf(gamma=0.0399566906617043),0.6692307692307692,rbf,"{'C': 2.0, 'gamma': 0.5}","{'thetas': array([0.001 , 0.0018, 0.0029, 0.0044, 0.006 ]), 'lambdas': array([0.001 , 0.0018, 0.0029, 0.0044, 0.006 ]), 'gvals': array([511.1948, 274.215 , 166.9739, 111.5821,  80.1517])}",same_mean_diff_covariance,1
MY-large_mu,5,laplacian,{'gamma': 0.0399566906617043},laplacian(gamma=0.0399566906617043),0.5384615384615384,rbf,"{'C': 1.0, 'gamma': 0.5}","{'thetas': array([0.0003, 0.0041, 0.0056, 0.0067, 0.0099]), 'lambdas': array([0.0003, 0.0041, 0.0056, 0.0067, 0.0099]), 'gvals': array([1688.6602,  117.5814,   86.1972,   71.6951,   47.706 ])}",same_mean_diff_covariance,1
MY-large_mu,5,polynomial,"{'degree': 2, 'gamma': 0.0399566906617043, 'coef0': 1.0}","polynomial(coef0=1.0, degree=2, gamma=0.0399566906617043)",0.6692307692307692,rbf,"{'C': 0.5, 'gamma': 0.5}","{'thetas': array([0.0065, 0.0111, 0.0157, 0.025 , 0.0323]), 'lambdas': array([0.0065, 0.0111, 0.0157, 0.025 , 0.0323]), 'gvals': array([74.4233, 42.3168, 29.2995, 17.6278, 13.2779])}",same_mean_diff_covariance,1
MY-large_mu,5,sigmoid,"{'gamma': 0.0399566906617043, 'coef0': 0.0}","sigmoid(coef0=0.0, gamma=0.0399566906617043)",0.8153846153846154,rbf,"{'C': 0.5, 'gamma': 0.5}","{'thetas': array([0.    , 0.    , 0.    , 0.0007, 0.0013]), 'lambdas': array([0.    , 0.    , 0.    , 0.0007, 0.0013]), 'gvals': array([1.1742e+10, 6.3147e+09, 3.6325e+09, 6.8746e+02, 3.8176e+02])}",same_mean_diff_covariance,1
MY-large_mu,6,linear,{},linear,0.7692307692307693,rbf,"{'C': 0.5, 'gamma': 0.5}","{'thetas': array([0., 0., 0., 0., 0., 0.]), 'lambdas': array([0., 0., 0., 0., 0., 0.]), 'gvals': array([1.5345e+10, 7.0106e+09, 3.1533e+09, 3.1302e+09, 2.7705e+09,
       2.7436e+09])}",same_mean_diff_covariance,1
MY-large_mu,6,rbf,{'gamma': 0.0399566906617043},rbf(gamma=0.0399566906617043),0.6307692307692307,rbf,"{'C': 0.5, 'gamma': 'scale'}","{'thetas': array([0.0015, 0.0033, 0.0041, 0.0049, 0.0076, 0.0081]), 'lambdas': array([0.0015, 0.0033, 0.0041, 0.0049, 0.0076, 0.0081]), 'gvals': array([319.7518, 148.0928, 119.0324,  99.2862,  62.7631,  58.6957])}",same_mean_diff_covariance,1
MY-large_mu,6,laplacian,{'gamma': 0.0399566906617043},laplacian(gamma=0.0399566906617043),0.5230769230769231,rbf,"{'C': 0.5, 'gamma': 'scale'}","{'thetas': array([0.002 , 0.0021, 0.0035, 0.0067, 0.0089, 0.0098]), 'lambdas': array([0.002 , 0.0021, 0.0035, 0.0067, 0.0089, 0.0098]), 'gvals': array([247.7328, 235.2681, 141.0072,  72.0318,  53.2592,  47.9971])}",same_mean_diff_covariance,1
MY-large_mu,6,polynomial,"{'degree': 2, 'gamma': 0.0399566906617043, 'coef0': 1.0}","polynomial(coef0=1.0, degree=2, gamma=0.0399566906617043)",0.6461538461538462,rbf,"{'C': 1.0, 'gamma': 0.5}","{'thetas': array([0.0054, 0.007 , 0.0205, 0.0258, 0.035 , 0.0381]), 'lambdas': array([0.0054, 0.007 , 0.0205, 0.0258, 0.035 , 0.0381]), 'gvals': array([89.6717, 68.3077, 22.0018, 17.0604, 12.0988, 11.0033])}",same_mean_diff_covariance,1
MY-large_mu,6,sigmoid,"{'gamma': 0.0399566906617043, 'coef0': 0.0}","sigmoid(coef0=0.0, gamma=0.0399566906617043)",0.7076923076923077,rbf,"{'C': 0.5, 'gamma': 'scale'}","{'thetas': array([0.    , 0.    , 0.    , 0.0002, 0.0015, 0.0022]), 'lambdas': array([0.    , 0.    , 0.    , 0.0002, 0.0015, 0.0022]), 'gvals': array([2.6668e+10, 5.1931e+09, 2.1046e+09, 2.9703e+03, 3.3189e+02,
       2.2279e+02])}",same_mean_diff_covariance,1
MY-large_mu,7,linear,{},linear,0.823076923076923,rbf,"{'C': 1.0, 'gamma': 'scale'}","{'thetas': array([0., 0., 0., 0., 0., 0., 0.]), 'lambdas': array([0., 0., 0., 0., 0., 0., 0.]), 'gvals': array([1.7133e+11, 2.3095e+10, 1.9746e+10, 4.9564e+09, 3.5455e+09,
       3.5301e+09, 2.3020e+09])}",same_mean_diff_covariance,1
MY-large_mu,7,rbf,{'gamma': 0.0399566906617043},rbf(gamma=0.0399566906617043),0.7461538461538462,rbf,"{'C': 0.5, 'gamma': 0.5}","{'thetas': array([0.0002, 0.0007, 0.0017, 0.003 , 0.0041, 0.0048, 0.0057]), 'lambdas': array([0.0002, 0.0007, 0.0017, 0.003 , 0.0041, 0.0048, 0.0057]), 'gvals': array([2438.039 ,  698.6595,  282.7866,  164.7049,  118.8034,  100.5823,
         85.2015])}",same_mean_diff_covariance,1
MY-large_mu,7,laplacian,{'gamma': 0.0399566906617043},laplacian(gamma=0.0399566906617043),0.5230769230769231,rbf,"{'C': 2.0, 'gamma': 0.5}","{'thetas': array([0.0019, 0.0033, 0.0059, 0.0075, 0.0084, 0.0111, 0.0131]), 'lambdas': array([0.0019, 0.0033, 0.0059, 0.0075, 0.0084, 0.0111, 0.0131]), 'gvals': array([255.5343, 146.9148,  81.0471,  63.3102,  56.3945,  42.4934,
        35.4027])}",same_mean_diff_covariance,1
MY-large_mu,7,polynomial,"{'degree': 2, 'gamma': 0.0399566906617043, 'coef0': 1.0}","polynomial(coef0=1.0, degree=2, gamma=0.0399566906617043)",0.6538461538461539,rbf,"{'C': 1.0, 'gamma': 'scale'}","{'thetas': array([0.0091, 0.0205, 0.0231, 0.0284, 0.0376, 0.0453, 0.0546]), 'lambdas': array([0.0091, 0.0205, 0.0231, 0.0284, 0.0376, 0.0453, 0.0546]), 'gvals': array([52.0328, 21.9985, 19.2839, 15.3238, 11.1512,  8.9933,  7.1991])}",same_mean_diff_covariance,1
MY-large_mu,7,sigmoid,"{'gamma': 0.0399566906617043, 'coef0': 0.0}","sigmoid(coef0=0.0, gamma=0.0399566906617043)",0.8,rbf,"{'C': 0.5, 'gamma': 0.5}","{'thetas': array([0.    , 0.    , 0.    , 0.    , 0.0001, 0.0005, 0.001 ]), 'lambdas': array([0.    , 0.    , 0.    , 0.    , 0.0001, 0.0005, 0.001 ]), 'gvals': array([9.2471e+09, 4.2507e+09, 2.2562e+09, 5.5554e+08, 4.6375e+03,
       1.0916e+03, 5.1533e+02])}",same_mean_diff_covariance,1
MY-large_mu,8,linear,{},linear,0.8076923076923077,rbf,"{'C': 2.0, 'gamma': 0.5}","{'thetas': array([0., 0., 0., 0., 0., 0., 0., 0.]), 'lambdas': array([0., 0., 0., 0., 0., 0., 0., 0.]), 'gvals': array([5.1650e+10, 1.1584e+10, 6.1203e+09, 3.4317e+09, 3.2570e+09,
       2.3435e+09, 2.3392e+09, 2.0191e+09])}",same_mean_diff_covariance,1
MY-large_mu,8,rbf,{'gamma': 0.0399566906617043},rbf(gamma=0.0399566906617043),0.6461538461538462,rbf,"{'C': 2.0, 'gamma': 0.5}","{'thetas': array([0.0018, 0.0029, 0.0057, 0.0063, 0.008 , 0.0107, 0.012 , 0.0128]), 'lambdas': array([0.0018, 0.0029, 0.0057, 0.0063, 0.008 , 0.0107, 0.012 , 0.0128]), 'gvals': array([271.0837, 166.5933,  84.7187,  76.2486,  59.6555,  44.1619,
        38.8785,  36.2643])}",same_mean_diff_covariance,1
MY-large_mu,8,laplacian,{'gamma': 0.0399566906617043},laplacian(gamma=0.0399566906617043),0.5615384615384615,rbf,"{'C': 0.5, 'gamma': 'scale'}","{'thetas': array([0.0017, 0.0035, 0.0049, 0.006 , 0.0101, 0.0129, 0.0153, 0.0169]), 'lambdas': array([0.0017, 0.0035, 0.0049, 0.006 , 0.0101, 0.0129, 0.0153, 0.0169]), 'gvals': array([283.6575, 140.6407,  98.5559,  79.9692,  46.7286,  36.0839,
        30.0734,  27.0938])}",same_mean_diff_covariance,1
MY-large_mu,8,polynomial,"{'degree': 2, 'gamma': 0.0399566906617043, 'coef0': 1.0}","polynomial(coef0=1.0, degree=2, gamma=0.0399566906617043)",0.7692307692307693,rbf,"{'C': 2.0, 'gamma': 'scale'}","{'thetas': array([0.0019, 0.0071, 0.0128, 0.0201, 0.0264, 0.0337, 0.0462, 0.0512]), 'lambdas': array([0.0019, 0.0071, 0.0128, 0.0201, 0.0264, 0.0337, 0.0462, 0.0512]), 'gvals': array([257.1784,  67.5833,  36.2677,  22.4514,  16.6533,  12.6248,
         8.7809,   7.7719])}",same_mean_diff_covariance,1
MY-large_mu,8,sigmoid,"{'gamma': 0.0399566906617043, 'coef0': 0.0}","sigmoid(coef0=0.0, gamma=0.0399566906617043)",0.6923076923076923,rbf,"{'C': 1.0, 'gamma': 0.5}","{'thetas': array([0.    , 0.    , 0.    , 0.    , 0.0004, 0.0027, 0.003 , 0.0046]), 'lambdas': array([0.    , 0.    , 0.    , 0.    , 0.0004, 0.0027, 0.003 , 0.0046]), 'gvals': array([6.4666e+09, 4.4042e+09, 1.1728e+09, 9.0316e+08, 1.1285e+03,
       1.8030e+02, 1.6538e+02, 1.0455e+02])}",same_mean_diff_covariance,1
MY-large_mu,10,linear,{},linear,0.8153846153846154,rbf,"{'C': 1.0, 'gamma': 0.5}","{'thetas': array([0., 0., 0., 0., 0., 0., 0., 0., 0., 0.]), 'lambdas': array([0., 0., 0., 0., 0., 0., 0., 0., 0., 0.]), 'gvals': array([6.3721e+10, 8.1300e+09, 7.3667e+09, 4.2496e+09, 3.7630e+09,
       2.5136e+09, 2.1578e+09, 1.5691e+09, 1.2732e+09, 1.1721e+09])}",same_mean_diff_covariance,1
MY-large_mu,10,rbf,{'gamma': 0.0399566906617043},rbf(gamma=0.0399566906617043),0.676923076923077,rbf,"{'C': 2.0, 'gamma': 'scale'}","{'thetas': array([0.0013, 0.0027, 0.0041, 0.0059, 0.0077, 0.0086, 0.0102, 0.0117,
       0.0167, 0.0189]), 'lambdas': array([0.0013, 0.0027, 0.0041, 0.0059, 0.0077, 0.0086, 0.0102, 0.0117,
       0.0167, 0.0189]), 'gvals': array([393.7483, 179.4838, 117.631 ,  81.3855,  62.3441,  55.3561,
        45.9959,  40.1723,  27.3759,  23.9886])}",same_mean_diff_covariance,1
MY-large_mu,10,laplacian,{'gamma': 0.0399566906617043},laplacian(gamma=0.0399566906617043),0.6923076923076923,rbf,"{'C': 2.0, 'gamma': 'scale'}","{'thetas': array([0.0025, 0.0038, 0.0042, 0.0061, 0.0072, 0.0097, 0.0121, 0.0142,
       0.017 , 0.0188]), 'lambdas': array([0.0025, 0.0038, 0.0042, 0.0061, 0.0072, 0.0097, 0.0121, 0.0142,
       0.017 , 0.0188]), 'gvals': array([196.7816, 129.2064, 115.1158,  78.7342,  66.645 ,  48.8425,
        38.5545,  32.582 ,  26.8881,  24.0539])}",same_mean_diff_covariance,1
MY-large_mu,10,polynomial,"{'degree': 2, 'gamma': 0.0399566906617043, 'coef0': 1.0}","polynomial(coef0=1.0, degree=2, gamma=0.0399566906617043)",0.7538461538461538,rbf,"{'C': 2.0, 'gamma': 'scale'}","{'thetas': array([      0.0003,       0.0104,       0.0174,       0.0185,
             0.0235,       0.028 ,       0.04  ,       0.0417,
             0.05  , 1594232.1366]), 'lambdas': array([      0.0003,       0.0104,       0.0174,       0.0185,
             0.0235,       0.028 ,       0.04  ,       0.0417,
             0.05  , 1594232.1366]), 'gvals': array([1501.1248,   45.2335,   26.1711,   24.578 ,   18.8967,   15.569 ,
         10.3816,    9.8983,    7.9973,    6.641 ])}",same_mean_diff_covariance,1
MY-large_mu,10,sigmoid,"{'gamma': 0.0399566906617043, 'coef0': 0.0}","sigmoid(coef0=0.0, gamma=0.0399566906617043)",0.7230769230769231,rbf,"{'C': 0.5, 'gamma': 0.5}","{'thetas': array([0.    , 0.    , 0.    , 0.0005, 0.0007, 0.0018, 0.0029, 0.0051,
       0.0072, 0.0079]), 'lambdas': array([0.    , 0.    , 0.    , 0.0005, 0.0007, 0.0018, 0.0029, 0.0051,
       0.0072, 0.0079]), 'gvals': array([3.7939e+09, 2.4851e+09, 1.5781e+09, 1.0149e+03, 6.6435e+02,
       2.6722e+02, 1.6758e+02, 9.4274e+01, 6.6465e+01, 6.0295e+01])}",same_mean_diff_covariance,1
MY-large_mu,12,linear,{},linear,0.8615384615384616,rbf,"{'C': 1.0, 'gamma': 0.5}","{'thetas': array([0., 0., 0., 0., 0., 0., 0., 0., 0., 0., 0., 0.]), 'lambdas': array([0., 0., 0., 0., 0., 0., 0., 0., 0., 0., 0., 0.]), 'gvals': array([9.3715e+09, 4.5645e+09, 4.3134e+09, 4.0112e+09, 3.1458e+09,
       2.7333e+09, 1.8634e+09, 1.7747e+09, 1.6869e+09, 1.4456e+09,
       1.2911e+09, 1.1153e+09])}",same_mean_diff_covariance,1
MY-large_mu,12,rbf,{'gamma': 0.0399566906617043},rbf(gamma=0.0399566906617043),0.7615384615384615,rbf,"{'C': 2.0, 'gamma': 'scale'}","{'thetas': array([0.0009, 0.0018, 0.0022, 0.0035, 0.0053, 0.0068, 0.0071, 0.0081,
       0.0092, 0.0134, 0.0162, 0.0192]), 'lambdas': array([0.0009, 0.0018, 0.0022, 0.0035, 0.0053, 0.0068, 0.0071, 0.0081,
       0.0092, 0.0134, 0.0162, 0.0192]), 'gvals': array([540.2572, 273.7742, 223.6741, 138.7338,  92.0448,  70.7192,
        67.72  ,  59.0206,  51.5908,  34.5712,  28.3859,  23.5358])}",same_mean_diff_covariance,1
MY-large_mu,12,laplacian,{'gamma': 0.0399566906617043},laplacian(gamma=0.0399566906617043),0.6538461538461539,rbf,"{'C': 0.5, 'gamma': 'scale'}","{'thetas': array([0.0004, 0.0032, 0.0049, 0.0061, 0.0085, 0.0094, 0.0119, 0.0129,
       0.0159, 0.0187, 0.0226, 0.0268]), 'lambdas': array([0.0004, 0.0032, 0.0049, 0.0061, 0.0085, 0.0094, 0.0119, 0.0129,
       0.0159, 0.0187, 0.0226, 0.0268]), 'gvals': array([1334.5637,  151.287 ,   99.85  ,   78.7104,   56.2322,   50.3932,
         39.3381,   36.0421,   28.9114,   24.2664,   19.716 ,   16.3264])}",same_mean_diff_covariance,1
MY-large_mu,12,polynomial,"{'degree': 2, 'gamma': 0.0399566906617043, 'coef0': 1.0}","polynomial(coef0=1.0, degree=2, gamma=0.0399566906617043)",0.8076923076923077,rbf,"{'C': 1.0, 'gamma': 'scale'}","{'thetas': array([      0.0004,       0.0105,       0.0125,       0.0181,
             0.0246,       0.0296,       0.0362,       0.0452,
             0.0501, 1471167.054 , 1262138.3376,  731693.2112]), 'lambdas': array([      0.0004,       0.0105,       0.0125,       0.0181,
             0.0246,       0.0296,       0.0362,       0.0452,
             0.0501, 1471167.054 , 1262138.3376,  731693.2112]), 'gvals': array([1220.4674,   44.7242,   37.2709,   25.1903,   17.9612,   14.6333,
         11.6702,    9.0044,    7.9912,    6.6008,    6.5242,    6.2516])}",same_mean_diff_covariance,1
MY-large_mu,12,sigmoid,"{'gamma': 0.0399566906617043, 'coef0': 0.0}","sigmoid(coef0=0.0, gamma=0.0399566906617043)",0.7076923076923077,rbf,"{'C': 0.5, 'gamma': 0.5}","{'thetas': array([0.    , 0.    , 0.    , 0.    , 0.0001, 0.0009, 0.0013, 0.0022,
       0.0032, 0.0032, 0.0068, 0.0085]), 'lambdas': array([0.    , 0.    , 0.    , 0.    , 0.0001, 0.0009, 0.0013, 0.0022,
       0.0032, 0.0032, 0.0068, 0.0085]), 'gvals': array([1.0011e+10, 6.2088e+09, 4.3213e+09, 1.2927e+09, 3.9858e+03,
       5.7009e+02, 3.8308e+02, 2.1935e+02, 1.5392e+02, 1.5307e+02,
       7.0011e+01, 5.5629e+01])}",same_mean_diff_covariance,1
MY-large_mu,14,linear,{},linear,0.8,rbf,"{'C': 2.0, 'gamma': 'scale'}","{'thetas': array([0., 0., 0., 0., 0., 0., 0., 0., 0., 0., 0., 0., 0., 0.]), 'lambdas': array([0., 0., 0., 0., 0., 0., 0., 0., 0., 0., 0., 0., 0., 0.]), 'gvals': array([3.3866e+10, 1.2421e+10, 6.7174e+09, 4.2410e+09, 2.6033e+09,
       2.4402e+09, 1.3986e+09, 1.3517e+09, 1.2943e+09, 1.2538e+09,
       1.0295e+09, 7.5838e+08, 7.4472e+08, 6.2932e+08])}",same_mean_diff_covariance,1
MY-large_mu,14,rbf,{'gamma': 0.0399566906617043},rbf(gamma=0.0399566906617043),0.6923076923076923,rbf,"{'C': 2.0, 'gamma': 0.5}","{'thetas': array([0.0004, 0.0009, 0.0023, 0.0027, 0.0035, 0.0056, 0.0074, 0.0076,
       0.0099, 0.0128, 0.0134, 0.0171, 0.0182, 0.0215]), 'lambdas': array([0.0004, 0.0009, 0.0023, 0.0027, 0.0035, 0.0056, 0.0074, 0.0076,
       0.0099, 0.0128, 0.0134, 0.0171, 0.0182, 0.0215]), 'gvals': array([1264.9633,  525.5269,  215.5222,  182.6257,  139.3482,   86.736 ,
         65.0042,   62.574 ,   47.656 ,   36.5198,   34.5877,   26.7423,
         25.0193,   20.8103])}",same_mean_diff_covariance,1
MY-large_mu,14,laplacian,{'gamma': 0.0399566906617043},laplacian(gamma=0.0399566906617043),0.6538461538461539,rbf,"{'C': 2.0, 'gamma': 'scale'}","{'thetas': array([0.    , 0.0028, 0.0039, 0.004 , 0.0055, 0.0071, 0.0094, 0.0136,
       0.0143, 0.019 , 0.0226, 0.0254, 0.0293, 0.0312]), 'lambdas': array([0.    , 0.0028, 0.0039, 0.004 , 0.0055, 0.0071, 0.0094, 0.0136,
       0.0143, 0.019 , 0.0226, 0.0254, 0.0293, 0.0312]), 'gvals': array([124736.7345,    175.9826,    125.0097,    122.4293,     88.4612,
           66.9715,     50.4008,     34.2153,     32.3021,     23.7721,
           19.7412,     17.3858,     14.8081,     13.7715])}",same_mean_diff_covariance,1
MY-large_mu,14,polynomial,"{'degree': 2, 'gamma': 0.0399566906617043, 'coef0': 1.0}","polynomial(coef0=1.0, degree=2, gamma=0.0399566906617043)",0.823076923076923,rbf,"{'C': 1.0, 'gamma': 'scale'}","{'thetas': array([      0.004 ,       0.0054,       0.009 ,       0.015 ,
             0.0164,       0.0267,       0.0319,       0.04  ,
       1764896.8824,       0.0581,  957474.1309,  722941.5863,
             0.0629,  483200.3351]), 'lambdas': array([      0.004 ,       0.0054,       0.009 ,       0.015 ,
             0.0164,       0.0267,       0.0319,       0.04  ,
       1764896.8824,       0.0581,  957474.1309,  722941.5863,
             0.0629,  483200.3351]), 'gvals': array([121.6596,  89.5406,  52.4797,  30.7715,  27.942 ,  16.4311,
        13.4375,  10.4039,   6.6918,   6.6887,   6.386 ,   6.2455,
         6.0658,   6.0441])}",same_mean_diff_covariance,1
MY-large_mu,14,sigmoid,"{'gamma': 0.0399566906617043, 'coef0': 0.0}","sigmoid(coef0=0.0, gamma=0.0399566906617043)",0.7384615384615385,rbf,"{'C': 1.0, 'gamma': 0.5}","{'thetas': array([0.    , 0.    , 0.    , 0.    , 0.0004, 0.0011, 0.0015, 0.0022,
       0.0029, 0.0049, 0.0062, 0.0066, 0.0085, 0.0121]), 'lambdas': array([0.    , 0.    , 0.    , 0.    , 0.0004, 0.0011, 0.0015, 0.0022,
       0.0029, 0.0049, 0.0062, 0.0066, 0.0085, 0.0121]), 'gvals': array([6.4317e+09, 1.9643e+09, 1.8262e+09, 1.6806e+09, 1.2221e+03,
       4.3111e+02, 3.3852e+02, 2.2699e+02, 1.6824e+02, 9.8530e+01,
       7.7866e+01, 7.3149e+01, 5.5886e+01, 3.8494e+01])}",same_mean_diff_covariance,1
MY-large_mu,16,linear,{},linear,0.8923076923076924,rbf,"{'C': 1.0, 'gamma': 0.5}","{'thetas': array([0., 0., 0., 0., 0., 0., 0., 0., 0., 0., 0., 0., 0., 0., 0., 0.]), 'lambdas': array([0., 0., 0., 0., 0., 0., 0., 0., 0., 0., 0., 0., 0., 0., 0., 0.]), 'gvals': array([6.7280e+09, 6.0381e+09, 5.8962e+09, 4.1190e+09, 2.3806e+09,
       2.2281e+09, 1.5081e+09, 1.5078e+09, 1.3504e+09, 9.8733e+08,
       8.4298e+08, 6.0448e+08, 5.0755e+08, 4.2042e+08, 3.4725e+08,
       3.0493e+08])}",same_mean_diff_covariance,1
MY-large_mu,16,rbf,{'gamma': 0.0399566906617043},rbf(gamma=0.0399566906617043),0.6692307692307692,rbf,"{'C': 1.0, 'gamma': 'scale'}","{'thetas': array([0.0035, 0.0039, 0.0072, 0.0084, 0.0103, 0.0113, 0.0119, 0.0139,
       0.0158, 0.0192, 0.0239, 0.0306, 0.0316, 0.0391, 0.0435, 0.0516]), 'lambdas': array([0.0035, 0.0039, 0.0072, 0.0084, 0.0103, 0.0113, 0.0119, 0.0139,
       0.0158, 0.0192, 0.0239, 0.0306, 0.0316, 0.0391, 0.0435, 0.0516]), 'gvals': array([139.318 , 125.7581,  66.0306,  56.6032,  45.9194,  41.5774,
        39.3541,  33.3968,  29.0533,  23.5952,  18.5337,  14.1   ,
        13.6127,  10.6755,   9.4237,   7.7135])}",same_mean_diff_covariance,1
MY-large_mu,16,laplacian,{'gamma': 0.0399566906617043},laplacian(gamma=0.0399566906617043),0.6846153846153846,rbf,"{'C': 1.0, 'gamma': 0.5}","{'thetas': array([0.0008, 0.002 , 0.0028, 0.0077, 0.0094, 0.0103, 0.0141, 0.0154,
       0.016 , 0.019 , 0.0199, 0.0235, 0.0258, 0.0317, 0.0358, 0.0372]), 'lambdas': array([0.0008, 0.002 , 0.0028, 0.0077, 0.0094, 0.0103, 0.0141, 0.0154,
       0.016 , 0.019 , 0.0199, 0.0235, 0.0258, 0.0317, 0.0358, 0.0372]), 'gvals': array([613.4318, 244.7161, 172.0415,  61.6478,  50.3242,  45.846 ,
        32.9108,  29.9659,  28.6042,  23.8912,  22.7079,  18.9195,
        17.0741,  13.548 ,  11.7848,  11.2788])}",same_mean_diff_covariance,1
MY-large_mu,16,polynomial,"{'degree': 2, 'gamma': 0.0399566906617043, 'coef0': 1.0}","polynomial(coef0=1.0, degree=2, gamma=0.0399566906617043)",0.7923076923076923,rbf,"{'C': 2.0, 'gamma': 'scale'}","{'thetas': array([      0.005 ,       0.0124,       0.0242,       0.0292,
             0.0331,       0.0389,       0.0507, 1282450.8447,
       1169454.2338,  632467.5691,  499312.2767,  424064.2167,
        365472.0084,       0.0653,       0.0668,  206907.2108]), 'lambdas': array([      0.005 ,       0.0124,       0.0242,       0.0292,
             0.0331,       0.0389,       0.0507, 1282450.8447,
       1169454.2338,  632467.5691,  499312.2767,  424064.2167,
        365472.0084,       0.0653,       0.0668,  206907.2108]), 'gvals': array([95.9891, 37.5517, 18.2796, 14.8555, 12.896 , 10.7376,  7.8712,
        6.5321,  6.486 ,  6.1787,  6.0605,  5.9788,  5.9045,  5.7971,
        5.6291,  5.62  ])}",same_mean_diff_covariance,1
MY-large_mu,16,sigmoid,"{'gamma': 0.0399566906617043, 'coef0': 0.0}","sigmoid(coef0=0.0, gamma=0.0399566906617043)",0.7769230769230769,rbf,"{'C': 2.0, 'gamma': 'scale'}","{'thetas': array([      0.    ,       0.    ,       0.0006,       0.0014,
             0.0026,       0.004 ,       0.0054,       0.0086,
             0.0116,       0.0145,       0.0179,       0.0247,
             0.0271,       0.0351,       0.0506, 5560464.2836]), 'lambdas': array([      0.    ,       0.    ,       0.0006,       0.0014,
             0.0026,       0.004 ,       0.0054,       0.0086,
             0.0116,       0.0145,       0.0179,       0.0247,
             0.0271,       0.0351,       0.0506, 5560464.2836]), 'gvals': array([5.9733e+09, 2.1266e+09, 8.2603e+02, 3.5091e+02, 1.8757e+02,
       1.2222e+02, 9.0151e+01, 5.5549e+01, 4.0372e+01, 3.1749e+01,
       2.5355e+01, 1.7862e+01, 1.6151e+01, 1.2077e+01, 7.8944e+00,
       7.2656e+00])}",same_mean_diff_covariance,1
MY-large_mu,20,linear,{},linear,0.8615384615384616,rbf,"{'C': 1.0, 'gamma': 'scale'}","{'thetas': array([0., 0., 0., 0., 0., 0., 0., 0., 0., 0., 0., 0., 0., 0., 0., 0., 0.,
       0., 0., 0.]), 'lambdas': array([0., 0., 0., 0., 0., 0., 0., 0., 0., 0., 0., 0., 0., 0., 0., 0., 0.,
       0., 0., 0.]), 'gvals': array([6.4938e+10, 6.0224e+09, 5.6987e+09, 3.8599e+09, 3.0942e+09,
       2.4478e+09, 2.0799e+09, 2.0200e+09, 1.6671e+09, 1.6377e+09,
       1.3586e+09, 1.1322e+09, 1.1128e+09, 8.4284e+08, 8.0610e+08,
       7.2812e+08, 7.1031e+08, 6.5197e+08, 5.1796e+08, 4.9492e+08])}",same_mean_diff_covariance,1
MY-large_mu,20,rbf,{'gamma': 0.0399566906617043},rbf(gamma=0.0399566906617043),0.7846153846153846,rbf,"{'C': 2.0, 'gamma': 'scale'}","{'thetas': array([      0.0006,       0.0008,       0.0014,       0.0033,
             0.0046,       0.0074,       0.0096,       0.0137,
             0.0151,       0.0179,       0.0197,       0.0233,
             0.0296,       0.0326,       0.0334,       0.0431,
             0.0465,       0.0496, 6455146.6075,       0.0557]), 'lambdas': array([      0.0006,       0.0008,       0.0014,       0.0033,
             0.0046,       0.0074,       0.0096,       0.0137,
             0.0151,       0.0179,       0.0197,       0.0233,
             0.0296,       0.0326,       0.0334,       0.0431,
             0.0465,       0.0496, 6455146.6075,       0.0557]), 'gvals': array([875.4934, 643.9464, 346.9168, 146.7474, 105.6522,  64.2598,
        49.1966,  33.7264,  30.4427,  25.4053,  22.9448,  19.0576,
        14.6084,  13.1275,  12.7743,   9.5393,   8.7126,   8.0796,
         7.3402,   7.0312])}",same_mean_diff_covariance,1
MY-large_mu,20,laplacian,{'gamma': 0.0399566906617043},laplacian(gamma=0.0399566906617043),0.6923076923076923,rbf,"{'C': 1.0, 'gamma': 'scale'}","{'thetas': array([      0.0019,       0.0024,       0.0044,       0.0071,
             0.0092,       0.0118,       0.0135,       0.0149,
             0.0188,       0.0219,       0.0295,       0.0317,
             0.0339,       0.0352,       0.0411,       0.0462,
             0.054 , 2367536.1033,       0.0573,  261865.9969]), 'lambdas': array([      0.0019,       0.0024,       0.0044,       0.0071,
             0.0092,       0.0118,       0.0135,       0.0149,
             0.0188,       0.0219,       0.0295,       0.0317,
             0.0339,       0.0352,       0.0411,       0.0462,
             0.054 , 2367536.1033,       0.0573,  261865.9969]), 'gvals': array([256.0291, 206.8337, 110.2569,  67.3626,  51.4855,  39.4875,
        34.3039,  30.8466,  24.1231,  20.4321,  14.6904,  13.5569,
        12.5411,  12.019 ,  10.0689,   8.7796,   7.2925,   6.8387,
         6.8024,   5.7378])}",same_mean_diff_covariance,1
MY-large_mu,20,polynomial,"{'degree': 2, 'gamma': 0.0399566906617043, 'coef0': 1.0}","polynomial(coef0=1.0, degree=2, gamma=0.0399566906617043)",0.8307692307692308,rbf,"{'C': 2.0, 'gamma': 'scale'}","{'thetas': array([      0.0021,       0.0065,       0.0103,       0.0151,
             0.0267,       0.036 ,       0.0412,       0.0522,
       1371324.8204, 1139359.9223,  736165.7985,       0.0627,
        406860.4906,  344183.0247,  249433.6267,  200142.736 ,
        177644.9258,  157918.6257,       0.0687,  128217.9443]), 'lambdas': array([      0.0021,       0.0065,       0.0103,       0.0151,
             0.0267,       0.036 ,       0.0412,       0.0522,
       1371324.8204, 1139359.9223,  736165.7985,       0.0627,
        406860.4906,  344183.0247,  249433.6267,  200142.736 ,
        177644.9258,  157918.6257,       0.0687,  128217.9443]), 'gvals': array([230.267 ,  73.8698,  45.7119,  30.5815,  16.3831,  11.7182,
        10.0373,   7.6034,   6.5656,   6.473 ,   6.2546,   6.0914,
         5.9581,   5.8745,   5.7135,   5.6034,   5.5438,   5.4849,
         5.4404,   5.3807])}",same_mean_diff_covariance,1
MY-large_mu,20,sigmoid,"{'gamma': 0.0399566906617043, 'coef0': 0.0}","sigmoid(coef0=0.0, gamma=0.0399566906617043)",0.7615384615384615,rbf,"{'C': 2.0, 'gamma': 0.5}","{'thetas': array([      0.    ,       0.    ,       0.    ,       0.0004,
             0.0011,       0.0024,       0.0029,       0.0055,
             0.0073,       0.0088,       0.0105,       0.0139,
             0.0192,       0.0221,       0.0255,       0.0434,
             0.0531, 5893901.1099, 3610619.7214, 3256916.5382]), 'lambdas': array([      0.    ,       0.    ,       0.    ,       0.0004,
             0.0011,       0.0024,       0.0029,       0.0055,
             0.0073,       0.0088,       0.0105,       0.0139,
             0.0192,       0.0221,       0.0255,       0.0434,
             0.0531, 5893901.1099, 3610619.7214, 3256916.5382]), 'gvals': array([2.9878e+09, 8.1536e+08, 3.1516e+08, 1.3644e+03, 4.6623e+02,
       2.0317e+02, 1.6717e+02, 8.8265e+01, 6.5948e+01, 5.3759e+01,
       4.4881e+01, 3.3436e+01, 2.3617e+01, 2.0213e+01, 1.7288e+01,
       9.4615e+00, 7.4409e+00, 7.2947e+00, 7.0497e+00, 6.9981e+00])}",same_mean_diff_covariance,1
MY-small_mu,1,linear,{},linear,0.6461538461538462,rbf,"{'C': 0.5, 'gamma': 'scale'}","{'thetas': array([0.]), 'lambdas': array([0.]), 'D_scores': array([9.7002e+09])}",same_mean_diff_covariance,1
MY-small_mu,1,rbf,{'gamma': 0.0399566906617043},rbf(gamma=0.0399566906617043),0.6,rbf,"{'C': 2.0, 'gamma': 'scale'}","{'thetas': array([0.0013]), 'lambdas': array([0.0013]), 'D_scores': array([381.4265])}",same_mean_diff_covariance,1
MY-small_mu,1,laplacian,{'gamma': 0.0399566906617043},laplacian(gamma=0.0399566906617043),0.5769230769230769,rbf,"{'C': 0.5, 'gamma': 'scale'}","{'thetas': array([0.0005]), 'lambdas': array([0.0005]), 'D_scores': array([1042.1149])}",same_mean_diff_covariance,1
MY-small_mu,1,polynomial,"{'degree': 2, 'gamma': 0.0399566906617043, 'coef0': 1.0}","polynomial(coef0=1.0, degree=2, gamma=0.0399566906617043)",0.6076923076923076,rbf,"{'C': 2.0, 'gamma': 'scale'}","{'thetas': array([0.0004]), 'lambdas': array([0.0004]), 'D_scores': array([1332.3942])}",same_mean_diff_covariance,1
MY-small_mu,1,sigmoid,"{'gamma': 0.0399566906617043, 'coef0': 0.0}","sigmoid(coef0=0.0, gamma=0.0399566906617043)",0.6615384615384615,rbf,"{'C': 2.0, 'gamma': 'scale'}","{'thetas': array([0.]), 'lambdas': array([0.]), 'D_scores': array([2.7934e+10])}",same_mean_diff_covariance,1
MY-small_mu,2,linear,{},linear,0.7307692307692307,rbf,"{'C': 0.5, 'gamma': 'scale'}","{'thetas': array([0., 0.]), 'lambdas': array([0., 0.]), 'D_scores': array([1.7985e+10, 8.7125e+09])}",same_mean_diff_covariance,1
MY-small_mu,2,rbf,{'gamma': 0.0399566906617043},rbf(gamma=0.0399566906617043),0.6230769230769231,rbf,"{'C': 1.0, 'gamma': 'scale'}","{'thetas': array([0.0031, 0.0043]), 'lambdas': array([0.0031, 0.0043]), 'D_scores': array([158.3555, 114.3009])}",same_mean_diff_covariance,1
MY-small_mu,2,laplacian,{'gamma': 0.0399566906617043},laplacian(gamma=0.0399566906617043),0.5307692307692308,rbf,"{'C': 0.5, 'gamma': 'scale'}","{'thetas': array([0.0001, 0.002 ]), 'lambdas': array([0.0001, 0.002 ]), 'D_scores': array([3996.0356,  252.1963])}",same_mean_diff_covariance,1
MY-small_mu,2,polynomial,"{'degree': 2, 'gamma': 0.0399566906617043, 'coef0': 1.0}","polynomial(coef0=1.0, degree=2, gamma=0.0399566906617043)",0.5615384615384615,rbf,"{'C': 0.5, 'gamma': 'scale'}","{'thetas': array([0.0053, 0.0151]), 'lambdas': array([0.0053, 0.0151]), 'D_scores': array([91.9104, 30.616 ])}",same_mean_diff_covariance,1
MY-small_mu,2,sigmoid,"{'gamma': 0.0399566906617043, 'coef0': 0.0}","sigmoid(coef0=0.0, gamma=0.0399566906617043)",0.5384615384615384,rbf,"{'C': 1.0, 'gamma': 'scale'}","{'thetas': array([0., 0.]), 'lambdas': array([0., 0.]), 'D_scores': array([1.1738e+10, 2.3742e+09])}",same_mean_diff_covariance,1
MY-small_mu,3,linear,{},linear,0.8461538461538461,rbf,"{'C': 1.0, 'gamma': 'scale'}","{'thetas': array([0., 0., 0.]), 'lambdas': array([0., 0., 0.]), 'D_scores': array([2.8195e+09, 2.6371e+09, 2.1642e+09])}",same_mean_diff_covariance,1
MY-small_mu,3,rbf,{'gamma': 0.0399566906617043},rbf(gamma=0.0399566906617043),0.6923076923076923,rbf,"{'C': 0.5, 'gamma': 'scale'}","{'thetas': array([0.0008, 0.0018, 0.0027]), 'lambdas': array([0.0008, 0.0018, 0.0027]), 'D_scores': array([612.7298, 271.657 , 183.9727])}",same_mean_diff_covariance,1
MY-small_mu,3,laplacian,{'gamma': 0.0399566906617043},laplacian(gamma=0.0399566906617043),0.5846153846153846,rbf,"{'C': 1.0, 'gamma': 0.5}","{'thetas': array([0.0007, 0.0034, 0.0058]), 'lambdas': array([0.0007, 0.0034, 0.0058]), 'D_scores': array([754.2967, 145.657 ,  82.9099])}",same_mean_diff_covariance,1
MY-small_mu,3,polynomial,"{'degree': 2, 'gamma': 0.0399566906617043, 'coef0': 1.0}","polynomial(coef0=1.0, degree=2, gamma=0.0399566906617043)",0.6230769230769231,rbf,"{'C': 0.5, 'gamma': 'scale'}","{'thetas': array([0.0047, 0.0085, 0.011 ]), 'lambdas': array([0.0047, 0.0085, 0.011 ]), 'D_scores': array([104.263 ,  55.8623,  42.8418])}",same_mean_diff_covariance,1
MY-small_mu,3,sigmoid,"{'gamma': 0.0399566906617043, 'coef0': 0.0}","sigmoid(coef0=0.0, gamma=0.0399566906617043)",0.7307692307692307,rbf,"{'C': 0.5, 'gamma': 0.5}","{'thetas': array([0.    , 0.    , 0.0002]), 'lambdas': array([0.    , 0.    , 0.0002]), 'D_scores': array([6.8544e+09, 2.3042e+09, 3.1583e+03])}",same_mean_diff_covariance,1
MY-small_mu,4,linear,{},linear,0.8153846153846154,rbf,"{'C': 0.5, 'gamma': 0.5}","{'thetas': array([0., 0., 0., 0.]), 'lambdas': array([0., 0., 0., 0.]), 'D_scores': array([1.5980e+10, 1.0402e+10, 5.7405e+09, 5.1880e+09])}",same_mean_diff_covariance,1
MY-small_mu,4,rbf,{'gamma': 0.0399566906617043},rbf(gamma=0.0399566906617043),0.6307692307692307,rbf,"{'C': 0.5, 'gamma': 0.5}","{'thetas': array([0.0011, 0.0024, 0.0041, 0.005 ]), 'lambdas': array([0.0011, 0.0024, 0.0041, 0.005 ]), 'D_scores': array([459.4505, 208.9614, 119.303 ,  95.9844])}",same_mean_diff_covariance,1
MY-small_mu,4,laplacian,{'gamma': 0.0399566906617043},laplacian(gamma=0.0399566906617043),0.6384615384615384,rbf,"{'C': 1.0, 'gamma': 'scale'}","{'thetas': array([0.0004, 0.0017, 0.0032, 0.0053]), 'lambdas': array([0.0004, 0.0017, 0.0032, 0.0053]), 'D_scores': array([1215.5489,  294.7179,  151.7674,   91.9697])}",same_mean_diff_covariance,1
MY-small_mu,4,polynomial,"{'degree': 2, 'gamma': 0.0399566906617043, 'coef0': 1.0}","polynomial(coef0=1.0, degree=2, gamma=0.0399566906617043)",0.6461538461538462,rbf,"{'C': 0.5, 'gamma': 'scale'}","{'thetas': array([0.0021, 0.0116, 0.0185, 0.0251]), 'lambdas': array([0.0021, 0.0116, 0.0185, 0.0251]), 'D_scores': array([234.04  ,  40.2214,  24.4719,  17.5989])}",same_mean_diff_covariance,1
MY-small_mu,4,sigmoid,"{'gamma': 0.0399566906617043, 'coef0': 0.0}","sigmoid(coef0=0.0, gamma=0.0399566906617043)",0.6538461538461539,rbf,"{'C': 2.0, 'gamma': 0.5}","{'thetas': array([0.    , 0.0009, 0.0019, 0.0025]), 'lambdas': array([0.    , 0.0009, 0.0019, 0.0025]), 'D_scores': array([6.1488e+08, 5.3561e+02, 2.5466e+02, 1.9954e+02])}",same_mean_diff_covariance,1
MY-small_mu,5,linear,{},linear,0.8076923076923077,rbf,"{'C': 2.0, 'gamma': 0.5}","{'thetas': array([0., 0., 0., 0., 0.]), 'lambdas': array([0., 0., 0., 0., 0.]), 'D_scores': array([4.8307e+10, 2.7901e+10, 1.5307e+10, 1.1261e+10, 5.3454e+09])}",same_mean_diff_covariance,1
MY-small_mu,5,rbf,{'gamma': 0.0399566906617043},rbf(gamma=0.0399566906617043),0.6846153846153846,rbf,"{'C': 0.5, 'gamma': 'scale'}","{'thetas': array([0.001 , 0.0018, 0.0029, 0.0044, 0.006 ]), 'lambdas': array([0.001 , 0.0018, 0.0029, 0.0044, 0.006 ]), 'D_scores': array([511.1958, 274.2265, 167.0426, 111.6002,  80.1539])}",same_mean_diff_covariance,1
MY-small_mu,5,laplacian,{'gamma': 0.0399566906617043},laplacian(gamma=0.0399566906617043),0.6,rbf,"{'C': 0.5, 'gamma': 'scale'}","{'thetas': array([0.0003, 0.0041, 0.0056, 0.0067, 0.0099]), 'lambdas': array([0.0003, 0.0041, 0.0056, 0.0067, 0.0099]), 'D_scores': array([1688.7459,  117.6016,   86.2001,   71.7046,   47.7106])}",same_mean_diff_covariance,1
MY-small_mu,5,polynomial,"{'degree': 2, 'gamma': 0.0399566906617043, 'coef0': 1.0}","polynomial(coef0=1.0, degree=2, gamma=0.0399566906617043)",0.6461538461538462,rbf,"{'C': 2.0, 'gamma': 0.5}","{'thetas': array([0.0065, 0.0111, 0.0157, 0.025 , 0.0323]), 'lambdas': array([0.0065, 0.0111, 0.0157, 0.025 , 0.0323]), 'D_scores': array([74.4295, 42.3189, 29.3518, 17.6342, 13.2817])}",same_mean_diff_covariance,1
MY-small_mu,5,sigmoid,"{'gamma': 0.0399566906617043, 'coef0': 0.0}","sigmoid(coef0=0.0, gamma=0.0399566906617043)",0.676923076923077,rbf,"{'C': 2.0, 'gamma': 0.5}","{'thetas': array([0.    , 0.    , 0.    , 0.0007, 0.0013]), 'lambdas': array([0.    , 0.    , 0.    , 0.0007, 0.0013]), 'D_scores': array([1.1742e+10, 6.3147e+09, 3.6325e+09, 6.8752e+02, 3.8181e+02])}",same_mean_diff_covariance,1
MY-small_mu,6,linear,{},linear,0.7923076923076923,rbf,"{'C': 0.5, 'gamma': 0.5}","{'thetas': array([0., 0., 0., 0., 0., 0.]), 'lambdas': array([0., 0., 0., 0., 0., 0.]), 'D_scores': array([1.5345e+10, 7.0106e+09, 3.1533e+09, 3.1302e+09, 2.7705e+09,
       2.7436e+09])}",same_mean_diff_covariance,1
MY-small_mu,6,rbf,{'gamma': 0.0399566906617043},rbf(gamma=0.0399566906617043),0.6692307692307692,rbf,"{'C': 2.0, 'gamma': 'scale'}","{'thetas': array([0.0015, 0.0033, 0.0041, 0.0049, 0.0076, 0.0081]), 'lambdas': array([0.0015, 0.0033, 0.0041, 0.0049, 0.0076, 0.0081]), 'D_scores': array([319.7818, 148.1693, 119.0564,  99.2899,  62.7633,  58.6957])}",same_mean_diff_covariance,1
MY-small_mu,6,laplacian,{'gamma': 0.0399566906617043},laplacian(gamma=0.0399566906617043),0.6076923076923076,rbf,"{'C': 1.0, 'gamma': 'scale'}","{'thetas': array([0.002 , 0.0021, 0.0035, 0.0067, 0.0089, 0.0098]), 'lambdas': array([0.002 , 0.0021, 0.0035, 0.0067, 0.0089, 0.0098]), 'D_scores': array([247.7332, 235.2758, 141.0227,  72.0326,  53.2695,  48.0092])}",same_mean_diff_covariance,1
MY-small_mu,6,polynomial,"{'degree': 2, 'gamma': 0.0399566906617043, 'coef0': 1.0}","polynomial(coef0=1.0, degree=2, gamma=0.0399566906617043)",0.6153846153846154,rbf,"{'C': 1.0, 'gamma': 0.5}","{'thetas': array([0.0054, 0.007 , 0.0205, 0.0258, 0.035 , 0.0381]), 'lambdas': array([0.0054, 0.007 , 0.0205, 0.0258, 0.035 , 0.0381]), 'D_scores': array([89.682 , 68.3337, 22.0019, 17.0676, 12.099 , 11.0315])}",same_mean_diff_covariance,1
MY-small_mu,6,sigmoid,"{'gamma': 0.0399566906617043, 'coef0': 0.0}","sigmoid(coef0=0.0, gamma=0.0399566906617043)",0.6,rbf,"{'C': 1.0, 'gamma': 0.5}","{'thetas': array([0.    , 0.    , 0.    , 0.0002, 0.0015, 0.0022]), 'lambdas': array([0.    , 0.    , 0.    , 0.0002, 0.0015, 0.0022]), 'D_scores': array([2.6668e+10, 5.1931e+09, 2.1046e+09, 2.9710e+03, 3.3195e+02,
       2.2280e+02])}",same_mean_diff_covariance,1
MY-small_mu,7,linear,{},linear,0.8,rbf,"{'C': 1.0, 'gamma': 'scale'}","{'thetas': array([0., 0., 0., 0., 0., 0., 0.]), 'lambdas': array([0., 0., 0., 0., 0., 0., 0.]), 'D_scores': array([1.7133e+11, 2.3095e+10, 1.9746e+10, 4.9564e+09, 3.5455e+09,
       3.5301e+09, 2.3020e+09])}",same_mean_diff_covariance,1
MY-small_mu,7,rbf,{'gamma': 0.0399566906617043},rbf(gamma=0.0399566906617043),0.7153846153846154,rbf,"{'C': 0.5, 'gamma': 0.5}","{'thetas': array([0.0002, 0.0007, 0.0017, 0.003 , 0.0041, 0.0048, 0.0057]), 'lambdas': array([0.0002, 0.0007, 0.0017, 0.003 , 0.0041, 0.0048, 0.0057]), 'D_scores': array([2438.6633,  698.6865,  282.7939,  164.7054,  118.8305,  100.5878,
         85.2358])}",same_mean_diff_covariance,1
MY-small_mu,7,laplacian,{'gamma': 0.0399566906617043},laplacian(gamma=0.0399566906617043),0.5923076923076923,rbf,"{'C': 1.0, 'gamma': 'scale'}","{'thetas': array([0.0019, 0.0033, 0.0059, 0.0075, 0.0084, 0.0111, 0.0131]), 'lambdas': array([0.0019, 0.0033, 0.0059, 0.0075, 0.0084, 0.0111, 0.0131]), 'D_scores': array([255.5344, 146.9231,  81.0476,  63.3118,  56.3945,  42.4935,
        35.4027])}",same_mean_diff_covariance,1
MY-small_mu,7,polynomial,"{'degree': 2, 'gamma': 0.0399566906617043, 'coef0': 1.0}","polynomial(coef0=1.0, degree=2, gamma=0.0399566906617043)",0.6923076923076923,rbf,"{'C': 1.0, 'gamma': 'scale'}","{'thetas': array([0.0091, 0.0205, 0.0231, 0.0284, 0.0376, 0.0453, 0.0546]), 'lambdas': array([0.0091, 0.0205, 0.0231, 0.0284, 0.0376, 0.0453, 0.0546]), 'D_scores': array([52.0745, 22.004 , 19.2839, 15.3275, 11.1513,  8.9935,  7.1992])}",same_mean_diff_covariance,1
MY-small_mu,7,sigmoid,"{'gamma': 0.0399566906617043, 'coef0': 0.0}","sigmoid(coef0=0.0, gamma=0.0399566906617043)",0.7076923076923077,rbf,"{'C': 0.5, 'gamma': 0.5}","{'thetas': array([0.    , 0.    , 0.    , 0.    , 0.0001, 0.0005, 0.001 ]), 'lambdas': array([0.    , 0.    , 0.    , 0.    , 0.0001, 0.0005, 0.001 ]), 'D_scores': array([9.2471e+09, 4.2507e+09, 2.2562e+09, 5.5554e+08, 4.6375e+03,
       1.0917e+03, 5.1536e+02])}",same_mean_diff_covariance,1
MY-small_mu,8,linear,{},linear,0.823076923076923,rbf,"{'C': 0.5, 'gamma': 0.5}","{'thetas': array([0., 0., 0., 0., 0., 0., 0., 0.]), 'lambdas': array([0., 0., 0., 0., 0., 0., 0., 0.]), 'D_scores': array([5.1650e+10, 1.1584e+10, 6.1203e+09, 3.4317e+09, 3.2570e+09,
       2.3435e+09, 2.3392e+09, 2.0191e+09])}",same_mean_diff_covariance,1
MY-small_mu,8,rbf,{'gamma': 0.0399566906617043},rbf(gamma=0.0399566906617043),0.6846153846153846,rbf,"{'C': 2.0, 'gamma': 0.5}","{'thetas': array([0.0018, 0.0029, 0.0057, 0.0063, 0.008 , 0.0107, 0.012 , 0.0128]), 'lambdas': array([0.0018, 0.0029, 0.0057, 0.0063, 0.008 , 0.0107, 0.012 , 0.0128]), 'D_scores': array([271.0849, 166.6055,  84.7362,  76.2856,  59.6563,  44.1773,
        38.8791,  36.2667])}",same_mean_diff_covariance,1
MY-small_mu,8,laplacian,{'gamma': 0.0399566906617043},laplacian(gamma=0.0399566906617043),0.6153846153846154,rbf,"{'C': 1.0, 'gamma': 'scale'}","{'thetas': array([0.0017, 0.0035, 0.0049, 0.006 , 0.0101, 0.0129, 0.0153, 0.0169]), 'lambdas': array([0.0017, 0.0035, 0.0049, 0.006 , 0.0101, 0.0129, 0.0153, 0.0169]), 'D_scores': array([283.6659, 140.6415,  98.5559,  79.9798,  46.7291,  36.0878,
        30.0776,  27.0943])}",same_mean_diff_covariance,1
MY-small_mu,8,polynomial,"{'degree': 2, 'gamma': 0.0399566906617043, 'coef0': 1.0}","polynomial(coef0=1.0, degree=2, gamma=0.0399566906617043)",0.7230769230769231,rbf,"{'C': 2.0, 'gamma': 0.5}","{'thetas': array([0.0019, 0.0071, 0.0128, 0.0201, 0.0264, 0.0337, 0.0462, 0.0512]), 'lambdas': array([0.0019, 0.0071, 0.0128, 0.0201, 0.0264, 0.0337, 0.0462, 0.0512]), 'D_scores': array([257.1809,  67.5844,  36.2911,  22.4578,  16.6706,  12.6253,
         8.7813,   7.7721])}",same_mean_diff_covariance,1
MY-small_mu,8,sigmoid,"{'gamma': 0.0399566906617043, 'coef0': 0.0}","sigmoid(coef0=0.0, gamma=0.0399566906617043)",0.6846153846153846,rbf,"{'C': 0.5, 'gamma': 0.5}","{'thetas': array([0.    , 0.    , 0.    , 0.    , 0.0004, 0.0027, 0.003 , 0.0046]), 'lambdas': array([0.    , 0.    , 0.    , 0.    , 0.0004, 0.0027, 0.003 , 0.0046]), 'D_scores': array([6.4666e+09, 4.4042e+09, 1.1728e+09, 9.0316e+08, 1.1286e+03,
       1.8031e+02, 1.6538e+02, 1.0456e+02])}",same_mean_diff_covariance,1
MY-small_mu,10,linear,{},linear,0.8153846153846154,rbf,"{'C': 1.0, 'gamma': 0.5}","{'thetas': array([0., 0., 0., 0., 0., 0., 0., 0., 0., 0.]), 'lambdas': array([0., 0., 0., 0., 0., 0., 0., 0., 0., 0.]), 'D_scores': array([6.3721e+10, 8.1300e+09, 7.3667e+09, 4.2496e+09, 3.7630e+09,
       2.5136e+09, 2.1578e+09, 1.5691e+09, 1.2732e+09, 1.1721e+09])}",same_mean_diff_covariance,1
MY-small_mu,10,rbf,{'gamma': 0.0399566906617043},rbf(gamma=0.0399566906617043),0.6615384615384615,rbf,"{'C': 1.0, 'gamma': 'scale'}","{'thetas': array([0.0013, 0.0027, 0.0041, 0.0059, 0.0077, 0.0086, 0.0102, 0.0117,
       0.0167, 0.0189]), 'lambdas': array([0.0013, 0.0027, 0.0041, 0.0059, 0.0077, 0.0086, 0.0102, 0.0117,
       0.0167, 0.0189]), 'D_scores': array([393.7897, 179.5328, 117.6339,  81.3862,  62.3546,  55.3658,
        45.9979,  40.2023,  27.3759,  24.0032])}",same_mean_diff_covariance,1
MY-small_mu,10,laplacian,{'gamma': 0.0399566906617043},laplacian(gamma=0.0399566906617043),0.7153846153846154,rbf,"{'C': 2.0, 'gamma': 'scale'}","{'thetas': array([0.0025, 0.0038, 0.0042, 0.0061, 0.0072, 0.0097, 0.0121, 0.0142,
       0.017 , 0.0188]), 'lambdas': array([0.0025, 0.0038, 0.0042, 0.0061, 0.0072, 0.0097, 0.0121, 0.0142,
       0.017 , 0.0188]), 'D_scores': array([196.7816, 129.218 , 115.1225,  78.7383,  66.6453,  48.8485,
        38.556 ,  32.5824,  26.8881,  24.0542])}",same_mean_diff_covariance,1
MY-small_mu,10,polynomial,"{'degree': 2, 'gamma': 0.0399566906617043, 'coef0': 1.0}","polynomial(coef0=1.0, degree=2, gamma=0.0399566906617043)",0.8,rbf,"{'C': 1.0, 'gamma': 'scale'}","{'thetas': array([      0.0003,       0.0104,       0.0174,       0.0185,
             0.0235,       0.028 ,       0.04  ,       0.0417,
             0.05  , 1594232.1366]), 'lambdas': array([      0.0003,       0.0104,       0.0174,       0.0185,
             0.0235,       0.028 ,       0.04  ,       0.0417,
             0.05  , 1594232.1366]), 'D_scores': array([1504.2579,   45.2636,   26.1718,   24.578 ,   18.9157,   15.5692,
         10.3816,    9.9006,    7.9977,    6.6412])}",same_mean_diff_covariance,1
MY-small_mu,10,sigmoid,"{'gamma': 0.0399566906617043, 'coef0': 0.0}","sigmoid(coef0=0.0, gamma=0.0399566906617043)",0.7153846153846154,rbf,"{'C': 1.0, 'gamma': 0.5}","{'thetas': array([0.    , 0.    , 0.    , 0.0005, 0.0007, 0.0018, 0.0029, 0.0051,
       0.0072, 0.0079]), 'lambdas': array([0.    , 0.    , 0.    , 0.0005, 0.0007, 0.0018, 0.0029, 0.0051,
       0.0072, 0.0079]), 'D_scores': array([3.7939e+09, 2.4851e+09, 1.5781e+09, 1.0150e+03, 6.6444e+02,
       2.6727e+02, 1.6764e+02, 9.4274e+01, 6.6520e+01, 6.0312e+01])}",same_mean_diff_covariance,1
MY-small_mu,12,linear,{},linear,0.8461538461538461,rbf,"{'C': 1.0, 'gamma': 'scale'}","{'thetas': array([0., 0., 0., 0., 0., 0., 0., 0., 0., 0., 0., 0.]), 'lambdas': array([0., 0., 0., 0., 0., 0., 0., 0., 0., 0., 0., 0.]), 'D_scores': array([9.3715e+09, 4.5645e+09, 4.3134e+09, 4.0112e+09, 3.1458e+09,
       2.7333e+09, 1.8634e+09, 1.7747e+09, 1.6869e+09, 1.4456e+09,
       1.2911e+09, 1.1153e+09])}",same_mean_diff_covariance,1
MY-small_mu,12,rbf,{'gamma': 0.0399566906617043},rbf(gamma=0.0399566906617043),0.7307692307692307,rbf,"{'C': 1.0, 'gamma': 0.5}","{'thetas': array([0.0009, 0.0018, 0.0022, 0.0035, 0.0053, 0.0068, 0.0071, 0.0081,
       0.0092, 0.0134, 0.0162, 0.0192]), 'lambdas': array([0.0009, 0.0018, 0.0022, 0.0035, 0.0053, 0.0068, 0.0071, 0.0081,
       0.0092, 0.0134, 0.0162, 0.0192]), 'D_scores': array([540.263 , 273.7755, 223.7286, 138.7359,  92.0483,  70.7253,
        67.7443,  59.0552,  51.6062,  34.5725,  28.3875,  23.536 ])}",same_mean_diff_covariance,1
MY-small_mu,12,laplacian,{'gamma': 0.0399566906617043},laplacian(gamma=0.0399566906617043),0.6461538461538462,rbf,"{'C': 0.5, 'gamma': 'scale'}","{'thetas': array([0.0004, 0.0032, 0.0049, 0.0061, 0.0085, 0.0094, 0.0119, 0.0129,
       0.0159, 0.0187, 0.0226, 0.0268]), 'lambdas': array([0.0004, 0.0032, 0.0049, 0.0061, 0.0085, 0.0094, 0.0119, 0.0129,
       0.0159, 0.0187, 0.0226, 0.0268]), 'D_scores': array([1334.7205,  151.2871,   99.8556,   78.7114,   56.2324,   50.3999,
         39.3414,   36.0522,   28.915 ,   24.2717,   19.7171,   16.3311])}",same_mean_diff_covariance,1
MY-small_mu,12,polynomial,"{'degree': 2, 'gamma': 0.0399566906617043, 'coef0': 1.0}","polynomial(coef0=1.0, degree=2, gamma=0.0399566906617043)",0.8153846153846154,poly,"{'C': 1.0, 'gamma': 'scale', 'degree': 2, 'coef0': 1.0}","{'thetas': array([      0.0004,       0.0105,       0.0125,       0.0181,
             0.0246,       0.0296,       0.0362,       0.0452,
             0.0501, 1471167.054 , 1262138.3376,  731693.2112]), 'lambdas': array([      0.0004,       0.0105,       0.0125,       0.0181,
             0.0246,       0.0296,       0.0362,       0.0452,
             0.0501, 1471167.054 , 1262138.3376,  731693.2112]), 'D_scores': array([1220.6201,   44.7271,   37.2746,   25.1904,   17.9625,   14.6336,
         11.6706,    9.0068,    7.9913,    6.6012,    6.5242,    6.2516])}",same_mean_diff_covariance,1
MY-small_mu,12,sigmoid,"{'gamma': 0.0399566906617043, 'coef0': 0.0}","sigmoid(coef0=0.0, gamma=0.0399566906617043)",0.7076923076923077,rbf,"{'C': 1.0, 'gamma': 0.5}","{'thetas': array([0.    , 0.    , 0.    , 0.    , 0.0001, 0.0009, 0.0013, 0.0022,
       0.0032, 0.0032, 0.0068, 0.0085]), 'lambdas': array([0.    , 0.    , 0.    , 0.    , 0.0001, 0.0009, 0.0013, 0.0022,
       0.0032, 0.0032, 0.0068, 0.0085]), 'D_scores': array([1.0011e+10, 6.2088e+09, 4.3213e+09, 1.2927e+09, 3.9877e+03,
       5.7021e+02, 3.8337e+02, 2.1942e+02, 1.5394e+02, 1.5308e+02,
       7.0014e+01, 5.5630e+01])}",same_mean_diff_covariance,1
MY-small_mu,14,linear,{},linear,0.8153846153846154,rbf,"{'C': 1.0, 'gamma': 0.5}","{'thetas': array([0., 0., 0., 0., 0., 0., 0., 0., 0., 0., 0., 0., 0., 0.]), 'lambdas': array([0., 0., 0., 0., 0., 0., 0., 0., 0., 0., 0., 0., 0., 0.]), 'D_scores': array([3.3866e+10, 1.2421e+10, 6.7174e+09, 4.2410e+09, 2.6033e+09,
       2.4402e+09, 1.3986e+09, 1.3517e+09, 1.2943e+09, 1.2538e+09,
       1.0295e+09, 7.5838e+08, 7.4472e+08, 6.2932e+08])}",same_mean_diff_covariance,1
MY-small_mu,14,rbf,{'gamma': 0.0399566906617043},rbf(gamma=0.0399566906617043),0.7307692307692307,rbf,"{'C': 1.0, 'gamma': 0.5}","{'thetas': array([0.0004, 0.0009, 0.0023, 0.0027, 0.0035, 0.0056, 0.0074, 0.0076,
       0.0099, 0.0128, 0.0134, 0.0171, 0.0182, 0.0215]), 'lambdas': array([0.0004, 0.0009, 0.0023, 0.0027, 0.0035, 0.0056, 0.0074, 0.0076,
       0.0099, 0.0128, 0.0134, 0.0171, 0.0182, 0.0215]), 'D_scores': array([1265.3414,  525.7268,  215.5241,  182.6356,  139.3485,   86.7514,
         65.0044,   62.5807,   47.6632,   36.5294,   34.5883,   26.7447,
         25.0261,   20.8103])}",same_mean_diff_covariance,1
MY-small_mu,14,laplacian,{'gamma': 0.0399566906617043},laplacian(gamma=0.0399566906617043),0.6307692307692307,rbf,"{'C': 2.0, 'gamma': 'scale'}","{'thetas': array([0.    , 0.0028, 0.0039, 0.004 , 0.0055, 0.0071, 0.0094, 0.0136,
       0.0143, 0.019 , 0.0226, 0.0254, 0.0293, 0.0312]), 'lambdas': array([0.    , 0.0028, 0.0039, 0.004 , 0.0055, 0.0071, 0.0094, 0.0136,
       0.0143, 0.019 , 0.0226, 0.0254, 0.0293, 0.0312]), 'D_scores': array([124785.3141,    175.9854,    125.0296,    122.4459,     88.4661,
           66.9717,     50.4013,     34.2191,     32.3021,     23.7725,
           19.7426,     17.3861,     14.8083,     13.7716])}",same_mean_diff_covariance,1
MY-small_mu,14,polynomial,"{'degree': 2, 'gamma': 0.0399566906617043, 'coef0': 1.0}","polynomial(coef0=1.0, degree=2, gamma=0.0399566906617043)",0.8461538461538461,rbf,"{'C': 0.5, 'gamma': 'scale'}","{'thetas': array([      0.004 ,       0.0054,       0.009 ,       0.015 ,
             0.0164,       0.0267,       0.0319,       0.04  ,
       1764896.8824,       0.0581,  957474.1309,  722941.5863,
             0.0629,  483200.3351]), 'lambdas': array([      0.004 ,       0.0054,       0.009 ,       0.015 ,
             0.0164,       0.0267,       0.0319,       0.04  ,
       1764896.8824,       0.0581,  957474.1309,  722941.5863,
             0.0629,  483200.3351]), 'D_scores': array([121.6634,  89.5421,  52.4809,  30.7717,  27.9498,  16.4313,
        13.4378,  10.4067,   6.6921,   6.6897,   6.3861,   6.2456,
         6.0749,   6.0441])}",same_mean_diff_covariance,1
MY-small_mu,14,sigmoid,"{'gamma': 0.0399566906617043, 'coef0': 0.0}","sigmoid(coef0=0.0, gamma=0.0399566906617043)",0.676923076923077,rbf,"{'C': 1.0, 'gamma': 0.5}","{'thetas': array([0.    , 0.    , 0.    , 0.    , 0.0004, 0.0011, 0.0015, 0.0022,
       0.0029, 0.0049, 0.0062, 0.0066, 0.0085, 0.0121]), 'lambdas': array([0.    , 0.    , 0.    , 0.    , 0.0004, 0.0011, 0.0015, 0.0022,
       0.0029, 0.0049, 0.0062, 0.0066, 0.0085, 0.0121]), 'D_scores': array([6.4317e+09, 1.9643e+09, 1.8262e+09, 1.6806e+09, 1.2232e+03,
       4.3114e+02, 3.3854e+02, 2.2699e+02, 1.6844e+02, 9.8549e+01,
       7.7867e+01, 7.3166e+01, 5.5892e+01, 3.8520e+01])}",same_mean_diff_covariance,1
MY-small_mu,16,linear,{},linear,0.8923076923076924,rbf,"{'C': 1.0, 'gamma': 0.5}","{'thetas': array([0., 0., 0., 0., 0., 0., 0., 0., 0., 0., 0., 0., 0., 0., 0., 0.]), 'lambdas': array([0., 0., 0., 0., 0., 0., 0., 0., 0., 0., 0., 0., 0., 0., 0., 0.]), 'D_scores': array([6.7280e+09, 6.0381e+09, 5.8962e+09, 4.1190e+09, 2.3806e+09,
       2.2281e+09, 1.5081e+09, 1.5078e+09, 1.3504e+09, 9.8733e+08,
       8.4298e+08, 6.0448e+08, 5.0755e+08, 4.2042e+08, 3.4725e+08,
       3.0493e+08])}",same_mean_diff_covariance,1
MY-small_mu,16,rbf,{'gamma': 0.0399566906617043},rbf(gamma=0.0399566906617043),0.7538461538461538,rbf,"{'C': 2.0, 'gamma': 0.5}","{'thetas': array([0.0035, 0.0039, 0.0072, 0.0084, 0.0103, 0.0113, 0.0119, 0.0139,
       0.0158, 0.0192, 0.0239, 0.0306, 0.0316, 0.0391, 0.0435, 0.0516]), 'lambdas': array([0.0035, 0.0039, 0.0072, 0.0084, 0.0103, 0.0113, 0.0119, 0.0139,
       0.0158, 0.0192, 0.0239, 0.0306, 0.0316, 0.0391, 0.0435, 0.0516]), 'D_scores': array([139.3187, 125.7912,  66.0312,  56.6034,  45.9197,  41.5774,
        39.3588,  33.3969,  29.0554,  23.601 ,  18.5433,  14.1007,
        13.6128,  10.6756,   9.4262,   7.7156])}",same_mean_diff_covariance,1
MY-small_mu,16,laplacian,{'gamma': 0.0399566906617043},laplacian(gamma=0.0399566906617043),0.6692307692307692,rbf,"{'C': 2.0, 'gamma': 'scale'}","{'thetas': array([0.0008, 0.002 , 0.0028, 0.0077, 0.0094, 0.0103, 0.0141, 0.0154,
       0.016 , 0.019 , 0.0199, 0.0235, 0.0258, 0.0317, 0.0358, 0.0372]), 'lambdas': array([0.0008, 0.002 , 0.0028, 0.0077, 0.0094, 0.0103, 0.0141, 0.0154,
       0.016 , 0.019 , 0.0199, 0.0235, 0.0258, 0.0317, 0.0358, 0.0372]), 'D_scores': array([613.4482, 244.7199, 172.0415,  61.6489,  50.325 ,  45.8461,
        32.9197,  29.9665,  28.6042,  23.8914,  22.7087,  18.9195,
        17.0757,  13.5483,  11.7851,  11.2794])}",same_mean_diff_covariance,1
MY-small_mu,16,polynomial,"{'degree': 2, 'gamma': 0.0399566906617043, 'coef0': 1.0}","polynomial(coef0=1.0, degree=2, gamma=0.0399566906617043)",0.7846153846153846,rbf,"{'C': 2.0, 'gamma': 'scale'}","{'thetas': array([      0.005 ,       0.0124,       0.0242,       0.0292,
             0.0331,       0.0389,       0.0507, 1282450.8447,
       1169454.2338,  632467.5691,  499312.2767,  424064.2167,
        365472.0084,       0.0653,       0.0668,  206907.2108]), 'lambdas': array([      0.005 ,       0.0124,       0.0242,       0.0292,
             0.0331,       0.0389,       0.0507, 1282450.8447,
       1169454.2338,  632467.5691,  499312.2767,  424064.2167,
        365472.0084,       0.0653,       0.0668,  206907.2108]), 'D_scores': array([95.9927, 37.552 , 18.287 , 14.8732, 12.903 , 10.7408,  7.8712,
        6.5323,  6.4861,  6.1787,  6.0605,  5.9788,  5.9046,  5.7971,
        5.6292,  5.62  ])}",same_mean_diff_covariance,1
MY-small_mu,16,sigmoid,"{'gamma': 0.0399566906617043, 'coef0': 0.0}","sigmoid(coef0=0.0, gamma=0.0399566906617043)",0.7846153846153846,rbf,"{'C': 2.0, 'gamma': 'scale'}","{'thetas': array([      0.    ,       0.    ,       0.0006,       0.0014,
             0.0026,       0.004 ,       0.0054,       0.0086,
             0.0116,       0.0145,       0.0179,       0.0247,
             0.0271,       0.0351,       0.0506, 5560464.2836]), 'lambdas': array([      0.    ,       0.    ,       0.0006,       0.0014,
             0.0026,       0.004 ,       0.0054,       0.0086,
             0.0116,       0.0145,       0.0179,       0.0247,
             0.0271,       0.0351,       0.0506, 5560464.2836]), 'D_scores': array([5.9733e+09, 2.1266e+09, 8.2647e+02, 3.5099e+02, 1.8758e+02,
       1.2223e+02, 9.0160e+01, 5.5606e+01, 4.0397e+01, 3.1749e+01,
       2.5355e+01, 1.7880e+01, 1.6173e+01, 1.2077e+01, 7.8944e+00,
       7.2656e+00])}",same_mean_diff_covariance,1
MY-small_mu,20,linear,{},linear,0.8846153846153846,rbf,"{'C': 2.0, 'gamma': 0.5}","{'thetas': array([0., 0., 0., 0., 0., 0., 0., 0., 0., 0., 0., 0., 0., 0., 0., 0., 0.,
       0., 0., 0.]), 'lambdas': array([0., 0., 0., 0., 0., 0., 0., 0., 0., 0., 0., 0., 0., 0., 0., 0., 0.,
       0., 0., 0.]), 'D_scores': array([6.4938e+10, 6.0224e+09, 5.6987e+09, 3.8599e+09, 3.0942e+09,
       2.4478e+09, 2.0799e+09, 2.0200e+09, 1.6671e+09, 1.6377e+09,
       1.3586e+09, 1.1322e+09, 1.1128e+09, 8.4284e+08, 8.0610e+08,
       7.2812e+08, 7.1031e+08, 6.5197e+08, 5.1796e+08, 4.9492e+08])}",same_mean_diff_covariance,1
MY-small_mu,20,rbf,{'gamma': 0.0399566906617043},rbf(gamma=0.0399566906617043),0.7153846153846154,rbf,"{'C': 0.5, 'gamma': 'scale'}","{'thetas': array([      0.0006,       0.0008,       0.0014,       0.0033,
             0.0046,       0.0074,       0.0096,       0.0137,
             0.0151,       0.0179,       0.0197,       0.0233,
             0.0296,       0.0326,       0.0334,       0.0431,
             0.0465,       0.0496, 6455146.6075,       0.0557]), 'lambdas': array([      0.0006,       0.0008,       0.0014,       0.0033,
             0.0046,       0.0074,       0.0096,       0.0137,
             0.0151,       0.0179,       0.0197,       0.0233,
             0.0296,       0.0326,       0.0334,       0.0431,
             0.0465,       0.0496, 6455146.6075,       0.0557]), 'D_scores': array([875.6125, 643.9796, 346.9193, 146.7513, 105.6586,  64.2702,
        49.1975,  33.7291,  30.4807,  25.4055,  22.9522,  19.059 ,
        14.6085,  13.1292,  12.7747,   9.5398,   8.713 ,   8.0802,
         7.3407,   7.0312])}",same_mean_diff_covariance,1
MY-small_mu,20,laplacian,{'gamma': 0.0399566906617043},laplacian(gamma=0.0399566906617043),0.7,rbf,"{'C': 2.0, 'gamma': 'scale'}","{'thetas': array([      0.0019,       0.0024,       0.0044,       0.0071,
             0.0092,       0.0118,       0.0135,       0.0149,
             0.0188,       0.0219,       0.0295,       0.0317,
             0.0339,       0.0352,       0.0411,       0.0462,
             0.054 , 2367536.1033,       0.0573,  261865.9969]), 'lambdas': array([      0.0019,       0.0024,       0.0044,       0.0071,
             0.0092,       0.0118,       0.0135,       0.0149,
             0.0188,       0.0219,       0.0295,       0.0317,
             0.0339,       0.0352,       0.0411,       0.0462,
             0.054 , 2367536.1033,       0.0573,  261865.9969]), 'D_scores': array([256.0489, 206.8454, 110.257 ,  67.3698,  51.4939,  39.4877,
        34.3076,  30.8518,  24.1248,  20.4327,  14.6905,  13.5576,
        12.542 ,  12.0197,  10.0691,   8.7818,   7.293 ,   6.8389,
         6.8028,   5.7381])}",same_mean_diff_covariance,1
MY-small_mu,20,polynomial,"{'degree': 2, 'gamma': 0.0399566906617043, 'coef0': 1.0}","polynomial(coef0=1.0, degree=2, gamma=0.0399566906617043)",0.8153846153846154,rbf,"{'C': 2.0, 'gamma': 'scale'}","{'thetas': array([      0.0021,       0.0065,       0.0103,       0.0151,
             0.0267,       0.036 ,       0.0412,       0.0522,
       1371324.8204, 1139359.9223,  736165.7985,       0.0627,
        406860.4906,  344183.0247,  249433.6267,  200142.736 ,
        177644.9258,  157918.6257,       0.0687,  128217.9443]), 'lambdas': array([      0.0021,       0.0065,       0.0103,       0.0151,
             0.0267,       0.036 ,       0.0412,       0.0522,
       1371324.8204, 1139359.9223,  736165.7985,       0.0627,
        406860.4906,  344183.0247,  249433.6267,  200142.736 ,
        177644.9258,  157918.6257,       0.0687,  128217.9443]), 'D_scores': array([230.2753,  73.9206,  45.7369,  30.5848,  16.3869,  11.7182,
        10.041 ,   7.6084,   6.5658,   6.4731,   6.2546,   6.0914,
         5.9581,   5.8745,   5.7136,   5.6034,   5.5438,   5.4855,
         5.4422,   5.3808])}",same_mean_diff_covariance,1
MY-small_mu,20,sigmoid,"{'gamma': 0.0399566906617043, 'coef0': 0.0}","sigmoid(coef0=0.0, gamma=0.0399566906617043)",0.7,rbf,"{'C': 2.0, 'gamma': 'scale'}","{'thetas': array([      0.    ,       0.    ,       0.    ,       0.0004,
             0.0011,       0.0024,       0.0029,       0.0055,
             0.0073,       0.0088,       0.0105,       0.0139,
             0.0192,       0.0221,       0.0255,       0.0434,
             0.0531, 5893901.1099, 3610619.7214, 3256916.5382]), 'lambdas': array([      0.    ,       0.    ,       0.    ,       0.0004,
             0.0011,       0.0024,       0.0029,       0.0055,
             0.0073,       0.0088,       0.0105,       0.0139,
             0.0192,       0.0221,       0.0255,       0.0434,
             0.0531, 5893901.1099, 3610619.7214, 3256916.5382]), 'D_scores': array([2.9878e+09, 8.1536e+08, 3.1516e+08, 1.3644e+03, 4.6625e+02,
       2.0326e+02, 1.6725e+02, 8.8302e+01, 6.5977e+01, 5.3772e+01,
       4.4912e+01, 3.3437e+01, 2.3618e+01, 2.0220e+01, 1.7294e+01,
       9.4631e+00, 7.4444e+00, 7.2947e+00, 7.0497e+00, 6.9982e+00])}",same_mean_diff_covariance,1
KFDA-1D,1,linear,{},linear,0.5461538461538461,rbf,"{'C': 0.5, 'gamma': 0.5}","{'top_lambda': 0.008199464148551371, 'd_norm': 12.096321170536564}",same_mean_diff_covariance,2
KFDA-1D,1,rbf,{'gamma': 0.03864312348909953},rbf(gamma=0.03864312348909953),0.7384615384615385,poly,"{'C': 1.0, 'gamma': 'scale', 'degree': 2, 'coef0': 1.0}","{'top_lambda': 5906.761548504167, 'd_norm': 0.2986313029765328}",same_mean_diff_covariance,2
KFDA-1D,1,laplacian,{'gamma': 0.03864312348909953},laplacian(gamma=0.03864312348909953),0.6,rbf,"{'C': 0.5, 'gamma': 0.5}","{'top_lambda': 9931.37355805201, 'd_norm': 0.1878354135518167}",same_mean_diff_covariance,2
KFDA-1D,1,polynomial,"{'degree': 2, 'gamma': 0.03864312348909953, 'coef0': 1.0}","polynomial(coef0=1.0, degree=2, gamma=0.03864312348909953)",0.8,linear,{'C': 1.0},"{'top_lambda': 22.423108652987533, 'd_norm': 1.6505118600608446}",same_mean_diff_covariance,2
KFDA-1D,1,sigmoid,"{'gamma': 0.03864312348909953, 'coef0': 0.0}","sigmoid(coef0=0.0, gamma=0.03864312348909953)",0.5230769230769231,sigmoid,"{'C': 2.0, 'gamma': 'scale', 'coef0': 0.0}","{'top_lambda': 0.09989666734521312, 'd_norm': 0.4405916040407474}",same_mean_diff_covariance,2
MY-large_mu,1,linear,{},linear,0.6615384615384615,rbf,"{'C': 0.5, 'gamma': 0.5}","{'thetas': array([0.]), 'lambdas': array([0.]), 'gvals': array([8.3696e+10])}",same_mean_diff_covariance,2
MY-large_mu,1,rbf,{'gamma': 0.03864312348909953},rbf(gamma=0.03864312348909953),0.5461538461538461,rbf,"{'C': 0.5, 'gamma': 0.5}","{'thetas': array([0.0001]), 'lambdas': array([0.0001]), 'gvals': array([4948.9268])}",same_mean_diff_covariance,2
MY-large_mu,1,laplacian,{'gamma': 0.03864312348909953},laplacian(gamma=0.03864312348909953),0.5461538461538461,poly,"{'C': 1.0, 'gamma': 'scale', 'degree': 2, 'coef0': 1.0}","{'thetas': array([0.0001]), 'lambdas': array([0.0001]), 'gvals': array([4462.0212])}",same_mean_diff_covariance,2
MY-large_mu,1,polynomial,"{'degree': 2, 'gamma': 0.03864312348909953, 'coef0': 1.0}","polynomial(coef0=1.0, degree=2, gamma=0.03864312348909953)",0.5384615384615384,rbf,"{'C': 0.5, 'gamma': 0.5}","{'thetas': array([0.0062]), 'lambdas': array([0.0062]), 'gvals': array([77.9229])}",same_mean_diff_covariance,2
MY-large_mu,1,sigmoid,"{'gamma': 0.03864312348909953, 'coef0': 0.0}","sigmoid(coef0=0.0, gamma=0.03864312348909953)",0.7230769230769231,rbf,"{'C': 0.5, 'gamma': 0.5}","{'thetas': array([0.]), 'lambdas': array([0.]), 'gvals': array([1.0528e+10])}",same_mean_diff_covariance,2
MY-large_mu,2,linear,{},linear,0.7230769230769231,poly,"{'C': 1.0, 'gamma': 'scale', 'degree': 2, 'coef0': 1.0}","{'thetas': array([0., 0.]), 'lambdas': array([0., 0.]), 'gvals': array([5.6576e+09, 4.2979e+09])}",same_mean_diff_covariance,2
MY-large_mu,2,rbf,{'gamma': 0.03864312348909953},rbf(gamma=0.03864312348909953),0.6230769230769231,poly,"{'C': 0.5, 'gamma': 'scale', 'degree': 2, 'coef0': 1.0}","{'thetas': array([0.0004, 0.0014]), 'lambdas': array([0.0004, 0.0014]), 'gvals': array([1337.075 ,  363.0434])}",same_mean_diff_covariance,2
MY-large_mu,2,laplacian,{'gamma': 0.03864312348909953},laplacian(gamma=0.03864312348909953),0.5538461538461539,rbf,"{'C': 0.5, 'gamma': 'scale'}","{'thetas': array([0.0011, 0.0029]), 'lambdas': array([0.0011, 0.0029]), 'gvals': array([472.022 , 169.3036])}",same_mean_diff_covariance,2
MY-large_mu,2,polynomial,"{'degree': 2, 'gamma': 0.03864312348909953, 'coef0': 1.0}","polynomial(coef0=1.0, degree=2, gamma=0.03864312348909953)",0.6,rbf,"{'C': 1.0, 'gamma': 'scale'}","{'thetas': array([0.0143, 0.0175]), 'lambdas': array([0.0143, 0.0175]), 'gvals': array([32.2262, 26.0871])}",same_mean_diff_covariance,2
MY-large_mu,2,sigmoid,"{'gamma': 0.03864312348909953, 'coef0': 0.0}","sigmoid(coef0=0.0, gamma=0.03864312348909953)",0.6923076923076923,rbf,"{'C': 2.0, 'gamma': 'scale'}","{'thetas': array([0., 0.]), 'lambdas': array([0., 0.]), 'gvals': array([3.1930e+10, 1.1038e+10])}",same_mean_diff_covariance,2
MY-large_mu,3,linear,{},linear,0.7846153846153846,rbf,"{'C': 1.0, 'gamma': 0.5}","{'thetas': array([0., 0., 0.]), 'lambdas': array([0., 0., 0.]), 'gvals': array([4.3475e+10, 7.0416e+09, 6.9683e+09])}",same_mean_diff_covariance,2
MY-large_mu,3,rbf,{'gamma': 0.03864312348909953},rbf(gamma=0.03864312348909953),0.6,rbf,"{'C': 1.0, 'gamma': 0.5}","{'thetas': array([0.0015, 0.0031, 0.0045]), 'lambdas': array([0.0015, 0.0031, 0.0045]), 'gvals': array([335.154 , 157.8803, 109.0714])}",same_mean_diff_covariance,2
MY-large_mu,3,laplacian,{'gamma': 0.03864312348909953},laplacian(gamma=0.03864312348909953),0.6,rbf,"{'C': 2.0, 'gamma': 0.5}","{'thetas': array([0.0004, 0.0036, 0.0052]), 'lambdas': array([0.0004, 0.0036, 0.0052]), 'gvals': array([1304.9408,  134.1166,   92.8063])}",same_mean_diff_covariance,2
MY-large_mu,3,polynomial,"{'degree': 2, 'gamma': 0.03864312348909953, 'coef0': 1.0}","polynomial(coef0=1.0, degree=2, gamma=0.03864312348909953)",0.6307692307692307,rbf,"{'C': 0.5, 'gamma': 0.5}","{'thetas': array([0.0077, 0.0095, 0.0203]), 'lambdas': array([0.0077, 0.0095, 0.0203]), 'gvals': array([61.6393, 49.7688, 22.1978])}",same_mean_diff_covariance,2
MY-large_mu,3,sigmoid,"{'gamma': 0.03864312348909953, 'coef0': 0.0}","sigmoid(coef0=0.0, gamma=0.03864312348909953)",0.6692307692307692,rbf,"{'C': 1.0, 'gamma': 'scale'}","{'thetas': array([0., 0., 0.]), 'lambdas': array([0., 0., 0.]), 'gvals': array([7.5557e+10, 2.9519e+09, 1.8200e+09])}",same_mean_diff_covariance,2
MY-large_mu,4,linear,{},linear,0.7076923076923077,rbf,"{'C': 0.5, 'gamma': 'scale'}","{'thetas': array([0., 0., 0., 0.]), 'lambdas': array([0., 0., 0., 0.]), 'gvals': array([1.9797e+10, 1.0330e+10, 4.2458e+09, 3.3109e+09])}",same_mean_diff_covariance,2
MY-large_mu,4,rbf,{'gamma': 0.03864312348909953},rbf(gamma=0.03864312348909953),0.6,rbf,"{'C': 0.5, 'gamma': 0.5}","{'thetas': array([0.0006, 0.0015, 0.002 , 0.0049]), 'lambdas': array([0.0006, 0.0015, 0.002 , 0.0049]), 'gvals': array([854.59  , 325.7273, 244.0887,  98.742 ])}",same_mean_diff_covariance,2
MY-large_mu,4,laplacian,{'gamma': 0.03864312348909953},laplacian(gamma=0.03864312348909953),0.6076923076923076,rbf,"{'C': 2.0, 'gamma': 'scale'}","{'thetas': array([0.0008, 0.0022, 0.0039, 0.0061]), 'lambdas': array([0.0008, 0.0022, 0.0039, 0.0061]), 'gvals': array([602.3731, 219.017 , 124.6414,  79.0862])}",same_mean_diff_covariance,2
MY-large_mu,4,polynomial,"{'degree': 2, 'gamma': 0.03864312348909953, 'coef0': 1.0}","polynomial(coef0=1.0, degree=2, gamma=0.03864312348909953)",0.6384615384615384,rbf,"{'C': 1.0, 'gamma': 0.5}","{'thetas': array([0.0038, 0.0178, 0.0213, 0.0249]), 'lambdas': array([0.0038, 0.0178, 0.0213, 0.0249]), 'gvals': array([129.726 ,  25.5842,  21.091 ,  17.6987])}",same_mean_diff_covariance,2
MY-large_mu,4,sigmoid,"{'gamma': 0.03864312348909953, 'coef0': 0.0}","sigmoid(coef0=0.0, gamma=0.03864312348909953)",0.7615384615384615,rbf,"{'C': 0.5, 'gamma': 0.5}","{'thetas': array([0.001 , 0.0026, 0.0034, 0.0046]), 'lambdas': array([0.001 , 0.0026, 0.0034, 0.0046]), 'gvals': array([497.2869, 191.5687, 141.9666, 104.5625])}",same_mean_diff_covariance,2
MY-large_mu,5,linear,{},linear,0.7769230769230769,rbf,"{'C': 2.0, 'gamma': 'scale'}","{'thetas': array([0., 0., 0., 0., 0.]), 'lambdas': array([0., 0., 0., 0., 0.]), 'gvals': array([1.9792e+10, 1.0660e+10, 6.9611e+09, 3.8248e+09, 2.0863e+09])}",same_mean_diff_covariance,2
MY-large_mu,5,rbf,{'gamma': 0.03864312348909953},rbf(gamma=0.03864312348909953),0.676923076923077,poly,"{'C': 2.0, 'gamma': 'scale', 'degree': 2, 'coef0': 1.0}","{'thetas': array([0.0006, 0.0013, 0.0019, 0.0038, 0.0058]), 'lambdas': array([0.0006, 0.0013, 0.0019, 0.0038, 0.0058]), 'gvals': array([784.5064, 374.4057, 256.4435, 129.8769,  82.4865])}",same_mean_diff_covariance,2
MY-large_mu,5,laplacian,{'gamma': 0.03864312348909953},laplacian(gamma=0.03864312348909953),0.5615384615384615,rbf,"{'C': 1.0, 'gamma': 0.5}","{'thetas': array([0.0024, 0.0031, 0.0032, 0.0056, 0.0088]), 'lambdas': array([0.0024, 0.0031, 0.0032, 0.0056, 0.0088]), 'gvals': array([207.6689, 157.3867, 150.5953,  85.7816,  53.6492])}",same_mean_diff_covariance,2
MY-large_mu,5,polynomial,"{'degree': 2, 'gamma': 0.03864312348909953, 'coef0': 1.0}","polynomial(coef0=1.0, degree=2, gamma=0.03864312348909953)",0.6,rbf,"{'C': 0.5, 'gamma': 0.5}","{'thetas': array([0.001 , 0.0056, 0.0121, 0.0234, 0.0344]), 'lambdas': array([0.001 , 0.0056, 0.0121, 0.0234, 0.0344]), 'gvals': array([486.2793,  86.6937,  38.5328,  18.966 ,  12.3592])}",same_mean_diff_covariance,2
MY-large_mu,5,sigmoid,"{'gamma': 0.03864312348909953, 'coef0': 0.0}","sigmoid(coef0=0.0, gamma=0.03864312348909953)",0.7153846153846154,rbf,"{'C': 2.0, 'gamma': 'scale'}","{'thetas': array([0.    , 0.    , 0.    , 0.    , 0.0025]), 'lambdas': array([0.    , 0.    , 0.    , 0.    , 0.0025]), 'gvals': array([5.9250e+10, 1.8345e+10, 8.0760e+09, 2.8528e+09, 1.9295e+02])}",same_mean_diff_covariance,2
MY-large_mu,6,linear,{},linear,0.7615384615384615,poly,"{'C': 2.0, 'gamma': 'scale', 'degree': 2, 'coef0': 1.0}","{'thetas': array([0., 0., 0., 0., 0., 0.]), 'lambdas': array([0., 0., 0., 0., 0., 0.]), 'gvals': array([2.2690e+10, 1.9229e+10, 1.7914e+10, 6.2717e+09, 4.5601e+09,
       3.0432e+09])}",same_mean_diff_covariance,2
MY-large_mu,6,rbf,{'gamma': 0.03864312348909953},rbf(gamma=0.03864312348909953),0.7076923076923077,rbf,"{'C': 0.5, 'gamma': 0.5}","{'thetas': array([0.0012, 0.0016, 0.0033, 0.0045, 0.005 , 0.0068]), 'lambdas': array([0.0012, 0.0016, 0.0033, 0.0045, 0.005 , 0.0068]), 'gvals': array([403.5289, 307.5833, 148.0622, 107.3014,  97.8356,  70.4217])}",same_mean_diff_covariance,2
MY-large_mu,6,laplacian,{'gamma': 0.03864312348909953},laplacian(gamma=0.03864312348909953),0.676923076923077,rbf,"{'C': 0.5, 'gamma': 'scale'}","{'thetas': array([0.0017, 0.0018, 0.0028, 0.004 , 0.0077, 0.0086]), 'lambdas': array([0.0017, 0.0018, 0.0028, 0.004 , 0.0077, 0.0086]), 'gvals': array([294.4226, 271.3561, 178.1867, 121.1344,  62.0649,  55.0576])}",same_mean_diff_covariance,2
MY-large_mu,6,polynomial,"{'degree': 2, 'gamma': 0.03864312348909953, 'coef0': 1.0}","polynomial(coef0=1.0, degree=2, gamma=0.03864312348909953)",0.6692307692307692,rbf,"{'C': 1.0, 'gamma': 'scale'}","{'thetas': array([0.0075, 0.0121, 0.0164, 0.0244, 0.028 , 0.0432]), 'lambdas': array([0.0075, 0.0121, 0.0164, 0.0244, 0.028 , 0.0432]), 'gvals': array([63.7844, 38.6963, 27.8957, 18.1069, 15.5445,  9.5154])}",same_mean_diff_covariance,2
MY-large_mu,6,sigmoid,"{'gamma': 0.03864312348909953, 'coef0': 0.0}","sigmoid(coef0=0.0, gamma=0.03864312348909953)",0.7230769230769231,rbf,"{'C': 2.0, 'gamma': 'scale'}","{'thetas': array([0., 0., 0., 0., 0., 0.]), 'lambdas': array([0., 0., 0., 0., 0., 0.]), 'gvals': array([1.6798e+10, 7.7374e+09, 3.5627e+09, 1.9801e+09, 1.8282e+09,
       5.2658e+04])}",same_mean_diff_covariance,2
MY-large_mu,7,linear,{},linear,0.7461538461538462,rbf,"{'C': 1.0, 'gamma': 0.5}","{'thetas': array([0., 0., 0., 0., 0., 0., 0.]), 'lambdas': array([0., 0., 0., 0., 0., 0., 0.]), 'gvals': array([3.9829e+10, 3.2015e+09, 2.5461e+09, 1.9480e+09, 1.8187e+09,
       1.0040e+09, 9.5926e+08])}",same_mean_diff_covariance,2
MY-large_mu,7,rbf,{'gamma': 0.03864312348909953},rbf(gamma=0.03864312348909953),0.6692307692307692,rbf,"{'C': 2.0, 'gamma': 'scale'}","{'thetas': array([0.002 , 0.0031, 0.0036, 0.0055, 0.0062, 0.0082, 0.0107]), 'lambdas': array([0.002 , 0.0031, 0.0036, 0.0055, 0.0062, 0.0082, 0.0107]), 'gvals': array([246.2906, 156.7101, 134.8952,  87.3701,  77.5915,  58.1265,
        43.9329])}",same_mean_diff_covariance,2
MY-large_mu,7,laplacian,{'gamma': 0.03864312348909953},laplacian(gamma=0.03864312348909953),0.6076923076923076,rbf,"{'C': 0.5, 'gamma': 0.5}","{'thetas': array([0.0014, 0.0016, 0.0052, 0.0069, 0.0078, 0.0131, 0.0153]), 'lambdas': array([0.0014, 0.0016, 0.0052, 0.0069, 0.0078, 0.0131, 0.0153]), 'gvals': array([354.5561, 316.6935,  93.7003,  69.6127,  61.3616,  35.4089,
        30.1157])}",same_mean_diff_covariance,2
MY-large_mu,7,polynomial,"{'degree': 2, 'gamma': 0.03864312348909953, 'coef0': 1.0}","polynomial(coef0=1.0, degree=2, gamma=0.03864312348909953)",0.7538461538461538,rbf,"{'C': 0.5, 'gamma': 'scale'}","{'thetas': array([0.0015, 0.0082, 0.0169, 0.0302, 0.0358, 0.0425, 0.0473]), 'lambdas': array([0.0015, 0.0082, 0.0169, 0.0302, 0.0358, 0.0425, 0.0473]), 'gvals': array([327.7031,  57.9192,  27.1206,  14.3253,  11.7968,   9.6738,
         8.549 ])}",same_mean_diff_covariance,2
MY-large_mu,7,sigmoid,"{'gamma': 0.03864312348909953, 'coef0': 0.0}","sigmoid(coef0=0.0, gamma=0.03864312348909953)",0.7692307692307693,rbf,"{'C': 0.5, 'gamma': 0.5}","{'thetas': array([0.    , 0.    , 0.    , 0.    , 0.0002, 0.0013, 0.0031]), 'lambdas': array([0.    , 0.    , 0.    , 0.    , 0.0002, 0.0013, 0.0031]), 'gvals': array([1.6224e+10, 1.1331e+10, 3.1830e+09, 4.4284e+08, 2.1448e+03,
       3.8235e+02, 1.5692e+02])}",same_mean_diff_covariance,2
MY-large_mu,8,linear,{},linear,0.7846153846153846,rbf,"{'C': 0.5, 'gamma': 'scale'}","{'thetas': array([0., 0., 0., 0., 0., 0., 0., 0.]), 'lambdas': array([0., 0., 0., 0., 0., 0., 0., 0.]), 'gvals': array([4.1789e+10, 2.7274e+10, 7.0021e+09, 5.6084e+09, 3.5485e+09,
       3.4055e+09, 2.0205e+09, 1.9216e+09])}",same_mean_diff_covariance,2
MY-large_mu,8,rbf,{'gamma': 0.03864312348909953},rbf(gamma=0.03864312348909953),0.7,rbf,"{'C': 0.5, 'gamma': 0.5}","{'thetas': array([0.0006, 0.0033, 0.0051, 0.006 , 0.0073, 0.0108, 0.0124, 0.0157]), 'lambdas': array([0.0006, 0.0033, 0.0051, 0.006 , 0.0073, 0.0108, 0.0124, 0.0157]), 'gvals': array([839.6955, 149.0562,  95.4542,  80.3887,  65.7484,  43.4744,
        37.5906,  29.2946])}",same_mean_diff_covariance,2
MY-large_mu,8,laplacian,{'gamma': 0.03864312348909953},laplacian(gamma=0.03864312348909953),0.6846153846153846,rbf,"{'C': 0.5, 'gamma': 0.5}","{'thetas': array([0.0032, 0.0039, 0.0073, 0.0079, 0.009 , 0.0119, 0.0141, 0.0166]), 'lambdas': array([0.0032, 0.0039, 0.0073, 0.0079, 0.009 , 0.0119, 0.0141, 0.0166]), 'gvals': array([153.9702, 123.6993,  65.6924,  60.7127,  52.8819,  39.429 ,
        32.7961,  27.5214])}",same_mean_diff_covariance,2
MY-large_mu,8,polynomial,"{'degree': 2, 'gamma': 0.03864312348909953, 'coef0': 1.0}","polynomial(coef0=1.0, degree=2, gamma=0.03864312348909953)",0.7307692307692307,rbf,"{'C': 0.5, 'gamma': 'scale'}","{'thetas': array([      0.0016,       0.0037,       0.0126,       0.02  ,
             0.0353,       0.0482,       0.0513, 2171988.7736]), 'lambdas': array([      0.0016,       0.0037,       0.0126,       0.02  ,
             0.0353,       0.0482,       0.0513, 2171988.7736]), 'gvals': array([300.1829, 131.0487,  37.0833,  22.5715,  12.0102,   8.3476,
         7.7645,   6.7956])}",same_mean_diff_covariance,2
MY-large_mu,8,sigmoid,"{'gamma': 0.03864312348909953, 'coef0': 0.0}","sigmoid(coef0=0.0, gamma=0.03864312348909953)",0.6923076923076923,rbf,"{'C': 0.5, 'gamma': 0.5}","{'thetas': array([0.    , 0.    , 0.    , 0.    , 0.    , 0.    , 0.0013, 0.002 ]), 'lambdas': array([0.    , 0.    , 0.    , 0.    , 0.    , 0.    , 0.0013, 0.002 ]), 'gvals': array([3.6151e+10, 6.3529e+09, 5.1187e+09, 3.8128e+09, 2.4919e+09,
       4.4143e+08, 3.8459e+02, 2.4516e+02])}",same_mean_diff_covariance,2
MY-large_mu,10,linear,{},linear,0.8307692307692308,rbf,"{'C': 0.5, 'gamma': 'scale'}","{'thetas': array([0., 0., 0., 0., 0., 0., 0., 0., 0., 0.]), 'lambdas': array([0., 0., 0., 0., 0., 0., 0., 0., 0., 0.]), 'gvals': array([1.2101e+10, 7.8560e+09, 5.9480e+09, 4.3153e+09, 2.7549e+09,
       2.5290e+09, 1.8880e+09, 1.3894e+09, 1.3391e+09, 1.3160e+09])}",same_mean_diff_covariance,2
MY-large_mu,10,rbf,{'gamma': 0.03864312348909953},rbf(gamma=0.03864312348909953),0.6692307692307692,rbf,"{'C': 1.0, 'gamma': 0.5}","{'thetas': array([0.0008, 0.0011, 0.0037, 0.0043, 0.0049, 0.01  , 0.0104, 0.0127,
       0.0152, 0.0197]), 'lambdas': array([0.0008, 0.0011, 0.0037, 0.0043, 0.0049, 0.01  , 0.0104, 0.0127,
       0.0152, 0.0197]), 'gvals': array([597.8543, 450.3118, 133.3346, 112.4508,  98.1713,  46.9832,
        45.2512,  36.5744,  30.2413,  22.95  ])}",same_mean_diff_covariance,2
MY-large_mu,10,laplacian,{'gamma': 0.03864312348909953},laplacian(gamma=0.03864312348909953),0.6692307692307692,rbf,"{'C': 2.0, 'gamma': 'scale'}","{'thetas': array([0.0022, 0.004 , 0.006 , 0.0068, 0.0101, 0.0136, 0.0147, 0.0171,
       0.0207, 0.0216]), 'lambdas': array([0.0022, 0.004 , 0.006 , 0.0068, 0.0101, 0.0136, 0.0147, 0.0171,
       0.0207, 0.0216]), 'gvals': array([223.2973, 121.766 ,  79.9603,  70.3448,  46.9232,  33.9962,
        31.4772,  26.7785,  21.7163,  20.7532])}",same_mean_diff_covariance,2
MY-large_mu,10,polynomial,"{'degree': 2, 'gamma': 0.03864312348909953, 'coef0': 1.0}","polynomial(coef0=1.0, degree=2, gamma=0.03864312348909953)",0.7615384615384615,poly,"{'C': 1.0, 'gamma': 'scale', 'degree': 2, 'coef0': 1.0}","{'thetas': array([      0.0134,       0.0183,       0.0288,       0.0314,
             0.0372,       0.0474, 1915044.6577, 1222402.7722,
        934101.9356,  594279.4141]), 'lambdas': array([      0.0134,       0.0183,       0.0288,       0.0314,
             0.0372,       0.0474, 1915044.6577, 1222402.7722,
        934101.9356,  594279.4141]), 'gvals': array([34.6294, 24.7764, 15.1125, 13.7029, 11.3032,  8.5241,  6.7326,
        6.5082,  6.3737,  6.1476])}",same_mean_diff_covariance,2
MY-large_mu,10,sigmoid,"{'gamma': 0.03864312348909953, 'coef0': 0.0}","sigmoid(coef0=0.0, gamma=0.03864312348909953)",0.6692307692307692,rbf,"{'C': 1.0, 'gamma': 0.5}","{'thetas': array([0.    , 0.    , 0.    , 0.    , 0.    , 0.0012, 0.0028, 0.0036,
       0.005 , 0.0084]), 'lambdas': array([0.    , 0.    , 0.    , 0.    , 0.    , 0.0012, 0.0028, 0.0036,
       0.005 , 0.0084]), 'gvals': array([1.3172e+10, 8.3801e+09, 1.6696e+09, 7.3465e+08, 5.4053e+08,
       4.0104e+02, 1.7448e+02, 1.3453e+02, 9.7201e+01, 5.6449e+01])}",same_mean_diff_covariance,2
MY-large_mu,12,linear,{},linear,0.8615384615384616,rbf,"{'C': 1.0, 'gamma': 'scale'}","{'thetas': array([0., 0., 0., 0., 0., 0., 0., 0., 0., 0., 0., 0.]), 'lambdas': array([0., 0., 0., 0., 0., 0., 0., 0., 0., 0., 0., 0.]), 'gvals': array([3.3687e+10, 9.5400e+09, 6.7401e+09, 5.3139e+09, 4.1300e+09,
       3.3732e+09, 2.6700e+09, 1.9773e+09, 1.3671e+09, 1.3505e+09,
       1.2723e+09, 1.0050e+09])}",same_mean_diff_covariance,2
MY-large_mu,12,rbf,{'gamma': 0.03864312348909953},rbf(gamma=0.03864312348909953),0.7615384615384615,rbf,"{'C': 2.0, 'gamma': 0.5}","{'thetas': array([0.0012, 0.0016, 0.0033, 0.005 , 0.0057, 0.0075, 0.0096, 0.0114,
       0.017 , 0.0191, 0.0214, 0.0228]), 'lambdas': array([0.0012, 0.0016, 0.0033, 0.005 , 0.0057, 0.0075, 0.0096, 0.0114,
       0.017 , 0.0191, 0.0214, 0.0228]), 'gvals': array([421.7535, 301.1817, 146.7697,  97.5098,  84.4273,  64.156 ,
        49.278 ,  40.9487,  26.8017,  23.68  ,  20.9153,  19.5297])}",same_mean_diff_covariance,2
MY-large_mu,12,laplacian,{'gamma': 0.03864312348909953},laplacian(gamma=0.03864312348909953),0.6,rbf,"{'C': 1.0, 'gamma': 0.5}","{'thetas': array([0.0034, 0.0035, 0.0051, 0.0063, 0.0085, 0.0137, 0.0141, 0.0153,
       0.0214, 0.0312, 0.0324, 0.0342]), 'lambdas': array([0.0034, 0.0035, 0.0051, 0.0063, 0.0085, 0.0137, 0.0141, 0.0153,
       0.0214, 0.0312, 0.0324, 0.0342]), 'gvals': array([144.3234, 138.4783,  94.9567,  76.6439,  55.646 ,  33.8147,
        32.8956,  30.1537,  20.934 ,  13.8139,  13.2331,  12.4334])}",same_mean_diff_covariance,2
MY-large_mu,12,polynomial,"{'degree': 2, 'gamma': 0.03864312348909953, 'coef0': 1.0}","polynomial(coef0=1.0, degree=2, gamma=0.03864312348909953)",0.7615384615384615,rbf,"{'C': 1.0, 'gamma': 'scale'}","{'thetas': array([      0.0055,       0.0099,       0.0139,       0.0174,
             0.0252,       0.0426,       0.0486, 2594301.5267,
             0.0581, 1546912.6584,  789415.782 ,  577654.5817]), 'lambdas': array([      0.0055,       0.0099,       0.0139,       0.0174,
             0.0252,       0.0426,       0.0486, 2594301.5267,
             0.0581, 1546912.6584,  789415.782 ,  577654.5817]), 'gvals': array([88.0242, 47.848 , 33.2227, 26.2222, 17.4821,  9.6505,  8.2796,
        6.8844,  6.6854,  6.6259,  6.2895,  6.1334])}",same_mean_diff_covariance,2
MY-large_mu,12,sigmoid,"{'gamma': 0.03864312348909953, 'coef0': 0.0}","sigmoid(coef0=0.0, gamma=0.03864312348909953)",0.7384615384615385,rbf,"{'C': 0.5, 'gamma': 'scale'}","{'thetas': array([0.    , 0.    , 0.    , 0.0001, 0.0026, 0.0044, 0.0076, 0.0107,
       0.0128, 0.0209, 0.0222, 0.0313]), 'lambdas': array([0.    , 0.    , 0.    , 0.0001, 0.0026, 0.0044, 0.0076, 0.0107,
       0.0128, 0.0209, 0.0222, 0.0313]), 'gvals': array([9.2502e+09, 5.4351e+09, 1.5949e+09, 5.6343e+03, 1.9197e+02,
       1.0950e+02, 6.2486e+01, 4.4121e+01, 3.6357e+01, 2.1492e+01,
       2.0097e+01, 1.3759e+01])}",same_mean_diff_covariance,2
MY-large_mu,14,linear,{},linear,0.8384615384615385,rbf,"{'C': 0.5, 'gamma': 'scale'}","{'thetas': array([0., 0., 0., 0., 0., 0., 0., 0., 0., 0., 0., 0., 0., 0.]), 'lambdas': array([0., 0., 0., 0., 0., 0., 0., 0., 0., 0., 0., 0., 0., 0.]), 'gvals': array([1.2574e+10, 7.2089e+09, 4.7000e+09, 3.3890e+09, 2.8015e+09,
       2.5248e+09, 2.0528e+09, 1.0695e+09, 1.0168e+09, 8.6074e+08,
       7.8237e+08, 7.5049e+08, 6.3621e+08, 6.1326e+08])}",same_mean_diff_covariance,2
MY-large_mu,14,rbf,{'gamma': 0.03864312348909953},rbf(gamma=0.03864312348909953),0.676923076923077,rbf,"{'C': 1.0, 'gamma': 0.5}","{'thetas': array([0.0006, 0.0029, 0.0048, 0.0061, 0.0093, 0.0105, 0.0121, 0.0159,
       0.0177, 0.021 , 0.0239, 0.028 , 0.0319, 0.0406]), 'lambdas': array([0.0006, 0.0029, 0.0048, 0.0061, 0.0093, 0.0105, 0.0121, 0.0159,
       0.0177, 0.021 , 0.0239, 0.028 , 0.0319, 0.0406]), 'gvals': array([797.3444, 170.4143, 100.8391,  78.3943,  50.8238,  45.0195,
        38.5993,  28.9428,  25.7962,  21.3416,  18.594 ,  15.5873,
        13.4629,  10.2202])}",same_mean_diff_covariance,2
MY-large_mu,14,laplacian,{'gamma': 0.03864312348909953},laplacian(gamma=0.03864312348909953),0.6538461538461539,rbf,"{'C': 2.0, 'gamma': 'scale'}","{'thetas': array([0.0006, 0.0042, 0.0057, 0.0076, 0.0093, 0.0114, 0.0141, 0.0151,
       0.0179, 0.0204, 0.0238, 0.027 , 0.0285, 0.0318]), 'lambdas': array([0.0006, 0.0042, 0.0057, 0.0076, 0.0093, 0.0114, 0.0141, 0.0151,
       0.0179, 0.0204, 0.0238, 0.027 , 0.0285, 0.0318]), 'gvals': array([828.3262, 116.7692,  85.1453,  62.9871,  51.1727,  41.179 ,
        32.8918,  30.4431,  25.3898,  22.0441,  18.6227,  16.2047,
        15.2608,  13.4884])}",same_mean_diff_covariance,2
MY-large_mu,14,polynomial,"{'degree': 2, 'gamma': 0.03864312348909953, 'coef0': 1.0}","polynomial(coef0=1.0, degree=2, gamma=0.03864312348909953)",0.7461538461538462,rbf,"{'C': 1.0, 'gamma': 'scale'}","{'thetas': array([      0.0015,       0.0137,       0.0165,       0.0198,
             0.0293,       0.0342,       0.0489, 2189899.8631,
       1786934.733 ,  881923.4828,  701979.5026,       0.0619,
        541601.6755,  512372.6939]), 'lambdas': array([      0.0015,       0.0137,       0.0165,       0.0198,
             0.0293,       0.0342,       0.0489, 2189899.8631,
       1786934.733 ,  881923.4828,  701979.5026,       0.0619,
        541601.6755,  512372.6939]), 'gvals': array([328.3063,  33.8581,  27.7399,  22.7784,  14.8245,  12.4156,
         8.2144,   6.7997,   6.698 ,   6.3449,   6.2308,   6.1924,
         6.1011,   6.0734])}",same_mean_diff_covariance,2
MY-large_mu,14,sigmoid,"{'gamma': 0.03864312348909953, 'coef0': 0.0}","sigmoid(coef0=0.0, gamma=0.03864312348909953)",0.7153846153846154,rbf,"{'C': 2.0, 'gamma': 0.5}","{'thetas': array([0.    , 0.    , 0.    , 0.0009, 0.0025, 0.005 , 0.0067, 0.0117,
       0.014 , 0.0185, 0.0225, 0.0282, 0.0341, 0.0441]), 'lambdas': array([0.    , 0.    , 0.    , 0.0009, 0.0025, 0.005 , 0.0067, 0.0117,
       0.014 , 0.0185, 0.0225, 0.0282, 0.0341, 0.0441]), 'gvals': array([4.9930e+10, 7.4716e+09, 3.6050e+09, 5.7965e+02, 1.9451e+02,
       9.7361e+01, 7.1832e+01, 3.9955e+01, 3.3010e+01, 2.4575e+01,
       1.9821e+01, 1.5427e+01, 1.2475e+01, 9.2822e+00])}",same_mean_diff_covariance,2
MY-large_mu,16,linear,{},linear,0.8692307692307693,rbf,"{'C': 1.0, 'gamma': 'scale'}","{'thetas': array([0., 0., 0., 0., 0., 0., 0., 0., 0., 0., 0., 0., 0., 0., 0., 0.]), 'lambdas': array([0., 0., 0., 0., 0., 0., 0., 0., 0., 0., 0., 0., 0., 0., 0., 0.]), 'gvals': array([1.7389e+11, 1.6766e+10, 3.1838e+09, 3.0791e+09, 2.8599e+09,
       1.9229e+09, 1.2414e+09, 1.1913e+09, 1.1565e+09, 9.2527e+08,
       9.2218e+08, 9.1337e+08, 6.9493e+08, 5.6795e+08, 5.4129e+08,
       4.6192e+08])}",same_mean_diff_covariance,2
MY-large_mu,16,rbf,{'gamma': 0.03864312348909953},rbf(gamma=0.03864312348909953),0.676923076923077,rbf,"{'C': 2.0, 'gamma': 0.5}","{'thetas': array([0.0003, 0.0028, 0.0041, 0.0062, 0.0071, 0.0075, 0.0103, 0.0138,
       0.0176, 0.021 , 0.0277, 0.0303, 0.0401, 0.0435, 0.046 , 0.0485]), 'lambdas': array([0.0003, 0.0028, 0.0041, 0.0062, 0.0071, 0.0075, 0.0103, 0.0138,
       0.0176, 0.021 , 0.0277, 0.0303, 0.0401, 0.0435, 0.046 , 0.0485]), 'gvals': array([1471.5977,  172.0471,  117.8778,   77.5792,   67.8173,   63.8361,
         45.7058,   33.4954,   25.9471,   21.3435,   15.7496,   14.2276,
         10.3632,    9.4223,    8.8373,    8.3013])}",same_mean_diff_covariance,2
MY-large_mu,16,laplacian,{'gamma': 0.03864312348909953},laplacian(gamma=0.03864312348909953),0.6230769230769231,rbf,"{'C': 2.0, 'gamma': 0.5}","{'thetas': array([0.0005, 0.0037, 0.0056, 0.0071, 0.0088, 0.0104, 0.0142, 0.0156,
       0.0178, 0.0215, 0.0272, 0.0329, 0.04  , 0.0445, 0.047 , 0.0531]), 'lambdas': array([0.0005, 0.0037, 0.0056, 0.0071, 0.0088, 0.0104, 0.0142, 0.0156,
       0.0178, 0.0215, 0.0272, 0.0329, 0.04  , 0.0445, 0.047 , 0.0531]), 'gvals': array([992.0616, 131.0444,  85.8094,  67.0653,  54.2162,  45.1178,
        32.6267,  29.4265,  25.5485,  20.8788,  16.1091,  13.0009,
        10.3899,   9.1896,   8.6033,   7.4428])}",same_mean_diff_covariance,2
MY-large_mu,16,polynomial,"{'degree': 2, 'gamma': 0.03864312348909953, 'coef0': 1.0}","polynomial(coef0=1.0, degree=2, gamma=0.03864312348909953)",0.7923076923076923,poly,"{'C': 2.0, 'gamma': 'scale', 'degree': 2, 'coef0': 1.0}","{'thetas': array([      0.0046,       0.0091,       0.0219,       0.0246,
             0.0306,       0.0341,       0.047 ,       0.0533,
       1469979.2765, 1175329.6884,  791276.4526,  463401.3958,
        389488.9798,  349110.9064,  255102.6423,       0.0668]), 'lambdas': array([      0.0046,       0.0091,       0.0219,       0.0246,
             0.0306,       0.0341,       0.047 ,       0.0533,
       1469979.2765, 1175329.6884,  791276.4526,  463401.3958,
        389488.9798,  349110.9064,  255102.6423,       0.0668]), 'gvals': array([104.5356,  52.1172,  20.4321,  17.9879,  14.0865,  12.4576,
         8.5992,   7.4149,   6.6004,   6.4885,   6.2907,   6.0232,
         5.9363,   5.8816,   5.7247,   5.6356])}",same_mean_diff_covariance,2
MY-large_mu,16,sigmoid,"{'gamma': 0.03864312348909953, 'coef0': 0.0}","sigmoid(coef0=0.0, gamma=0.03864312348909953)",0.7076923076923077,rbf,"{'C': 2.0, 'gamma': 0.5}","{'thetas': array([0.    , 0.    , 0.    , 0.001 , 0.0012, 0.002 , 0.0039, 0.0065,
       0.0074, 0.0078, 0.0107, 0.0155, 0.0223, 0.0277, 0.0303, 0.0415]), 'lambdas': array([0.    , 0.    , 0.    , 0.001 , 0.0012, 0.002 , 0.0039, 0.0065,
       0.0074, 0.0078, 0.0107, 0.0155, 0.0223, 0.0277, 0.0303, 0.0415]), 'gvals': array([1.9616e+09, 1.3653e+09, 5.0063e+08, 4.9595e+02, 4.2931e+02,
       2.4620e+02, 1.2509e+02, 7.3684e+01, 6.4213e+01, 6.0874e+01,
       4.4062e+01, 2.9667e+01, 1.9992e+01, 1.5787e+01, 1.4240e+01,
       9.9607e+00])}",same_mean_diff_covariance,2
MY-large_mu,20,linear,{},linear,0.8153846153846154,rbf,"{'C': 0.5, 'gamma': 'scale'}","{'thetas': array([0., 0., 0., 0., 0., 0., 0., 0., 0., 0., 0., 0., 0., 0., 0., 0., 0.,
       0., 0., 0.]), 'lambdas': array([0., 0., 0., 0., 0., 0., 0., 0., 0., 0., 0., 0., 0., 0., 0., 0., 0.,
       0., 0., 0.]), 'gvals': array([2.9871e+11, 1.0924e+10, 5.3512e+09, 3.4857e+09, 2.3300e+09,
       1.3394e+09, 1.1237e+09, 1.1162e+09, 8.7841e+08, 7.6017e+08,
       7.0656e+08, 6.4558e+08, 5.3042e+08, 5.0495e+08, 4.5464e+08,
       4.4756e+08, 3.3694e+08, 2.8503e+08, 2.6268e+08, 2.3211e+08])}",same_mean_diff_covariance,2
MY-large_mu,20,rbf,{'gamma': 0.03864312348909953},rbf(gamma=0.03864312348909953),0.8,rbf,"{'C': 2.0, 'gamma': 'scale'}","{'thetas': array([      0.0008,       0.0015,       0.0029,       0.0037,
             0.0045,       0.0058,       0.0089,       0.0104,
             0.0111,       0.0162,       0.0194,       0.0249,
             0.0351,       0.0372,       0.0482,       0.0528,
       5132251.5065, 1091723.7998,  888320.225 ,       0.0608]), 'lambdas': array([      0.0008,       0.0015,       0.0029,       0.0037,
             0.0045,       0.0058,       0.0089,       0.0104,
             0.0111,       0.0162,       0.0194,       0.0249,
             0.0351,       0.0372,       0.0482,       0.0528,
       5132251.5065, 1091723.7998,  888320.225 ,       0.0608]), 'gvals': array([618.4521, 331.1441, 166.8394, 132.8833, 108.011 ,  83.7001,
        53.4901,  45.3342,  42.1184,  28.2318,  23.2894,  17.7197,
        12.0576,  11.2921,   8.3545,   7.4912,   7.2255,   6.4516,
         6.3485,   6.3281])}",same_mean_diff_covariance,2
MY-large_mu,20,laplacian,{'gamma': 0.03864312348909953},laplacian(gamma=0.03864312348909953),0.7230769230769231,rbf,"{'C': 2.0, 'gamma': 'scale'}","{'thetas': array([      0.0008,       0.0011,       0.0036,       0.0043,
             0.0079,       0.011 ,       0.0146,       0.0165,
             0.018 ,       0.0225,       0.0259,       0.0272,
             0.0333,       0.0373,       0.0393,       0.0459,
             0.0545, 1459688.4469,       0.0653,       0.067 ]), 'lambdas': array([      0.0008,       0.0011,       0.0036,       0.0043,
             0.0079,       0.011 ,       0.0146,       0.0165,
             0.018 ,       0.0225,       0.0259,       0.0272,
             0.0333,       0.0373,       0.0393,       0.0459,
             0.0545, 1459688.4469,       0.0653,       0.067 ]), 'gvals': array([636.9211, 459.0099, 135.1137, 112.9369,  60.7033,  42.6877,
        31.5992,  27.7352,  25.2448,  19.8654,  16.9915,  16.0741,
        12.8065,  11.258 ,  10.6111,   8.8621,   7.2138,   6.5969,
         5.7907,   5.6121])}",same_mean_diff_covariance,2
MY-large_mu,20,polynomial,"{'degree': 2, 'gamma': 0.03864312348909953, 'coef0': 1.0}","polynomial(coef0=1.0, degree=2, gamma=0.03864312348909953)",0.7769230769230769,rbf,"{'C': 2.0, 'gamma': 'scale'}","{'thetas': array([      0.01  ,       0.0185,       0.0201,       0.0273,
             0.0349,       0.0436, 2317600.168 ,  948837.5426,
        879470.574 ,  619533.8705,  441629.2255,  388897.3948,
             0.0641,  264659.1094,       0.0665,  209128.1789,
        193033.7456,  146274.8213,  132092.6596,  112946.7937]), 'lambdas': array([      0.01  ,       0.0185,       0.0201,       0.0273,
             0.0349,       0.0436, 2317600.168 ,  948837.5426,
        879470.574 ,  619533.8705,  441629.2255,  388897.3948,
             0.0641,  264659.1094,       0.0665,  209128.1789,
        193033.7456,  146274.8213,  132092.6596,  112946.7937]), 'gvals': array([47.4354, 24.4744, 22.3638, 16.0392, 12.1448,  9.4106,  6.828 ,
        6.3815,  6.3435,  6.1684,  5.9991,  5.9355,  5.9309,  5.7431,
        5.6649,  5.6254,  5.5853,  5.4466,  5.3956,  5.3173])}",same_mean_diff_covariance,2
MY-large_mu,20,sigmoid,"{'gamma': 0.03864312348909953, 'coef0': 0.0}","sigmoid(coef0=0.0, gamma=0.03864312348909953)",0.7307692307692307,poly,"{'C': 2.0, 'gamma': 'scale', 'degree': 2, 'coef0': 1.0}","{'thetas': array([      0.    ,       0.    ,       0.0021,       0.0027,
             0.0049,       0.006 ,       0.0075,       0.0099,
             0.011 ,       0.0139,       0.0238,       0.0316,
             0.0336,       0.0529, 6610799.5693, 4780990.5938,
       2722473.1892, 2216140.0731, 1710317.5322,  823925.0465]), 'lambdas': array([      0.    ,       0.    ,       0.0021,       0.0027,
             0.0049,       0.006 ,       0.0075,       0.0099,
             0.011 ,       0.0139,       0.0238,       0.0316,
             0.0336,       0.0529, 6610799.5693, 4780990.5938,
       2722473.1892, 2216140.0731, 1710317.5322,  823925.0465]), 'gvals': array([9.2740e+09, 1.1546e+09, 2.3720e+02, 1.8031e+02, 9.9899e+01,
       8.0583e+01, 6.3334e+01, 4.7521e+01, 4.2849e+01, 3.3453e+01,
       1.8597e+01, 1.3612e+01, 1.2698e+01, 7.4864e+00, 7.3521e+00,
       7.1901e+00, 6.9085e+00, 6.8056e+00, 6.6761e+00, 6.3109e+00])}",same_mean_diff_covariance,2
MY-small_mu,1,linear,{},linear,0.6,rbf,"{'C': 0.5, 'gamma': 0.5}","{'thetas': array([0.]), 'lambdas': array([0.]), 'D_scores': array([8.3696e+10])}",same_mean_diff_covariance,2
MY-small_mu,1,rbf,{'gamma': 0.03864312348909953},rbf(gamma=0.03864312348909953),0.5307692307692308,rbf,"{'C': 2.0, 'gamma': 'scale'}","{'thetas': array([0.0001]), 'lambdas': array([0.0001]), 'D_scores': array([4950.2092])}",same_mean_diff_covariance,2
MY-small_mu,1,laplacian,{'gamma': 0.03864312348909953},laplacian(gamma=0.03864312348909953),0.5846153846153846,rbf,"{'C': 1.0, 'gamma': 'scale'}","{'thetas': array([0.0001]), 'lambdas': array([0.0001]), 'D_scores': array([4462.1923])}",same_mean_diff_covariance,2
MY-small_mu,1,polynomial,"{'degree': 2, 'gamma': 0.03864312348909953, 'coef0': 1.0}","polynomial(coef0=1.0, degree=2, gamma=0.03864312348909953)",0.6,rbf,"{'C': 2.0, 'gamma': 'scale'}","{'thetas': array([0.0062]), 'lambdas': array([0.0062]), 'D_scores': array([77.9313])}",same_mean_diff_covariance,2
MY-small_mu,1,sigmoid,"{'gamma': 0.03864312348909953, 'coef0': 0.0}","sigmoid(coef0=0.0, gamma=0.03864312348909953)",0.6230769230769231,rbf,"{'C': 0.5, 'gamma': 'scale'}","{'thetas': array([0.]), 'lambdas': array([0.]), 'D_scores': array([1.0528e+10])}",same_mean_diff_covariance,2
MY-small_mu,2,linear,{},linear,0.6846153846153846,rbf,"{'C': 2.0, 'gamma': 'scale'}","{'thetas': array([0., 0.]), 'lambdas': array([0., 0.]), 'D_scores': array([5.6576e+09, 4.2979e+09])}",same_mean_diff_covariance,2
MY-small_mu,2,rbf,{'gamma': 0.03864312348909953},rbf(gamma=0.03864312348909953),0.6076923076923076,rbf,"{'C': 0.5, 'gamma': 'scale'}","{'thetas': array([0.0004, 0.0014]), 'lambdas': array([0.0004, 0.0014]), 'D_scores': array([1337.185,  363.051])}",same_mean_diff_covariance,2
MY-small_mu,2,laplacian,{'gamma': 0.03864312348909953},laplacian(gamma=0.03864312348909953),0.5538461538461539,rbf,"{'C': 0.5, 'gamma': 'scale'}","{'thetas': array([0.0011, 0.0029]), 'lambdas': array([0.0011, 0.0029]), 'D_scores': array([472.0823, 169.304 ])}",same_mean_diff_covariance,2
MY-small_mu,2,polynomial,"{'degree': 2, 'gamma': 0.03864312348909953, 'coef0': 1.0}","polynomial(coef0=1.0, degree=2, gamma=0.03864312348909953)",0.6230769230769231,rbf,"{'C': 0.5, 'gamma': 'scale'}","{'thetas': array([0.0143, 0.0175]), 'lambdas': array([0.0143, 0.0175]), 'D_scores': array([32.2264, 26.0934])}",same_mean_diff_covariance,2
MY-small_mu,2,sigmoid,"{'gamma': 0.03864312348909953, 'coef0': 0.0}","sigmoid(coef0=0.0, gamma=0.03864312348909953)",0.6076923076923076,rbf,"{'C': 1.0, 'gamma': 'scale'}","{'thetas': array([0., 0.]), 'lambdas': array([0., 0.]), 'D_scores': array([3.1930e+10, 1.1038e+10])}",same_mean_diff_covariance,2
MY-small_mu,3,linear,{},linear,0.7692307692307693,rbf,"{'C': 1.0, 'gamma': 0.5}","{'thetas': array([0., 0., 0.]), 'lambdas': array([0., 0., 0.]), 'D_scores': array([4.3475e+10, 7.0416e+09, 6.9683e+09])}",same_mean_diff_covariance,2
MY-small_mu,3,rbf,{'gamma': 0.03864312348909953},rbf(gamma=0.03864312348909953),0.6307692307692307,rbf,"{'C': 0.5, 'gamma': 0.5}","{'thetas': array([0.0015, 0.0031, 0.0045]), 'lambdas': array([0.0015, 0.0031, 0.0045]), 'D_scores': array([335.5042, 157.8863, 109.0714])}",same_mean_diff_covariance,2
MY-small_mu,3,laplacian,{'gamma': 0.03864312348909953},laplacian(gamma=0.03864312348909953),0.6,poly,"{'C': 0.5, 'gamma': 'scale', 'degree': 2, 'coef0': 1.0}","{'thetas': array([0.0004, 0.0036, 0.0052]), 'lambdas': array([0.0004, 0.0036, 0.0052]), 'D_scores': array([1304.9432,  134.1361,   92.8075])}",same_mean_diff_covariance,2
MY-small_mu,3,polynomial,"{'degree': 2, 'gamma': 0.03864312348909953, 'coef0': 1.0}","polynomial(coef0=1.0, degree=2, gamma=0.03864312348909953)",0.6538461538461539,rbf,"{'C': 0.5, 'gamma': 'scale'}","{'thetas': array([0.0077, 0.0095, 0.0203]), 'lambdas': array([0.0077, 0.0095, 0.0203]), 'D_scores': array([61.6937, 49.787 , 22.2037])}",same_mean_diff_covariance,2
MY-small_mu,3,sigmoid,"{'gamma': 0.03864312348909953, 'coef0': 0.0}","sigmoid(coef0=0.0, gamma=0.03864312348909953)",0.6461538461538462,rbf,"{'C': 2.0, 'gamma': 0.5}","{'thetas': array([0., 0., 0.]), 'lambdas': array([0., 0., 0.]), 'D_scores': array([7.5557e+10, 2.9519e+09, 1.8200e+09])}",same_mean_diff_covariance,2
MY-small_mu,4,linear,{},linear,0.6923076923076923,rbf,"{'C': 2.0, 'gamma': 0.5}","{'thetas': array([0., 0., 0., 0.]), 'lambdas': array([0., 0., 0., 0.]), 'D_scores': array([1.9797e+10, 1.0330e+10, 4.2458e+09, 3.3109e+09])}",same_mean_diff_covariance,2
MY-small_mu,4,rbf,{'gamma': 0.03864312348909953},rbf(gamma=0.03864312348909953),0.6615384615384615,rbf,"{'C': 0.5, 'gamma': 0.5}","{'thetas': array([0.0006, 0.0015, 0.002 , 0.0049]), 'lambdas': array([0.0006, 0.0015, 0.002 , 0.0049]), 'D_scores': array([854.593 , 325.7667, 244.1246,  98.7475])}",same_mean_diff_covariance,2
MY-small_mu,4,laplacian,{'gamma': 0.03864312348909953},laplacian(gamma=0.03864312348909953),0.6153846153846154,poly,"{'C': 2.0, 'gamma': 'scale', 'degree': 2, 'coef0': 1.0}","{'thetas': array([0.0008, 0.0022, 0.0039, 0.0061]), 'lambdas': array([0.0008, 0.0022, 0.0039, 0.0061]), 'D_scores': array([602.4725, 219.0177, 124.6415,  79.0921])}",same_mean_diff_covariance,2
MY-small_mu,4,polynomial,"{'degree': 2, 'gamma': 0.03864312348909953, 'coef0': 1.0}","polynomial(coef0=1.0, degree=2, gamma=0.03864312348909953)",0.676923076923077,rbf,"{'C': 1.0, 'gamma': 0.5}","{'thetas': array([0.0038, 0.0178, 0.0213, 0.0249]), 'lambdas': array([0.0038, 0.0178, 0.0213, 0.0249]), 'D_scores': array([129.7362,  25.5853,  21.091 ,  17.7044])}",same_mean_diff_covariance,2
MY-small_mu,4,sigmoid,"{'gamma': 0.03864312348909953, 'coef0': 0.0}","sigmoid(coef0=0.0, gamma=0.03864312348909953)",0.6615384615384615,rbf,"{'C': 2.0, 'gamma': 0.5}","{'thetas': array([0.001 , 0.0026, 0.0034, 0.0046]), 'lambdas': array([0.001 , 0.0026, 0.0034, 0.0046]), 'D_scores': array([497.3042, 191.6209, 141.9954, 104.6265])}",same_mean_diff_covariance,2
MY-small_mu,5,linear,{},linear,0.7846153846153846,poly,"{'C': 1.0, 'gamma': 'scale', 'degree': 2, 'coef0': 1.0}","{'thetas': array([0., 0., 0., 0., 0.]), 'lambdas': array([0., 0., 0., 0., 0.]), 'D_scores': array([1.9792e+10, 1.0660e+10, 6.9611e+09, 3.8248e+09, 2.0863e+09])}",same_mean_diff_covariance,2
MY-small_mu,5,rbf,{'gamma': 0.03864312348909953},rbf(gamma=0.03864312348909953),0.7,rbf,"{'C': 0.5, 'gamma': 0.5}","{'thetas': array([0.0006, 0.0013, 0.0019, 0.0038, 0.0058]), 'lambdas': array([0.0006, 0.0013, 0.0019, 0.0038, 0.0058]), 'D_scores': array([784.6262, 374.4503, 256.4684, 129.9643,  82.5084])}",same_mean_diff_covariance,2
MY-small_mu,5,laplacian,{'gamma': 0.03864312348909953},laplacian(gamma=0.03864312348909953),0.5846153846153846,rbf,"{'C': 0.5, 'gamma': 0.5}","{'thetas': array([0.0024, 0.0031, 0.0032, 0.0056, 0.0088]), 'lambdas': array([0.0024, 0.0031, 0.0032, 0.0056, 0.0088]), 'D_scores': array([207.6735, 157.394 , 150.5961,  85.7837,  53.6532])}",same_mean_diff_covariance,2
MY-small_mu,5,polynomial,"{'degree': 2, 'gamma': 0.03864312348909953, 'coef0': 1.0}","polynomial(coef0=1.0, degree=2, gamma=0.03864312348909953)",0.6307692307692307,rbf,"{'C': 2.0, 'gamma': 'scale'}","{'thetas': array([0.001 , 0.0056, 0.0121, 0.0234, 0.0344]), 'lambdas': array([0.001 , 0.0056, 0.0121, 0.0234, 0.0344]), 'D_scores': array([486.5903,  86.7113,  38.5337,  18.9927,  12.3672])}",same_mean_diff_covariance,2
MY-small_mu,5,sigmoid,"{'gamma': 0.03864312348909953, 'coef0': 0.0}","sigmoid(coef0=0.0, gamma=0.03864312348909953)",0.6538461538461539,rbf,"{'C': 2.0, 'gamma': 0.5}","{'thetas': array([0.    , 0.    , 0.    , 0.    , 0.0025]), 'lambdas': array([0.    , 0.    , 0.    , 0.    , 0.0025]), 'D_scores': array([5.9250e+10, 1.8345e+10, 8.0760e+09, 2.8528e+09, 1.9297e+02])}",same_mean_diff_covariance,2
MY-small_mu,6,linear,{},linear,0.8307692307692308,rbf,"{'C': 1.0, 'gamma': 0.5}","{'thetas': array([0., 0., 0., 0., 0., 0.]), 'lambdas': array([0., 0., 0., 0., 0., 0.]), 'D_scores': array([2.2690e+10, 1.9229e+10, 1.7914e+10, 6.2717e+09, 4.5601e+09,
       3.0432e+09])}",same_mean_diff_covariance,2
MY-small_mu,6,rbf,{'gamma': 0.03864312348909953},rbf(gamma=0.03864312348909953),0.6615384615384615,rbf,"{'C': 2.0, 'gamma': 0.5}","{'thetas': array([0.0012, 0.0016, 0.0033, 0.0045, 0.005 , 0.0068]), 'lambdas': array([0.0012, 0.0016, 0.0033, 0.0045, 0.005 , 0.0068]), 'D_scores': array([403.537 , 307.5874, 148.075 , 107.3038,  97.9083,  70.4245])}",same_mean_diff_covariance,2
MY-small_mu,6,laplacian,{'gamma': 0.03864312348909953},laplacian(gamma=0.03864312348909953),0.5692307692307692,rbf,"{'C': 2.0, 'gamma': 'scale'}","{'thetas': array([0.0017, 0.0018, 0.0028, 0.004 , 0.0077, 0.0086]), 'lambdas': array([0.0017, 0.0018, 0.0028, 0.004 , 0.0077, 0.0086]), 'D_scores': array([294.4368, 271.5272, 178.1868, 121.1387,  62.0652,  55.0577])}",same_mean_diff_covariance,2
MY-small_mu,6,polynomial,"{'degree': 2, 'gamma': 0.03864312348909953, 'coef0': 1.0}","polynomial(coef0=1.0, degree=2, gamma=0.03864312348909953)",0.6923076923076923,rbf,"{'C': 0.5, 'gamma': 'scale'}","{'thetas': array([0.0075, 0.0121, 0.0164, 0.0244, 0.028 , 0.0432]), 'lambdas': array([0.0075, 0.0121, 0.0164, 0.0244, 0.028 , 0.0432]), 'D_scores': array([63.7906, 38.7035, 27.902 , 18.107 , 15.5454,  9.5207])}",same_mean_diff_covariance,2
MY-small_mu,6,sigmoid,"{'gamma': 0.03864312348909953, 'coef0': 0.0}","sigmoid(coef0=0.0, gamma=0.03864312348909953)",0.6538461538461539,rbf,"{'C': 0.5, 'gamma': 0.5}","{'thetas': array([0., 0., 0., 0., 0., 0.]), 'lambdas': array([0., 0., 0., 0., 0., 0.]), 'D_scores': array([1.6798e+10, 7.7374e+09, 3.5627e+09, 1.9801e+09, 1.8282e+09,
       5.2663e+04])}",same_mean_diff_covariance,2
MY-small_mu,7,linear,{},linear,0.7461538461538462,rbf,"{'C': 1.0, 'gamma': 0.5}","{'thetas': array([0., 0., 0., 0., 0., 0., 0.]), 'lambdas': array([0., 0., 0., 0., 0., 0., 0.]), 'D_scores': array([3.9829e+10, 3.2015e+09, 2.5461e+09, 1.9480e+09, 1.8187e+09,
       1.0040e+09, 9.5926e+08])}",same_mean_diff_covariance,2
MY-small_mu,7,rbf,{'gamma': 0.03864312348909953},rbf(gamma=0.03864312348909953),0.6307692307692307,rbf,"{'C': 0.5, 'gamma': 0.5}","{'thetas': array([0.002 , 0.0031, 0.0036, 0.0055, 0.0062, 0.0082, 0.0107]), 'lambdas': array([0.002 , 0.0031, 0.0036, 0.0055, 0.0062, 0.0082, 0.0107]), 'D_scores': array([246.2935, 156.8003, 134.904 ,  87.3709,  77.6074,  58.1292,
        43.9333])}",same_mean_diff_covariance,2
MY-small_mu,7,laplacian,{'gamma': 0.03864312348909953},laplacian(gamma=0.03864312348909953),0.6538461538461539,rbf,"{'C': 0.5, 'gamma': 0.5}","{'thetas': array([0.0014, 0.0016, 0.0052, 0.0069, 0.0078, 0.0131, 0.0153]), 'lambdas': array([0.0014, 0.0016, 0.0052, 0.0069, 0.0078, 0.0131, 0.0153]), 'D_scores': array([354.5638, 316.7105,  93.7003,  69.6131,  61.3803,  35.4203,
        30.1158])}",same_mean_diff_covariance,2
MY-small_mu,7,polynomial,"{'degree': 2, 'gamma': 0.03864312348909953, 'coef0': 1.0}","polynomial(coef0=1.0, degree=2, gamma=0.03864312348909953)",0.7461538461538462,rbf,"{'C': 2.0, 'gamma': 0.5}","{'thetas': array([0.0015, 0.0082, 0.0169, 0.0302, 0.0358, 0.0425, 0.0473]), 'lambdas': array([0.0015, 0.0082, 0.0169, 0.0302, 0.0358, 0.0425, 0.0473]), 'D_scores': array([327.8055,  57.931 ,  27.1231,  14.3253,  11.8072,   9.676 ,
         8.5498])}",same_mean_diff_covariance,2
MY-small_mu,7,sigmoid,"{'gamma': 0.03864312348909953, 'coef0': 0.0}","sigmoid(coef0=0.0, gamma=0.03864312348909953)",0.7230769230769231,rbf,"{'C': 2.0, 'gamma': 0.5}","{'thetas': array([0.    , 0.    , 0.    , 0.    , 0.0002, 0.0013, 0.0031]), 'lambdas': array([0.    , 0.    , 0.    , 0.    , 0.0002, 0.0013, 0.0031]), 'D_scores': array([1.6224e+10, 1.1331e+10, 3.1830e+09, 4.4284e+08, 2.1451e+03,
       3.8240e+02, 1.5702e+02])}",same_mean_diff_covariance,2
MY-small_mu,8,linear,{},linear,0.8307692307692308,rbf,"{'C': 1.0, 'gamma': 0.5}","{'thetas': array([0., 0., 0., 0., 0., 0., 0., 0.]), 'lambdas': array([0., 0., 0., 0., 0., 0., 0., 0.]), 'D_scores': array([4.1789e+10, 2.7274e+10, 7.0021e+09, 5.6084e+09, 3.5485e+09,
       3.4055e+09, 2.0205e+09, 1.9216e+09])}",same_mean_diff_covariance,2
MY-small_mu,8,rbf,{'gamma': 0.03864312348909953},rbf(gamma=0.03864312348909953),0.6615384615384615,rbf,"{'C': 0.5, 'gamma': 0.5}","{'thetas': array([0.0006, 0.0033, 0.0051, 0.006 , 0.0073, 0.0108, 0.0124, 0.0157]), 'lambdas': array([0.0006, 0.0033, 0.0051, 0.006 , 0.0073, 0.0108, 0.0124, 0.0157]), 'D_scores': array([839.6957, 149.0628,  95.4651,  80.4532,  65.7524,  43.4851,
        37.5908,  29.3009])}",same_mean_diff_covariance,2
MY-small_mu,8,laplacian,{'gamma': 0.03864312348909953},laplacian(gamma=0.03864312348909953),0.6538461538461539,rbf,"{'C': 0.5, 'gamma': 0.5}","{'thetas': array([0.0032, 0.0039, 0.0073, 0.0079, 0.009 , 0.0119, 0.0141, 0.0166]), 'lambdas': array([0.0032, 0.0039, 0.0073, 0.0079, 0.009 , 0.0119, 0.0141, 0.0166]), 'D_scores': array([153.9795, 123.7026,  65.7078,  60.7152,  52.8836,  39.4291,
        32.7962,  27.5246])}",same_mean_diff_covariance,2
MY-small_mu,8,polynomial,"{'degree': 2, 'gamma': 0.03864312348909953, 'coef0': 1.0}","polynomial(coef0=1.0, degree=2, gamma=0.03864312348909953)",0.7692307692307693,poly,"{'C': 2.0, 'gamma': 'scale', 'degree': 2, 'coef0': 1.0}","{'thetas': array([      0.0016,       0.0037,       0.0126,       0.02  ,
             0.0353,       0.0482,       0.0513, 2171988.7736]), 'lambdas': array([      0.0016,       0.0037,       0.0126,       0.02  ,
             0.0353,       0.0482,       0.0513, 2171988.7736]), 'D_scores': array([300.2332, 131.077 ,  37.1444,  22.5806,  12.0127,   8.3517,
         7.7669,   6.7957])}",same_mean_diff_covariance,2
MY-small_mu,8,sigmoid,"{'gamma': 0.03864312348909953, 'coef0': 0.0}","sigmoid(coef0=0.0, gamma=0.03864312348909953)",0.7,rbf,"{'C': 1.0, 'gamma': 0.5}","{'thetas': array([0.    , 0.    , 0.    , 0.    , 0.    , 0.    , 0.0013, 0.002 ]), 'lambdas': array([0.    , 0.    , 0.    , 0.    , 0.    , 0.    , 0.0013, 0.002 ]), 'D_scores': array([3.6151e+10, 6.3529e+09, 5.1187e+09, 3.8128e+09, 2.4919e+09,
       4.4143e+08, 3.8463e+02, 2.4520e+02])}",same_mean_diff_covariance,2
MY-small_mu,10,linear,{},linear,0.8076923076923077,rbf,"{'C': 2.0, 'gamma': 'scale'}","{'thetas': array([0., 0., 0., 0., 0., 0., 0., 0., 0., 0.]), 'lambdas': array([0., 0., 0., 0., 0., 0., 0., 0., 0., 0.]), 'D_scores': array([1.2101e+10, 7.8560e+09, 5.9480e+09, 4.3153e+09, 2.7549e+09,
       2.5290e+09, 1.8880e+09, 1.3894e+09, 1.3391e+09, 1.3160e+09])}",same_mean_diff_covariance,2
MY-small_mu,10,rbf,{'gamma': 0.03864312348909953},rbf(gamma=0.03864312348909953),0.7153846153846154,rbf,"{'C': 1.0, 'gamma': 0.5}","{'thetas': array([0.0008, 0.0011, 0.0037, 0.0043, 0.0049, 0.01  , 0.0104, 0.0127,
       0.0152, 0.0197]), 'lambdas': array([0.0008, 0.0011, 0.0037, 0.0043, 0.0049, 0.01  , 0.0104, 0.0127,
       0.0152, 0.0197]), 'D_scores': array([597.9413, 450.4052, 133.341 , 112.4549,  98.1759,  46.9989,
        45.2581,  36.5744,  30.2434,  22.962 ])}",same_mean_diff_covariance,2
MY-small_mu,10,laplacian,{'gamma': 0.03864312348909953},laplacian(gamma=0.03864312348909953),0.7230769230769231,rbf,"{'C': 0.5, 'gamma': 0.5}","{'thetas': array([0.0022, 0.004 , 0.006 , 0.0068, 0.0101, 0.0136, 0.0147, 0.0171,
       0.0207, 0.0216]), 'lambdas': array([0.0022, 0.004 , 0.006 , 0.0068, 0.0101, 0.0136, 0.0147, 0.0171,
       0.0207, 0.0216]), 'D_scores': array([223.3231, 121.7666,  79.9942,  70.3539,  46.9242,  34.0054,
        31.4791,  26.7799,  21.7166,  20.7566])}",same_mean_diff_covariance,2
MY-small_mu,10,polynomial,"{'degree': 2, 'gamma': 0.03864312348909953, 'coef0': 1.0}","polynomial(coef0=1.0, degree=2, gamma=0.03864312348909953)",0.7692307692307693,poly,"{'C': 0.5, 'gamma': 'scale', 'degree': 2, 'coef0': 1.0}","{'thetas': array([      0.0134,       0.0183,       0.0288,       0.0314,
             0.0372,       0.0474, 1915044.6577, 1222402.7722,
        934101.9356,  594279.4141]), 'lambdas': array([      0.0134,       0.0183,       0.0288,       0.0314,
             0.0372,       0.0474, 1915044.6577, 1222402.7722,
        934101.9356,  594279.4141]), 'D_scores': array([34.6531, 24.7832, 15.1164, 13.7131, 11.3039,  8.5245,  6.7328,
        6.5083,  6.3737,  6.1476])}",same_mean_diff_covariance,2
MY-small_mu,10,sigmoid,"{'gamma': 0.03864312348909953, 'coef0': 0.0}","sigmoid(coef0=0.0, gamma=0.03864312348909953)",0.6538461538461539,rbf,"{'C': 0.5, 'gamma': 0.5}","{'thetas': array([0.    , 0.    , 0.    , 0.    , 0.    , 0.0012, 0.0028, 0.0036,
       0.005 , 0.0084]), 'lambdas': array([0.    , 0.    , 0.    , 0.    , 0.    , 0.0012, 0.0028, 0.0036,
       0.005 , 0.0084]), 'D_scores': array([1.3172e+10, 8.3801e+09, 1.6696e+09, 7.3465e+08, 5.4053e+08,
       4.0104e+02, 1.7457e+02, 1.3454e+02, 9.7234e+01, 5.6459e+01])}",same_mean_diff_covariance,2
MY-small_mu,12,linear,{},linear,0.8769230769230769,rbf,"{'C': 2.0, 'gamma': 0.5}","{'thetas': array([0., 0., 0., 0., 0., 0., 0., 0., 0., 0., 0., 0.]), 'lambdas': array([0., 0., 0., 0., 0., 0., 0., 0., 0., 0., 0., 0.]), 'D_scores': array([3.3687e+10, 9.5400e+09, 6.7401e+09, 5.3139e+09, 4.1300e+09,
       3.3732e+09, 2.6700e+09, 1.9773e+09, 1.3671e+09, 1.3505e+09,
       1.2723e+09, 1.0050e+09])}",same_mean_diff_covariance,2
MY-small_mu,12,rbf,{'gamma': 0.03864312348909953},rbf(gamma=0.03864312348909953),0.7230769230769231,rbf,"{'C': 2.0, 'gamma': 0.5}","{'thetas': array([0.0012, 0.0016, 0.0033, 0.005 , 0.0057, 0.0075, 0.0096, 0.0114,
       0.017 , 0.0191, 0.0214, 0.0228]), 'lambdas': array([0.0012, 0.0016, 0.0033, 0.005 , 0.0057, 0.0075, 0.0096, 0.0114,
       0.017 , 0.0191, 0.0214, 0.0228]), 'D_scores': array([421.8781, 301.1928, 146.8069,  97.5298,  84.4287,  64.1703,
        49.2788,  40.9497,  26.8044,  23.68  ,  20.9163,  19.5302])}",same_mean_diff_covariance,2
MY-small_mu,12,laplacian,{'gamma': 0.03864312348909953},laplacian(gamma=0.03864312348909953),0.6,rbf,"{'C': 2.0, 'gamma': 0.5}","{'thetas': array([0.0034, 0.0035, 0.0051, 0.0063, 0.0085, 0.0137, 0.0141, 0.0153,
       0.0214, 0.0312, 0.0324, 0.0342]), 'lambdas': array([0.0034, 0.0035, 0.0051, 0.0063, 0.0085, 0.0137, 0.0141, 0.0153,
       0.0214, 0.0312, 0.0324, 0.0342]), 'D_scores': array([144.3457, 138.4815,  94.96  ,  76.6443,  55.6606,  33.8159,
        32.8959,  30.1561,  20.9356,  13.8148,  13.2337,  12.4334])}",same_mean_diff_covariance,2
MY-small_mu,12,polynomial,"{'degree': 2, 'gamma': 0.03864312348909953, 'coef0': 1.0}","polynomial(coef0=1.0, degree=2, gamma=0.03864312348909953)",0.8384615384615385,poly,"{'C': 1.0, 'gamma': 'scale', 'degree': 2, 'coef0': 1.0}","{'thetas': array([      0.0055,       0.0099,       0.0139,       0.0174,
             0.0252,       0.0426,       0.0486, 2594301.5267,
             0.0581, 1546912.6584,  789415.782 ,  577654.5817]), 'lambdas': array([      0.0055,       0.0099,       0.0139,       0.0174,
             0.0252,       0.0426,       0.0486, 2594301.5267,
             0.0581, 1546912.6584,  789415.782 ,  577654.5817]), 'D_scores': array([88.03  , 47.848 , 33.2378, 26.2231, 17.486 ,  9.6564,  8.2881,
        6.8846,  6.6854,  6.6259,  6.2896,  6.1334])}",same_mean_diff_covariance,2
MY-small_mu,12,sigmoid,"{'gamma': 0.03864312348909953, 'coef0': 0.0}","sigmoid(coef0=0.0, gamma=0.03864312348909953)",0.7384615384615385,rbf,"{'C': 0.5, 'gamma': 'scale'}","{'thetas': array([0.    , 0.    , 0.    , 0.0001, 0.0026, 0.0044, 0.0076, 0.0107,
       0.0128, 0.0209, 0.0222, 0.0313]), 'lambdas': array([0.    , 0.    , 0.    , 0.0001, 0.0026, 0.0044, 0.0076, 0.0107,
       0.0128, 0.0209, 0.0222, 0.0313]), 'D_scores': array([9.2502e+09, 5.4351e+09, 1.5949e+09, 5.6343e+03, 1.9202e+02,
       1.0950e+02, 6.2493e+01, 4.4123e+01, 3.6358e+01, 2.1510e+01,
       2.0104e+01, 1.3776e+01])}",same_mean_diff_covariance,2
MY-small_mu,14,linear,{},linear,0.8076923076923077,rbf,"{'C': 1.0, 'gamma': 'scale'}","{'thetas': array([0., 0., 0., 0., 0., 0., 0., 0., 0., 0., 0., 0., 0., 0.]), 'lambdas': array([0., 0., 0., 0., 0., 0., 0., 0., 0., 0., 0., 0., 0., 0.]), 'D_scores': array([1.2574e+10, 7.2089e+09, 4.7000e+09, 3.3890e+09, 2.8015e+09,
       2.5248e+09, 2.0528e+09, 1.0695e+09, 1.0168e+09, 8.6074e+08,
       7.8237e+08, 7.5049e+08, 6.3621e+08, 6.1326e+08])}",same_mean_diff_covariance,2
MY-small_mu,14,rbf,{'gamma': 0.03864312348909953},rbf(gamma=0.03864312348909953),0.7153846153846154,rbf,"{'C': 2.0, 'gamma': 0.5}","{'thetas': array([0.0006, 0.0029, 0.0048, 0.0061, 0.0093, 0.0105, 0.0121, 0.0159,
       0.0177, 0.021 , 0.0239, 0.028 , 0.0319, 0.0406]), 'lambdas': array([0.0006, 0.0029, 0.0048, 0.0061, 0.0093, 0.0105, 0.0121, 0.0159,
       0.0177, 0.021 , 0.0239, 0.028 , 0.0319, 0.0406]), 'D_scores': array([797.3935, 170.4204, 100.8409,  78.4141,  50.8243,  45.0232,
        38.5993,  28.9519,  25.802 ,  21.3418,  18.6017,  15.5877,
        13.4629,  10.2208])}",same_mean_diff_covariance,2
MY-small_mu,14,laplacian,{'gamma': 0.03864312348909953},laplacian(gamma=0.03864312348909953),0.6307692307692307,rbf,"{'C': 0.5, 'gamma': 'scale'}","{'thetas': array([0.0006, 0.0042, 0.0057, 0.0076, 0.0093, 0.0114, 0.0141, 0.0151,
       0.0179, 0.0204, 0.0238, 0.027 , 0.0285, 0.0318]), 'lambdas': array([0.0006, 0.0042, 0.0057, 0.0076, 0.0093, 0.0114, 0.0141, 0.0151,
       0.0179, 0.0204, 0.0238, 0.027 , 0.0285, 0.0318]), 'D_scores': array([828.3335, 116.772 ,  85.1473,  62.9933,  51.1738,  41.179 ,
        32.8949,  30.4431,  25.3903,  22.0442,  18.6233,  16.2048,
        15.2631,  13.4886])}",same_mean_diff_covariance,2
MY-small_mu,14,polynomial,"{'degree': 2, 'gamma': 0.03864312348909953, 'coef0': 1.0}","polynomial(coef0=1.0, degree=2, gamma=0.03864312348909953)",0.7307692307692307,rbf,"{'C': 0.5, 'gamma': 'scale'}","{'thetas': array([      0.0015,       0.0137,       0.0165,       0.0198,
             0.0293,       0.0342,       0.0489, 2189899.8631,
       1786934.733 ,  881923.4828,  701979.5026,       0.0619,
        541601.6755,  512372.6939]), 'lambdas': array([      0.0015,       0.0137,       0.0165,       0.0198,
             0.0293,       0.0342,       0.0489, 2189899.8631,
       1786934.733 ,  881923.4828,  701979.5026,       0.0619,
        541601.6755,  512372.6939]), 'D_scores': array([328.3283,  33.8715,  27.7485,  22.7832,  14.8451,  12.4158,
         8.2153,   6.7999,   6.698 ,   6.345 ,   6.2309,   6.1933,
         6.1012,   6.0736])}",same_mean_diff_covariance,2
MY-small_mu,14,sigmoid,"{'gamma': 0.03864312348909953, 'coef0': 0.0}","sigmoid(coef0=0.0, gamma=0.03864312348909953)",0.7076923076923077,rbf,"{'C': 2.0, 'gamma': 0.5}","{'thetas': array([0.    , 0.    , 0.    , 0.0009, 0.0025, 0.005 , 0.0067, 0.0117,
       0.014 , 0.0185, 0.0225, 0.0282, 0.0341, 0.0441]), 'lambdas': array([0.    , 0.    , 0.    , 0.0009, 0.0025, 0.005 , 0.0067, 0.0117,
       0.014 , 0.0185, 0.0225, 0.0282, 0.0341, 0.0441]), 'D_scores': array([4.9930e+10, 7.4716e+09, 3.6050e+09, 5.7977e+02, 1.9464e+02,
       9.7420e+01, 7.1839e+01, 3.9955e+01, 3.3010e+01, 2.4576e+01,
       1.9834e+01, 1.5428e+01, 1.2476e+01, 9.2825e+00])}",same_mean_diff_covariance,2
MY-small_mu,16,linear,{},linear,0.8615384615384616,rbf,"{'C': 2.0, 'gamma': 0.5}","{'thetas': array([0., 0., 0., 0., 0., 0., 0., 0., 0., 0., 0., 0., 0., 0., 0., 0.]), 'lambdas': array([0., 0., 0., 0., 0., 0., 0., 0., 0., 0., 0., 0., 0., 0., 0., 0.]), 'D_scores': array([1.7389e+11, 1.6766e+10, 3.1838e+09, 3.0791e+09, 2.8599e+09,
       1.9229e+09, 1.2414e+09, 1.1913e+09, 1.1565e+09, 9.2527e+08,
       9.2218e+08, 9.1337e+08, 6.9493e+08, 5.6795e+08, 5.4129e+08,
       4.6192e+08])}",same_mean_diff_covariance,2
MY-small_mu,16,rbf,{'gamma': 0.03864312348909953},rbf(gamma=0.03864312348909953),0.6846153846153846,rbf,"{'C': 2.0, 'gamma': 0.5}","{'thetas': array([0.0003, 0.0028, 0.0041, 0.0062, 0.0071, 0.0075, 0.0103, 0.0138,
       0.0176, 0.021 , 0.0277, 0.0303, 0.0401, 0.0435, 0.046 , 0.0485]), 'lambdas': array([0.0003, 0.0028, 0.0041, 0.0062, 0.0071, 0.0075, 0.0103, 0.0138,
       0.0176, 0.021 , 0.0277, 0.0303, 0.0401, 0.0435, 0.046 , 0.0485]), 'D_scores': array([1471.7448,  172.0573,  117.886 ,   77.6182,   67.8178,   63.8396,
         45.7069,   33.4968,   25.9508,   21.3558,   15.75  ,   14.2277,
         10.3643,    9.4237,    8.839 ,    8.3014])}",same_mean_diff_covariance,2
MY-small_mu,16,laplacian,{'gamma': 0.03864312348909953},laplacian(gamma=0.03864312348909953),0.6538461538461539,rbf,"{'C': 2.0, 'gamma': 0.5}","{'thetas': array([0.0005, 0.0037, 0.0056, 0.0071, 0.0088, 0.0104, 0.0142, 0.0156,
       0.0178, 0.0215, 0.0272, 0.0329, 0.04  , 0.0445, 0.047 , 0.0531]), 'lambdas': array([0.0005, 0.0037, 0.0056, 0.0071, 0.0088, 0.0104, 0.0142, 0.0156,
       0.0178, 0.0215, 0.0272, 0.0329, 0.04  , 0.0445, 0.047 , 0.0531]), 'D_scores': array([992.1027, 131.0451,  85.8318,  67.0668,  54.2224,  45.1188,
        32.631 ,  29.4265,  25.5516,  20.8791,  16.1092,  13.004 ,
        10.3904,   9.1905,   8.6035,   7.4436])}",same_mean_diff_covariance,2
MY-small_mu,16,polynomial,"{'degree': 2, 'gamma': 0.03864312348909953, 'coef0': 1.0}","polynomial(coef0=1.0, degree=2, gamma=0.03864312348909953)",0.7538461538461538,rbf,"{'C': 1.0, 'gamma': 'scale'}","{'thetas': array([      0.0046,       0.0091,       0.0219,       0.0246,
             0.0306,       0.0341,       0.047 ,       0.0533,
       1469979.2765, 1175329.6884,  791276.4526,  463401.3958,
        389488.9798,  349110.9064,  255102.6423,       0.0668]), 'lambdas': array([      0.0046,       0.0091,       0.0219,       0.0246,
             0.0306,       0.0341,       0.047 ,       0.0533,
       1469979.2765, 1175329.6884,  791276.4526,  463401.3958,
        389488.9798,  349110.9064,  255102.6423,       0.0668]), 'D_scores': array([104.5394,  52.2071,  20.4462,  17.9956,  14.0866,  12.458 ,
         8.5995,   7.4156,   6.6005,   6.4887,   6.2908,   6.0232,
         5.9364,   5.8817,   5.7247,   5.6357])}",same_mean_diff_covariance,2
MY-small_mu,16,sigmoid,"{'gamma': 0.03864312348909953, 'coef0': 0.0}","sigmoid(coef0=0.0, gamma=0.03864312348909953)",0.7076923076923077,rbf,"{'C': 2.0, 'gamma': 0.5}","{'thetas': array([0.    , 0.    , 0.    , 0.001 , 0.0012, 0.002 , 0.0039, 0.0065,
       0.0074, 0.0078, 0.0107, 0.0155, 0.0223, 0.0277, 0.0303, 0.0415]), 'lambdas': array([0.    , 0.    , 0.    , 0.001 , 0.0012, 0.002 , 0.0039, 0.0065,
       0.0074, 0.0078, 0.0107, 0.0155, 0.0223, 0.0277, 0.0303, 0.0415]), 'D_scores': array([1.9616e+09, 1.3653e+09, 5.0063e+08, 4.9598e+02, 4.2933e+02,
       2.4623e+02, 1.2512e+02, 7.3706e+01, 6.4280e+01, 6.0874e+01,
       4.4082e+01, 2.9669e+01, 1.9998e+01, 1.5798e+01, 1.4243e+01,
       9.9642e+00])}",same_mean_diff_covariance,2
MY-small_mu,20,linear,{},linear,0.823076923076923,rbf,"{'C': 2.0, 'gamma': 0.5}","{'thetas': array([0., 0., 0., 0., 0., 0., 0., 0., 0., 0., 0., 0., 0., 0., 0., 0., 0.,
       0., 0., 0.]), 'lambdas': array([0., 0., 0., 0., 0., 0., 0., 0., 0., 0., 0., 0., 0., 0., 0., 0., 0.,
       0., 0., 0.]), 'D_scores': array([2.9871e+11, 1.0924e+10, 5.3512e+09, 3.4857e+09, 2.3300e+09,
       1.3394e+09, 1.1237e+09, 1.1162e+09, 8.7841e+08, 7.6017e+08,
       7.0656e+08, 6.4558e+08, 5.3042e+08, 5.0495e+08, 4.5464e+08,
       4.4756e+08, 3.3694e+08, 2.8503e+08, 2.6268e+08, 2.3211e+08])}",same_mean_diff_covariance,2
MY-small_mu,20,rbf,{'gamma': 0.03864312348909953},rbf(gamma=0.03864312348909953),0.7846153846153846,rbf,"{'C': 1.0, 'gamma': 'scale'}","{'thetas': array([      0.0008,       0.0015,       0.0029,       0.0037,
             0.0045,       0.0058,       0.0089,       0.0104,
             0.0111,       0.0162,       0.0194,       0.0249,
             0.0351,       0.0372,       0.0482,       0.0528,
       5132251.5065, 1091723.7998,  888320.225 ,       0.0608]), 'lambdas': array([      0.0008,       0.0015,       0.0029,       0.0037,
             0.0045,       0.0058,       0.0089,       0.0104,
             0.0111,       0.0162,       0.0194,       0.0249,
             0.0351,       0.0372,       0.0482,       0.0528,
       5132251.5065, 1091723.7998,  888320.225 ,       0.0608]), 'D_scores': array([618.6612, 331.2317, 166.8796, 132.9037, 108.0267,  83.7012,
        53.5244,  45.3349,  42.1269,  28.2319,  23.2899,  17.7199,
        12.0593,  11.2933,   8.3547,   7.4979,   7.2258,   6.4517,
         6.3487,   6.3293])}",same_mean_diff_covariance,2
MY-small_mu,20,laplacian,{'gamma': 0.03864312348909953},laplacian(gamma=0.03864312348909953),0.7153846153846154,rbf,"{'C': 1.0, 'gamma': 'scale'}","{'thetas': array([      0.0008,       0.0011,       0.0036,       0.0043,
             0.0079,       0.011 ,       0.0146,       0.0165,
             0.018 ,       0.0225,       0.0259,       0.0272,
             0.0333,       0.0373,       0.0393,       0.0459,
             0.0545, 1459688.4469,       0.0653,       0.067 ]), 'lambdas': array([      0.0008,       0.0011,       0.0036,       0.0043,
             0.0079,       0.011 ,       0.0146,       0.0165,
             0.018 ,       0.0225,       0.0259,       0.0272,
             0.0333,       0.0373,       0.0393,       0.0459,
             0.0545, 1459688.4469,       0.0653,       0.067 ]), 'D_scores': array([636.954 , 459.0101, 135.122 , 112.937 ,  60.7069,  42.6903,
        31.5999,  27.7352,  25.2451,  19.8654,  16.9937,  16.0744,
        12.8071,  11.2636,  10.6111,   8.8622,   7.214 ,   6.597 ,
         5.7907,   5.6137])}",same_mean_diff_covariance,2
MY-small_mu,20,polynomial,"{'degree': 2, 'gamma': 0.03864312348909953, 'coef0': 1.0}","polynomial(coef0=1.0, degree=2, gamma=0.03864312348909953)",0.7692307692307693,poly,"{'C': 2.0, 'gamma': 'scale', 'degree': 2, 'coef0': 1.0}","{'thetas': array([      0.01  ,       0.0185,       0.0201,       0.0273,
             0.0349,       0.0436, 2317600.168 ,  948837.5426,
        879470.574 ,  619533.8705,  441629.2255,       0.0641,
        388897.3948,  264659.1094,       0.0665,  209128.1789,
        193033.7456,  146274.8213,  132092.6596,  112946.7937]), 'lambdas': array([      0.01  ,       0.0185,       0.0201,       0.0273,
             0.0349,       0.0436, 2317600.168 ,  948837.5426,
        879470.574 ,  619533.8705,  441629.2255,       0.0641,
        388897.3948,  264659.1094,       0.0665,  209128.1789,
        193033.7456,  146274.8213,  132092.6596,  112946.7937]), 'D_scores': array([47.4395, 24.4744, 22.3654, 16.0428, 12.1525,  9.4111,  6.8283,
        6.3817,  6.3435,  6.1684,  5.9994,  5.9393,  5.9356,  5.7431,
        5.6649,  5.6254,  5.5854,  5.4469,  5.3957,  5.3175])}",same_mean_diff_covariance,2
MY-small_mu,20,sigmoid,"{'gamma': 0.03864312348909953, 'coef0': 0.0}","sigmoid(coef0=0.0, gamma=0.03864312348909953)",0.6923076923076923,rbf,"{'C': 2.0, 'gamma': 'scale'}","{'thetas': array([      0.    ,       0.    ,       0.0021,       0.0027,
             0.0049,       0.006 ,       0.0075,       0.0099,
             0.011 ,       0.0139,       0.0238,       0.0316,
             0.0336,       0.0529, 6610799.5693, 4780990.5938,
       2722473.1892, 2216140.0731, 1710317.5322,  823925.0465]), 'lambdas': array([      0.    ,       0.    ,       0.0021,       0.0027,
             0.0049,       0.006 ,       0.0075,       0.0099,
             0.011 ,       0.0139,       0.0238,       0.0316,
             0.0336,       0.0529, 6610799.5693, 4780990.5938,
       2722473.1892, 2216140.0731, 1710317.5322,  823925.0465]), 'D_scores': array([9.2740e+09, 1.1546e+09, 2.3726e+02, 1.8033e+02, 9.9942e+01,
       8.0584e+01, 6.3336e+01, 4.7523e+01, 4.2896e+01, 3.3466e+01,
       1.8617e+01, 1.3613e+01, 1.2698e+01, 7.4873e+00, 7.3521e+00,
       7.1901e+00, 6.9085e+00, 6.8056e+00, 6.6761e+00, 6.3109e+00])}",same_mean_diff_covariance,2
KFDA-1D,1,linear,{},linear,0.5769230769230769,rbf,"{'C': 2.0, 'gamma': 0.5}","{'top_lambda': 0.005235484353193957, 'd_norm': 10.454960828925385}",same_mean_diff_covariance,3
KFDA-1D,1,rbf,{'gamma': 0.040549061599093245},rbf(gamma=0.040549061599093245),0.6461538461538462,rbf,"{'C': 0.5, 'gamma': 0.5}","{'top_lambda': 5102.611947801509, 'd_norm': 0.2790688263171527}",same_mean_diff_covariance,3
KFDA-1D,1,laplacian,{'gamma': 0.040549061599093245},laplacian(gamma=0.040549061599093245),0.5692307692307692,linear,{'C': 1.0},"{'top_lambda': 8683.569095295614, 'd_norm': 0.16180778160067844}",same_mean_diff_covariance,3
KFDA-1D,1,polynomial,"{'degree': 2, 'gamma': 0.040549061599093245, 'coef0': 1.0}","polynomial(coef0=1.0, degree=2, gamma=0.040549061599093245)",0.7230769230769231,rbf,"{'C': 2.0, 'gamma': 'scale'}","{'top_lambda': 9.33816357791252, 'd_norm': 1.4671640121260887}",same_mean_diff_covariance,3
KFDA-1D,1,sigmoid,"{'gamma': 0.040549061599093245, 'coef0': 0.0}","sigmoid(coef0=0.0, gamma=0.040549061599093245)",0.4461538461538462,sigmoid,"{'C': 1.0, 'gamma': 'scale', 'coef0': 0.0}","{'top_lambda': 0.09328644549527616, 'd_norm': 0.4032993361488707}",same_mean_diff_covariance,3
MY-large_mu,1,linear,{},linear,0.6384615384615384,rbf,"{'C': 0.5, 'gamma': 0.5}","{'thetas': array([0.]), 'lambdas': array([0.]), 'gvals': array([5.8947e+09])}",same_mean_diff_covariance,3
MY-large_mu,1,rbf,{'gamma': 0.040549061599093245},rbf(gamma=0.040549061599093245),0.5923076923076923,poly,"{'C': 0.5, 'gamma': 'scale', 'degree': 2, 'coef0': 1.0}","{'thetas': array([0.0004]), 'lambdas': array([0.0004]), 'gvals': array([1171.7562])}",same_mean_diff_covariance,3
MY-large_mu,1,laplacian,{'gamma': 0.040549061599093245},laplacian(gamma=0.040549061599093245),0.49230769230769234,poly,"{'C': 1.0, 'gamma': 'scale', 'degree': 2, 'coef0': 1.0}","{'thetas': array([0.0008]), 'lambdas': array([0.0008]), 'gvals': array([647.9383])}",same_mean_diff_covariance,3
MY-large_mu,1,polynomial,"{'degree': 2, 'gamma': 0.040549061599093245, 'coef0': 1.0}","polynomial(coef0=1.0, degree=2, gamma=0.040549061599093245)",0.4846153846153846,poly,"{'C': 1.0, 'gamma': 'scale', 'degree': 2, 'coef0': 1.0}","{'thetas': array([0.0054]), 'lambdas': array([0.0054]), 'gvals': array([89.1135])}",same_mean_diff_covariance,3
MY-large_mu,1,sigmoid,"{'gamma': 0.040549061599093245, 'coef0': 0.0}","sigmoid(coef0=0.0, gamma=0.040549061599093245)",0.6461538461538462,rbf,"{'C': 0.5, 'gamma': 0.5}","{'thetas': array([0.]), 'lambdas': array([0.]), 'gvals': array([2.2761e+09])}",same_mean_diff_covariance,3
MY-large_mu,2,linear,{},linear,0.8153846153846154,rbf,"{'C': 0.5, 'gamma': 'scale'}","{'thetas': array([0., 0.]), 'lambdas': array([0., 0.]), 'gvals': array([3.2628e+10, 1.4241e+10])}",same_mean_diff_covariance,3
MY-large_mu,2,rbf,{'gamma': 0.040549061599093245},rbf(gamma=0.040549061599093245),0.6230769230769231,rbf,"{'C': 2.0, 'gamma': 'scale'}","{'thetas': array([0.0001, 0.0006]), 'lambdas': array([0.0001, 0.0006]), 'gvals': array([4108.4094,  784.435 ])}",same_mean_diff_covariance,3
MY-large_mu,2,laplacian,{'gamma': 0.040549061599093245},laplacian(gamma=0.040549061599093245),0.6,rbf,"{'C': 2.0, 'gamma': 'scale'}","{'thetas': array([0.0001, 0.001 ]), 'lambdas': array([0.0001, 0.001 ]), 'gvals': array([7378.6323,  500.1867])}",same_mean_diff_covariance,3
MY-large_mu,2,polynomial,"{'degree': 2, 'gamma': 0.040549061599093245, 'coef0': 1.0}","polynomial(coef0=1.0, degree=2, gamma=0.040549061599093245)",0.5769230769230769,rbf,"{'C': 0.5, 'gamma': 'scale'}","{'thetas': array([0.0006, 0.0057]), 'lambdas': array([0.0006, 0.0057]), 'gvals': array([829.156 ,  84.3388])}",same_mean_diff_covariance,3
MY-large_mu,2,sigmoid,"{'gamma': 0.040549061599093245, 'coef0': 0.0}","sigmoid(coef0=0.0, gamma=0.040549061599093245)",0.7615384615384615,rbf,"{'C': 0.5, 'gamma': 'scale'}","{'thetas': array([0., 0.]), 'lambdas': array([0., 0.]), 'gvals': array([2.0742e+10, 2.1592e+09])}",same_mean_diff_covariance,3
MY-large_mu,3,linear,{},linear,0.7538461538461538,rbf,"{'C': 0.5, 'gamma': 0.5}","{'thetas': array([0., 0., 0.]), 'lambdas': array([0., 0., 0.]), 'gvals': array([1.1365e+10, 6.5596e+09, 4.3677e+09])}",same_mean_diff_covariance,3
MY-large_mu,3,rbf,{'gamma': 0.040549061599093245},rbf(gamma=0.040549061599093245),0.676923076923077,rbf,"{'C': 1.0, 'gamma': 0.5}","{'thetas': array([0.0001, 0.0019, 0.0031]), 'lambdas': array([0.0001, 0.0019, 0.0031]), 'gvals': array([5893.2429,  262.1114,  159.708 ])}",same_mean_diff_covariance,3
MY-large_mu,3,laplacian,{'gamma': 0.040549061599093245},laplacian(gamma=0.040549061599093245),0.6,rbf,"{'C': 0.5, 'gamma': 0.5}","{'thetas': array([0.    , 0.003 , 0.0043]), 'lambdas': array([0.    , 0.003 , 0.0043]), 'gvals': array([13998.0701,   160.6907,   113.6619])}",same_mean_diff_covariance,3
MY-large_mu,3,polynomial,"{'degree': 2, 'gamma': 0.040549061599093245, 'coef0': 1.0}","polynomial(coef0=1.0, degree=2, gamma=0.040549061599093245)",0.7384615384615385,rbf,"{'C': 0.5, 'gamma': 0.5}","{'thetas': array([0.0055, 0.0061, 0.0121]), 'lambdas': array([0.0055, 0.0061, 0.0121]), 'gvals': array([87.7854, 78.8377, 38.6553])}",same_mean_diff_covariance,3
MY-large_mu,3,sigmoid,"{'gamma': 0.040549061599093245, 'coef0': 0.0}","sigmoid(coef0=0.0, gamma=0.040549061599093245)",0.7769230769230769,rbf,"{'C': 2.0, 'gamma': 0.5}","{'thetas': array([0.0009, 0.0028, 0.0038]), 'lambdas': array([0.0009, 0.0028, 0.0038]), 'gvals': array([547.7124, 174.1613, 128.8338])}",same_mean_diff_covariance,3
MY-large_mu,4,linear,{},linear,0.8692307692307693,poly,"{'C': 2.0, 'gamma': 'scale', 'degree': 2, 'coef0': 1.0}","{'thetas': array([0., 0., 0., 0.]), 'lambdas': array([0., 0., 0., 0.]), 'gvals': array([1.5118e+10, 6.5551e+09, 4.1988e+09, 3.4583e+09])}",same_mean_diff_covariance,3
MY-large_mu,4,rbf,{'gamma': 0.040549061599093245},rbf(gamma=0.040549061599093245),0.6615384615384615,rbf,"{'C': 1.0, 'gamma': 0.5}","{'thetas': array([0.0017, 0.003 , 0.0036, 0.0047]), 'lambdas': array([0.0017, 0.003 , 0.0036, 0.0047]), 'gvals': array([293.5356, 165.3979, 136.3676, 102.0971])}",same_mean_diff_covariance,3
MY-large_mu,4,laplacian,{'gamma': 0.040549061599093245},laplacian(gamma=0.040549061599093245),0.6153846153846154,rbf,"{'C': 1.0, 'gamma': 0.5}","{'thetas': array([0.0029, 0.004 , 0.006 , 0.0088]), 'lambdas': array([0.0029, 0.004 , 0.006 , 0.0088]), 'gvals': array([167.0081, 123.1577,  80.3473,  54.1516])}",same_mean_diff_covariance,3
MY-large_mu,4,polynomial,"{'degree': 2, 'gamma': 0.040549061599093245, 'coef0': 1.0}","polynomial(coef0=1.0, degree=2, gamma=0.040549061599093245)",0.6538461538461539,rbf,"{'C': 1.0, 'gamma': 'scale'}","{'thetas': array([0.0051, 0.0167, 0.0238, 0.0283]), 'lambdas': array([0.0051, 0.0167, 0.0238, 0.0283]), 'gvals': array([94.3554, 27.3238, 18.6068, 15.3868])}",same_mean_diff_covariance,3
MY-large_mu,4,sigmoid,"{'gamma': 0.040549061599093245, 'coef0': 0.0}","sigmoid(coef0=0.0, gamma=0.040549061599093245)",0.7153846153846154,rbf,"{'C': 0.5, 'gamma': 'scale'}","{'thetas': array([0., 0., 0., 0.]), 'lambdas': array([0., 0., 0., 0.]), 'gvals': array([3.1686e+10, 4.7379e+09, 1.6227e+09, 1.4582e+09])}",same_mean_diff_covariance,3
MY-large_mu,5,linear,{},linear,0.7461538461538462,poly,"{'C': 1.0, 'gamma': 'scale', 'degree': 2, 'coef0': 1.0}","{'thetas': array([0., 0., 0., 0., 0.]), 'lambdas': array([0., 0., 0., 0., 0.]), 'gvals': array([1.6391e+10, 9.9436e+09, 6.7412e+09, 3.7481e+09, 3.0221e+09])}",same_mean_diff_covariance,3
MY-large_mu,5,rbf,{'gamma': 0.040549061599093245},rbf(gamma=0.040549061599093245),0.6230769230769231,rbf,"{'C': 0.5, 'gamma': 0.5}","{'thetas': array([0.0008, 0.0023, 0.0039, 0.0048, 0.0059]), 'lambdas': array([0.0008, 0.0023, 0.0039, 0.0048, 0.0059]), 'gvals': array([593.9749, 217.7447, 125.9696, 100.4628,  82.1234])}",same_mean_diff_covariance,3
MY-large_mu,5,laplacian,{'gamma': 0.040549061599093245},laplacian(gamma=0.040549061599093245),0.5692307692307692,rbf,"{'C': 0.5, 'gamma': 'scale'}","{'thetas': array([0.0013, 0.0034, 0.0049, 0.0054, 0.0074]), 'lambdas': array([0.0013, 0.0034, 0.0049, 0.0054, 0.0074]), 'gvals': array([370.6047, 144.5442,  98.6475,  89.3428,  64.4214])}",same_mean_diff_covariance,3
MY-large_mu,5,polynomial,"{'degree': 2, 'gamma': 0.040549061599093245, 'coef0': 1.0}","polynomial(coef0=1.0, degree=2, gamma=0.040549061599093245)",0.7538461538461538,rbf,"{'C': 0.5, 'gamma': 0.5}","{'thetas': array([0.0008, 0.0047, 0.011 , 0.0131, 0.0163]), 'lambdas': array([0.0008, 0.0047, 0.011 , 0.0131, 0.0163]), 'gvals': array([589.5892, 102.9238,  42.7936,  35.3946,  28.1175])}",same_mean_diff_covariance,3
MY-large_mu,5,sigmoid,"{'gamma': 0.040549061599093245, 'coef0': 0.0}","sigmoid(coef0=0.0, gamma=0.040549061599093245)",0.7692307692307693,rbf,"{'C': 2.0, 'gamma': 0.5}","{'thetas': array([0.    , 0.    , 0.    , 0.    , 0.0005]), 'lambdas': array([0.    , 0.    , 0.    , 0.    , 0.0005]), 'gvals': array([9.3780e+09, 3.2198e+09, 1.0991e+09, 4.4210e+08, 1.0432e+03])}",same_mean_diff_covariance,3
MY-large_mu,6,linear,{},linear,0.9153846153846154,poly,"{'C': 2.0, 'gamma': 'scale', 'degree': 2, 'coef0': 1.0}","{'thetas': array([0., 0., 0., 0., 0., 0.]), 'lambdas': array([0., 0., 0., 0., 0., 0.]), 'gvals': array([1.3589e+10, 6.7803e+09, 4.3089e+09, 3.2322e+09, 2.5167e+09,
       2.1309e+09])}",same_mean_diff_covariance,3
MY-large_mu,6,rbf,{'gamma': 0.040549061599093245},rbf(gamma=0.040549061599093245),0.6923076923076923,rbf,"{'C': 2.0, 'gamma': 0.5}","{'thetas': array([0.0016, 0.0028, 0.003 , 0.0061, 0.007 , 0.008 ]), 'lambdas': array([0.0016, 0.0028, 0.003 , 0.0061, 0.007 , 0.008 ]), 'gvals': array([300.4368, 177.5673, 161.4999,  79.0172,  68.3546,  59.4053])}",same_mean_diff_covariance,3
MY-large_mu,6,laplacian,{'gamma': 0.040549061599093245},laplacian(gamma=0.040549061599093245),0.676923076923077,rbf,"{'C': 0.5, 'gamma': 0.5}","{'thetas': array([0.0015, 0.0029, 0.0048, 0.0053, 0.006 , 0.0084]), 'lambdas': array([0.0015, 0.0029, 0.0048, 0.0053, 0.006 , 0.0084]), 'gvals': array([320.9109, 166.599 , 101.4743,  90.5891,  80.2729,  56.6151])}",same_mean_diff_covariance,3
MY-large_mu,6,polynomial,"{'degree': 2, 'gamma': 0.040549061599093245, 'coef0': 1.0}","polynomial(coef0=1.0, degree=2, gamma=0.040549061599093245)",0.7538461538461538,rbf,"{'C': 0.5, 'gamma': 'scale'}","{'thetas': array([0.0028, 0.0083, 0.0101, 0.0174, 0.026 , 0.0367]), 'lambdas': array([0.0028, 0.0083, 0.0101, 0.0174, 0.026 , 0.0367]), 'gvals': array([175.2234,  57.3997,  46.7076,  26.2475,  16.9022,  11.4809])}",same_mean_diff_covariance,3
MY-large_mu,6,sigmoid,"{'gamma': 0.040549061599093245, 'coef0': 0.0}","sigmoid(coef0=0.0, gamma=0.040549061599093245)",0.7538461538461538,rbf,"{'C': 0.5, 'gamma': 0.5}","{'thetas': array([0.    , 0.    , 0.    , 0.    , 0.    , 0.0006]), 'lambdas': array([0.    , 0.    , 0.    , 0.    , 0.    , 0.0006]), 'gvals': array([3.3183e+09, 1.4291e+09, 1.0143e+09, 8.9995e+08, 4.2857e+08,
       8.7783e+02])}",same_mean_diff_covariance,3
MY-large_mu,7,linear,{},linear,0.8615384615384616,rbf,"{'C': 1.0, 'gamma': 0.5}","{'thetas': array([0., 0., 0., 0., 0., 0., 0.]), 'lambdas': array([0., 0., 0., 0., 0., 0., 0.]), 'gvals': array([8.1039e+09, 6.7936e+09, 5.6666e+09, 3.5548e+09, 3.4689e+09,
       2.1917e+09, 1.6835e+09])}",same_mean_diff_covariance,3
MY-large_mu,7,rbf,{'gamma': 0.040549061599093245},rbf(gamma=0.040549061599093245),0.6384615384615384,rbf,"{'C': 0.5, 'gamma': 0.5}","{'thetas': array([0.0014, 0.0035, 0.0045, 0.0049, 0.0063, 0.0094, 0.0116]), 'lambdas': array([0.0014, 0.0035, 0.0045, 0.0049, 0.0063, 0.0094, 0.0116]), 'gvals': array([354.014 , 139.8409, 108.8827,  99.6354,  76.894 ,  50.4331,
        40.2342])}",same_mean_diff_covariance,3
MY-large_mu,7,laplacian,{'gamma': 0.040549061599093245},laplacian(gamma=0.040549061599093245),0.6307692307692307,rbf,"{'C': 0.5, 'gamma': 0.5}","{'thetas': array([0.0012, 0.0017, 0.0025, 0.005 , 0.0064, 0.0089, 0.0136]), 'lambdas': array([0.0012, 0.0017, 0.0025, 0.005 , 0.0064, 0.0089, 0.0136]), 'gvals': array([416.0542, 283.4868, 199.8375,  96.2136,  75.1133,  53.5687,
        34.095 ])}",same_mean_diff_covariance,3
MY-large_mu,7,polynomial,"{'degree': 2, 'gamma': 0.040549061599093245, 'coef0': 1.0}","polynomial(coef0=1.0, degree=2, gamma=0.040549061599093245)",0.7846153846153846,rbf,"{'C': 0.5, 'gamma': 'scale'}","{'thetas': array([0.0026, 0.0065, 0.0096, 0.0143, 0.0217, 0.0259, 0.029 ]), 'lambdas': array([0.0026, 0.0065, 0.0096, 0.0143, 0.0217, 0.0259, 0.029 ]), 'gvals': array([189.3187,  73.3803,  49.1903,  32.295 ,  20.6557,  16.9593,
        14.9718])}",same_mean_diff_covariance,3
MY-large_mu,7,sigmoid,"{'gamma': 0.040549061599093245, 'coef0': 0.0}","sigmoid(coef0=0.0, gamma=0.040549061599093245)",0.8076923076923077,rbf,"{'C': 2.0, 'gamma': 0.5}","{'thetas': array([0.    , 0.    , 0.    , 0.0006, 0.0007, 0.001 , 0.0023]), 'lambdas': array([0.    , 0.    , 0.    , 0.0006, 0.0007, 0.001 , 0.0023]), 'gvals': array([2.7118e+11, 3.0399e+09, 1.8280e+09, 7.8255e+02, 6.9203e+02,
       5.0964e+02, 2.1120e+02])}",same_mean_diff_covariance,3
MY-large_mu,8,linear,{},linear,0.8923076923076924,rbf,"{'C': 1.0, 'gamma': 0.5}","{'thetas': array([0., 0., 0., 0., 0., 0., 0., 0.]), 'lambdas': array([0., 0., 0., 0., 0., 0., 0., 0.]), 'gvals': array([5.4608e+10, 1.7034e+10, 5.0362e+09, 3.6678e+09, 2.2782e+09,
       1.6150e+09, 1.5669e+09, 1.2204e+09])}",same_mean_diff_covariance,3
MY-large_mu,8,rbf,{'gamma': 0.040549061599093245},rbf(gamma=0.040549061599093245),0.6615384615384615,poly,"{'C': 2.0, 'gamma': 'scale', 'degree': 2, 'coef0': 1.0}","{'thetas': array([0.0004, 0.0017, 0.0031, 0.0038, 0.0047, 0.0063, 0.0077, 0.0129]), 'lambdas': array([0.0004, 0.0017, 0.0031, 0.0038, 0.0047, 0.0063, 0.0077, 0.0129]), 'gvals': array([1291.6385,  286.5317,  158.6194,  127.9425,  102.2237,   76.7336,
         62.1523,   36.042 ])}",same_mean_diff_covariance,3
MY-large_mu,8,laplacian,{'gamma': 0.040549061599093245},laplacian(gamma=0.040549061599093245),0.6230769230769231,rbf,"{'C': 2.0, 'gamma': 'scale'}","{'thetas': array([0.0007, 0.0012, 0.0022, 0.0045, 0.0055, 0.0075, 0.0101, 0.0125]), 'lambdas': array([0.0007, 0.0012, 0.0022, 0.0045, 0.0055, 0.0075, 0.0101, 0.0125]), 'gvals': array([722.0714, 416.9233, 222.3354, 108.6794,  87.6249,  63.5882,
        46.8851,  37.1536])}",same_mean_diff_covariance,3
MY-large_mu,8,polynomial,"{'degree': 2, 'gamma': 0.040549061599093245, 'coef0': 1.0}","polynomial(coef0=1.0, degree=2, gamma=0.040549061599093245)",0.7846153846153846,rbf,"{'C': 0.5, 'gamma': 'scale'}","{'thetas': array([      0.0009,       0.0106,       0.0194,       0.0279,
             0.0392,       0.0399,       0.0567, 2204078.8764]), 'lambdas': array([      0.0009,       0.0106,       0.0194,       0.0279,
             0.0392,       0.0399,       0.0567, 2204078.8764]), 'gvals': array([552.9607,  44.5709,  23.2691,  15.6587,  10.6301,  10.4173,
         6.8827,   6.8029])}",same_mean_diff_covariance,3
MY-large_mu,8,sigmoid,"{'gamma': 0.040549061599093245, 'coef0': 0.0}","sigmoid(coef0=0.0, gamma=0.040549061599093245)",0.8307692307692308,rbf,"{'C': 1.0, 'gamma': 'scale'}","{'thetas': array([0.    , 0.    , 0.    , 0.    , 0.002 , 0.0042, 0.0047, 0.0056]), 'lambdas': array([0.    , 0.    , 0.    , 0.    , 0.002 , 0.0042, 0.0047, 0.0056]), 'gvals': array([2.6382e+11, 8.4887e+09, 1.7401e+09, 1.0246e+09, 2.4467e+02,
       1.1515e+02, 1.0430e+02, 8.6089e+01])}",same_mean_diff_covariance,3
MY-large_mu,10,linear,{},linear,0.8615384615384616,rbf,"{'C': 2.0, 'gamma': 'scale'}","{'thetas': array([0., 0., 0., 0., 0., 0., 0., 0., 0., 0.]), 'lambdas': array([0., 0., 0., 0., 0., 0., 0., 0., 0., 0.]), 'gvals': array([2.2120e+10, 1.3334e+10, 3.8064e+09, 2.0597e+09, 1.8504e+09,
       1.4726e+09, 1.3287e+09, 8.5929e+08, 8.2581e+08, 7.8412e+08])}",same_mean_diff_covariance,3
MY-large_mu,10,rbf,{'gamma': 0.040549061599093245},rbf(gamma=0.040549061599093245),0.7307692307692307,rbf,"{'C': 0.5, 'gamma': 0.5}","{'thetas': array([0.0009, 0.0015, 0.0029, 0.0037, 0.0047, 0.0062, 0.0073, 0.0081,
       0.0091, 0.0109]), 'lambdas': array([0.0009, 0.0015, 0.0029, 0.0037, 0.0047, 0.0062, 0.0073, 0.0081,
       0.0091, 0.0109]), 'gvals': array([575.0763, 320.1406, 167.5536, 130.1568, 103.8054,  77.9261,
        65.6266,  58.5889,  52.112 ,  43.0255])}",same_mean_diff_covariance,3
MY-large_mu,10,laplacian,{'gamma': 0.040549061599093245},laplacian(gamma=0.040549061599093245),0.6846153846153846,rbf,"{'C': 2.0, 'gamma': 'scale'}","{'thetas': array([0.0007, 0.0021, 0.0026, 0.0047, 0.0072, 0.0084, 0.0104, 0.012 ,
       0.0155, 0.018 ]), 'lambdas': array([0.0007, 0.0021, 0.0026, 0.0047, 0.0072, 0.0084, 0.0104, 0.012 ,
       0.0155, 0.018 ]), 'gvals': array([669.7068, 231.2015, 185.3543, 102.4906,  66.4419,  56.451 ,
        45.1514,  38.9157,  29.7156,  25.2811])}",same_mean_diff_covariance,3
MY-large_mu,10,polynomial,"{'degree': 2, 'gamma': 0.040549061599093245, 'coef0': 1.0}","polynomial(coef0=1.0, degree=2, gamma=0.040549061599093245)",0.7692307692307693,rbf,"{'C': 1.0, 'gamma': 'scale'}","{'thetas': array([      0.0027,       0.005 ,       0.0071,       0.0112,
             0.0213,       0.0244,       0.029 ,       0.036 ,
             0.0478, 3094311.783 ]), 'lambdas': array([      0.0027,       0.005 ,       0.0071,       0.0112,
             0.0213,       0.0244,       0.029 ,       0.036 ,
             0.0478, 3094311.783 ]), 'gvals': array([183.0287,  96.0902,  67.1865,  41.8996,  21.0521,  18.1718,
        14.984 ,  11.7309,   8.4298,   6.9725])}",same_mean_diff_covariance,3
MY-large_mu,10,sigmoid,"{'gamma': 0.040549061599093245, 'coef0': 0.0}","sigmoid(coef0=0.0, gamma=0.040549061599093245)",0.8538461538461538,rbf,"{'C': 0.5, 'gamma': 'scale'}","{'thetas': array([0.0006, 0.002 , 0.0028, 0.0038, 0.0056, 0.0068, 0.0082, 0.0151,
       0.0182, 0.0207]), 'lambdas': array([0.0006, 0.002 , 0.0028, 0.0038, 0.0056, 0.0068, 0.0082, 0.0151,
       0.0182, 0.0207]), 'gvals': array([831.1297, 241.8702, 174.3993, 128.5175,  85.6494,  70.1713,
        58.3041,  30.5174,  24.9244,  21.6714])}",same_mean_diff_covariance,3
MY-large_mu,12,linear,{},linear,0.9230769230769231,rbf,"{'C': 1.0, 'gamma': 'scale'}","{'thetas': array([0., 0., 0., 0., 0., 0., 0., 0., 0., 0., 0., 0.]), 'lambdas': array([0., 0., 0., 0., 0., 0., 0., 0., 0., 0., 0., 0.]), 'gvals': array([6.8172e+09, 4.5118e+09, 3.8151e+09, 3.2051e+09, 2.1057e+09,
       2.0755e+09, 1.9298e+09, 1.5715e+09, 1.1396e+09, 1.0989e+09,
       7.2285e+08, 6.6194e+08])}",same_mean_diff_covariance,3
MY-large_mu,12,rbf,{'gamma': 0.040549061599093245},rbf(gamma=0.040549061599093245),0.6846153846153846,rbf,"{'C': 1.0, 'gamma': 0.5}","{'thetas': array([0.0007, 0.0014, 0.0048, 0.0061, 0.0077, 0.0085, 0.0089, 0.013 ,
       0.0139, 0.0155, 0.0164, 0.0211]), 'lambdas': array([0.0007, 0.0014, 0.0048, 0.0061, 0.0077, 0.0085, 0.0089, 0.013 ,
       0.0139, 0.0155, 0.0164, 0.0211]), 'gvals': array([673.7397, 342.2418, 100.2728,  79.4512,  61.7522,  56.1367,
        53.188 ,  35.7636,  33.3946,  29.5946,  27.8756,  21.2791])}",same_mean_diff_covariance,3
MY-large_mu,12,laplacian,{'gamma': 0.040549061599093245},laplacian(gamma=0.040549061599093245),0.7076923076923077,rbf,"{'C': 1.0, 'gamma': 0.5}","{'thetas': array([0.0021, 0.0037, 0.0042, 0.0069, 0.0077, 0.0099, 0.0116, 0.0144,
       0.0176, 0.0208, 0.0241, 0.0274]), 'lambdas': array([0.0021, 0.0037, 0.0042, 0.0069, 0.0077, 0.0099, 0.0116, 0.0144,
       0.0176, 0.0208, 0.0241, 0.0274]), 'gvals': array([231.8357, 132.1122, 114.8378,  69.7241,  61.658 ,  47.9253,
        40.368 ,  32.1927,  25.897 ,  21.6328,  18.4033,  15.9809])}",same_mean_diff_covariance,3
MY-large_mu,12,polynomial,"{'degree': 2, 'gamma': 0.040549061599093245, 'coef0': 1.0}","polynomial(coef0=1.0, degree=2, gamma=0.040549061599093245)",0.8307692307692308,poly,"{'C': 0.5, 'gamma': 'scale', 'degree': 2, 'coef0': 1.0}","{'thetas': array([      0.0032,       0.0086,       0.0098,       0.0186,
             0.0277,       0.0364,       0.0397,       0.0418,
             0.056 , 1745718.6669, 1575926.9864,  665416.8429]), 'lambdas': array([      0.0032,       0.0086,       0.0098,       0.0186,
             0.0277,       0.0364,       0.0397,       0.0418,
             0.056 , 1745718.6669, 1575926.9864,  665416.8429]), 'gvals': array([150.7542,  55.5117,  48.4306,  24.4325,  15.735 ,  11.5882,
        10.4764,   9.8737,   6.9859,   6.6863,   6.6352,   6.2041])}",same_mean_diff_covariance,3
MY-large_mu,12,sigmoid,"{'gamma': 0.040549061599093245, 'coef0': 0.0}","sigmoid(coef0=0.0, gamma=0.040549061599093245)",0.8384615384615385,rbf,"{'C': 1.0, 'gamma': 0.5}","{'thetas': array([0.    , 0.0011, 0.0022, 0.0025, 0.0033, 0.0048, 0.0062, 0.01  ,
       0.0118, 0.0162, 0.0231, 0.0309]), 'lambdas': array([0.    , 0.0011, 0.0022, 0.0025, 0.0033, 0.0048, 0.0062, 0.01  ,
       0.0118, 0.0162, 0.0231, 0.0309]), 'gvals': array([2.4790e+10, 4.5760e+02, 2.2083e+02, 2.0022e+02, 1.4633e+02,
       1.0190e+02, 7.7913e+01, 4.7053e+01, 3.9658e+01, 2.8346e+01,
       1.9234e+01, 1.3932e+01])}",same_mean_diff_covariance,3
MY-large_mu,14,linear,{},linear,0.8538461538461538,rbf,"{'C': 1.0, 'gamma': 0.5}","{'thetas': array([0., 0., 0., 0., 0., 0., 0., 0., 0., 0., 0., 0., 0., 0.]), 'lambdas': array([0., 0., 0., 0., 0., 0., 0., 0., 0., 0., 0., 0., 0., 0.]), 'gvals': array([1.0777e+10, 7.0584e+09, 3.1817e+09, 3.1716e+09, 2.2522e+09,
       2.1367e+09, 1.9788e+09, 1.2851e+09, 1.1759e+09, 8.7262e+08,
       7.9496e+08, 7.6250e+08, 6.4365e+08, 6.1981e+08])}",same_mean_diff_covariance,3
MY-large_mu,14,rbf,{'gamma': 0.040549061599093245},rbf(gamma=0.040549061599093245),0.6615384615384615,rbf,"{'C': 2.0, 'gamma': 'scale'}","{'thetas': array([0.0009, 0.002 , 0.0028, 0.0033, 0.0044, 0.0061, 0.0068, 0.0109,
       0.0148, 0.0176, 0.0218, 0.0259, 0.0294, 0.0337]), 'lambdas': array([0.0009, 0.002 , 0.0028, 0.0033, 0.0044, 0.0061, 0.0068, 0.0109,
       0.0148, 0.0176, 0.0218, 0.0259, 0.0294, 0.0337]), 'gvals': array([563.9692, 251.7256, 173.7252, 147.8799, 109.3734,  79.4609,
        70.9334,  43.0348,  31.167 ,  25.9094,  20.5096,  16.9854,
        14.7708,  12.6543])}",same_mean_diff_covariance,3
MY-large_mu,14,laplacian,{'gamma': 0.040549061599093245},laplacian(gamma=0.040549061599093245),0.676923076923077,rbf,"{'C': 1.0, 'gamma': 'scale'}","{'thetas': array([0.0001, 0.0004, 0.0013, 0.0039, 0.0044, 0.005 , 0.0072, 0.0114,
       0.0136, 0.0168, 0.0183, 0.02  , 0.0257, 0.0281]), 'lambdas': array([0.0001, 0.0004, 0.0013, 0.0039, 0.0044, 0.005 , 0.0072, 0.0114,
       0.0136, 0.0168, 0.0183, 0.02  , 0.0257, 0.0281]), 'gvals': array([7398.7906, 1144.471 ,  375.9833,  124.7665,  111.6106,   95.9195,
         66.4404,   41.0655,   34.1064,   27.185 ,   24.857 ,   22.5085,
         17.1578,   15.5128])}",same_mean_diff_covariance,3
MY-large_mu,14,polynomial,"{'degree': 2, 'gamma': 0.040549061599093245, 'coef0': 1.0}","polynomial(coef0=1.0, degree=2, gamma=0.040549061599093245)",0.8307692307692308,poly,"{'C': 0.5, 'gamma': 'scale', 'degree': 2, 'coef0': 1.0}","{'thetas': array([      0.0021,       0.0045,       0.0055,       0.0128,
             0.0223,       0.0269,       0.0337,       0.0389,
             0.046 ,       0.0487, 2804627.7205, 1220214.1906,
        663164.6106,  349581.0087]), 'lambdas': array([      0.0021,       0.0045,       0.0055,       0.0128,
             0.0223,       0.0269,       0.0337,       0.0389,
             0.046 ,       0.0487, 2804627.7205, 1220214.1906,
        663164.6106,  349581.0087]), 'gvals': array([230.0045, 109.0766,  87.5941,  36.2688,  20.0618,  16.2665,
        12.6233,  10.7255,   8.8261,   8.2598,   6.9234,   6.5073,
         6.2024,   5.8822])}",same_mean_diff_covariance,3
MY-large_mu,14,sigmoid,"{'gamma': 0.040549061599093245, 'coef0': 0.0}","sigmoid(coef0=0.0, gamma=0.040549061599093245)",0.8384615384615385,rbf,"{'C': 2.0, 'gamma': 0.5}","{'thetas': array([0.    , 0.    , 0.    , 0.0013, 0.0024, 0.0029, 0.0047, 0.0071,
       0.0092, 0.0135, 0.016 , 0.019 , 0.0203, 0.026 ]), 'lambdas': array([0.    , 0.    , 0.    , 0.0013, 0.0024, 0.0029, 0.0047, 0.0071,
       0.0092, 0.0135, 0.016 , 0.019 , 0.0203, 0.026 ]), 'gvals': array([1.5777e+09, 6.3795e+08, 2.6203e+08, 3.8082e+02, 2.0734e+02,
       1.6833e+02, 1.0412e+02, 6.7651e+01, 5.1606e+01, 3.4500e+01,
       2.8776e+01, 2.3806e+01, 2.2130e+01, 1.6904e+01])}",same_mean_diff_covariance,3
MY-large_mu,16,linear,{},linear,0.8615384615384616,rbf,"{'C': 1.0, 'gamma': 'scale'}","{'thetas': array([0., 0., 0., 0., 0., 0., 0., 0., 0., 0., 0., 0., 0., 0., 0., 0.]), 'lambdas': array([0., 0., 0., 0., 0., 0., 0., 0., 0., 0., 0., 0., 0., 0., 0., 0.]), 'gvals': array([2.3770e+10, 1.9348e+10, 1.8027e+10, 1.1859e+10, 8.7699e+09,
       6.7368e+09, 3.1678e+09, 2.7978e+09, 2.4411e+09, 1.7280e+09,
       1.6209e+09, 1.1253e+09, 1.1174e+09, 9.2901e+08, 8.4843e+08,
       7.1253e+08])}",same_mean_diff_covariance,3
MY-large_mu,16,rbf,{'gamma': 0.040549061599093245},rbf(gamma=0.040549061599093245),0.7615384615384615,rbf,"{'C': 2.0, 'gamma': 0.5}","{'thetas': array([      0.0018,       0.0032,       0.0043,       0.0065,
             0.0068,       0.0087,       0.0121,       0.0134,
             0.0176,       0.0205,       0.0264,       0.0296,
             0.0374,       0.0438,       0.0463, 4984718.783 ]), 'lambdas': array([      0.0018,       0.0032,       0.0043,       0.0065,
             0.0068,       0.0087,       0.0121,       0.0134,
             0.0176,       0.0205,       0.0264,       0.0296,
             0.0374,       0.0438,       0.0463, 4984718.783 ]), 'gvals': array([270.519 , 153.6624, 112.1544,  73.8185,  70.8854,  54.4686,
        38.7127,  34.541 ,  25.9451,  21.9315,  16.6342,  14.6272,
        11.2245,   9.3575,   8.7632,   7.2109])}",same_mean_diff_covariance,3
MY-large_mu,16,laplacian,{'gamma': 0.040549061599093245},laplacian(gamma=0.040549061599093245),0.7153846153846154,rbf,"{'C': 1.0, 'gamma': 'scale'}","{'thetas': array([0.0016, 0.0022, 0.0026, 0.0052, 0.008 , 0.0102, 0.0108, 0.0156,
       0.0176, 0.0196, 0.0237, 0.024 , 0.0323, 0.0353, 0.0448, 0.0455]), 'lambdas': array([0.0016, 0.0022, 0.0026, 0.0052, 0.008 , 0.0102, 0.0108, 0.0156,
       0.0176, 0.0196, 0.0237, 0.024 , 0.0323, 0.0353, 0.0448, 0.0455]), 'gvals': array([306.244 , 228.67  , 190.6824,  92.5471,  59.6109,  46.2222,
        43.5463,  29.4186,  25.8406,  23.0251,  18.7148,  18.505 ,
        13.2473,  11.9974,   9.1175,   8.9547])}",same_mean_diff_covariance,3
MY-large_mu,16,polynomial,"{'degree': 2, 'gamma': 0.040549061599093245, 'coef0': 1.0}","polynomial(coef0=1.0, degree=2, gamma=0.040549061599093245)",0.7230769230769231,poly,"{'C': 0.5, 'gamma': 'scale', 'degree': 2, 'coef0': 1.0}","{'thetas': array([      0.0047,       0.0085,       0.0178,       0.0286,
             0.0333,       0.0411,       0.0482, 1846214.7752,
             0.0581, 1061983.2468,  608963.4469,  401521.0479,
        331347.4088,  300222.1262,  209519.774 ,  147317.3445]), 'lambdas': array([      0.0047,       0.0085,       0.0178,       0.0286,
             0.0333,       0.0411,       0.0482, 1846214.7752,
             0.0581, 1061983.2468,  608963.4469,  401521.0479,
        331347.4088,  300222.1262,  209519.774 ,  147317.3445]), 'gvals': array([102.9249,  55.9803,  25.5273,  15.2218,  12.8064,  10.0649,
         8.3582,   6.7143,   6.6893,   6.4378,   6.1598,   5.9515,
         5.8555,   5.8061,   5.6263,   5.4502])}",same_mean_diff_covariance,3
MY-large_mu,16,sigmoid,"{'gamma': 0.040549061599093245, 'coef0': 0.0}","sigmoid(coef0=0.0, gamma=0.040549061599093245)",0.8,rbf,"{'C': 2.0, 'gamma': 0.5}","{'thetas': array([0.    , 0.0005, 0.001 , 0.0023, 0.0033, 0.0048, 0.0057, 0.0067,
       0.0115, 0.0161, 0.0213, 0.024 , 0.0249, 0.0342, 0.0407, 0.0515]), 'lambdas': array([0.    , 0.0005, 0.001 , 0.0023, 0.0033, 0.0048, 0.0057, 0.0067,
       0.0115, 0.0161, 0.0213, 0.024 , 0.0249, 0.0342, 0.0407, 0.0515]), 'gvals': array([1.9422e+09, 1.0547e+03, 4.7670e+02, 2.1549e+02, 1.4868e+02,
       1.0123e+02, 8.4782e+01, 7.1533e+01, 4.0623e+01, 2.8557e+01,
       2.1074e+01, 1.8495e+01, 1.7715e+01, 1.2453e+01, 1.0179e+01,
       7.7294e+00])}",same_mean_diff_covariance,3
MY-large_mu,20,linear,{},linear,0.9230769230769231,rbf,"{'C': 2.0, 'gamma': 0.5}","{'thetas': array([0., 0., 0., 0., 0., 0., 0., 0., 0., 0., 0., 0., 0., 0., 0., 0., 0.,
       0., 0., 0.]), 'lambdas': array([0., 0., 0., 0., 0., 0., 0., 0., 0., 0., 0., 0., 0., 0., 0., 0., 0.,
       0., 0., 0.]), 'gvals': array([6.6488e+09, 5.0601e+09, 4.5435e+09, 2.3267e+09, 1.8048e+09,
       1.4795e+09, 1.2727e+09, 1.1121e+09, 8.2425e+08, 8.2047e+08,
       7.7779e+08, 7.3417e+08, 6.4538e+08, 6.0338e+08, 4.3075e+08,
       3.4027e+08, 2.8978e+08, 2.5051e+08, 2.2606e+08, 2.0797e+08])}",same_mean_diff_covariance,3
MY-large_mu,20,rbf,{'gamma': 0.040549061599093245},rbf(gamma=0.040549061599093245),0.7769230769230769,rbf,"{'C': 1.0, 'gamma': 'scale'}","{'thetas': array([      0.0005,       0.0026,       0.0042,       0.0044,
             0.0053,       0.0067,       0.0086,       0.0113,
             0.0124,       0.0141,       0.0158,       0.0175,
             0.022 ,       0.0304,       0.0338,       0.0394,
             0.05  , 7149790.5434,       0.0583, 1280489.6892]), 'lambdas': array([      0.0005,       0.0026,       0.0042,       0.0044,
             0.0053,       0.0067,       0.0086,       0.0113,
             0.0124,       0.0141,       0.0158,       0.0175,
             0.022 ,       0.0304,       0.0338,       0.0394,
             0.05  , 7149790.5434,       0.0583, 1280489.6892]), 'gvals': array([934.6122, 186.5622, 116.3722, 110.7426,  92.0274,  71.6779,
        55.1774,  41.4893,  37.5594,  32.8365,  29.1462,  25.9748,
        20.3383,  14.1773,  12.6086,  10.5682,   7.9952,   7.3913,
         6.6488,   6.5314])}",same_mean_diff_covariance,3
MY-large_mu,20,laplacian,{'gamma': 0.040549061599093245},laplacian(gamma=0.040549061599093245),0.7769230769230769,rbf,"{'C': 2.0, 'gamma': 'scale'}","{'thetas': array([      0.0004,       0.001 ,       0.0027,       0.0034,
             0.0055,       0.0081,       0.0101,       0.0108,
             0.0145,       0.0161,       0.0217,       0.0229,
             0.0256,       0.0302,       0.0369,       0.0408,
             0.0482,       0.0496, 2534928.3296,       0.0606]), 'lambdas': array([      0.0004,       0.001 ,       0.0027,       0.0034,
             0.0055,       0.0081,       0.0101,       0.0108,
             0.0145,       0.0161,       0.0217,       0.0229,
             0.0256,       0.0302,       0.0369,       0.0408,
             0.0482,       0.0496, 2534928.3296,       0.0606]), 'gvals': array([1167.9549,  505.3081,  182.3334,  145.6476,   88.6126,   59.1139,
         46.9008,   43.7134,   31.9739,   28.5808,   20.6432,   19.457 ,
         17.1802,   14.2822,   11.4037,   10.1664,    8.3555,    8.0712,
          6.8728,    6.3494])}",same_mean_diff_covariance,3
MY-large_mu,20,polynomial,"{'degree': 2, 'gamma': 0.040549061599093245, 'coef0': 1.0}","polynomial(coef0=1.0, degree=2, gamma=0.040549061599093245)",0.8153846153846154,rbf,"{'C': 2.0, 'gamma': 'scale'}","{'thetas': array([      0.0044,       0.0086,       0.0155,       0.0248,
             0.0323,       0.0418,       0.0462,       0.0525,
       3345027.484 ,       0.0581,  931614.0385,  672649.7585,
        452691.4722,  389786.4   ,  360553.7447,  260293.9065,
        211402.1339,  172965.4586,  141240.6983,  115425.924 ]), 'lambdas': array([      0.0044,       0.0086,       0.0155,       0.0248,
             0.0323,       0.0418,       0.0462,       0.0525,
       3345027.484 ,       0.0581,  931614.0385,  672649.7585,
        452691.4722,  389786.4   ,  360553.7447,  260293.9065,
        211402.1339,  172965.4586,  141240.6983,  115425.924 ]), 'gvals': array([110.6769,  55.0692,  29.6971,  17.8094,  13.2679,   9.8664,
         8.776 ,   7.5463,   7.0115,   6.6851,   6.3723,   6.2095,
         6.0115,   5.9367,   5.8977,   5.7348,   5.6308,   5.5304,
         5.4291,   5.3282])}",same_mean_diff_covariance,3
MY-large_mu,20,sigmoid,"{'gamma': 0.040549061599093245, 'coef0': 0.0}","sigmoid(coef0=0.0, gamma=0.040549061599093245)",0.8692307692307693,rbf,"{'C': 2.0, 'gamma': 'scale'}","{'thetas': array([      0.    ,       0.    ,       0.    ,       0.0005,
             0.0009,       0.0037,       0.0039,       0.0063,
             0.0078,       0.0088,       0.0117,       0.015 ,
             0.0165,       0.0223,       0.0364,       0.0392,
       7104352.1149, 3724845.39  ,       0.0557, 2886140.7643]), 'lambdas': array([      0.    ,       0.    ,       0.    ,       0.0005,
             0.0009,       0.0037,       0.0039,       0.0063,
             0.0078,       0.0088,       0.0117,       0.015 ,
             0.0165,       0.0223,       0.0364,       0.0392,
       7104352.1149, 3724845.39  ,       0.0557, 2886140.7643]), 'gvals': array([2.3786e+10, 4.6157e+09, 2.7192e+09, 9.9929e+02, 5.3774e+02,
       1.3145e+02, 1.2487e+02, 7.6150e+01, 6.1425e+01, 5.4213e+01,
       4.0017e+01, 3.0776e+01, 2.7673e+01, 2.0036e+01, 1.1575e+01,
       1.0633e+01, 7.3881e+00, 7.0653e+00, 7.0320e+00, 6.9377e+00])}",same_mean_diff_covariance,3
MY-small_mu,1,linear,{},linear,0.7,rbf,"{'C': 0.5, 'gamma': 'scale'}","{'thetas': array([0.]), 'lambdas': array([0.]), 'D_scores': array([5.8947e+09])}",same_mean_diff_covariance,3
MY-small_mu,1,rbf,{'gamma': 0.040549061599093245},rbf(gamma=0.040549061599093245),0.6230769230769231,rbf,"{'C': 2.0, 'gamma': 'scale'}","{'thetas': array([0.0004]), 'lambdas': array([0.0004]), 'D_scores': array([1171.7666])}",same_mean_diff_covariance,3
MY-small_mu,1,laplacian,{'gamma': 0.040549061599093245},laplacian(gamma=0.040549061599093245),0.5461538461538461,rbf,"{'C': 2.0, 'gamma': 0.5}","{'thetas': array([0.0008]), 'lambdas': array([0.0008]), 'D_scores': array([647.9881])}",same_mean_diff_covariance,3
MY-small_mu,1,polynomial,"{'degree': 2, 'gamma': 0.040549061599093245, 'coef0': 1.0}","polynomial(coef0=1.0, degree=2, gamma=0.040549061599093245)",0.5769230769230769,rbf,"{'C': 0.5, 'gamma': 'scale'}","{'thetas': array([0.0054]), 'lambdas': array([0.0054]), 'D_scores': array([89.1504])}",same_mean_diff_covariance,3
MY-small_mu,1,sigmoid,"{'gamma': 0.040549061599093245, 'coef0': 0.0}","sigmoid(coef0=0.0, gamma=0.040549061599093245)",0.6846153846153846,rbf,"{'C': 1.0, 'gamma': 'scale'}","{'thetas': array([0.]), 'lambdas': array([0.]), 'D_scores': array([2.2761e+09])}",same_mean_diff_covariance,3
MY-small_mu,2,linear,{},linear,0.7923076923076923,rbf,"{'C': 2.0, 'gamma': 'scale'}","{'thetas': array([0., 0.]), 'lambdas': array([0., 0.]), 'D_scores': array([3.2628e+10, 1.4241e+10])}",same_mean_diff_covariance,3
MY-small_mu,2,rbf,{'gamma': 0.040549061599093245},rbf(gamma=0.040549061599093245),0.6846153846153846,poly,"{'C': 1.0, 'gamma': 'scale', 'degree': 2, 'coef0': 1.0}","{'thetas': array([0.0001, 0.0006]), 'lambdas': array([0.0001, 0.0006]), 'D_scores': array([4108.5095,  784.435 ])}",same_mean_diff_covariance,3
MY-small_mu,2,laplacian,{'gamma': 0.040549061599093245},laplacian(gamma=0.040549061599093245),0.6307692307692307,rbf,"{'C': 2.0, 'gamma': 'scale'}","{'thetas': array([0.0001, 0.001 ]), 'lambdas': array([0.0001, 0.001 ]), 'D_scores': array([7378.8675,  500.233 ])}",same_mean_diff_covariance,3
MY-small_mu,2,polynomial,"{'degree': 2, 'gamma': 0.040549061599093245, 'coef0': 1.0}","polynomial(coef0=1.0, degree=2, gamma=0.040549061599093245)",0.6692307692307692,rbf,"{'C': 0.5, 'gamma': 'scale'}","{'thetas': array([0.0006, 0.0057]), 'lambdas': array([0.0006, 0.0057]), 'D_scores': array([829.3191,  84.3887])}",same_mean_diff_covariance,3
MY-small_mu,2,sigmoid,"{'gamma': 0.040549061599093245, 'coef0': 0.0}","sigmoid(coef0=0.0, gamma=0.040549061599093245)",0.6615384615384615,rbf,"{'C': 2.0, 'gamma': 'scale'}","{'thetas': array([0., 0.]), 'lambdas': array([0., 0.]), 'D_scores': array([2.0742e+10, 2.1592e+09])}",same_mean_diff_covariance,3
MY-small_mu,3,linear,{},linear,0.7461538461538462,rbf,"{'C': 0.5, 'gamma': 0.5}","{'thetas': array([0., 0., 0.]), 'lambdas': array([0., 0., 0.]), 'D_scores': array([1.1365e+10, 6.5596e+09, 4.3677e+09])}",same_mean_diff_covariance,3
MY-small_mu,3,rbf,{'gamma': 0.040549061599093245},rbf(gamma=0.040549061599093245),0.7153846153846154,rbf,"{'C': 0.5, 'gamma': 0.5}","{'thetas': array([0.0001, 0.0019, 0.0031]), 'lambdas': array([0.0001, 0.0019, 0.0031]), 'D_scores': array([5894.2371,  262.217 ,  159.7242])}",same_mean_diff_covariance,3
MY-small_mu,3,laplacian,{'gamma': 0.040549061599093245},laplacian(gamma=0.040549061599093245),0.6384615384615384,rbf,"{'C': 2.0, 'gamma': 0.5}","{'thetas': array([0.    , 0.003 , 0.0043]), 'lambdas': array([0.    , 0.003 , 0.0043]), 'D_scores': array([13998.1394,   160.6916,   113.665 ])}",same_mean_diff_covariance,3
MY-small_mu,3,polynomial,"{'degree': 2, 'gamma': 0.040549061599093245, 'coef0': 1.0}","polynomial(coef0=1.0, degree=2, gamma=0.040549061599093245)",0.7384615384615385,rbf,"{'C': 1.0, 'gamma': 0.5}","{'thetas': array([0.0055, 0.0061, 0.0121]), 'lambdas': array([0.0055, 0.0061, 0.0121]), 'D_scores': array([87.8374, 78.8563, 38.6681])}",same_mean_diff_covariance,3
MY-small_mu,3,sigmoid,"{'gamma': 0.040549061599093245, 'coef0': 0.0}","sigmoid(coef0=0.0, gamma=0.040549061599093245)",0.7538461538461538,rbf,"{'C': 1.0, 'gamma': 0.5}","{'thetas': array([0.0009, 0.0028, 0.0038]), 'lambdas': array([0.0009, 0.0028, 0.0038]), 'D_scores': array([547.84  , 174.1641, 128.9516])}",same_mean_diff_covariance,3
MY-small_mu,4,linear,{},linear,0.7692307692307693,rbf,"{'C': 0.5, 'gamma': 0.5}","{'thetas': array([0., 0., 0., 0.]), 'lambdas': array([0., 0., 0., 0.]), 'D_scores': array([1.5118e+10, 6.5551e+09, 4.1988e+09, 3.4583e+09])}",same_mean_diff_covariance,3
MY-small_mu,4,rbf,{'gamma': 0.040549061599093245},rbf(gamma=0.040549061599093245),0.7,rbf,"{'C': 1.0, 'gamma': 'scale'}","{'thetas': array([0.0017, 0.003 , 0.0036, 0.0047]), 'lambdas': array([0.0017, 0.003 , 0.0036, 0.0047]), 'D_scores': array([293.5729, 165.5077, 136.371 , 102.1478])}",same_mean_diff_covariance,3
MY-small_mu,4,laplacian,{'gamma': 0.040549061599093245},laplacian(gamma=0.040549061599093245),0.6153846153846154,rbf,"{'C': 0.5, 'gamma': 0.5}","{'thetas': array([0.0029, 0.004 , 0.006 , 0.0088]), 'lambdas': array([0.0029, 0.004 , 0.006 , 0.0088]), 'D_scores': array([167.0087, 123.1579,  80.3508,  54.155 ])}",same_mean_diff_covariance,3
MY-small_mu,4,polynomial,"{'degree': 2, 'gamma': 0.040549061599093245, 'coef0': 1.0}","polynomial(coef0=1.0, degree=2, gamma=0.040549061599093245)",0.7076923076923077,rbf,"{'C': 1.0, 'gamma': 'scale'}","{'thetas': array([0.0051, 0.0167, 0.0238, 0.0283]), 'lambdas': array([0.0051, 0.0167, 0.0238, 0.0283]), 'D_scores': array([94.3611, 27.3261, 18.6092, 15.3915])}",same_mean_diff_covariance,3
MY-small_mu,4,sigmoid,"{'gamma': 0.040549061599093245, 'coef0': 0.0}","sigmoid(coef0=0.0, gamma=0.040549061599093245)",0.6384615384615384,rbf,"{'C': 0.5, 'gamma': 0.5}","{'thetas': array([0., 0., 0., 0.]), 'lambdas': array([0., 0., 0., 0.]), 'D_scores': array([3.1686e+10, 4.7379e+09, 1.6227e+09, 1.4582e+09])}",same_mean_diff_covariance,3
MY-small_mu,5,linear,{},linear,0.7307692307692307,rbf,"{'C': 0.5, 'gamma': 'scale'}","{'thetas': array([0., 0., 0., 0., 0.]), 'lambdas': array([0., 0., 0., 0., 0.]), 'D_scores': array([1.6391e+10, 9.9436e+09, 6.7412e+09, 3.7481e+09, 3.0221e+09])}",same_mean_diff_covariance,3
MY-small_mu,5,rbf,{'gamma': 0.040549061599093245},rbf(gamma=0.040549061599093245),0.6384615384615384,rbf,"{'C': 1.0, 'gamma': 'scale'}","{'thetas': array([0.0008, 0.0023, 0.0039, 0.0048, 0.0059]), 'lambdas': array([0.0008, 0.0023, 0.0039, 0.0048, 0.0059]), 'D_scores': array([593.9751, 217.7532, 126.0274, 100.466 ,  82.1648])}",same_mean_diff_covariance,3
MY-small_mu,5,laplacian,{'gamma': 0.040549061599093245},laplacian(gamma=0.040549061599093245),0.5923076923076923,rbf,"{'C': 0.5, 'gamma': 0.5}","{'thetas': array([0.0013, 0.0034, 0.0049, 0.0054, 0.0074]), 'lambdas': array([0.0013, 0.0034, 0.0049, 0.0054, 0.0074]), 'D_scores': array([370.6432, 144.5488,  98.6475,  89.3533,  64.4262])}",same_mean_diff_covariance,3
MY-small_mu,5,polynomial,"{'degree': 2, 'gamma': 0.040549061599093245, 'coef0': 1.0}","polynomial(coef0=1.0, degree=2, gamma=0.040549061599093245)",0.7538461538461538,rbf,"{'C': 0.5, 'gamma': 0.5}","{'thetas': array([0.0008, 0.0047, 0.011 , 0.0131, 0.0163]), 'lambdas': array([0.0008, 0.0047, 0.011 , 0.0131, 0.0163]), 'D_scores': array([590.0178, 103.1104,  42.7936,  35.3956,  28.1304])}",same_mean_diff_covariance,3
MY-small_mu,5,sigmoid,"{'gamma': 0.040549061599093245, 'coef0': 0.0}","sigmoid(coef0=0.0, gamma=0.040549061599093245)",0.6307692307692307,rbf,"{'C': 2.0, 'gamma': 0.5}","{'thetas': array([0.    , 0.    , 0.    , 0.    , 0.0005]), 'lambdas': array([0.    , 0.    , 0.    , 0.    , 0.0005]), 'D_scores': array([9.3780e+09, 3.2198e+09, 1.0991e+09, 4.4210e+08, 1.0432e+03])}",same_mean_diff_covariance,3
MY-small_mu,6,linear,{},linear,0.9,rbf,"{'C': 1.0, 'gamma': 0.5}","{'thetas': array([0., 0., 0., 0., 0., 0.]), 'lambdas': array([0., 0., 0., 0., 0., 0.]), 'D_scores': array([1.3589e+10, 6.7803e+09, 4.3089e+09, 3.2322e+09, 2.5167e+09,
       2.1309e+09])}",same_mean_diff_covariance,3
MY-small_mu,6,rbf,{'gamma': 0.040549061599093245},rbf(gamma=0.040549061599093245),0.6923076923076923,rbf,"{'C': 0.5, 'gamma': 'scale'}","{'thetas': array([0.0016, 0.0028, 0.003 , 0.0061, 0.007 , 0.008 ]), 'lambdas': array([0.0016, 0.0028, 0.003 , 0.0061, 0.007 , 0.008 ]), 'D_scores': array([300.4369, 177.657 , 161.5336,  79.0173,  68.3855,  59.4075])}",same_mean_diff_covariance,3
MY-small_mu,6,laplacian,{'gamma': 0.040549061599093245},laplacian(gamma=0.040549061599093245),0.6615384615384615,rbf,"{'C': 1.0, 'gamma': 'scale'}","{'thetas': array([0.0015, 0.0029, 0.0048, 0.0053, 0.006 , 0.0084]), 'lambdas': array([0.0015, 0.0029, 0.0048, 0.0053, 0.006 , 0.0084]), 'D_scores': array([320.9412, 166.6318, 101.4857,  90.6124,  80.2776,  56.616 ])}",same_mean_diff_covariance,3
MY-small_mu,6,polynomial,"{'degree': 2, 'gamma': 0.040549061599093245, 'coef0': 1.0}","polynomial(coef0=1.0, degree=2, gamma=0.040549061599093245)",0.6846153846153846,rbf,"{'C': 2.0, 'gamma': 0.5}","{'thetas': array([0.0028, 0.0083, 0.0101, 0.0174, 0.026 , 0.0367]), 'lambdas': array([0.0028, 0.0083, 0.0101, 0.0174, 0.026 , 0.0367]), 'D_scores': array([175.2562,  57.3998,  46.7406,  26.2494,  16.916 ,  11.4859])}",same_mean_diff_covariance,3
MY-small_mu,6,sigmoid,"{'gamma': 0.040549061599093245, 'coef0': 0.0}","sigmoid(coef0=0.0, gamma=0.040549061599093245)",0.7692307692307693,rbf,"{'C': 2.0, 'gamma': 0.5}","{'thetas': array([0.    , 0.    , 0.    , 0.    , 0.    , 0.0006]), 'lambdas': array([0.    , 0.    , 0.    , 0.    , 0.    , 0.0006]), 'D_scores': array([3.3183e+09, 1.4291e+09, 1.0143e+09, 8.9995e+08, 4.2857e+08,
       8.7784e+02])}",same_mean_diff_covariance,3
MY-small_mu,7,linear,{},linear,0.8769230769230769,rbf,"{'C': 0.5, 'gamma': 0.5}","{'thetas': array([0., 0., 0., 0., 0., 0., 0.]), 'lambdas': array([0., 0., 0., 0., 0., 0., 0.]), 'D_scores': array([8.1039e+09, 6.7936e+09, 5.6666e+09, 3.5548e+09, 3.4689e+09,
       2.1917e+09, 1.6835e+09])}",same_mean_diff_covariance,3
MY-small_mu,7,rbf,{'gamma': 0.040549061599093245},rbf(gamma=0.040549061599093245),0.7,rbf,"{'C': 0.5, 'gamma': 0.5}","{'thetas': array([0.0014, 0.0035, 0.0045, 0.0049, 0.0063, 0.0094, 0.0116]), 'lambdas': array([0.0014, 0.0035, 0.0045, 0.0049, 0.0063, 0.0094, 0.0116]), 'D_scores': array([354.2118, 139.841 , 108.9031,  99.636 ,  76.925 ,  50.4342,
        40.2345])}",same_mean_diff_covariance,3
MY-small_mu,7,laplacian,{'gamma': 0.040549061599093245},laplacian(gamma=0.040549061599093245),0.6692307692307692,rbf,"{'C': 0.5, 'gamma': 'scale'}","{'thetas': array([0.0012, 0.0017, 0.0025, 0.005 , 0.0064, 0.0089, 0.0136]), 'lambdas': array([0.0012, 0.0017, 0.0025, 0.005 , 0.0064, 0.0089, 0.0136]), 'D_scores': array([416.0637, 283.6004, 199.8577,  96.2202,  75.1223,  53.5701,
        34.1097])}",same_mean_diff_covariance,3
MY-small_mu,7,polynomial,"{'degree': 2, 'gamma': 0.040549061599093245, 'coef0': 1.0}","polynomial(coef0=1.0, degree=2, gamma=0.040549061599093245)",0.7384615384615385,rbf,"{'C': 1.0, 'gamma': 0.5}","{'thetas': array([0.0026, 0.0065, 0.0096, 0.0143, 0.0217, 0.0259, 0.029 ]), 'lambdas': array([0.0026, 0.0065, 0.0096, 0.0143, 0.0217, 0.0259, 0.029 ]), 'D_scores': array([189.507 ,  73.3849,  49.2376,  32.312 ,  20.6716,  16.9612,
        14.9723])}",same_mean_diff_covariance,3
MY-small_mu,7,sigmoid,"{'gamma': 0.040549061599093245, 'coef0': 0.0}","sigmoid(coef0=0.0, gamma=0.040549061599093245)",0.6923076923076923,rbf,"{'C': 0.5, 'gamma': 0.5}","{'thetas': array([0.    , 0.    , 0.    , 0.0006, 0.0007, 0.001 , 0.0023]), 'lambdas': array([0.    , 0.    , 0.    , 0.0006, 0.0007, 0.001 , 0.0023]), 'D_scores': array([2.7118e+11, 3.0399e+09, 1.8280e+09, 7.8257e+02, 6.9304e+02,
       5.0966e+02, 2.1120e+02])}",same_mean_diff_covariance,3
MY-small_mu,8,linear,{},linear,0.9076923076923077,poly,"{'C': 2.0, 'gamma': 'scale', 'degree': 2, 'coef0': 1.0}","{'thetas': array([0., 0., 0., 0., 0., 0., 0., 0.]), 'lambdas': array([0., 0., 0., 0., 0., 0., 0., 0.]), 'D_scores': array([5.4608e+10, 1.7034e+10, 5.0362e+09, 3.6678e+09, 2.2782e+09,
       1.6150e+09, 1.5669e+09, 1.2204e+09])}",same_mean_diff_covariance,3
MY-small_mu,8,rbf,{'gamma': 0.040549061599093245},rbf(gamma=0.040549061599093245),0.676923076923077,rbf,"{'C': 0.5, 'gamma': 'scale'}","{'thetas': array([0.0004, 0.0017, 0.0031, 0.0038, 0.0047, 0.0063, 0.0077, 0.0129]), 'lambdas': array([0.0004, 0.0017, 0.0031, 0.0038, 0.0047, 0.0063, 0.0077, 0.0129]), 'D_scores': array([1291.6632,  286.5406,  158.659 ,  127.9654,  102.2237,   76.743 ,
         62.2055,   36.0425])}",same_mean_diff_covariance,3
MY-small_mu,8,laplacian,{'gamma': 0.040549061599093245},laplacian(gamma=0.040549061599093245),0.6230769230769231,rbf,"{'C': 0.5, 'gamma': 'scale'}","{'thetas': array([0.0007, 0.0012, 0.0022, 0.0045, 0.0055, 0.0075, 0.0101, 0.0125]), 'lambdas': array([0.0007, 0.0012, 0.0022, 0.0045, 0.0055, 0.0075, 0.0101, 0.0125]), 'D_scores': array([722.1092, 416.9275, 222.3953, 108.6812,  87.6286,  63.5882,
        46.8858,  37.1551])}",same_mean_diff_covariance,3
MY-small_mu,8,polynomial,"{'degree': 2, 'gamma': 0.040549061599093245, 'coef0': 1.0}","polynomial(coef0=1.0, degree=2, gamma=0.040549061599093245)",0.8615384615384616,poly,"{'C': 1.0, 'gamma': 'scale', 'degree': 2, 'coef0': 1.0}","{'thetas': array([      0.0009,       0.0106,       0.0194,       0.0279,
             0.0392,       0.0399,       0.0567, 2204078.8764]), 'lambdas': array([      0.0009,       0.0106,       0.0194,       0.0279,
             0.0392,       0.0399,       0.0567, 2204078.8764]), 'D_scores': array([553.2011,  44.5792,  23.2846,  15.6601,  10.638 ,  10.4198,
         6.883 ,   6.8032])}",same_mean_diff_covariance,3
MY-small_mu,8,sigmoid,"{'gamma': 0.040549061599093245, 'coef0': 0.0}","sigmoid(coef0=0.0, gamma=0.040549061599093245)",0.8,rbf,"{'C': 2.0, 'gamma': 0.5}","{'thetas': array([0.    , 0.    , 0.    , 0.    , 0.002 , 0.0042, 0.0047, 0.0056]), 'lambdas': array([0.    , 0.    , 0.    , 0.    , 0.002 , 0.0042, 0.0047, 0.0056]), 'D_scores': array([2.6382e+11, 8.4887e+09, 1.7401e+09, 1.0246e+09, 2.4472e+02,
       1.1519e+02, 1.0441e+02, 8.6096e+01])}",same_mean_diff_covariance,3
MY-small_mu,10,linear,{},linear,0.8923076923076924,rbf,"{'C': 0.5, 'gamma': 0.5}","{'thetas': array([0., 0., 0., 0., 0., 0., 0., 0., 0., 0.]), 'lambdas': array([0., 0., 0., 0., 0., 0., 0., 0., 0., 0.]), 'D_scores': array([2.2120e+10, 1.3334e+10, 3.8064e+09, 2.0597e+09, 1.8504e+09,
       1.4726e+09, 1.3287e+09, 8.5929e+08, 8.2581e+08, 7.8412e+08])}",same_mean_diff_covariance,3
MY-small_mu,10,rbf,{'gamma': 0.040549061599093245},rbf(gamma=0.040549061599093245),0.7153846153846154,rbf,"{'C': 0.5, 'gamma': 0.5}","{'thetas': array([0.0009, 0.0015, 0.0029, 0.0037, 0.0047, 0.0062, 0.0073, 0.0081,
       0.0091, 0.0109]), 'lambdas': array([0.0009, 0.0015, 0.0029, 0.0037, 0.0047, 0.0062, 0.0073, 0.0081,
       0.0091, 0.0109]), 'D_scores': array([575.1196, 320.221 , 167.5558, 130.1771, 103.8174,  77.9265,
        65.6314,  58.6149,  52.1423,  43.0259])}",same_mean_diff_covariance,3
MY-small_mu,10,laplacian,{'gamma': 0.040549061599093245},laplacian(gamma=0.040549061599093245),0.7538461538461538,rbf,"{'C': 0.5, 'gamma': 0.5}","{'thetas': array([0.0007, 0.0021, 0.0026, 0.0047, 0.0072, 0.0084, 0.0104, 0.012 ,
       0.0155, 0.018 ]), 'lambdas': array([0.0007, 0.0021, 0.0026, 0.0047, 0.0072, 0.0084, 0.0104, 0.012 ,
       0.0155, 0.018 ]), 'D_scores': array([669.9479, 231.2728, 185.3546, 102.5118,  66.4521,  56.454 ,
        45.152 ,  38.916 ,  29.7171,  25.2814])}",same_mean_diff_covariance,3
MY-small_mu,10,polynomial,"{'degree': 2, 'gamma': 0.040549061599093245, 'coef0': 1.0}","polynomial(coef0=1.0, degree=2, gamma=0.040549061599093245)",0.7923076923076923,rbf,"{'C': 2.0, 'gamma': 'scale'}","{'thetas': array([      0.0027,       0.005 ,       0.0071,       0.0112,
             0.0213,       0.0244,       0.029 ,       0.036 ,
             0.0478, 3094311.783 ]), 'lambdas': array([      0.0027,       0.005 ,       0.0071,       0.0112,
             0.0213,       0.0244,       0.029 ,       0.036 ,
             0.0478, 3094311.783 ]), 'D_scores': array([183.0899,  96.1385,  67.1889,  41.9002,  21.0554,  18.1928,
        14.9907,  11.7326,   8.4298,   6.9731])}",same_mean_diff_covariance,3
MY-small_mu,10,sigmoid,"{'gamma': 0.040549061599093245, 'coef0': 0.0}","sigmoid(coef0=0.0, gamma=0.040549061599093245)",0.8153846153846154,rbf,"{'C': 0.5, 'gamma': 0.5}","{'thetas': array([0.0006, 0.002 , 0.0028, 0.0038, 0.0056, 0.0068, 0.0082, 0.0151,
       0.0182, 0.0207]), 'lambdas': array([0.0006, 0.002 , 0.0028, 0.0038, 0.0056, 0.0068, 0.0082, 0.0151,
       0.0182, 0.0207]), 'D_scores': array([831.2046, 242.1418, 174.4003, 128.5185,  85.65  ,  70.1715,
        58.3175,  30.5177,  24.9313,  21.6714])}",same_mean_diff_covariance,3
MY-small_mu,12,linear,{},linear,0.9230769230769231,rbf,"{'C': 0.5, 'gamma': 'scale'}","{'thetas': array([0., 0., 0., 0., 0., 0., 0., 0., 0., 0., 0., 0.]), 'lambdas': array([0., 0., 0., 0., 0., 0., 0., 0., 0., 0., 0., 0.]), 'D_scores': array([6.8172e+09, 4.5118e+09, 3.8151e+09, 3.2051e+09, 2.1057e+09,
       2.0755e+09, 1.9298e+09, 1.5715e+09, 1.1396e+09, 1.0989e+09,
       7.2285e+08, 6.6194e+08])}",same_mean_diff_covariance,3
MY-small_mu,12,rbf,{'gamma': 0.040549061599093245},rbf(gamma=0.040549061599093245),0.7076923076923077,rbf,"{'C': 1.0, 'gamma': 0.5}","{'thetas': array([0.0007, 0.0014, 0.0048, 0.0061, 0.0077, 0.0085, 0.0089, 0.013 ,
       0.0139, 0.0155, 0.0164, 0.0211]), 'lambdas': array([0.0007, 0.0014, 0.0048, 0.0061, 0.0077, 0.0085, 0.0089, 0.013 ,
       0.0139, 0.0155, 0.0164, 0.0211]), 'D_scores': array([673.8485, 342.3054, 100.273 ,  79.4516,  61.7592,  56.1387,
        53.1905,  35.7703,  33.4286,  29.5955,  27.8757,  21.2843])}",same_mean_diff_covariance,3
MY-small_mu,12,laplacian,{'gamma': 0.040549061599093245},laplacian(gamma=0.040549061599093245),0.7,rbf,"{'C': 2.0, 'gamma': 'scale'}","{'thetas': array([0.0021, 0.0037, 0.0042, 0.0069, 0.0077, 0.0099, 0.0116, 0.0144,
       0.0176, 0.0208, 0.0241, 0.0274]), 'lambdas': array([0.0021, 0.0037, 0.0042, 0.0069, 0.0077, 0.0099, 0.0116, 0.0144,
       0.0176, 0.0208, 0.0241, 0.0274]), 'D_scores': array([231.8393, 132.1122, 114.8444,  69.7245,  61.6581,  47.9276,
        40.369 ,  32.1931,  25.9043,  21.6352,  18.4048,  15.9832])}",same_mean_diff_covariance,3
MY-small_mu,12,polynomial,"{'degree': 2, 'gamma': 0.040549061599093245, 'coef0': 1.0}","polynomial(coef0=1.0, degree=2, gamma=0.040549061599093245)",0.8153846153846154,poly,"{'C': 0.5, 'gamma': 'scale', 'degree': 2, 'coef0': 1.0}","{'thetas': array([      0.0032,       0.0086,       0.0098,       0.0186,
             0.0277,       0.0364,       0.0397,       0.0418,
             0.056 , 1745718.6669, 1575926.9864,  665416.8429]), 'lambdas': array([      0.0032,       0.0086,       0.0098,       0.0186,
             0.0277,       0.0364,       0.0397,       0.0418,
             0.056 , 1745718.6669, 1575926.9864,  665416.8429]), 'D_scores': array([150.7543,  55.5131,  48.4637,  24.4354,  15.7364,  11.5897,
        10.4817,   9.8779,   6.9962,   6.6864,   6.6353,   6.2041])}",same_mean_diff_covariance,3
MY-small_mu,12,sigmoid,"{'gamma': 0.040549061599093245, 'coef0': 0.0}","sigmoid(coef0=0.0, gamma=0.040549061599093245)",0.7846153846153846,rbf,"{'C': 2.0, 'gamma': 0.5}","{'thetas': array([0.    , 0.0011, 0.0022, 0.0025, 0.0033, 0.0048, 0.0062, 0.01  ,
       0.0118, 0.0162, 0.0231, 0.0309]), 'lambdas': array([0.    , 0.0011, 0.0022, 0.0025, 0.0033, 0.0048, 0.0062, 0.01  ,
       0.0118, 0.0162, 0.0231, 0.0309]), 'D_scores': array([2.4790e+10, 4.5760e+02, 2.2084e+02, 2.0022e+02, 1.4633e+02,
       1.0192e+02, 7.7954e+01, 4.7053e+01, 3.9658e+01, 2.8346e+01,
       1.9238e+01, 1.3934e+01])}",same_mean_diff_covariance,3
MY-small_mu,14,linear,{},linear,0.8384615384615385,rbf,"{'C': 1.0, 'gamma': 0.5}","{'thetas': array([0., 0., 0., 0., 0., 0., 0., 0., 0., 0., 0., 0., 0., 0.]), 'lambdas': array([0., 0., 0., 0., 0., 0., 0., 0., 0., 0., 0., 0., 0., 0.]), 'D_scores': array([1.0777e+10, 7.0584e+09, 3.1817e+09, 3.1716e+09, 2.2522e+09,
       2.1367e+09, 1.9788e+09, 1.2851e+09, 1.1759e+09, 8.7262e+08,
       7.9496e+08, 7.6250e+08, 6.4365e+08, 6.1981e+08])}",same_mean_diff_covariance,3
MY-small_mu,14,rbf,{'gamma': 0.040549061599093245},rbf(gamma=0.040549061599093245),0.7230769230769231,rbf,"{'C': 2.0, 'gamma': 'scale'}","{'thetas': array([0.0009, 0.002 , 0.0028, 0.0033, 0.0044, 0.0061, 0.0068, 0.0109,
       0.0148, 0.0176, 0.0218, 0.0259, 0.0294, 0.0337]), 'lambdas': array([0.0009, 0.002 , 0.0028, 0.0033, 0.0044, 0.0061, 0.0068, 0.0109,
       0.0148, 0.0176, 0.0218, 0.0259, 0.0294, 0.0337]), 'D_scores': array([563.9695, 251.7256, 173.7257, 147.8847, 109.4261,  79.4656,
        70.9343,  43.0538,  31.169 ,  25.91  ,  20.5097,  16.9912,
        14.776 ,  12.6549])}",same_mean_diff_covariance,3
MY-small_mu,14,laplacian,{'gamma': 0.040549061599093245},laplacian(gamma=0.040549061599093245),0.6461538461538462,rbf,"{'C': 1.0, 'gamma': 0.5}","{'thetas': array([0.0001, 0.0004, 0.0013, 0.0039, 0.0044, 0.005 , 0.0072, 0.0114,
       0.0136, 0.0168, 0.0183, 0.02  , 0.0257, 0.0281]), 'lambdas': array([0.0001, 0.0004, 0.0013, 0.0039, 0.0044, 0.005 , 0.0072, 0.0114,
       0.0136, 0.0168, 0.0183, 0.02  , 0.0257, 0.0281]), 'D_scores': array([7399.2883, 1144.4711,  375.986 ,  124.7718,  111.6271,   95.9452,
         66.4691,   41.0766,   34.1066,   27.1852,   24.8597,   22.5088,
         17.1629,   15.5152])}",same_mean_diff_covariance,3
MY-small_mu,14,polynomial,"{'degree': 2, 'gamma': 0.040549061599093245, 'coef0': 1.0}","polynomial(coef0=1.0, degree=2, gamma=0.040549061599093245)",0.8384615384615385,poly,"{'C': 0.5, 'gamma': 'scale', 'degree': 2, 'coef0': 1.0}","{'thetas': array([      0.0021,       0.0045,       0.0055,       0.0128,
             0.0223,       0.0269,       0.0337,       0.0389,
             0.046 ,       0.0487, 2804627.7205, 1220214.1906,
        663164.6106,  349581.0087]), 'lambdas': array([      0.0021,       0.0045,       0.0055,       0.0128,
             0.0223,       0.0269,       0.0337,       0.0389,
             0.046 ,       0.0487, 2804627.7205, 1220214.1906,
        663164.6106,  349581.0087]), 'D_scores': array([230.0047, 109.085 ,  87.6614,  36.2923,  20.0638,  16.2674,
        12.6233,  10.734 ,   8.8308,   8.2599,   6.9237,   6.5073,
         6.2026,   5.8824])}",same_mean_diff_covariance,3
MY-small_mu,14,sigmoid,"{'gamma': 0.040549061599093245, 'coef0': 0.0}","sigmoid(coef0=0.0, gamma=0.040549061599093245)",0.823076923076923,rbf,"{'C': 0.5, 'gamma': 0.5}","{'thetas': array([0.    , 0.    , 0.    , 0.0013, 0.0024, 0.0029, 0.0047, 0.0071,
       0.0092, 0.0135, 0.016 , 0.019 , 0.0203, 0.026 ]), 'lambdas': array([0.    , 0.    , 0.    , 0.0013, 0.0024, 0.0029, 0.0047, 0.0071,
       0.0092, 0.0135, 0.016 , 0.019 , 0.0203, 0.026 ]), 'D_scores': array([1.5777e+09, 6.3795e+08, 2.6203e+08, 3.8088e+02, 2.0746e+02,
       1.6842e+02, 1.0419e+02, 6.7653e+01, 5.1616e+01, 3.4514e+01,
       2.8776e+01, 2.3809e+01, 2.2130e+01, 1.6908e+01])}",same_mean_diff_covariance,3
MY-small_mu,16,linear,{},linear,0.8615384615384616,rbf,"{'C': 1.0, 'gamma': 'scale'}","{'thetas': array([0., 0., 0., 0., 0., 0., 0., 0., 0., 0., 0., 0., 0., 0., 0., 0.]), 'lambdas': array([0., 0., 0., 0., 0., 0., 0., 0., 0., 0., 0., 0., 0., 0., 0., 0.]), 'D_scores': array([2.3770e+10, 1.9348e+10, 1.8027e+10, 1.1859e+10, 8.7699e+09,
       6.7368e+09, 3.1678e+09, 2.7978e+09, 2.4411e+09, 1.7280e+09,
       1.6209e+09, 1.1253e+09, 1.1174e+09, 9.2901e+08, 8.4843e+08,
       7.1253e+08])}",same_mean_diff_covariance,3
MY-small_mu,16,rbf,{'gamma': 0.040549061599093245},rbf(gamma=0.040549061599093245),0.7307692307692307,rbf,"{'C': 0.5, 'gamma': 'scale'}","{'thetas': array([      0.0018,       0.0032,       0.0043,       0.0065,
             0.0068,       0.0087,       0.0121,       0.0134,
             0.0176,       0.0205,       0.0264,       0.0296,
             0.0374,       0.0438,       0.0463, 4984718.783 ]), 'lambdas': array([      0.0018,       0.0032,       0.0043,       0.0065,
             0.0068,       0.0087,       0.0121,       0.0134,
             0.0176,       0.0205,       0.0264,       0.0296,
             0.0374,       0.0438,       0.0463, 4984718.783 ]), 'D_scores': array([270.519 , 153.694 , 112.1586,  73.8709,  70.9136,  54.4686,
        38.728 ,  34.5414,  25.9621,  21.9337,  16.6351,  14.6288,
        11.2321,   9.3579,   8.7647,   7.2114])}",same_mean_diff_covariance,3
MY-small_mu,16,laplacian,{'gamma': 0.040549061599093245},laplacian(gamma=0.040549061599093245),0.7461538461538462,rbf,"{'C': 1.0, 'gamma': 'scale'}","{'thetas': array([0.0016, 0.0022, 0.0026, 0.0052, 0.008 , 0.0102, 0.0108, 0.0156,
       0.0176, 0.0196, 0.0237, 0.024 , 0.0323, 0.0353, 0.0448, 0.0455]), 'lambdas': array([0.0016, 0.0022, 0.0026, 0.0052, 0.008 , 0.0102, 0.0108, 0.0156,
       0.0176, 0.0196, 0.0237, 0.024 , 0.0323, 0.0353, 0.0448, 0.0455]), 'D_scores': array([306.2563, 228.6724, 190.701 ,  92.5841,  59.6323,  46.2247,
        43.5479,  29.4186,  25.8416,  23.0295,  18.7148,  18.5051,
        13.2473,  12.0001,   9.1192,   8.9568])}",same_mean_diff_covariance,3
MY-small_mu,16,polynomial,"{'degree': 2, 'gamma': 0.040549061599093245, 'coef0': 1.0}","polynomial(coef0=1.0, degree=2, gamma=0.040549061599093245)",0.7769230769230769,rbf,"{'C': 1.0, 'gamma': 'scale'}","{'thetas': array([      0.0047,       0.0085,       0.0178,       0.0286,
             0.0333,       0.0411,       0.0482, 1846214.7752,
             0.0581, 1061983.2468,  608963.4469,  401521.0479,
        331347.4088,  300222.1262,  209519.774 ,  147317.3445]), 'lambdas': array([      0.0047,       0.0085,       0.0178,       0.0286,
             0.0333,       0.0411,       0.0482, 1846214.7752,
             0.0581, 1061983.2468,  608963.4469,  401521.0479,
        331347.4088,  300222.1262,  209519.774 ,  147317.3445]), 'D_scores': array([102.9877,  55.9849,  25.5274,  15.2314,  12.8147,  10.0661,
         8.3595,   6.7145,   6.6915,   6.4379,   6.1599,   5.9516,
         5.8555,   5.8061,   5.6263,   5.4502])}",same_mean_diff_covariance,3
MY-small_mu,16,sigmoid,"{'gamma': 0.040549061599093245, 'coef0': 0.0}","sigmoid(coef0=0.0, gamma=0.040549061599093245)",0.7615384615384615,rbf,"{'C': 1.0, 'gamma': 0.5}","{'thetas': array([0.    , 0.0005, 0.001 , 0.0023, 0.0033, 0.0048, 0.0057, 0.0067,
       0.0115, 0.0161, 0.0213, 0.024 , 0.0249, 0.0342, 0.0407, 0.0515]), 'lambdas': array([0.    , 0.0005, 0.001 , 0.0023, 0.0033, 0.0048, 0.0057, 0.0067,
       0.0115, 0.0161, 0.0213, 0.024 , 0.0249, 0.0342, 0.0407, 0.0515]), 'D_scores': array([1.9422e+09, 1.0547e+03, 4.7671e+02, 2.1549e+02, 1.4868e+02,
       1.0131e+02, 8.4783e+01, 7.1537e+01, 4.0633e+01, 2.8557e+01,
       2.1074e+01, 1.8495e+01, 1.7722e+01, 1.2453e+01, 1.0181e+01,
       7.7294e+00])}",same_mean_diff_covariance,3
MY-small_mu,20,linear,{},linear,0.9384615384615385,rbf,"{'C': 1.0, 'gamma': 0.5}","{'thetas': array([0., 0., 0., 0., 0., 0., 0., 0., 0., 0., 0., 0., 0., 0., 0., 0., 0.,
       0., 0., 0.]), 'lambdas': array([0., 0., 0., 0., 0., 0., 0., 0., 0., 0., 0., 0., 0., 0., 0., 0., 0.,
       0., 0., 0.]), 'D_scores': array([6.6488e+09, 5.0601e+09, 4.5435e+09, 2.3267e+09, 1.8048e+09,
       1.4795e+09, 1.2727e+09, 1.1121e+09, 8.2425e+08, 8.2047e+08,
       7.7779e+08, 7.3417e+08, 6.4538e+08, 6.0338e+08, 4.3075e+08,
       3.4027e+08, 2.8978e+08, 2.5051e+08, 2.2606e+08, 2.0797e+08])}",same_mean_diff_covariance,3
MY-small_mu,20,rbf,{'gamma': 0.040549061599093245},rbf(gamma=0.040549061599093245),0.7846153846153846,rbf,"{'C': 1.0, 'gamma': 'scale'}","{'thetas': array([      0.0005,       0.0026,       0.0042,       0.0044,
             0.0053,       0.0067,       0.0086,       0.0113,
             0.0124,       0.0141,       0.0158,       0.0175,
             0.022 ,       0.0304,       0.0338,       0.0394,
             0.05  , 7149790.5434,       0.0583, 1280489.6892]), 'lambdas': array([      0.0005,       0.0026,       0.0042,       0.0044,
             0.0053,       0.0067,       0.0086,       0.0113,
             0.0124,       0.0141,       0.0158,       0.0175,
             0.022 ,       0.0304,       0.0338,       0.0394,
             0.05  , 7149790.5434,       0.0583, 1280489.6892]), 'D_scores': array([934.9014, 186.5773, 116.3724, 110.8123,  92.0717,  71.6782,
        55.1833,  41.4893,  37.5708,  32.8422,  29.1478,  25.9784,
        20.3384,  14.1775,  12.6086,  10.5682,   7.9968,   7.3917,
         6.6489,   6.5315])}",same_mean_diff_covariance,3
MY-small_mu,20,laplacian,{'gamma': 0.040549061599093245},laplacian(gamma=0.040549061599093245),0.7461538461538462,rbf,"{'C': 2.0, 'gamma': 'scale'}","{'thetas': array([      0.0004,       0.001 ,       0.0027,       0.0034,
             0.0055,       0.0081,       0.0101,       0.0108,
             0.0145,       0.0161,       0.0217,       0.0229,
             0.0256,       0.0302,       0.0369,       0.0408,
             0.0482,       0.0496, 2534928.3296,       0.0606]), 'lambdas': array([      0.0004,       0.001 ,       0.0027,       0.0034,
             0.0055,       0.0081,       0.0101,       0.0108,
             0.0145,       0.0161,       0.0217,       0.0229,
             0.0256,       0.0302,       0.0369,       0.0408,
             0.0482,       0.0496, 2534928.3296,       0.0606]), 'D_scores': array([1168.4242,  505.3118,  182.3369,  145.7134,   88.6172,   59.1202,
         46.9142,   43.7141,   31.9747,   28.5808,   20.6432,   19.4577,
         17.181 ,   14.2824,   11.4038,   10.1665,    8.3557,    8.0765,
          6.873 ,    6.3499])}",same_mean_diff_covariance,3
MY-small_mu,20,polynomial,"{'degree': 2, 'gamma': 0.040549061599093245, 'coef0': 1.0}","polynomial(coef0=1.0, degree=2, gamma=0.040549061599093245)",0.823076923076923,rbf,"{'C': 2.0, 'gamma': 'scale'}","{'thetas': array([      0.0044,       0.0086,       0.0155,       0.0248,
             0.0323,       0.0418,       0.0462,       0.0525,
       3345027.484 ,       0.0581,  931614.0385,  672649.7585,
        452691.4722,  389786.4   ,  360553.7447,  260293.9065,
        211402.1339,  172965.4586,  141240.6983,  115425.924 ]), 'lambdas': array([      0.0044,       0.0086,       0.0155,       0.0248,
             0.0323,       0.0418,       0.0462,       0.0525,
       3345027.484 ,       0.0581,  931614.0385,  672649.7585,
        452691.4722,  389786.4   ,  360553.7447,  260293.9065,
        211402.1339,  172965.4586,  141240.6983,  115425.924 ]), 'D_scores': array([110.7536,  55.0695,  29.7111,  17.8098,  13.268 ,   9.8665,
         8.7789,   7.5474,   7.0117,   6.691 ,   6.3724,   6.2097,
         6.0115,   5.9369,   5.8977,   5.7348,   5.6308,   5.5305,
         5.4291,   5.3286])}",same_mean_diff_covariance,3
MY-small_mu,20,sigmoid,"{'gamma': 0.040549061599093245, 'coef0': 0.0}","sigmoid(coef0=0.0, gamma=0.040549061599093245)",0.8,rbf,"{'C': 2.0, 'gamma': 'scale'}","{'thetas': array([      0.    ,       0.    ,       0.    ,       0.0005,
             0.0009,       0.0037,       0.0039,       0.0063,
             0.0078,       0.0088,       0.0117,       0.015 ,
             0.0165,       0.0223,       0.0364,       0.0392,
       7104352.1149, 3724845.39  ,       0.0557, 2886140.7643]), 'lambdas': array([      0.    ,       0.    ,       0.    ,       0.0005,
             0.0009,       0.0037,       0.0039,       0.0063,
             0.0078,       0.0088,       0.0117,       0.015 ,
             0.0165,       0.0223,       0.0364,       0.0392,
       7104352.1149, 3724845.39  ,       0.0557, 2886140.7643]), 'D_scores': array([2.3786e+10, 4.6157e+09, 2.7192e+09, 9.9936e+02, 5.3776e+02,
       1.3150e+02, 1.2491e+02, 7.6164e+01, 6.1431e+01, 5.4221e+01,
       4.0018e+01, 3.0776e+01, 2.7673e+01, 2.0045e+01, 1.1575e+01,
       1.0652e+01, 7.3881e+00, 7.0653e+00, 7.0339e+00, 6.9377e+00])}",same_mean_diff_covariance,3
KFDA-1D,1,linear,{},linear,0.6181818181818182,linear,{'C': 1.0},"{'top_lambda': 0.014507262004003043, 'd_norm': 15.657616888713289}",diff_mean_diff_covariance,1
KFDA-1D,1,rbf,{'gamma': 0.039675225494783924},rbf(gamma=0.039675225494783924),0.8090909090909091,rbf,"{'C': 1.0, 'gamma': 'scale'}","{'top_lambda': 6173.967389590551, 'd_norm': 0.30167546378429566}",diff_mean_diff_covariance,1
KFDA-1D,1,laplacian,{'gamma': 0.039675225494783924},laplacian(gamma=0.039675225494783924),0.6909090909090909,rbf,"{'C': 2.0, 'gamma': 'scale'}","{'top_lambda': 9258.354857625221, 'd_norm': 0.18929415283641599}",diff_mean_diff_covariance,1
KFDA-1D,1,polynomial,"{'degree': 2, 'gamma': 0.039675225494783924, 'coef0': 1.0}","polynomial(coef0=1.0, degree=2, gamma=0.039675225494783924)",0.8363636363636363,rbf,"{'C': 0.5, 'gamma': 'scale'}","{'top_lambda': 60.25539468958845, 'd_norm': 1.6535568345126626}",diff_mean_diff_covariance,1
KFDA-1D,1,sigmoid,"{'gamma': 0.039675225494783924, 'coef0': 0.0}","sigmoid(coef0=0.0, gamma=0.039675225494783924)",0.6272727272727273,linear,{'C': 0.5},"{'top_lambda': 3.264386111481922, 'd_norm': 0.5530200694077732}",diff_mean_diff_covariance,1
MY-large_mu,1,linear,{},linear,0.7818181818181819,rbf,"{'C': 2.0, 'gamma': 'scale'}","{'thetas': array([0.]), 'lambdas': array([0.]), 'gvals': array([1.5676e+10])}",diff_mean_diff_covariance,1
MY-large_mu,1,rbf,{'gamma': 0.039675225494783924},rbf(gamma=0.039675225494783924),0.5909090909090909,linear,{'C': 0.5},"{'thetas': array([0.0003]), 'lambdas': array([0.0003]), 'gvals': array([1745.3021])}",diff_mean_diff_covariance,1
MY-large_mu,1,laplacian,{'gamma': 0.039675225494783924},laplacian(gamma=0.039675225494783924),0.5,poly,"{'C': 2.0, 'gamma': 'scale', 'degree': 2, 'coef0': 1.0}","{'thetas': array([0.0001]), 'lambdas': array([0.0001]), 'gvals': array([3558.4339])}",diff_mean_diff_covariance,1
MY-large_mu,1,polynomial,"{'degree': 2, 'gamma': 0.039675225494783924, 'coef0': 1.0}","polynomial(coef0=1.0, degree=2, gamma=0.039675225494783924)",0.6272727272727273,linear,{'C': 0.5},"{'thetas': array([0.0041]), 'lambdas': array([0.0041]), 'gvals': array([120.0394])}",diff_mean_diff_covariance,1
MY-large_mu,1,sigmoid,"{'gamma': 0.039675225494783924, 'coef0': 0.0}","sigmoid(coef0=0.0, gamma=0.039675225494783924)",0.5636363636363636,rbf,"{'C': 0.5, 'gamma': 'scale'}","{'thetas': array([0.0006]), 'lambdas': array([0.0006]), 'gvals': array([791.7955])}",diff_mean_diff_covariance,1
MY-large_mu,2,linear,{},linear,0.8454545454545455,poly,"{'C': 2.0, 'gamma': 'scale', 'degree': 2, 'coef0': 1.0}","{'thetas': array([0., 0.]), 'lambdas': array([0., 0.]), 'gvals': array([1.1981e+10, 9.7881e+09])}",diff_mean_diff_covariance,1
MY-large_mu,2,rbf,{'gamma': 0.039675225494783924},rbf(gamma=0.039675225494783924),0.6272727272727273,poly,"{'C': 0.5, 'gamma': 'scale', 'degree': 2, 'coef0': 1.0}","{'thetas': array([0.0008, 0.0016]), 'lambdas': array([0.0008, 0.0016]), 'gvals': array([595.697 , 313.6945])}",diff_mean_diff_covariance,1
MY-large_mu,2,laplacian,{'gamma': 0.039675225494783924},laplacian(gamma=0.039675225494783924),0.6636363636363637,rbf,"{'C': 2.0, 'gamma': 'scale'}","{'thetas': array([0.0001, 0.0029]), 'lambdas': array([0.0001, 0.0029]), 'gvals': array([8766.1045,  169.5426])}",diff_mean_diff_covariance,1
MY-large_mu,2,polynomial,"{'degree': 2, 'gamma': 0.039675225494783924, 'coef0': 1.0}","polynomial(coef0=1.0, degree=2, gamma=0.039675225494783924)",0.6454545454545455,rbf,"{'C': 1.0, 'gamma': 'scale'}","{'thetas': array([0.0014, 0.0083]), 'lambdas': array([0.0014, 0.0083]), 'gvals': array([364.4255,  57.3676])}",diff_mean_diff_covariance,1
MY-large_mu,2,sigmoid,"{'gamma': 0.039675225494783924, 'coef0': 0.0}","sigmoid(coef0=0.0, gamma=0.039675225494783924)",0.7,poly,"{'C': 0.5, 'gamma': 'scale', 'degree': 2, 'coef0': 1.0}","{'thetas': array([0.0007, 0.0022]), 'lambdas': array([0.0007, 0.0022]), 'gvals': array([756.6585, 225.1889])}",diff_mean_diff_covariance,1
MY-large_mu,3,linear,{},linear,0.8272727272727273,rbf,"{'C': 0.5, 'gamma': 0.5}","{'thetas': array([0., 0., 0.]), 'lambdas': array([0., 0., 0.]), 'gvals': array([3.2374e+10, 1.2876e+10, 5.4793e+09])}",diff_mean_diff_covariance,1
MY-large_mu,3,rbf,{'gamma': 0.039675225494783924},rbf(gamma=0.039675225494783924),0.5727272727272728,rbf,"{'C': 1.0, 'gamma': 'scale'}","{'thetas': array([0.0001, 0.0003, 0.0011]), 'lambdas': array([0.0001, 0.0003, 0.0011]), 'gvals': array([4382.3015, 1571.1781,  435.2518])}",diff_mean_diff_covariance,1
MY-large_mu,3,laplacian,{'gamma': 0.039675225494783924},laplacian(gamma=0.039675225494783924),0.6636363636363637,rbf,"{'C': 2.0, 'gamma': 'scale'}","{'thetas': array([0.0002, 0.0016, 0.0025]), 'lambdas': array([0.0002, 0.0016, 0.0025]), 'gvals': array([2741.2745,  299.378 ,  199.6425])}",diff_mean_diff_covariance,1
MY-large_mu,3,polynomial,"{'degree': 2, 'gamma': 0.039675225494783924, 'coef0': 1.0}","polynomial(coef0=1.0, degree=2, gamma=0.039675225494783924)",0.7,poly,"{'C': 1.0, 'gamma': 'scale', 'degree': 2, 'coef0': 1.0}","{'thetas': array([0.0051, 0.0114, 0.0159]), 'lambdas': array([0.0051, 0.0114, 0.0159]), 'gvals': array([94.6385, 40.9773, 28.8562])}",diff_mean_diff_covariance,1
MY-large_mu,3,sigmoid,"{'gamma': 0.039675225494783924, 'coef0': 0.0}","sigmoid(coef0=0.0, gamma=0.039675225494783924)",0.7363636363636363,poly,"{'C': 2.0, 'gamma': 'scale', 'degree': 2, 'coef0': 1.0}","{'thetas': array([0.0008, 0.0029, 0.0063]), 'lambdas': array([0.0008, 0.0029, 0.0063]), 'gvals': array([586.9556, 166.8377,  75.7575])}",diff_mean_diff_covariance,1
MY-large_mu,4,linear,{},linear,0.9,rbf,"{'C': 0.5, 'gamma': 0.5}","{'thetas': array([0., 0., 0., 0.]), 'lambdas': array([0., 0., 0., 0.]), 'gvals': array([1.7968e+10, 3.7708e+09, 1.5339e+09, 1.2347e+09])}",diff_mean_diff_covariance,1
MY-large_mu,4,rbf,{'gamma': 0.039675225494783924},rbf(gamma=0.039675225494783924),0.6909090909090909,rbf,"{'C': 0.5, 'gamma': 0.5}","{'thetas': array([0.0006, 0.0025, 0.0029, 0.0034]), 'lambdas': array([0.0006, 0.0025, 0.0029, 0.0034]), 'gvals': array([781.3045, 198.5046, 167.6535, 142.4001])}",diff_mean_diff_covariance,1
MY-large_mu,4,laplacian,{'gamma': 0.039675225494783924},laplacian(gamma=0.039675225494783924),0.6,rbf,"{'C': 1.0, 'gamma': 0.5}","{'thetas': array([0.0012, 0.0026, 0.0035, 0.0043]), 'lambdas': array([0.0012, 0.0026, 0.0035, 0.0043]), 'gvals': array([406.5808, 187.1138, 140.1881, 112.0832])}",diff_mean_diff_covariance,1
MY-large_mu,4,polynomial,"{'degree': 2, 'gamma': 0.039675225494783924, 'coef0': 1.0}","polynomial(coef0=1.0, degree=2, gamma=0.039675225494783924)",0.8272727272727273,rbf,"{'C': 1.0, 'gamma': 0.5}","{'thetas': array([0.0007, 0.0067, 0.0115, 0.0157]), 'lambdas': array([0.0007, 0.0067, 0.0115, 0.0157]), 'gvals': array([682.7051,  72.0307,  40.6213,  29.2098])}",diff_mean_diff_covariance,1
MY-large_mu,4,sigmoid,"{'gamma': 0.039675225494783924, 'coef0': 0.0}","sigmoid(coef0=0.0, gamma=0.039675225494783924)",0.8181818181818182,rbf,"{'C': 2.0, 'gamma': 'scale'}","{'thetas': array([0.0029, 0.003 , 0.0084, 0.0099]), 'lambdas': array([0.0029, 0.003 , 0.0084, 0.0099]), 'gvals': array([168.3855, 161.8383,  56.3483,  47.8258])}",diff_mean_diff_covariance,1
MY-large_mu,5,linear,{},linear,0.8909090909090909,rbf,"{'C': 1.0, 'gamma': 0.5}","{'thetas': array([0., 0., 0., 0., 0.]), 'lambdas': array([0., 0., 0., 0., 0.]), 'gvals': array([2.6526e+10, 7.6814e+09, 5.4751e+09, 3.5651e+09, 2.5054e+09])}",diff_mean_diff_covariance,1
MY-large_mu,5,rbf,{'gamma': 0.039675225494783924},rbf(gamma=0.039675225494783924),0.7363636363636363,rbf,"{'C': 1.0, 'gamma': 0.5}","{'thetas': array([0.0002, 0.0012, 0.0023, 0.0025, 0.0026]), 'lambdas': array([0.0002, 0.0012, 0.0023, 0.0025, 0.0026]), 'gvals': array([2039.0752,  412.8605,  210.7814,  197.8532,  188.1301])}",diff_mean_diff_covariance,1
MY-large_mu,5,laplacian,{'gamma': 0.039675225494783924},laplacian(gamma=0.039675225494783924),0.6909090909090909,rbf,"{'C': 2.0, 'gamma': 'scale'}","{'thetas': array([0.0016, 0.0031, 0.0039, 0.0055, 0.0074]), 'lambdas': array([0.0016, 0.0031, 0.0039, 0.0055, 0.0074]), 'gvals': array([309.5491, 157.5621, 125.5385,  87.0583,  65.0479])}",diff_mean_diff_covariance,1
MY-large_mu,5,polynomial,"{'degree': 2, 'gamma': 0.039675225494783924, 'coef0': 1.0}","polynomial(coef0=1.0, degree=2, gamma=0.039675225494783924)",0.7545454545454545,rbf,"{'C': 0.5, 'gamma': 0.5}","{'thetas': array([0.0006, 0.0047, 0.0098, 0.0159, 0.0197]), 'lambdas': array([0.0006, 0.0047, 0.0098, 0.0159, 0.0197]), 'gvals': array([834.0968, 103.0091,  48.3756,  28.9172,  22.8978])}",diff_mean_diff_covariance,1
MY-large_mu,5,sigmoid,"{'gamma': 0.039675225494783924, 'coef0': 0.0}","sigmoid(coef0=0.0, gamma=0.039675225494783924)",0.7727272727272727,rbf,"{'C': 2.0, 'gamma': 0.5}","{'thetas': array([0.0001, 0.001 , 0.0017, 0.0031, 0.0045]), 'lambdas': array([0.0001, 0.001 , 0.0017, 0.0031, 0.0045]), 'gvals': array([3879.7557,  500.862 ,  288.0323,  157.041 ,  107.4643])}",diff_mean_diff_covariance,1
MY-large_mu,6,linear,{},linear,0.9363636363636364,rbf,"{'C': 0.5, 'gamma': 0.5}","{'thetas': array([0., 0., 0., 0., 0., 0.]), 'lambdas': array([0., 0., 0., 0., 0., 0.]), 'gvals': array([1.3003e+10, 1.1012e+10, 5.6168e+09, 4.2527e+09, 3.4710e+09,
       2.6104e+09])}",diff_mean_diff_covariance,1
MY-large_mu,6,rbf,{'gamma': 0.039675225494783924},rbf(gamma=0.039675225494783924),0.7181818181818181,rbf,"{'C': 1.0, 'gamma': 0.5}","{'thetas': array([0.0013, 0.0031, 0.0033, 0.0046, 0.006 , 0.0068]), 'lambdas': array([0.0013, 0.0031, 0.0033, 0.0046, 0.006 , 0.0068]), 'gvals': array([377.4943, 155.6282, 150.4608, 104.868 ,  80.3025,  70.2561])}",diff_mean_diff_covariance,1
MY-large_mu,6,laplacian,{'gamma': 0.039675225494783924},laplacian(gamma=0.039675225494783924),0.7272727272727273,rbf,"{'C': 1.0, 'gamma': 0.5}","{'thetas': array([0.0011, 0.0012, 0.0031, 0.0038, 0.0048, 0.0083]), 'lambdas': array([0.0011, 0.0012, 0.0031, 0.0038, 0.0048, 0.0083]), 'gvals': array([471.8771, 417.4552, 156.6421, 129.6831, 100.9953,  57.64  ])}",diff_mean_diff_covariance,1
MY-large_mu,6,polynomial,"{'degree': 2, 'gamma': 0.039675225494783924, 'coef0': 1.0}","polynomial(coef0=1.0, degree=2, gamma=0.039675225494783924)",0.7727272727272727,rbf,"{'C': 0.5, 'gamma': 'scale'}","{'thetas': array([0.0032, 0.0114, 0.0216, 0.031 , 0.0328, 0.0403]), 'lambdas': array([0.0032, 0.0114, 0.0216, 0.031 , 0.0328, 0.0403]), 'gvals': array([152.3136,  40.9563,  20.6945,  13.9088,  13.0143,  10.2888])}",diff_mean_diff_covariance,1
MY-large_mu,6,sigmoid,"{'gamma': 0.039675225494783924, 'coef0': 0.0}","sigmoid(coef0=0.0, gamma=0.039675225494783924)",0.8090909090909091,rbf,"{'C': 0.5, 'gamma': 'scale'}","{'thetas': array([0.0005, 0.0018, 0.0035, 0.0048, 0.0062, 0.0082]), 'lambdas': array([0.0005, 0.0018, 0.0035, 0.0048, 0.0062, 0.0082]), 'gvals': array([983.9254, 275.8497, 139.7464, 100.3464,  77.352 ,  58.379 ])}",diff_mean_diff_covariance,1
MY-large_mu,7,linear,{},linear,0.8636363636363636,rbf,"{'C': 1.0, 'gamma': 0.5}","{'thetas': array([0., 0., 0., 0., 0., 0., 0.]), 'lambdas': array([0., 0., 0., 0., 0., 0., 0.]), 'gvals': array([5.9822e+10, 1.3762e+10, 3.7414e+09, 2.5816e+09, 2.4345e+09,
       1.8331e+09, 1.1595e+09])}",diff_mean_diff_covariance,1
MY-large_mu,7,rbf,{'gamma': 0.039675225494783924},rbf(gamma=0.039675225494783924),0.7363636363636363,rbf,"{'C': 0.5, 'gamma': 'scale'}","{'thetas': array([0.0015, 0.0032, 0.0043, 0.0046, 0.006 , 0.0081, 0.0089]), 'lambdas': array([0.0015, 0.0032, 0.0043, 0.0046, 0.006 , 0.0081, 0.0089]), 'gvals': array([333.5487, 152.1866, 113.3385, 104.5068,  80.102 ,  58.9137,
        53.5967])}",diff_mean_diff_covariance,1
MY-large_mu,7,laplacian,{'gamma': 0.039675225494783924},laplacian(gamma=0.039675225494783924),0.7181818181818181,rbf,"{'C': 0.5, 'gamma': 0.5}","{'thetas': array([0.0019, 0.0039, 0.0044, 0.0066, 0.0087, 0.0111, 0.012 ]), 'lambdas': array([0.0019, 0.0039, 0.0044, 0.0066, 0.0087, 0.0111, 0.012 ]), 'gvals': array([254.7398, 125.7178, 111.3768,  72.9123,  54.7172,  42.2654,
        39.0776])}",diff_mean_diff_covariance,1
MY-large_mu,7,polynomial,"{'degree': 2, 'gamma': 0.039675225494783924, 'coef0': 1.0}","polynomial(coef0=1.0, degree=2, gamma=0.039675225494783924)",0.7090909090909091,rbf,"{'C': 2.0, 'gamma': 'scale'}","{'thetas': array([0.0014, 0.008 , 0.0139, 0.0221, 0.0294, 0.0371, 0.0394]), 'lambdas': array([0.0014, 0.008 , 0.0139, 0.0221, 0.0294, 0.0371, 0.0394]), 'gvals': array([364.2159,  59.8937,  33.4078,  20.2036,  14.7432,  11.315 ,
        10.5664])}",diff_mean_diff_covariance,1
MY-large_mu,7,sigmoid,"{'gamma': 0.039675225494783924, 'coef0': 0.0}","sigmoid(coef0=0.0, gamma=0.039675225494783924)",0.7636363636363637,rbf,"{'C': 2.0, 'gamma': 'scale'}","{'thetas': array([0.0002, 0.002 , 0.0035, 0.0042, 0.0051, 0.0056, 0.0082]), 'lambdas': array([0.0002, 0.002 , 0.0035, 0.0042, 0.0051, 0.0056, 0.0082]), 'gvals': array([2336.1795,  243.2923,  140.1712,  115.8339,   95.1241,   86.7628,
         58.0917])}",diff_mean_diff_covariance,1
MY-large_mu,8,linear,{},linear,0.9,rbf,"{'C': 0.5, 'gamma': 0.5}","{'thetas': array([0., 0., 0., 0., 0., 0., 0., 0.]), 'lambdas': array([0., 0., 0., 0., 0., 0., 0., 0.]), 'gvals': array([4.7085e+09, 3.8636e+09, 2.6835e+09, 2.1103e+09, 1.8769e+09,
       1.8731e+09, 1.3075e+09, 1.0398e+09])}",diff_mean_diff_covariance,1
MY-large_mu,8,rbf,{'gamma': 0.039675225494783924},rbf(gamma=0.039675225494783924),0.7181818181818181,rbf,"{'C': 0.5, 'gamma': 0.5}","{'thetas': array([0.0005, 0.0032, 0.0039, 0.0046, 0.006 , 0.0076, 0.0088, 0.0118]), 'lambdas': array([0.0005, 0.0032, 0.0039, 0.0046, 0.006 , 0.0076, 0.0088, 0.0118]), 'gvals': array([938.1783, 151.0161, 123.8395, 105.3056,  79.8004,  62.4792,
        54.2199,  39.7811])}",diff_mean_diff_covariance,1
MY-large_mu,8,laplacian,{'gamma': 0.039675225494783924},laplacian(gamma=0.039675225494783924),0.6727272727272727,rbf,"{'C': 1.0, 'gamma': 0.5}","{'thetas': array([0.0001, 0.0042, 0.0046, 0.0062, 0.0077, 0.0114, 0.0127, 0.0145]), 'lambdas': array([0.0001, 0.0042, 0.0046, 0.0062, 0.0077, 0.0114, 0.0127, 0.0145]), 'gvals': array([5950.2438,  116.9182,  105.983 ,   78.1275,   61.9908,   40.974 ,
         36.6027,   31.859 ])}",diff_mean_diff_covariance,1
MY-large_mu,8,polynomial,"{'degree': 2, 'gamma': 0.039675225494783924, 'coef0': 1.0}","polynomial(coef0=1.0, degree=2, gamma=0.039675225494783924)",0.7727272727272727,rbf,"{'C': 1.0, 'gamma': 'scale'}","{'thetas': array([0.0052, 0.0062, 0.0169, 0.0267, 0.0397, 0.0427, 0.0525, 0.0574]), 'lambdas': array([0.0052, 0.0062, 0.0169, 0.0267, 0.0397, 0.0427, 0.0525, 0.0574]), 'gvals': array([93.3679, 77.4557, 27.1315, 16.4475, 10.4924,  9.6201,  7.5428,
        6.7886])}",diff_mean_diff_covariance,1
MY-large_mu,8,sigmoid,"{'gamma': 0.039675225494783924, 'coef0': 0.0}","sigmoid(coef0=0.0, gamma=0.039675225494783924)",0.8,rbf,"{'C': 1.0, 'gamma': 0.5}","{'thetas': array([0.0028, 0.0035, 0.0042, 0.0048, 0.0076, 0.0112, 0.012 , 0.0214]), 'lambdas': array([0.0028, 0.0035, 0.0042, 0.0048, 0.0076, 0.0112, 0.012 , 0.0214]), 'gvals': array([177.7513, 138.2714, 115.2794, 101.3841,  62.9298,  41.8099,
        39.0847,  20.9296])}",diff_mean_diff_covariance,1
MY-large_mu,10,linear,{},linear,0.9636363636363636,rbf,"{'C': 1.0, 'gamma': 'scale'}","{'thetas': array([0., 0., 0., 0., 0., 0., 0., 0., 0., 0.]), 'lambdas': array([0., 0., 0., 0., 0., 0., 0., 0., 0., 0.]), 'gvals': array([1.5291e+11, 7.3916e+09, 4.2909e+09, 3.1422e+09, 1.6814e+09,
       1.6379e+09, 1.2294e+09, 1.0368e+09, 9.9498e+08, 9.1770e+08])}",diff_mean_diff_covariance,1
MY-large_mu,10,rbf,{'gamma': 0.039675225494783924},rbf(gamma=0.039675225494783924),0.7727272727272727,rbf,"{'C': 1.0, 'gamma': 0.5}","{'thetas': array([0.0003, 0.001 , 0.0012, 0.0022, 0.0026, 0.0035, 0.0044, 0.0054,
       0.0096, 0.0104]), 'lambdas': array([0.0003, 0.001 , 0.0012, 0.0022, 0.0026, 0.0035, 0.0044, 0.0054,
       0.0096, 0.0104]), 'gvals': array([1977.3178,  486.874 ,  421.8045,  222.0715,  190.9058,  141.3961,
        109.6745,   88.8912,   49.2541,   45.511 ])}",diff_mean_diff_covariance,1
MY-large_mu,10,laplacian,{'gamma': 0.039675225494783924},laplacian(gamma=0.039675225494783924),0.6636363636363637,rbf,"{'C': 2.0, 'gamma': 'scale'}","{'thetas': array([0.    , 0.0005, 0.0023, 0.0058, 0.0089, 0.0091, 0.0121, 0.013 ,
       0.0159, 0.0182]), 'lambdas': array([0.    , 0.0005, 0.0023, 0.0058, 0.0089, 0.0091, 0.0121, 0.013 ,
       0.0159, 0.0182]), 'gvals': array([10583.1539,   910.4543,   215.5511,    83.1633,    53.5867,
          52.1756,    38.5703,    35.7673,    28.8377,    24.9356])}",diff_mean_diff_covariance,1
MY-large_mu,10,polynomial,"{'degree': 2, 'gamma': 0.039675225494783924, 'coef0': 1.0}","polynomial(coef0=1.0, degree=2, gamma=0.039675225494783924)",0.7363636363636363,rbf,"{'C': 0.5, 'gamma': 'scale'}","{'thetas': array([0.0013, 0.0017, 0.0111, 0.0162, 0.0191, 0.0247, 0.0276, 0.0405,
       0.0459, 0.0544]), 'lambdas': array([0.0013, 0.0017, 0.0111, 0.0162, 0.0191, 0.0247, 0.0276, 0.0405,
       0.0459, 0.0544]), 'gvals': array([368.2015, 287.6106,  42.2919,  28.3139,  23.6717,  17.8857,
        15.8329,  10.2406,   8.844 ,   7.232 ])}",diff_mean_diff_covariance,1
MY-large_mu,10,sigmoid,"{'gamma': 0.039675225494783924, 'coef0': 0.0}","sigmoid(coef0=0.0, gamma=0.039675225494783924)",0.8363636363636363,rbf,"{'C': 0.5, 'gamma': 0.5}","{'thetas': array([0.0003, 0.001 , 0.0026, 0.0058, 0.0067, 0.009 , 0.0113, 0.0173,
       0.0214, 0.0239]), 'lambdas': array([0.0003, 0.001 , 0.0026, 0.0058, 0.0067, 0.009 , 0.0113, 0.0173,
       0.0214, 0.0239]), 'gvals': array([1865.4512,  520.3451,  188.0141,   83.4146,   71.3008,   52.9611,
         41.4488,   26.2936,   20.9645,   18.5374])}",diff_mean_diff_covariance,1
MY-large_mu,12,linear,{},linear,0.9363636363636364,rbf,"{'C': 2.0, 'gamma': 'scale'}","{'thetas': array([0., 0., 0., 0., 0., 0., 0., 0., 0., 0., 0., 0.]), 'lambdas': array([0., 0., 0., 0., 0., 0., 0., 0., 0., 0., 0., 0.]), 'gvals': array([7.0652e+09, 3.2897e+09, 3.2328e+09, 3.0880e+09, 2.1201e+09,
       1.8314e+09, 1.1832e+09, 1.0795e+09, 1.0134e+09, 8.2992e+08,
       7.7336e+08, 6.2564e+08])}",diff_mean_diff_covariance,1
MY-large_mu,12,rbf,{'gamma': 0.039675225494783924},rbf(gamma=0.039675225494783924),0.7818181818181819,rbf,"{'C': 1.0, 'gamma': 'scale'}","{'thetas': array([0.0025, 0.003 , 0.0038, 0.004 , 0.0054, 0.0075, 0.0085, 0.0098,
       0.0141, 0.0157, 0.0176, 0.0202]), 'lambdas': array([0.0025, 0.003 , 0.0038, 0.004 , 0.0054, 0.0075, 0.0085, 0.0098,
       0.0141, 0.0157, 0.0176, 0.0202]), 'gvals': array([199.4758, 162.4251, 129.9716, 121.8753,  89.1705,  63.7508,
        55.6226,  47.989 ,  32.9225,  29.1994,  25.8707,  22.258 ])}",diff_mean_diff_covariance,1
MY-large_mu,12,laplacian,{'gamma': 0.039675225494783924},laplacian(gamma=0.039675225494783924),0.7363636363636363,rbf,"{'C': 2.0, 'gamma': 'scale'}","{'thetas': array([0.0008, 0.0015, 0.0033, 0.0054, 0.0065, 0.009 , 0.0103, 0.0123,
       0.0137, 0.016 , 0.0178, 0.0184]), 'lambdas': array([0.0008, 0.0015, 0.0033, 0.0054, 0.0065, 0.009 , 0.0103, 0.0123,
       0.0137, 0.016 , 0.0178, 0.0184]), 'gvals': array([616.7476, 330.3589, 147.781 ,  89.9608,  73.8809,  52.6155,
        45.5252,  37.8137,  33.7497,  28.6358,  25.5839,  24.64  ])}",diff_mean_diff_covariance,1
MY-large_mu,12,polynomial,"{'degree': 2, 'gamma': 0.039675225494783924, 'coef0': 1.0}","polynomial(coef0=1.0, degree=2, gamma=0.039675225494783924)",0.7909090909090909,rbf,"{'C': 1.0, 'gamma': 'scale'}","{'thetas': array([      0.0067,       0.0174,       0.0207,       0.0291,
             0.041 ,       0.0483,       0.0578, 1796873.0608,
       1472195.867 , 1112064.4164,  536789.4364,       0.0627]), 'lambdas': array([      0.0067,       0.0174,       0.0207,       0.0291,
             0.041 ,       0.0483,       0.0578, 1796873.0608,
       1472195.867 , 1112064.4164,  536789.4364,       0.0627]), 'gvals': array([71.9537, 26.2723, 21.7677, 14.9025, 10.0888,  8.3431,  6.7298,
        6.7008,  6.6011,  6.4609,  6.0967,  6.0937])}",diff_mean_diff_covariance,1
MY-large_mu,12,sigmoid,"{'gamma': 0.039675225494783924, 'coef0': 0.0}","sigmoid(coef0=0.0, gamma=0.039675225494783924)",0.8272727272727273,rbf,"{'C': 0.5, 'gamma': 'scale'}","{'thetas': array([0.0011, 0.0033, 0.0044, 0.0052, 0.009 , 0.0103, 0.0113, 0.0154,
       0.0245, 0.0265, 0.0306, 0.0406]), 'lambdas': array([0.0011, 0.0033, 0.0044, 0.0052, 0.009 , 0.0103, 0.0113, 0.0154,
       0.0245, 0.0265, 0.0306, 0.0406]), 'gvals': array([472.1227, 149.7806, 109.9078,  92.1133,  52.6768,  45.8277,
        41.5255,  29.9087,  18.0397,  16.5477,  14.0765,  10.2074])}",diff_mean_diff_covariance,1
MY-large_mu,14,linear,{},linear,0.8727272727272727,rbf,"{'C': 1.0, 'gamma': 0.5}","{'thetas': array([0., 0., 0., 0., 0., 0., 0., 0., 0., 0., 0., 0., 0., 0.]), 'lambdas': array([0., 0., 0., 0., 0., 0., 0., 0., 0., 0., 0., 0., 0., 0.]), 'gvals': array([1.3053e+10, 8.2420e+09, 4.6075e+09, 3.2291e+09, 2.4748e+09,
       2.2818e+09, 1.9320e+09, 1.9074e+09, 1.1727e+09, 1.1194e+09,
       1.0949e+09, 7.2041e+08, 7.0238e+08, 6.3815e+08])}",diff_mean_diff_covariance,1
MY-large_mu,14,rbf,{'gamma': 0.039675225494783924},rbf(gamma=0.039675225494783924),0.7454545454545455,rbf,"{'C': 0.5, 'gamma': 'scale'}","{'thetas': array([0.0007, 0.0025, 0.0028, 0.0063, 0.0082, 0.0099, 0.0121, 0.0138,
       0.0176, 0.0191, 0.0231, 0.0283, 0.0293, 0.034 ]), 'lambdas': array([0.0007, 0.0025, 0.0028, 0.0063, 0.0082, 0.0099, 0.0121, 0.0138,
       0.0176, 0.0191, 0.0231, 0.0283, 0.0293, 0.034 ]), 'gvals': array([705.8376, 197.2662, 174.1714,  75.9431,  58.0384,  47.7145,
        38.5703,  33.5442,  25.9417,  23.6746,  19.2563,  15.3933,
        14.7789,  12.4974])}",diff_mean_diff_covariance,1
MY-large_mu,14,laplacian,{'gamma': 0.039675225494783924},laplacian(gamma=0.039675225494783924),0.8545454545454545,rbf,"{'C': 2.0, 'gamma': 'scale'}","{'thetas': array([0.0008, 0.003 , 0.0043, 0.0057, 0.0074, 0.0091, 0.0113, 0.0158,
       0.0177, 0.021 , 0.0243, 0.0273, 0.0311, 0.036 ]), 'lambdas': array([0.0008, 0.003 , 0.0043, 0.0057, 0.0074, 0.0091, 0.0113, 0.0158,
       0.0177, 0.021 , 0.0243, 0.0273, 0.0311, 0.036 ]), 'gvals': array([631.3981, 160.7218, 114.0478,  85.3402,  64.942 ,  52.072 ,
        41.4118,  29.0327,  25.6995,  21.3451,  18.1884,  16.0194,
        13.8459,  11.737 ])}",diff_mean_diff_covariance,1
MY-large_mu,14,polynomial,"{'degree': 2, 'gamma': 0.039675225494783924, 'coef0': 1.0}","polynomial(coef0=1.0, degree=2, gamma=0.039675225494783924)",0.8727272727272727,rbf,"{'C': 1.0, 'gamma': 'scale'}","{'thetas': array([      0.0084,       0.0113,       0.0142,       0.021 ,
             0.0295,       0.0396,       0.0464,       0.0544,
       1979605.5033, 1196258.447 , 1025195.3154,  456050.2814,
        373636.4591,  321716.7253]), 'lambdas': array([      0.0084,       0.0113,       0.0142,       0.021 ,
             0.0295,       0.0396,       0.0464,       0.0544,
       1979605.5033, 1196258.447 , 1025195.3154,  456050.2814,
        373636.4591,  321716.7253]), 'gvals': array([56.5738, 41.6243, 32.5772, 21.3366, 14.699 , 10.515 ,  8.7307,
        7.2401,  6.7492,  6.4974,  6.4202,  6.0152,  5.9155,  5.8407])}",diff_mean_diff_covariance,1
MY-large_mu,14,sigmoid,"{'gamma': 0.039675225494783924, 'coef0': 0.0}","sigmoid(coef0=0.0, gamma=0.039675225494783924)",0.8090909090909091,rbf,"{'C': 2.0, 'gamma': 0.5}","{'thetas': array([      0.    ,       0.0017,       0.0025,       0.0039,
             0.0072,       0.0088,       0.0114,       0.0146,
             0.0184,       0.0206,       0.0336,       0.042 ,
             0.0461, 6817254.8502]), 'lambdas': array([      0.    ,       0.0017,       0.0025,       0.0039,
             0.0072,       0.0088,       0.0114,       0.0146,
             0.0184,       0.0206,       0.0336,       0.042 ,
             0.0461, 6817254.8502]), 'gvals': array([17239.3976,   297.637 ,   193.5113,   125.6082,    66.0333,
          53.751 ,    41.0968,    31.5534,    24.6831,    21.786 ,
          12.6879,     9.8276,     8.8049,     7.3675])}",diff_mean_diff_covariance,1
MY-large_mu,16,linear,{},linear,0.9454545454545454,rbf,"{'C': 1.0, 'gamma': 'scale'}","{'thetas': array([0., 0., 0., 0., 0., 0., 0., 0., 0., 0., 0., 0., 0., 0., 0., 0.]), 'lambdas': array([0., 0., 0., 0., 0., 0., 0., 0., 0., 0., 0., 0., 0., 0., 0., 0.]), 'gvals': array([3.6067e+09, 3.5964e+09, 3.0047e+09, 2.5690e+09, 1.8567e+09,
       1.3111e+09, 1.2746e+09, 1.1892e+09, 8.4342e+08, 7.3107e+08,
       6.1027e+08, 5.9172e+08, 5.0668e+08, 4.3548e+08, 3.9204e+08,
       3.8120e+08])}",diff_mean_diff_covariance,1
MY-large_mu,16,rbf,{'gamma': 0.039675225494783924},rbf(gamma=0.039675225494783924),0.7909090909090909,rbf,"{'C': 0.5, 'gamma': 'scale'}","{'thetas': array([0.0002, 0.0009, 0.0018, 0.0026, 0.0032, 0.0062, 0.0073, 0.0088,
       0.0115, 0.0138, 0.0157, 0.0183, 0.0205, 0.0213, 0.0246, 0.03  ]), 'lambdas': array([0.0002, 0.0009, 0.0018, 0.0026, 0.0032, 0.0062, 0.0073, 0.0088,
       0.0115, 0.0138, 0.0157, 0.0183, 0.0205, 0.0213, 0.0246, 0.03  ]), 'gvals': array([2840.7391,  538.9548,  267.4979,  188.8511,  151.4664,   77.5818,
         65.7231,   53.8766,   40.6772,   33.592 ,   29.301 ,   24.8624,
         21.9637,   21.0621,   18.0116,   14.3961])}",diff_mean_diff_covariance,1
MY-large_mu,16,laplacian,{'gamma': 0.039675225494783924},laplacian(gamma=0.039675225494783924),0.8090909090909091,rbf,"{'C': 2.0, 'gamma': 'scale'}","{'thetas': array([0.0019, 0.0027, 0.0042, 0.0052, 0.0069, 0.011 , 0.0119, 0.0124,
       0.0158, 0.0196, 0.0205, 0.0247, 0.0265, 0.0326, 0.0349, 0.0397]), 'lambdas': array([0.0019, 0.0027, 0.0042, 0.0052, 0.0069, 0.011 , 0.0119, 0.0124,
       0.0158, 0.0196, 0.0205, 0.0247, 0.0265, 0.0326, 0.0349, 0.0397]), 'gvals': array([255.6111, 184.6033, 115.117 ,  92.2981,  69.0725,  42.8091,
        39.3822,  37.6674,  29.1149,  23.0565,  21.9366,  17.9242,
        16.5859,  13.1105,  12.1454,  10.4854])}",diff_mean_diff_covariance,1
MY-large_mu,16,polynomial,"{'degree': 2, 'gamma': 0.039675225494783924, 'coef0': 1.0}","polynomial(coef0=1.0, degree=2, gamma=0.039675225494783924)",0.8818181818181818,poly,"{'C': 2.0, 'gamma': 'scale', 'degree': 2, 'coef0': 1.0}","{'thetas': array([      0.0036,       0.0096,       0.0193,       0.0215,
             0.0264,       0.0324,       0.0385,       0.0477,
             0.049 ,       0.0566, 1765663.4718, 1297159.6381,
        548555.8984,  405395.1394,       0.0651,  288763.3104]), 'lambdas': array([      0.0036,       0.0096,       0.0193,       0.0215,
             0.0264,       0.0324,       0.0385,       0.0477,
             0.049 ,       0.0566, 1765663.4718, 1297159.6381,
        548555.8984,  405395.1394,       0.0651,  288763.3104]), 'gvals': array([136.8009,  49.1551,  23.4963,  20.7851,  16.627 ,  13.2022,
        10.8682,   8.4509,   8.2039,   6.9053,   6.692 ,   6.5378,
         6.1075,   5.9563,   5.8117,   5.7867])}",diff_mean_diff_covariance,1
MY-large_mu,16,sigmoid,"{'gamma': 0.039675225494783924, 'coef0': 0.0}","sigmoid(coef0=0.0, gamma=0.039675225494783924)",0.8,rbf,"{'C': 2.0, 'gamma': 'scale'}","{'thetas': array([      0.0012,       0.0018,       0.0023,       0.0041,
             0.0047,       0.0078,       0.0087,       0.0097,
             0.0159,       0.0212,       0.0264,       0.0318,
             0.0349,       0.0474, 5367057.8673, 2575132.6082]), 'lambdas': array([      0.0012,       0.0018,       0.0023,       0.0041,
             0.0047,       0.0078,       0.0087,       0.0097,
             0.0159,       0.0212,       0.0264,       0.0318,
             0.0349,       0.0474, 5367057.8673, 2575132.6082]), 'gvals': array([427.1968, 271.0944, 217.4057, 119.4097, 103.9607,  61.3389,
        54.8895,  48.5103,  28.9356,  21.1945,  16.609 ,  13.4978,
        12.1476,   8.5214,   7.2479,   6.8807])}",diff_mean_diff_covariance,1
MY-large_mu,20,linear,{},linear,0.8909090909090909,rbf,"{'C': 2.0, 'gamma': 0.5}","{'thetas': array([0., 0., 0., 0., 0., 0., 0., 0., 0., 0., 0., 0., 0., 0., 0., 0., 0.,
       0., 0., 0.]), 'lambdas': array([0., 0., 0., 0., 0., 0., 0., 0., 0., 0., 0., 0., 0., 0., 0., 0., 0.,
       0., 0., 0.]), 'gvals': array([1.8804e+10, 1.6575e+10, 1.3534e+10, 7.0611e+09, 4.9776e+09,
       3.5366e+09, 3.3640e+09, 1.8712e+09, 1.8568e+09, 1.3295e+09,
       1.1028e+09, 1.0396e+09, 8.6823e+08, 8.0254e+08, 7.8012e+08,
       6.9317e+08, 6.9280e+08, 5.6882e+08, 5.3317e+08, 4.6503e+08])}",diff_mean_diff_covariance,1
MY-large_mu,20,rbf,{'gamma': 0.039675225494783924},rbf(gamma=0.039675225494783924),0.7818181818181819,rbf,"{'C': 1.0, 'gamma': 'scale'}","{'thetas': array([      0.    ,       0.0019,       0.0031,       0.0042,
             0.0051,       0.0072,       0.0101,       0.011 ,
             0.0135,       0.0149,       0.016 ,       0.0175,
             0.0249,       0.0282,       0.0347,       0.0357,
             0.0465,       0.05  ,       0.0523, 8075658.328 ]), 'lambdas': array([      0.    ,       0.0019,       0.0031,       0.0042,
             0.0051,       0.0072,       0.0101,       0.011 ,
             0.0135,       0.0149,       0.016 ,       0.0175,
             0.0249,       0.0282,       0.0347,       0.0357,
             0.0465,       0.05  ,       0.0523, 8075658.328 ]), 'gvals': array([54386.3306,   252.8016,   159.1126,   116.6368,    95.0179,
          66.9256,    46.7104,    42.5275,    34.3835,    30.8912,
          28.7453,    26.102 ,    17.7728,    15.4508,    12.2159,
          11.8572,     8.7135,     7.9961,     7.5796,     7.4522])}",diff_mean_diff_covariance,1
MY-large_mu,20,laplacian,{'gamma': 0.039675225494783924},laplacian(gamma=0.039675225494783924),0.8272727272727273,rbf,"{'C': 2.0, 'gamma': 'scale'}","{'thetas': array([      0.0009,       0.0031,       0.0039,       0.006 ,
             0.0077,       0.009 ,       0.0105,       0.0135,
             0.0168,       0.0208,       0.0246,       0.0297,
             0.0363,       0.0429,       0.0491,       0.0506,
       2721573.2961,       0.057 ,  218460.5315,  202090.132 ]), 'lambdas': array([      0.0009,       0.0031,       0.0039,       0.006 ,
             0.0077,       0.009 ,       0.0105,       0.0135,
             0.0168,       0.0208,       0.0246,       0.0297,
             0.0363,       0.0429,       0.0491,       0.0506,
       2721573.2961,       0.057 ,  218460.5315,  202090.132 ]), 'gvals': array([525.385 , 156.2168, 124.0292,  80.6133,  61.9144,  52.9846,
        45.058 ,  34.3311,  27.2452,  21.6377,  17.9886,  14.5564,
        11.6098,   9.5783,   8.1735,   7.8911,   6.9084,   6.839 ,
         5.6472,   5.6082])}",diff_mean_diff_covariance,1
MY-large_mu,20,polynomial,"{'degree': 2, 'gamma': 0.039675225494783924, 'coef0': 1.0}","polynomial(coef0=1.0, degree=2, gamma=0.039675225494783924)",0.9,rbf,"{'C': 1.0, 'gamma': 'scale'}","{'thetas': array([      0.0089,       0.0122,       0.0168,       0.0198,
             0.0271,       0.0354,       0.039 ,       0.0502,
             0.0573, 1477338.3282,  701525.6944,  583992.3601,
        502785.5098,  321541.3621,  278122.8117,  203293.2904,
             0.0681,  139040.3934,  121022.3212,   88157.7079]), 'lambdas': array([      0.0089,       0.0122,       0.0168,       0.0198,
             0.0271,       0.0354,       0.039 ,       0.0502,
             0.0573, 1477338.3282,  701525.6944,  583992.3601,
        502785.5098,  321541.3621,  278122.8117,  203293.2904,
             0.0681,  139040.3934,  121022.3212,   88157.7079]), 'gvals': array([53.2366, 38.2334, 27.2361, 22.8319, 16.15  , 11.9426, 10.6936,
        7.9662,  6.7997,  6.6029,  6.2305,  6.1388,  6.064 ,  5.8404,
        5.7679,  5.6112,  5.4957,  5.4213,  5.3519,  5.1934])}",diff_mean_diff_covariance,1
MY-large_mu,20,sigmoid,"{'gamma': 0.039675225494783924, 'coef0': 0.0}","sigmoid(coef0=0.0, gamma=0.039675225494783924)",0.9,rbf,"{'C': 2.0, 'gamma': 'scale'}","{'thetas': array([      0.001 ,       0.0016,       0.0024,       0.0035,
             0.0058,       0.0069,       0.0091,       0.0099,
             0.0138,       0.0198,       0.0327,       0.0369,
             0.0444,       0.0462, 4379607.4681, 3032556.435 ,
       1876805.6779,       0.058 , 1502903.4253,       0.0593]), 'lambdas': array([      0.001 ,       0.0016,       0.0024,       0.0035,
             0.0058,       0.0069,       0.0091,       0.0099,
             0.0138,       0.0198,       0.0327,       0.0369,
             0.0444,       0.0462, 4379607.4681, 3032556.435 ,
       1876805.6779,       0.058 , 1502903.4253,       0.0593]), 'gvals': array([519.8145, 300.9459, 209.0503, 139.9069,  82.4473,  69.5091,
        52.0841,  47.8325,  33.5654,  22.8209,  13.0672,  11.4062,
         9.2043,   8.7741,   7.1462,   6.9625,   6.7225,   6.6914,
         6.6115,   6.5165])}",diff_mean_diff_covariance,1
MY-small_mu,1,linear,{},linear,0.6909090909090909,poly,"{'C': 1.0, 'gamma': 'scale', 'degree': 2, 'coef0': 1.0}","{'thetas': array([0.]), 'lambdas': array([0.]), 'D_scores': array([1.5676e+10])}",diff_mean_diff_covariance,1
MY-small_mu,1,rbf,{'gamma': 0.039675225494783924},rbf(gamma=0.039675225494783924),0.6,rbf,"{'C': 1.0, 'gamma': 'scale'}","{'thetas': array([0.0003]), 'lambdas': array([0.0003]), 'D_scores': array([1745.3117])}",diff_mean_diff_covariance,1
MY-small_mu,1,laplacian,{'gamma': 0.039675225494783924},laplacian(gamma=0.039675225494783924),0.5909090909090909,rbf,"{'C': 2.0, 'gamma': 'scale'}","{'thetas': array([0.0001]), 'lambdas': array([0.0001]), 'D_scores': array([3558.462])}",diff_mean_diff_covariance,1
MY-small_mu,1,polynomial,"{'degree': 2, 'gamma': 0.039675225494783924, 'coef0': 1.0}","polynomial(coef0=1.0, degree=2, gamma=0.039675225494783924)",0.6090909090909091,rbf,"{'C': 2.0, 'gamma': 0.5}","{'thetas': array([0.0041]), 'lambdas': array([0.0041]), 'D_scores': array([120.0491])}",diff_mean_diff_covariance,1
MY-small_mu,1,sigmoid,"{'gamma': 0.039675225494783924, 'coef0': 0.0}","sigmoid(coef0=0.0, gamma=0.039675225494783924)",0.6454545454545455,rbf,"{'C': 1.0, 'gamma': 'scale'}","{'thetas': array([0.0006]), 'lambdas': array([0.0006]), 'D_scores': array([791.9112])}",diff_mean_diff_covariance,1
MY-small_mu,2,linear,{},linear,0.8272727272727273,rbf,"{'C': 2.0, 'gamma': 'scale'}","{'thetas': array([0., 0.]), 'lambdas': array([0., 0.]), 'D_scores': array([1.1981e+10, 9.7881e+09])}",diff_mean_diff_covariance,1
MY-small_mu,2,rbf,{'gamma': 0.039675225494783924},rbf(gamma=0.039675225494783924),0.6454545454545455,poly,"{'C': 2.0, 'gamma': 'scale', 'degree': 2, 'coef0': 1.0}","{'thetas': array([0.0008, 0.0016]), 'lambdas': array([0.0008, 0.0016]), 'D_scores': array([595.7862, 313.7191])}",diff_mean_diff_covariance,1
MY-small_mu,2,laplacian,{'gamma': 0.039675225494783924},laplacian(gamma=0.039675225494783924),0.6090909090909091,rbf,"{'C': 0.5, 'gamma': 'scale'}","{'thetas': array([0.0001, 0.0029]), 'lambdas': array([0.0001, 0.0029]), 'D_scores': array([8766.1076,  169.5459])}",diff_mean_diff_covariance,1
MY-small_mu,2,polynomial,"{'degree': 2, 'gamma': 0.039675225494783924, 'coef0': 1.0}","polynomial(coef0=1.0, degree=2, gamma=0.039675225494783924)",0.5909090909090909,rbf,"{'C': 2.0, 'gamma': 'scale'}","{'thetas': array([0.0014, 0.0083]), 'lambdas': array([0.0014, 0.0083]), 'D_scores': array([364.4261,  57.3949])}",diff_mean_diff_covariance,1
MY-small_mu,2,sigmoid,"{'gamma': 0.039675225494783924, 'coef0': 0.0}","sigmoid(coef0=0.0, gamma=0.039675225494783924)",0.7272727272727273,rbf,"{'C': 2.0, 'gamma': 'scale'}","{'thetas': array([0.0007, 0.0022]), 'lambdas': array([0.0007, 0.0022]), 'D_scores': array([756.8861, 225.4837])}",diff_mean_diff_covariance,1
MY-small_mu,3,linear,{},linear,0.8636363636363636,poly,"{'C': 2.0, 'gamma': 'scale', 'degree': 2, 'coef0': 1.0}","{'thetas': array([0., 0., 0.]), 'lambdas': array([0., 0., 0.]), 'D_scores': array([3.2374e+10, 1.2876e+10, 5.4793e+09])}",diff_mean_diff_covariance,1
MY-small_mu,3,rbf,{'gamma': 0.039675225494783924},rbf(gamma=0.039675225494783924),0.6727272727272727,rbf,"{'C': 0.5, 'gamma': 0.5}","{'thetas': array([0.0001, 0.0003, 0.0011]), 'lambdas': array([0.0001, 0.0003, 0.0011]), 'D_scores': array([4384.7902, 1571.6639,  435.2919])}",diff_mean_diff_covariance,1
MY-small_mu,3,laplacian,{'gamma': 0.039675225494783924},laplacian(gamma=0.039675225494783924),0.6727272727272727,rbf,"{'C': 2.0, 'gamma': 0.5}","{'thetas': array([0.0002, 0.0016, 0.0025]), 'lambdas': array([0.0002, 0.0016, 0.0025]), 'D_scores': array([2741.9038,  299.3978,  199.6845])}",diff_mean_diff_covariance,1
MY-small_mu,3,polynomial,"{'degree': 2, 'gamma': 0.039675225494783924, 'coef0': 1.0}","polynomial(coef0=1.0, degree=2, gamma=0.039675225494783924)",0.7,rbf,"{'C': 1.0, 'gamma': 'scale'}","{'thetas': array([0.0051, 0.0114, 0.0159]), 'lambdas': array([0.0051, 0.0114, 0.0159]), 'D_scores': array([94.71  , 40.9854, 28.9268])}",diff_mean_diff_covariance,1
MY-small_mu,3,sigmoid,"{'gamma': 0.039675225494783924, 'coef0': 0.0}","sigmoid(coef0=0.0, gamma=0.039675225494783924)",0.6909090909090909,rbf,"{'C': 2.0, 'gamma': 0.5}","{'thetas': array([0.0008, 0.0029, 0.0063]), 'lambdas': array([0.0008, 0.0029, 0.0063]), 'D_scores': array([586.9738, 166.843 ,  75.7908])}",diff_mean_diff_covariance,1
MY-small_mu,4,linear,{},linear,0.9363636363636364,rbf,"{'C': 2.0, 'gamma': 0.5}","{'thetas': array([0., 0., 0., 0.]), 'lambdas': array([0., 0., 0., 0.]), 'D_scores': array([1.7968e+10, 3.7708e+09, 1.5339e+09, 1.2347e+09])}",diff_mean_diff_covariance,1
MY-small_mu,4,rbf,{'gamma': 0.039675225494783924},rbf(gamma=0.039675225494783924),0.6636363636363637,rbf,"{'C': 0.5, 'gamma': 0.5}","{'thetas': array([0.0006, 0.0025, 0.0029, 0.0034]), 'lambdas': array([0.0006, 0.0025, 0.0029, 0.0034]), 'D_scores': array([781.8633, 198.5408, 167.6986, 142.4037])}",diff_mean_diff_covariance,1
MY-small_mu,4,laplacian,{'gamma': 0.039675225494783924},laplacian(gamma=0.039675225494783924),0.6727272727272727,rbf,"{'C': 1.0, 'gamma': 'scale'}","{'thetas': array([0.0012, 0.0026, 0.0035, 0.0043]), 'lambdas': array([0.0012, 0.0026, 0.0035, 0.0043]), 'D_scores': array([406.581 , 187.1209, 140.1941, 112.0903])}",diff_mean_diff_covariance,1
MY-small_mu,4,polynomial,"{'degree': 2, 'gamma': 0.039675225494783924, 'coef0': 1.0}","polynomial(coef0=1.0, degree=2, gamma=0.039675225494783924)",0.7909090909090909,rbf,"{'C': 0.5, 'gamma': 'scale'}","{'thetas': array([0.0007, 0.0067, 0.0115, 0.0157]), 'lambdas': array([0.0007, 0.0067, 0.0115, 0.0157]), 'D_scores': array([682.7188,  72.0778,  40.6221,  29.2256])}",diff_mean_diff_covariance,1
MY-small_mu,4,sigmoid,"{'gamma': 0.039675225494783924, 'coef0': 0.0}","sigmoid(coef0=0.0, gamma=0.039675225494783924)",0.7727272727272727,rbf,"{'C': 1.0, 'gamma': 0.5}","{'thetas': array([0.0029, 0.003 , 0.0084, 0.0099]), 'lambdas': array([0.0029, 0.003 , 0.0084, 0.0099]), 'D_scores': array([168.5509, 161.8384,  56.3527,  47.826 ])}",diff_mean_diff_covariance,1
MY-small_mu,5,linear,{},linear,0.8909090909090909,rbf,"{'C': 2.0, 'gamma': 0.5}","{'thetas': array([0., 0., 0., 0., 0.]), 'lambdas': array([0., 0., 0., 0., 0.]), 'D_scores': array([2.6526e+10, 7.6814e+09, 5.4751e+09, 3.5651e+09, 2.5054e+09])}",diff_mean_diff_covariance,1
MY-small_mu,5,rbf,{'gamma': 0.039675225494783924},rbf(gamma=0.039675225494783924),0.7181818181818181,rbf,"{'C': 2.0, 'gamma': 'scale'}","{'thetas': array([0.0002, 0.0012, 0.0023, 0.0025, 0.0026]), 'lambdas': array([0.0002, 0.0012, 0.0023, 0.0025, 0.0026]), 'D_scores': array([2039.2257,  412.8976,  210.8955,  197.8532,  188.1364])}",diff_mean_diff_covariance,1
MY-small_mu,5,laplacian,{'gamma': 0.039675225494783924},laplacian(gamma=0.039675225494783924),0.6909090909090909,rbf,"{'C': 2.0, 'gamma': 'scale'}","{'thetas': array([0.0016, 0.0031, 0.0039, 0.0055, 0.0074]), 'lambdas': array([0.0016, 0.0031, 0.0039, 0.0055, 0.0074]), 'D_scores': array([309.6363, 157.5937, 125.5426,  87.0584,  65.0597])}",diff_mean_diff_covariance,1
MY-small_mu,5,polynomial,"{'degree': 2, 'gamma': 0.039675225494783924, 'coef0': 1.0}","polynomial(coef0=1.0, degree=2, gamma=0.039675225494783924)",0.7545454545454545,rbf,"{'C': 0.5, 'gamma': 0.5}","{'thetas': array([0.0006, 0.0047, 0.0098, 0.0159, 0.0197]), 'lambdas': array([0.0006, 0.0047, 0.0098, 0.0159, 0.0197]), 'D_scores': array([834.3147, 103.0382,  48.521 ,  28.9189,  22.9078])}",diff_mean_diff_covariance,1
MY-small_mu,5,sigmoid,"{'gamma': 0.039675225494783924, 'coef0': 0.0}","sigmoid(coef0=0.0, gamma=0.039675225494783924)",0.7272727272727273,rbf,"{'C': 1.0, 'gamma': 0.5}","{'thetas': array([0.0001, 0.001 , 0.0017, 0.0031, 0.0045]), 'lambdas': array([0.0001, 0.001 , 0.0017, 0.0031, 0.0045]), 'D_scores': array([3879.8981,  501.4705,  288.087 ,  157.0471,  107.4803])}",diff_mean_diff_covariance,1
MY-small_mu,6,linear,{},linear,0.9181818181818182,rbf,"{'C': 0.5, 'gamma': 'scale'}","{'thetas': array([0., 0., 0., 0., 0., 0.]), 'lambdas': array([0., 0., 0., 0., 0., 0.]), 'D_scores': array([1.3003e+10, 1.1012e+10, 5.6168e+09, 4.2527e+09, 3.4710e+09,
       2.6104e+09])}",diff_mean_diff_covariance,1
MY-small_mu,6,rbf,{'gamma': 0.039675225494783924},rbf(gamma=0.039675225494783924),0.7363636363636363,rbf,"{'C': 0.5, 'gamma': 0.5}","{'thetas': array([0.0013, 0.0031, 0.0033, 0.0046, 0.006 , 0.0068]), 'lambdas': array([0.0013, 0.0031, 0.0033, 0.0046, 0.006 , 0.0068]), 'D_scores': array([377.4944, 155.6286, 150.4757, 104.8936,  80.3212,  70.2752])}",diff_mean_diff_covariance,1
MY-small_mu,6,laplacian,{'gamma': 0.039675225494783924},laplacian(gamma=0.039675225494783924),0.7454545454545455,rbf,"{'C': 1.0, 'gamma': 'scale'}","{'thetas': array([0.0011, 0.0012, 0.0031, 0.0038, 0.0048, 0.0083]), 'lambdas': array([0.0011, 0.0012, 0.0031, 0.0038, 0.0048, 0.0083]), 'D_scores': array([471.8782, 417.4982, 156.6759, 129.6885, 100.9959,  57.64  ])}",diff_mean_diff_covariance,1
MY-small_mu,6,polynomial,"{'degree': 2, 'gamma': 0.039675225494783924, 'coef0': 1.0}","polynomial(coef0=1.0, degree=2, gamma=0.039675225494783924)",0.8,rbf,"{'C': 2.0, 'gamma': 'scale'}","{'thetas': array([0.0032, 0.0114, 0.0216, 0.031 , 0.0328, 0.0403]), 'lambdas': array([0.0032, 0.0114, 0.0216, 0.031 , 0.0328, 0.0403]), 'D_scores': array([152.3157,  40.9574,  20.6986,  13.9365,  13.0162,  10.3058])}",diff_mean_diff_covariance,1
MY-small_mu,6,sigmoid,"{'gamma': 0.039675225494783924, 'coef0': 0.0}","sigmoid(coef0=0.0, gamma=0.039675225494783924)",0.7545454545454545,rbf,"{'C': 2.0, 'gamma': 0.5}","{'thetas': array([0.0005, 0.0018, 0.0035, 0.0048, 0.0062, 0.0082]), 'lambdas': array([0.0005, 0.0018, 0.0035, 0.0048, 0.0062, 0.0082]), 'D_scores': array([983.9762, 275.8959, 139.7479, 100.4005,  77.354 ,  58.3811])}",diff_mean_diff_covariance,1
MY-small_mu,7,linear,{},linear,0.8545454545454545,rbf,"{'C': 2.0, 'gamma': 0.5}","{'thetas': array([0., 0., 0., 0., 0., 0., 0.]), 'lambdas': array([0., 0., 0., 0., 0., 0., 0.]), 'D_scores': array([5.9822e+10, 1.3762e+10, 3.7414e+09, 2.5816e+09, 2.4345e+09,
       1.8331e+09, 1.1595e+09])}",diff_mean_diff_covariance,1
MY-small_mu,7,rbf,{'gamma': 0.039675225494783924},rbf(gamma=0.039675225494783924),0.6181818181818182,rbf,"{'C': 0.5, 'gamma': 'scale'}","{'thetas': array([0.0015, 0.0032, 0.0043, 0.0046, 0.006 , 0.0081, 0.0089]), 'lambdas': array([0.0015, 0.0032, 0.0043, 0.0046, 0.006 , 0.0081, 0.0089]), 'D_scores': array([333.5629, 152.2052, 113.3502, 104.5267,  80.1099,  58.9159,
        53.5977])}",diff_mean_diff_covariance,1
MY-small_mu,7,laplacian,{'gamma': 0.039675225494783924},laplacian(gamma=0.039675225494783924),0.7181818181818181,poly,"{'C': 2.0, 'gamma': 'scale', 'degree': 2, 'coef0': 1.0}","{'thetas': array([0.0019, 0.0039, 0.0044, 0.0066, 0.0087, 0.0111, 0.012 ]), 'lambdas': array([0.0019, 0.0039, 0.0044, 0.0066, 0.0087, 0.0111, 0.012 ]), 'D_scores': array([254.8272, 125.7734, 111.4046,  72.9141,  54.7196,  42.2795,
        39.0951])}",diff_mean_diff_covariance,1
MY-small_mu,7,polynomial,"{'degree': 2, 'gamma': 0.039675225494783924, 'coef0': 1.0}","polynomial(coef0=1.0, degree=2, gamma=0.039675225494783924)",0.7,rbf,"{'C': 2.0, 'gamma': 'scale'}","{'thetas': array([0.0014, 0.008 , 0.0139, 0.0221, 0.0294, 0.0371, 0.0394]), 'lambdas': array([0.0014, 0.008 , 0.0139, 0.0221, 0.0294, 0.0371, 0.0394]), 'D_scores': array([364.5408,  59.8954,  33.4156,  20.2044,  14.7667,  11.3424,
        10.5772])}",diff_mean_diff_covariance,1
MY-small_mu,7,sigmoid,"{'gamma': 0.039675225494783924, 'coef0': 0.0}","sigmoid(coef0=0.0, gamma=0.039675225494783924)",0.7545454545454545,rbf,"{'C': 1.0, 'gamma': 0.5}","{'thetas': array([0.0002, 0.002 , 0.0035, 0.0042, 0.0051, 0.0056, 0.0082]), 'lambdas': array([0.0002, 0.002 , 0.0035, 0.0042, 0.0051, 0.0056, 0.0082]), 'D_scores': array([2336.3234,  243.2923,  140.1774,  115.8418,   95.1265,   86.7674,
         58.1018])}",diff_mean_diff_covariance,1
MY-small_mu,8,linear,{},linear,0.8909090909090909,rbf,"{'C': 0.5, 'gamma': 0.5}","{'thetas': array([0., 0., 0., 0., 0., 0., 0., 0.]), 'lambdas': array([0., 0., 0., 0., 0., 0., 0., 0.]), 'D_scores': array([4.7085e+09, 3.8636e+09, 2.6835e+09, 2.1103e+09, 1.8769e+09,
       1.8731e+09, 1.3075e+09, 1.0398e+09])}",diff_mean_diff_covariance,1
MY-small_mu,8,rbf,{'gamma': 0.039675225494783924},rbf(gamma=0.039675225494783924),0.7363636363636363,rbf,"{'C': 0.5, 'gamma': 0.5}","{'thetas': array([0.0005, 0.0032, 0.0039, 0.0046, 0.006 , 0.0076, 0.0088, 0.0118]), 'lambdas': array([0.0005, 0.0032, 0.0039, 0.0046, 0.006 , 0.0076, 0.0088, 0.0118]), 'D_scores': array([938.7439, 151.0249, 123.8957, 105.3084,  79.8988,  62.5063,
        54.2345,  39.8298])}",diff_mean_diff_covariance,1
MY-small_mu,8,laplacian,{'gamma': 0.039675225494783924},laplacian(gamma=0.039675225494783924),0.7454545454545455,rbf,"{'C': 1.0, 'gamma': 0.5}","{'thetas': array([0.0001, 0.0042, 0.0046, 0.0062, 0.0077, 0.0114, 0.0127, 0.0145]), 'lambdas': array([0.0001, 0.0042, 0.0046, 0.0062, 0.0077, 0.0114, 0.0127, 0.0145]), 'D_scores': array([5950.3805,  116.9315,  105.9996,   78.1277,   61.9963,   40.9823,
         36.604 ,   31.8613])}",diff_mean_diff_covariance,1
MY-small_mu,8,polynomial,"{'degree': 2, 'gamma': 0.039675225494783924, 'coef0': 1.0}","polynomial(coef0=1.0, degree=2, gamma=0.039675225494783924)",0.7818181818181819,rbf,"{'C': 2.0, 'gamma': 'scale'}","{'thetas': array([0.0052, 0.0062, 0.0169, 0.0267, 0.0397, 0.0427, 0.0525, 0.0574]), 'lambdas': array([0.0052, 0.0062, 0.0169, 0.0267, 0.0397, 0.0427, 0.0525, 0.0574]), 'D_scores': array([93.4206, 77.5331, 27.1924, 16.4516, 10.4934,  9.6213,  7.5463,
        6.7953])}",diff_mean_diff_covariance,1
MY-small_mu,8,sigmoid,"{'gamma': 0.039675225494783924, 'coef0': 0.0}","sigmoid(coef0=0.0, gamma=0.039675225494783924)",0.7545454545454545,rbf,"{'C': 2.0, 'gamma': 0.5}","{'thetas': array([0.0028, 0.0035, 0.0042, 0.0048, 0.0076, 0.0112, 0.012 , 0.0214]), 'lambdas': array([0.0028, 0.0035, 0.0042, 0.0048, 0.0076, 0.0112, 0.012 , 0.0214]), 'D_scores': array([177.9213, 138.2792, 115.2807, 101.3862,  62.9302,  41.8117,
        39.0871,  20.9656])}",diff_mean_diff_covariance,1
MY-small_mu,10,linear,{},linear,0.9545454545454546,rbf,"{'C': 0.5, 'gamma': 'scale'}","{'thetas': array([0., 0., 0., 0., 0., 0., 0., 0., 0., 0.]), 'lambdas': array([0., 0., 0., 0., 0., 0., 0., 0., 0., 0.]), 'D_scores': array([1.5291e+11, 7.3916e+09, 4.2909e+09, 3.1422e+09, 1.6814e+09,
       1.6379e+09, 1.2294e+09, 1.0368e+09, 9.9498e+08, 9.1770e+08])}",diff_mean_diff_covariance,1
MY-small_mu,10,rbf,{'gamma': 0.039675225494783924},rbf(gamma=0.039675225494783924),0.6818181818181818,rbf,"{'C': 1.0, 'gamma': 0.5}","{'thetas': array([0.0003, 0.001 , 0.0012, 0.0022, 0.0026, 0.0035, 0.0044, 0.0054,
       0.0096, 0.0104]), 'lambdas': array([0.0003, 0.001 , 0.0012, 0.0022, 0.0026, 0.0035, 0.0044, 0.0054,
       0.0096, 0.0104]), 'D_scores': array([1977.7343,  486.8828,  421.8305,  222.1042,  190.9147,  141.4125,
        109.7782,   88.8914,   49.2707,   45.5133])}",diff_mean_diff_covariance,1
MY-small_mu,10,laplacian,{'gamma': 0.039675225494783924},laplacian(gamma=0.039675225494783924),0.7090909090909091,rbf,"{'C': 2.0, 'gamma': 0.5}","{'thetas': array([0.    , 0.0005, 0.0023, 0.0058, 0.0089, 0.0091, 0.0121, 0.013 ,
       0.0159, 0.0182]), 'lambdas': array([0.    , 0.0005, 0.0023, 0.0058, 0.0089, 0.0091, 0.0121, 0.013 ,
       0.0159, 0.0182]), 'D_scores': array([10584.1945,   910.4669,   215.7949,    83.1841,    53.5907,
          52.1766,    38.5748,    35.7674,    28.8384,    24.9395])}",diff_mean_diff_covariance,1
MY-small_mu,10,polynomial,"{'degree': 2, 'gamma': 0.039675225494783924, 'coef0': 1.0}","polynomial(coef0=1.0, degree=2, gamma=0.039675225494783924)",0.7636363636363637,rbf,"{'C': 0.5, 'gamma': 'scale'}","{'thetas': array([0.0013, 0.0017, 0.0111, 0.0162, 0.0191, 0.0247, 0.0276, 0.0405,
       0.0459, 0.0544]), 'lambdas': array([0.0013, 0.0017, 0.0111, 0.0162, 0.0191, 0.0247, 0.0276, 0.0405,
       0.0459, 0.0544]), 'D_scores': array([368.2073, 287.6129,  42.3246,  28.3732,  23.6953,  17.9062,
        15.8387,  10.2444,   8.8446,   7.2323])}",diff_mean_diff_covariance,1
MY-small_mu,10,sigmoid,"{'gamma': 0.039675225494783924, 'coef0': 0.0}","sigmoid(coef0=0.0, gamma=0.039675225494783924)",0.8,rbf,"{'C': 1.0, 'gamma': 0.5}","{'thetas': array([0.0003, 0.001 , 0.0026, 0.0058, 0.0067, 0.009 , 0.0113, 0.0173,
       0.0214, 0.0239]), 'lambdas': array([0.0003, 0.001 , 0.0026, 0.0058, 0.0067, 0.009 , 0.0113, 0.0173,
       0.0214, 0.0239]), 'D_scores': array([1865.948 ,  520.3487,  188.0461,   83.422 ,   71.3008,   52.9699,
         41.4502,   26.3023,   20.9649,   18.5376])}",diff_mean_diff_covariance,1
MY-small_mu,12,linear,{},linear,0.9454545454545454,rbf,"{'C': 2.0, 'gamma': 'scale'}","{'thetas': array([0., 0., 0., 0., 0., 0., 0., 0., 0., 0., 0., 0.]), 'lambdas': array([0., 0., 0., 0., 0., 0., 0., 0., 0., 0., 0., 0.]), 'D_scores': array([7.0652e+09, 3.2897e+09, 3.2328e+09, 3.0880e+09, 2.1201e+09,
       1.8314e+09, 1.1832e+09, 1.0795e+09, 1.0134e+09, 8.2992e+08,
       7.7336e+08, 6.2564e+08])}",diff_mean_diff_covariance,1
MY-small_mu,12,rbf,{'gamma': 0.039675225494783924},rbf(gamma=0.039675225494783924),0.7090909090909091,rbf,"{'C': 1.0, 'gamma': 0.5}","{'thetas': array([0.0025, 0.003 , 0.0038, 0.004 , 0.0054, 0.0075, 0.0085, 0.0098,
       0.0141, 0.0157, 0.0176, 0.0202]), 'lambdas': array([0.0025, 0.003 , 0.0038, 0.004 , 0.0054, 0.0075, 0.0085, 0.0098,
       0.0141, 0.0157, 0.0176, 0.0202]), 'D_scores': array([199.4782, 162.4438, 130.0197, 121.9221,  89.199 ,  63.752 ,
        55.6441,  48.0098,  32.9226,  29.2078,  25.8708,  22.2627])}",diff_mean_diff_covariance,1
MY-small_mu,12,laplacian,{'gamma': 0.039675225494783924},laplacian(gamma=0.039675225494783924),0.6545454545454545,rbf,"{'C': 1.0, 'gamma': 0.5}","{'thetas': array([0.0008, 0.0015, 0.0033, 0.0054, 0.0065, 0.009 , 0.0103, 0.0123,
       0.0137, 0.016 , 0.0178, 0.0184]), 'lambdas': array([0.0008, 0.0015, 0.0033, 0.0054, 0.0065, 0.009 , 0.0103, 0.0123,
       0.0137, 0.016 , 0.0178, 0.0184]), 'D_scores': array([616.9345, 330.3833, 147.7827,  89.9779,  73.8897,  52.6286,
        45.5252,  37.8139,  33.7517,  28.6371,  25.597 ,  24.6402])}",diff_mean_diff_covariance,1
MY-small_mu,12,polynomial,"{'degree': 2, 'gamma': 0.039675225494783924, 'coef0': 1.0}","polynomial(coef0=1.0, degree=2, gamma=0.039675225494783924)",0.7636363636363637,rbf,"{'C': 1.0, 'gamma': 'scale'}","{'thetas': array([      0.0067,       0.0174,       0.0207,       0.0291,
             0.041 ,       0.0483,       0.0578, 1796873.0608,
       1472195.867 , 1112064.4164,  536789.4364,       0.0627]), 'lambdas': array([      0.0067,       0.0174,       0.0207,       0.0291,
             0.041 ,       0.0483,       0.0578, 1796873.0608,
       1472195.867 , 1112064.4164,  536789.4364,       0.0627]), 'D_scores': array([71.9914, 26.2953, 21.7704, 14.9076, 10.0898,  8.3437,  6.7357,
        6.701 ,  6.6011,  6.4609,  6.0967,  6.0939])}",diff_mean_diff_covariance,1
MY-small_mu,12,sigmoid,"{'gamma': 0.039675225494783924, 'coef0': 0.0}","sigmoid(coef0=0.0, gamma=0.039675225494783924)",0.8363636363636363,rbf,"{'C': 0.5, 'gamma': 'scale'}","{'thetas': array([0.0011, 0.0033, 0.0044, 0.0052, 0.009 , 0.0103, 0.0113, 0.0154,
       0.0245, 0.0265, 0.0306, 0.0406]), 'lambdas': array([0.0011, 0.0033, 0.0044, 0.0052, 0.009 , 0.0103, 0.0113, 0.0154,
       0.0245, 0.0265, 0.0306, 0.0406]), 'D_scores': array([472.1228, 149.8142, 109.9079,  92.1343,  52.6802,  45.8388,
        41.5264,  29.9242,  18.0496,  16.5479,  14.081 ,  10.2103])}",diff_mean_diff_covariance,1
MY-small_mu,14,linear,{},linear,0.9,rbf,"{'C': 2.0, 'gamma': 'scale'}","{'thetas': array([0., 0., 0., 0., 0., 0., 0., 0., 0., 0., 0., 0., 0., 0.]), 'lambdas': array([0., 0., 0., 0., 0., 0., 0., 0., 0., 0., 0., 0., 0., 0.]), 'D_scores': array([1.3053e+10, 8.2420e+09, 4.6075e+09, 3.2291e+09, 2.4748e+09,
       2.2818e+09, 1.9320e+09, 1.9074e+09, 1.1727e+09, 1.1194e+09,
       1.0949e+09, 7.2041e+08, 7.0238e+08, 6.3815e+08])}",diff_mean_diff_covariance,1
MY-small_mu,14,rbf,{'gamma': 0.039675225494783924},rbf(gamma=0.039675225494783924),0.7545454545454545,rbf,"{'C': 2.0, 'gamma': 'scale'}","{'thetas': array([0.0007, 0.0025, 0.0028, 0.0063, 0.0082, 0.0099, 0.0121, 0.0138,
       0.0176, 0.0191, 0.0231, 0.0283, 0.0293, 0.034 ]), 'lambdas': array([0.0007, 0.0025, 0.0028, 0.0063, 0.0082, 0.0099, 0.0121, 0.0138,
       0.0176, 0.0191, 0.0231, 0.0283, 0.0293, 0.034 ]), 'D_scores': array([706.5353, 197.2728, 174.1799,  75.947 ,  58.044 ,  47.7363,
        38.5735,  33.5502,  25.9524,  23.6817,  19.2567,  15.3982,
        14.7942,  12.4976])}",diff_mean_diff_covariance,1
MY-small_mu,14,laplacian,{'gamma': 0.039675225494783924},laplacian(gamma=0.039675225494783924),0.8545454545454545,rbf,"{'C': 1.0, 'gamma': 'scale'}","{'thetas': array([0.0008, 0.003 , 0.0043, 0.0057, 0.0074, 0.0091, 0.0113, 0.0158,
       0.0177, 0.021 , 0.0243, 0.0273, 0.0311, 0.036 ]), 'lambdas': array([0.0008, 0.003 , 0.0043, 0.0057, 0.0074, 0.0091, 0.0113, 0.0158,
       0.0177, 0.021 , 0.0243, 0.0273, 0.0311, 0.036 ]), 'D_scores': array([631.5169, 160.7714, 114.0635,  85.3403,  64.9432,  52.0722,
        41.4153,  29.0351,  25.7126,  21.3455,  18.191 ,  16.0232,
        13.8487,  11.7386])}",diff_mean_diff_covariance,1
MY-small_mu,14,polynomial,"{'degree': 2, 'gamma': 0.039675225494783924, 'coef0': 1.0}","polynomial(coef0=1.0, degree=2, gamma=0.039675225494783924)",0.8727272727272727,rbf,"{'C': 2.0, 'gamma': 'scale'}","{'thetas': array([      0.0084,       0.0113,       0.0142,       0.021 ,
             0.0295,       0.0396,       0.0464,       0.0544,
       1979605.5033, 1196258.447 , 1025195.3154,  456050.2814,
        373636.4591,  321716.7253]), 'lambdas': array([      0.0084,       0.0113,       0.0142,       0.021 ,
             0.0295,       0.0396,       0.0464,       0.0544,
       1979605.5033, 1196258.447 , 1025195.3154,  456050.2814,
        373636.4591,  321716.7253]), 'D_scores': array([56.5746, 41.6539, 32.5806, 21.3569, 14.6992, 10.5369,  8.732 ,
        7.2404,  6.7493,  6.4975,  6.4202,  6.0152,  5.9155,  5.8407])}",diff_mean_diff_covariance,1
MY-small_mu,14,sigmoid,"{'gamma': 0.039675225494783924, 'coef0': 0.0}","sigmoid(coef0=0.0, gamma=0.039675225494783924)",0.7636363636363637,rbf,"{'C': 1.0, 'gamma': 0.5}","{'thetas': array([      0.    ,       0.0017,       0.0025,       0.0039,
             0.0072,       0.0088,       0.0114,       0.0146,
             0.0184,       0.0206,       0.0336,       0.042 ,
             0.0461, 6817254.8502]), 'lambdas': array([      0.    ,       0.0017,       0.0025,       0.0039,
             0.0072,       0.0088,       0.0114,       0.0146,
             0.0184,       0.0206,       0.0336,       0.042 ,
             0.0461, 6817254.8502]), 'D_scores': array([17240.9894,   297.6671,   193.5138,   125.6093,    66.071 ,
          53.7516,    41.1119,    31.5593,    24.6849,    21.7863,
          12.6998,     9.8276,     8.809 ,     7.3675])}",diff_mean_diff_covariance,1
MY-small_mu,16,linear,{},linear,0.9363636363636364,rbf,"{'C': 2.0, 'gamma': 'scale'}","{'thetas': array([0., 0., 0., 0., 0., 0., 0., 0., 0., 0., 0., 0., 0., 0., 0., 0.]), 'lambdas': array([0., 0., 0., 0., 0., 0., 0., 0., 0., 0., 0., 0., 0., 0., 0., 0.]), 'D_scores': array([3.6067e+09, 3.5964e+09, 3.0047e+09, 2.5690e+09, 1.8567e+09,
       1.3111e+09, 1.2746e+09, 1.1892e+09, 8.4342e+08, 7.3107e+08,
       6.1027e+08, 5.9172e+08, 5.0668e+08, 4.3548e+08, 3.9204e+08,
       3.8120e+08])}",diff_mean_diff_covariance,1
MY-small_mu,16,rbf,{'gamma': 0.039675225494783924},rbf(gamma=0.039675225494783924),0.8181818181818182,rbf,"{'C': 1.0, 'gamma': 'scale'}","{'thetas': array([0.0002, 0.0009, 0.0018, 0.0026, 0.0032, 0.0062, 0.0073, 0.0088,
       0.0115, 0.0138, 0.0157, 0.0183, 0.0205, 0.0213, 0.0246, 0.03  ]), 'lambdas': array([0.0002, 0.0009, 0.0018, 0.0026, 0.0032, 0.0062, 0.0073, 0.0088,
       0.0115, 0.0138, 0.0157, 0.0183, 0.0205, 0.0213, 0.0246, 0.03  ]), 'D_scores': array([2840.8013,  539.02  ,  267.7134,  188.8531,  151.4924,   77.5853,
         65.7316,   53.8775,   40.6907,   33.5953,   29.3016,   24.8626,
         21.9751,   21.0678,   18.012 ,   14.3999])}",diff_mean_diff_covariance,1
MY-small_mu,16,laplacian,{'gamma': 0.039675225494783924},laplacian(gamma=0.039675225494783924),0.7909090909090909,rbf,"{'C': 2.0, 'gamma': 'scale'}","{'thetas': array([0.0019, 0.0027, 0.0042, 0.0052, 0.0069, 0.011 , 0.0119, 0.0124,
       0.0158, 0.0196, 0.0205, 0.0247, 0.0265, 0.0326, 0.0349, 0.0397]), 'lambdas': array([0.0019, 0.0027, 0.0042, 0.0052, 0.0069, 0.011 , 0.0119, 0.0124,
       0.0158, 0.0196, 0.0205, 0.0247, 0.0265, 0.0326, 0.0349, 0.0397]), 'D_scores': array([255.6456, 184.6156, 115.1211,  92.3001,  69.0977,  42.8114,
        39.3836,  37.6674,  29.1201,  23.0566,  21.9412,  17.9264,
        16.5862,  13.1225,  12.1467,  10.4854])}",diff_mean_diff_covariance,1
MY-small_mu,16,polynomial,"{'degree': 2, 'gamma': 0.039675225494783924, 'coef0': 1.0}","polynomial(coef0=1.0, degree=2, gamma=0.039675225494783924)",0.8636363636363636,poly,"{'C': 1.0, 'gamma': 'scale', 'degree': 2, 'coef0': 1.0}","{'thetas': array([      0.0036,       0.0096,       0.0193,       0.0215,
             0.0264,       0.0324,       0.0385,       0.0477,
             0.049 ,       0.0566, 1765663.4718, 1297159.6381,
        548555.8984,  405395.1394,       0.0651,  288763.3104]), 'lambdas': array([      0.0036,       0.0096,       0.0193,       0.0215,
             0.0264,       0.0324,       0.0385,       0.0477,
             0.049 ,       0.0566, 1765663.4718, 1297159.6381,
        548555.8984,  405395.1394,       0.0651,  288763.3104]), 'D_scores': array([136.8013,  49.2003,  23.4977,  20.7852,  16.6353,  13.2364,
        10.8781,   8.4524,   8.2041,   6.9056,   6.6922,   6.5379,
         6.1075,   5.9563,   5.812 ,   5.7867])}",diff_mean_diff_covariance,1
MY-small_mu,16,sigmoid,"{'gamma': 0.039675225494783924, 'coef0': 0.0}","sigmoid(coef0=0.0, gamma=0.039675225494783924)",0.8181818181818182,poly,"{'C': 2.0, 'gamma': 'scale', 'degree': 2, 'coef0': 1.0}","{'thetas': array([      0.0012,       0.0018,       0.0023,       0.0041,
             0.0047,       0.0078,       0.0087,       0.0097,
             0.0159,       0.0212,       0.0264,       0.0318,
             0.0349,       0.0474, 5367057.8673, 2575132.6082]), 'lambdas': array([      0.0012,       0.0018,       0.0023,       0.0041,
             0.0047,       0.0078,       0.0087,       0.0097,
             0.0159,       0.0212,       0.0264,       0.0318,
             0.0349,       0.0474, 5367057.8673, 2575132.6082]), 'D_scores': array([427.2244, 271.0948, 217.5285, 119.4098, 103.961 ,  61.3412,
        54.8956,  48.5272,  28.9662,  21.198 ,  16.6228,  13.4993,
        12.1507,   8.5287,   7.2479,   6.8807])}",diff_mean_diff_covariance,1
MY-small_mu,20,linear,{},linear,0.8909090909090909,rbf,"{'C': 1.0, 'gamma': 0.5}","{'thetas': array([0., 0., 0., 0., 0., 0., 0., 0., 0., 0., 0., 0., 0., 0., 0., 0., 0.,
       0., 0., 0.]), 'lambdas': array([0., 0., 0., 0., 0., 0., 0., 0., 0., 0., 0., 0., 0., 0., 0., 0., 0.,
       0., 0., 0.]), 'D_scores': array([1.8804e+10, 1.6575e+10, 1.3534e+10, 7.0611e+09, 4.9776e+09,
       3.5366e+09, 3.3640e+09, 1.8712e+09, 1.8568e+09, 1.3295e+09,
       1.1028e+09, 1.0396e+09, 8.6823e+08, 8.0254e+08, 7.8012e+08,
       6.9317e+08, 6.9280e+08, 5.6882e+08, 5.3317e+08, 4.6503e+08])}",diff_mean_diff_covariance,1
MY-small_mu,20,rbf,{'gamma': 0.039675225494783924},rbf(gamma=0.039675225494783924),0.8909090909090909,rbf,"{'C': 1.0, 'gamma': 'scale'}","{'thetas': array([      0.    ,       0.0019,       0.0031,       0.0042,
             0.0051,       0.0072,       0.0101,       0.011 ,
             0.0135,       0.0149,       0.016 ,       0.0175,
             0.0249,       0.0282,       0.0347,       0.0357,
             0.0465,       0.05  ,       0.0523, 8075658.328 ]), 'lambdas': array([      0.    ,       0.0019,       0.0031,       0.0042,
             0.0051,       0.0072,       0.0101,       0.011 ,
             0.0135,       0.0149,       0.016 ,       0.0175,
             0.0249,       0.0282,       0.0347,       0.0357,
             0.0465,       0.05  ,       0.0523, 8075658.328 ]), 'D_scores': array([54387.3057,   252.8032,   159.1132,   116.6605,    95.0303,
          66.9272,    46.7157,    42.5381,    34.3867,    30.8932,
          28.7496,    26.1073,    17.7766,    15.456 ,    12.2159,
          11.8573,     8.7139,     7.9963,     7.5797,     7.4525])}",diff_mean_diff_covariance,1
MY-small_mu,20,laplacian,{'gamma': 0.039675225494783924},laplacian(gamma=0.039675225494783924),0.8,rbf,"{'C': 2.0, 'gamma': 'scale'}","{'thetas': array([      0.0009,       0.0031,       0.0039,       0.006 ,
             0.0077,       0.009 ,       0.0105,       0.0135,
             0.0168,       0.0208,       0.0246,       0.0297,
             0.0363,       0.0429,       0.0491,       0.0506,
       2721573.2961,       0.057 ,  218460.5315,  202090.132 ]), 'lambdas': array([      0.0009,       0.0031,       0.0039,       0.006 ,
             0.0077,       0.009 ,       0.0105,       0.0135,
             0.0168,       0.0208,       0.0246,       0.0297,
             0.0363,       0.0429,       0.0491,       0.0506,
       2721573.2961,       0.057 ,  218460.5315,  202090.132 ]), 'D_scores': array([525.4197, 156.2243, 124.0385,  80.614 ,  61.9144,  52.9862,
        45.0615,  34.3329,  27.2518,  21.6389,  17.9888,  14.5628,
        11.6103,   9.5783,   8.1803,   7.892 ,   6.9085,   6.8408,
         5.6473,   5.6083])}",diff_mean_diff_covariance,1
MY-small_mu,20,polynomial,"{'degree': 2, 'gamma': 0.039675225494783924, 'coef0': 1.0}","polynomial(coef0=1.0, degree=2, gamma=0.039675225494783924)",0.8909090909090909,rbf,"{'C': 2.0, 'gamma': 'scale'}","{'thetas': array([      0.0089,       0.0122,       0.0168,       0.0198,
             0.0271,       0.0354,       0.039 ,       0.0502,
             0.0573, 1477338.3282,  701525.6944,  583992.3601,
        502785.5098,  321541.3621,  278122.8117,  203293.2904,
             0.0681,  139040.3934,  121022.3212,   88157.7079]), 'lambdas': array([      0.0089,       0.0122,       0.0168,       0.0198,
             0.0271,       0.0354,       0.039 ,       0.0502,
             0.0573, 1477338.3282,  701525.6944,  583992.3601,
        502785.5098,  321541.3621,  278122.8117,  203293.2904,
             0.0681,  139040.3934,  121022.3212,   88157.7079]), 'D_scores': array([53.237 , 38.2838, 27.2421, 22.832 , 16.1565, 11.9464, 10.708 ,
        7.9788,  6.8024,  6.603 ,  6.2305,  6.1389,  6.064 ,  5.8405,
        5.768 ,  5.6113,  5.4978,  5.4213,  5.3519,  5.1937])}",diff_mean_diff_covariance,1
MY-small_mu,20,sigmoid,"{'gamma': 0.039675225494783924, 'coef0': 0.0}","sigmoid(coef0=0.0, gamma=0.039675225494783924)",0.9363636363636364,rbf,"{'C': 2.0, 'gamma': 'scale'}","{'thetas': array([      0.001 ,       0.0016,       0.0024,       0.0035,
             0.0058,       0.0069,       0.0091,       0.0099,
             0.0138,       0.0198,       0.0327,       0.0369,
             0.0444,       0.0462, 4379607.4681, 3032556.435 ,
       1876805.6779,       0.058 , 1502903.4253,       0.0593]), 'lambdas': array([      0.001 ,       0.0016,       0.0024,       0.0035,
             0.0058,       0.0069,       0.0091,       0.0099,
             0.0138,       0.0198,       0.0327,       0.0369,
             0.0444,       0.0462, 4379607.4681, 3032556.435 ,
       1876805.6779,       0.058 , 1502903.4253,       0.0593]), 'D_scores': array([519.9054, 301.2468, 209.0933, 139.9438,  82.4866,  69.5091,
        52.085 ,  47.8817,  33.566 ,  22.8217,  13.0678,  11.4086,
         9.2057,   8.7833,   7.1462,   6.9625,   6.7225,   6.6931,
         6.6115,   6.5184])}",diff_mean_diff_covariance,1
KFDA-1D,1,linear,{},linear,0.6363636363636364,poly,"{'C': 2.0, 'gamma': 'scale', 'degree': 2, 'coef0': 1.0}","{'top_lambda': 0.01833336823033997, 'd_norm': 17.086677221483242}",diff_mean_diff_covariance,2
KFDA-1D,1,rbf,{'gamma': 0.03980234110644656},rbf(gamma=0.03980234110644656),0.7181818181818181,rbf,"{'C': 2.0, 'gamma': 0.5}","{'top_lambda': 4291.159099752053, 'd_norm': 0.3074538527758697}",diff_mean_diff_covariance,2
KFDA-1D,1,laplacian,{'gamma': 0.03980234110644656},laplacian(gamma=0.03980234110644656),0.6090909090909091,poly,"{'C': 0.5, 'gamma': 'scale', 'degree': 2, 'coef0': 1.0}","{'top_lambda': 11155.230567026838, 'd_norm': 0.19665729720675554}",diff_mean_diff_covariance,2
KFDA-1D,1,polynomial,"{'degree': 2, 'gamma': 0.03980234110644656, 'coef0': 1.0}","polynomial(coef0=1.0, degree=2, gamma=0.03980234110644656)",0.6545454545454545,rbf,"{'C': 0.5, 'gamma': 'scale'}","{'top_lambda': 9.602170753215015, 'd_norm': 1.7076173904212322}",diff_mean_diff_covariance,2
KFDA-1D,1,sigmoid,"{'gamma': 0.03980234110644656, 'coef0': 0.0}","sigmoid(coef0=0.0, gamma=0.03980234110644656)",0.6363636363636364,poly,"{'C': 0.5, 'gamma': 'scale', 'degree': 2, 'coef0': 1.0}","{'top_lambda': 3.685675073109473, 'd_norm': 0.6067611913305749}",diff_mean_diff_covariance,2
MY-large_mu,1,linear,{},linear,0.7090909090909091,rbf,"{'C': 1.0, 'gamma': 'scale'}","{'thetas': array([0.]), 'lambdas': array([0.]), 'gvals': array([2.1547e+10])}",diff_mean_diff_covariance,2
MY-large_mu,1,rbf,{'gamma': 0.03980234110644656},rbf(gamma=0.03980234110644656),0.509090909090909,rbf,"{'C': 0.5, 'gamma': 0.5}","{'thetas': array([0.0004]), 'lambdas': array([0.0004]), 'gvals': array([1189.7457])}",diff_mean_diff_covariance,2
MY-large_mu,1,laplacian,{'gamma': 0.03980234110644656},laplacian(gamma=0.03980234110644656),0.5454545454545454,linear,{'C': 0.5},"{'thetas': array([0.0004]), 'lambdas': array([0.0004]), 'gvals': array([1152.3948])}",diff_mean_diff_covariance,2
MY-large_mu,1,polynomial,"{'degree': 2, 'gamma': 0.03980234110644656, 'coef0': 1.0}","polynomial(coef0=1.0, degree=2, gamma=0.03980234110644656)",0.5727272727272728,linear,{'C': 0.5},"{'thetas': array([0.0058]), 'lambdas': array([0.0058]), 'gvals': array([82.4153])}",diff_mean_diff_covariance,2
MY-large_mu,1,sigmoid,"{'gamma': 0.03980234110644656, 'coef0': 0.0}","sigmoid(coef0=0.0, gamma=0.03980234110644656)",0.7,rbf,"{'C': 0.5, 'gamma': 'scale'}","{'thetas': array([0.0023]), 'lambdas': array([0.0023]), 'gvals': array([209.7762])}",diff_mean_diff_covariance,2
MY-large_mu,2,linear,{},linear,0.7454545454545455,poly,"{'C': 1.0, 'gamma': 'scale', 'degree': 2, 'coef0': 1.0}","{'thetas': array([0., 0.]), 'lambdas': array([0., 0.]), 'gvals': array([4.3686e+09, 3.4691e+09])}",diff_mean_diff_covariance,2
MY-large_mu,2,rbf,{'gamma': 0.03980234110644656},rbf(gamma=0.03980234110644656),0.5909090909090909,rbf,"{'C': 2.0, 'gamma': 'scale'}","{'thetas': array([0.0027, 0.004 ]), 'lambdas': array([0.0027, 0.004 ]), 'gvals': array([179.5556, 120.8297])}",diff_mean_diff_covariance,2
MY-large_mu,2,laplacian,{'gamma': 0.03980234110644656},laplacian(gamma=0.03980234110644656),0.5818181818181818,rbf,"{'C': 0.5, 'gamma': 'scale'}","{'thetas': array([0.0006, 0.0027]), 'lambdas': array([0.0006, 0.0027]), 'gvals': array([850.1902, 178.877 ])}",diff_mean_diff_covariance,2
MY-large_mu,2,polynomial,"{'degree': 2, 'gamma': 0.03980234110644656, 'coef0': 1.0}","polynomial(coef0=1.0, degree=2, gamma=0.03980234110644656)",0.6545454545454545,rbf,"{'C': 2.0, 'gamma': 'scale'}","{'thetas': array([0.0053, 0.0121]), 'lambdas': array([0.0053, 0.0121]), 'gvals': array([90.7643, 38.6341])}",diff_mean_diff_covariance,2
MY-large_mu,2,sigmoid,"{'gamma': 0.03980234110644656, 'coef0': 0.0}","sigmoid(coef0=0.0, gamma=0.03980234110644656)",0.6818181818181818,rbf,"{'C': 0.5, 'gamma': 'scale'}","{'thetas': array([0.001 , 0.0022]), 'lambdas': array([0.001 , 0.0022]), 'gvals': array([474.0339, 227.4551])}",diff_mean_diff_covariance,2
MY-large_mu,3,linear,{},linear,0.8,rbf,"{'C': 1.0, 'gamma': 0.5}","{'thetas': array([0., 0., 0.]), 'lambdas': array([0., 0., 0.]), 'gvals': array([9.1045e+09, 6.1071e+09, 4.4840e+09])}",diff_mean_diff_covariance,2
MY-large_mu,3,rbf,{'gamma': 0.03980234110644656},rbf(gamma=0.03980234110644656),0.6363636363636364,rbf,"{'C': 1.0, 'gamma': 0.5}","{'thetas': array([0.0015, 0.0024, 0.0042]), 'lambdas': array([0.0015, 0.0024, 0.0042]), 'gvals': array([338.8707, 209.043 , 115.3118])}",diff_mean_diff_covariance,2
MY-large_mu,3,laplacian,{'gamma': 0.03980234110644656},laplacian(gamma=0.03980234110644656),0.6090909090909091,poly,"{'C': 1.0, 'gamma': 'scale', 'degree': 2, 'coef0': 1.0}","{'thetas': array([0.0005, 0.0017, 0.005 ]), 'lambdas': array([0.0005, 0.0017, 0.005 ]), 'gvals': array([987.4043, 299.2331,  96.8124])}",diff_mean_diff_covariance,2
MY-large_mu,3,polynomial,"{'degree': 2, 'gamma': 0.03980234110644656, 'coef0': 1.0}","polynomial(coef0=1.0, degree=2, gamma=0.03980234110644656)",0.7090909090909091,rbf,"{'C': 0.5, 'gamma': 'scale'}","{'thetas': array([0.0062, 0.0091, 0.0103]), 'lambdas': array([0.0062, 0.0091, 0.0103]), 'gvals': array([77.587 , 51.8639, 45.7437])}",diff_mean_diff_covariance,2
MY-large_mu,3,sigmoid,"{'gamma': 0.03980234110644656, 'coef0': 0.0}","sigmoid(coef0=0.0, gamma=0.03980234110644656)",0.7818181818181819,rbf,"{'C': 0.5, 'gamma': 0.5}","{'thetas': array([0.0007, 0.0015, 0.0026]), 'lambdas': array([0.0007, 0.0015, 0.0026]), 'gvals': array([691.4125, 337.7969, 188.127 ])}",diff_mean_diff_covariance,2
MY-large_mu,4,linear,{},linear,0.8636363636363636,rbf,"{'C': 0.5, 'gamma': 0.5}","{'thetas': array([0., 0., 0., 0.]), 'lambdas': array([0., 0., 0., 0.]), 'gvals': array([4.2740e+11, 4.4320e+09, 3.8066e+09, 2.6117e+09])}",diff_mean_diff_covariance,2
MY-large_mu,4,rbf,{'gamma': 0.03980234110644656},rbf(gamma=0.03980234110644656),0.5727272727272728,rbf,"{'C': 1.0, 'gamma': 0.5}","{'thetas': array([0.0002, 0.0024, 0.0032, 0.0046]), 'lambdas': array([0.0002, 0.0024, 0.0032, 0.0046]), 'gvals': array([2009.2732,  203.1707,  152.4988,  105.5714])}",diff_mean_diff_covariance,2
MY-large_mu,4,laplacian,{'gamma': 0.03980234110644656},laplacian(gamma=0.03980234110644656),0.5909090909090909,rbf,"{'C': 2.0, 'gamma': 'scale'}","{'thetas': array([0.0024, 0.0033, 0.0042, 0.0051]), 'lambdas': array([0.0024, 0.0033, 0.0042, 0.0051]), 'gvals': array([201.5391, 150.2243, 116.5386,  95.1707])}",diff_mean_diff_covariance,2
MY-large_mu,4,polynomial,"{'degree': 2, 'gamma': 0.03980234110644656, 'coef0': 1.0}","polynomial(coef0=1.0, degree=2, gamma=0.03980234110644656)",0.7636363636363637,rbf,"{'C': 1.0, 'gamma': 'scale'}","{'thetas': array([0.0051, 0.0112, 0.0167, 0.019 ]), 'lambdas': array([0.0051, 0.0112, 0.0167, 0.019 ]), 'gvals': array([94.571 , 42.0866, 27.3973, 23.7908])}",diff_mean_diff_covariance,2
MY-large_mu,4,sigmoid,"{'gamma': 0.03980234110644656, 'coef0': 0.0}","sigmoid(coef0=0.0, gamma=0.03980234110644656)",0.8,rbf,"{'C': 0.5, 'gamma': 'scale'}","{'thetas': array([0.0017, 0.0045, 0.0061, 0.0074]), 'lambdas': array([0.0017, 0.0045, 0.0061, 0.0074]), 'gvals': array([289.1892, 108.0716,  79.1533,  64.8559])}",diff_mean_diff_covariance,2
MY-large_mu,5,linear,{},linear,0.8545454545454545,rbf,"{'C': 0.5, 'gamma': 0.5}","{'thetas': array([0., 0., 0., 0., 0.]), 'lambdas': array([0., 0., 0., 0., 0.]), 'gvals': array([2.7662e+10, 2.8572e+09, 2.7443e+09, 2.7172e+09, 1.7749e+09])}",diff_mean_diff_covariance,2
MY-large_mu,5,rbf,{'gamma': 0.03980234110644656},rbf(gamma=0.03980234110644656),0.6545454545454545,rbf,"{'C': 2.0, 'gamma': 0.5}","{'thetas': array([0.0002, 0.0005, 0.0017, 0.003 , 0.0036]), 'lambdas': array([0.0002, 0.0005, 0.0017, 0.003 , 0.0036]), 'gvals': array([2183.8953,  979.6405,  283.2492,  161.7474,  134.8504])}",diff_mean_diff_covariance,2
MY-large_mu,5,laplacian,{'gamma': 0.03980234110644656},laplacian(gamma=0.03980234110644656),0.6090909090909091,rbf,"{'C': 0.5, 'gamma': 'scale'}","{'thetas': array([0.0006, 0.0022, 0.0039, 0.006 , 0.0069]), 'lambdas': array([0.0006, 0.0022, 0.0039, 0.006 , 0.0069]), 'gvals': array([891.1724, 225.0356, 124.9339,  79.984 ,  69.9355])}",diff_mean_diff_covariance,2
MY-large_mu,5,polynomial,"{'degree': 2, 'gamma': 0.03980234110644656, 'coef0': 1.0}","polynomial(coef0=1.0, degree=2, gamma=0.03980234110644656)",0.7363636363636363,rbf,"{'C': 0.5, 'gamma': 'scale'}","{'thetas': array([0.0018, 0.011 , 0.0243, 0.0297, 0.0314]), 'lambdas': array([0.0018, 0.011 , 0.0243, 0.0297, 0.0314]), 'gvals': array([272.9478,  42.6437,  18.2328,  14.5504,  13.713 ])}",diff_mean_diff_covariance,2
MY-large_mu,5,sigmoid,"{'gamma': 0.03980234110644656, 'coef0': 0.0}","sigmoid(coef0=0.0, gamma=0.03980234110644656)",0.7090909090909091,rbf,"{'C': 0.5, 'gamma': 'scale'}","{'thetas': array([0.0014, 0.0045, 0.0062, 0.007 , 0.0081]), 'lambdas': array([0.0014, 0.0045, 0.0062, 0.007 , 0.0081]), 'gvals': array([353.2305, 107.8929,  77.172 ,  68.1675,  58.6876])}",diff_mean_diff_covariance,2
MY-large_mu,6,linear,{},linear,0.8818181818181818,rbf,"{'C': 0.5, 'gamma': 0.5}","{'thetas': array([0., 0., 0., 0., 0., 0.]), 'lambdas': array([0., 0., 0., 0., 0., 0.]), 'gvals': array([2.5430e+10, 1.2681e+10, 8.2688e+09, 4.6370e+09, 3.1566e+09,
       2.1306e+09])}",diff_mean_diff_covariance,2
MY-large_mu,6,rbf,{'gamma': 0.03980234110644656},rbf(gamma=0.03980234110644656),0.6909090909090909,rbf,"{'C': 0.5, 'gamma': 0.5}","{'thetas': array([0.0008, 0.0023, 0.0024, 0.0033, 0.0042, 0.0067]), 'lambdas': array([0.0008, 0.0023, 0.0024, 0.0033, 0.0042, 0.0067]), 'gvals': array([602.7353, 213.8355, 208.4241, 147.7792, 116.4065,  71.6385])}",diff_mean_diff_covariance,2
MY-large_mu,6,laplacian,{'gamma': 0.03980234110644656},laplacian(gamma=0.03980234110644656),0.6363636363636364,rbf,"{'C': 1.0, 'gamma': 0.5}","{'thetas': array([0.0002, 0.0024, 0.0043, 0.0047, 0.0057, 0.0092]), 'lambdas': array([0.0002, 0.0024, 0.0043, 0.0047, 0.0057, 0.0092]), 'gvals': array([2109.4654,  204.3798,  112.2346,  102.7832,   84.7673,   51.2927])}",diff_mean_diff_covariance,2
MY-large_mu,6,polynomial,"{'degree': 2, 'gamma': 0.03980234110644656, 'coef0': 1.0}","polynomial(coef0=1.0, degree=2, gamma=0.03980234110644656)",0.7181818181818181,poly,"{'C': 1.0, 'gamma': 'scale', 'degree': 2, 'coef0': 1.0}","{'thetas': array([0.0007, 0.0175, 0.0199, 0.0226, 0.0272, 0.0356]), 'lambdas': array([0.0007, 0.0175, 0.0199, 0.0226, 0.0272, 0.0356]), 'gvals': array([674.2808,  25.9976,  22.6546,  19.6824,  16.0691,  11.8816])}",diff_mean_diff_covariance,2
MY-large_mu,6,sigmoid,"{'gamma': 0.03980234110644656, 'coef0': 0.0}","sigmoid(coef0=0.0, gamma=0.03980234110644656)",0.8,rbf,"{'C': 0.5, 'gamma': 0.5}","{'thetas': array([0.0007, 0.0028, 0.0062, 0.0082, 0.0117, 0.0153]), 'lambdas': array([0.0007, 0.0028, 0.0062, 0.0082, 0.0117, 0.0153]), 'gvals': array([727.7489, 176.57  ,  77.798 ,  57.8572,  40.0476,  30.1209])}",diff_mean_diff_covariance,2
MY-large_mu,7,linear,{},linear,0.8727272727272727,rbf,"{'C': 2.0, 'gamma': 'scale'}","{'thetas': array([0., 0., 0., 0., 0., 0., 0.]), 'lambdas': array([0., 0., 0., 0., 0., 0., 0.]), 'gvals': array([6.9694e+09, 5.4286e+09, 3.8288e+09, 2.5682e+09, 1.9047e+09,
       1.5371e+09, 1.1097e+09])}",diff_mean_diff_covariance,2
MY-large_mu,7,rbf,{'gamma': 0.03980234110644656},rbf(gamma=0.03980234110644656),0.6,rbf,"{'C': 0.5, 'gamma': 0.5}","{'thetas': array([0.0012, 0.0019, 0.0023, 0.003 , 0.0039, 0.0065, 0.0086]), 'lambdas': array([0.0012, 0.0019, 0.0023, 0.003 , 0.0039, 0.0065, 0.0086]), 'gvals': array([424.6165, 258.7273, 213.9872, 164.0474, 125.6869,  74.2567,
        55.2696])}",diff_mean_diff_covariance,2
MY-large_mu,7,laplacian,{'gamma': 0.03980234110644656},laplacian(gamma=0.03980234110644656),0.6545454545454545,rbf,"{'C': 1.0, 'gamma': 'scale'}","{'thetas': array([0.002 , 0.0035, 0.0046, 0.0056, 0.0069, 0.0086, 0.0106]), 'lambdas': array([0.002 , 0.0035, 0.0046, 0.0056, 0.0069, 0.0086, 0.0106]), 'gvals': array([247.819 , 139.3866, 104.3847,  86.4429,  69.8776,  55.351 ,
        44.4932])}",diff_mean_diff_covariance,2
MY-large_mu,7,polynomial,"{'degree': 2, 'gamma': 0.03980234110644656, 'coef0': 1.0}","polynomial(coef0=1.0, degree=2, gamma=0.03980234110644656)",0.7636363636363637,poly,"{'C': 2.0, 'gamma': 'scale', 'degree': 2, 'coef0': 1.0}","{'thetas': array([0.0032, 0.0096, 0.0118, 0.0193, 0.0284, 0.0313, 0.0422]), 'lambdas': array([0.0032, 0.0096, 0.0118, 0.0193, 0.0284, 0.0313, 0.0422]), 'gvals': array([154.4871,  49.3654,  39.7694,  23.4653,  15.2971,  13.7225,
         9.757 ])}",diff_mean_diff_covariance,2
MY-large_mu,7,sigmoid,"{'gamma': 0.03980234110644656, 'coef0': 0.0}","sigmoid(coef0=0.0, gamma=0.03980234110644656)",0.7727272727272727,rbf,"{'C': 0.5, 'gamma': 0.5}","{'thetas': array([0.0005, 0.0026, 0.0034, 0.0058, 0.0079, 0.009 , 0.0118]), 'lambdas': array([0.0005, 0.0026, 0.0034, 0.0058, 0.0079, 0.009 , 0.0118]), 'gvals': array([923.5991, 188.0092, 145.7869,  82.5966,  60.752 ,  52.4305,
        39.722 ])}",diff_mean_diff_covariance,2
MY-large_mu,8,linear,{},linear,0.8545454545454545,rbf,"{'C': 0.5, 'gamma': 0.5}","{'thetas': array([0., 0., 0., 0., 0., 0., 0., 0.]), 'lambdas': array([0., 0., 0., 0., 0., 0., 0., 0.]), 'gvals': array([1.0465e+11, 3.5210e+09, 2.6304e+09, 2.3655e+09, 2.1386e+09,
       1.9034e+09, 1.4141e+09, 1.3030e+09])}",diff_mean_diff_covariance,2
MY-large_mu,8,rbf,{'gamma': 0.03980234110644656},rbf(gamma=0.03980234110644656),0.7272727272727273,rbf,"{'C': 2.0, 'gamma': 'scale'}","{'thetas': array([0.0011, 0.0015, 0.0026, 0.0043, 0.0057, 0.0072, 0.0086, 0.0121]), 'lambdas': array([0.0011, 0.0015, 0.0026, 0.0043, 0.0057, 0.0072, 0.0086, 0.0121]), 'gvals': array([459.3235, 320.087 , 191.4137, 112.3111,  85.2839,  66.0126,
        55.3419,  38.5922])}",diff_mean_diff_covariance,2
MY-large_mu,8,laplacian,{'gamma': 0.03980234110644656},laplacian(gamma=0.03980234110644656),0.7,rbf,"{'C': 2.0, 'gamma': 'scale'}","{'thetas': array([0.0018, 0.0018, 0.004 , 0.0061, 0.0074, 0.0116, 0.012 , 0.0148]), 'lambdas': array([0.0018, 0.0018, 0.004 , 0.0061, 0.0074, 0.0116, 0.012 , 0.0148]), 'gvals': array([281.7991, 275.9174, 120.9918,  78.6955,  64.2068,  40.3796,
        39.0556,  31.1622])}",diff_mean_diff_covariance,2
MY-large_mu,8,polynomial,"{'degree': 2, 'gamma': 0.03980234110644656, 'coef0': 1.0}","polynomial(coef0=1.0, degree=2, gamma=0.03980234110644656)",0.7454545454545455,rbf,"{'C': 2.0, 'gamma': 'scale'}","{'thetas': array([0.0105, 0.0143, 0.0194, 0.0207, 0.0275, 0.0334, 0.0417, 0.0544]), 'lambdas': array([0.0105, 0.0143, 0.0194, 0.0207, 0.0275, 0.0334, 0.0417, 0.0544]), 'gvals': array([44.9398, 32.402 , 23.2576, 21.7321, 15.8877, 12.7916,  9.9146,
        7.242 ])}",diff_mean_diff_covariance,2
MY-large_mu,8,sigmoid,"{'gamma': 0.03980234110644656, 'coef0': 0.0}","sigmoid(coef0=0.0, gamma=0.03980234110644656)",0.7090909090909091,rbf,"{'C': 0.5, 'gamma': 0.5}","{'thetas': array([0.0004, 0.0025, 0.0035, 0.0044, 0.0054, 0.0067, 0.0108, 0.014 ]), 'lambdas': array([0.0004, 0.0025, 0.0035, 0.0044, 0.0054, 0.0067, 0.0108, 0.014 ]), 'gvals': array([1142.7097,  197.1076,  139.4248,  110.0316,   90.1991,   71.1645,
         43.7206,   32.9944])}",diff_mean_diff_covariance,2
MY-large_mu,10,linear,{},linear,0.8909090909090909,rbf,"{'C': 0.5, 'gamma': 'scale'}","{'thetas': array([0., 0., 0., 0., 0., 0., 0., 0., 0., 0.]), 'lambdas': array([0., 0., 0., 0., 0., 0., 0., 0., 0., 0.]), 'gvals': array([1.0535e+10, 3.6535e+09, 2.4634e+09, 2.4032e+09, 2.2443e+09,
       1.9850e+09, 1.7639e+09, 9.8645e+08, 7.9680e+08, 7.1412e+08])}",diff_mean_diff_covariance,2
MY-large_mu,10,rbf,{'gamma': 0.03980234110644656},rbf(gamma=0.03980234110644656),0.7454545454545455,rbf,"{'C': 2.0, 'gamma': 0.5}","{'thetas': array([0.0006, 0.0014, 0.0023, 0.0032, 0.0048, 0.0055, 0.0091, 0.0103,
       0.0113, 0.0141]), 'lambdas': array([0.0006, 0.0014, 0.0023, 0.0032, 0.0048, 0.0055, 0.0091, 0.0103,
       0.0113, 0.0141]), 'gvals': array([890.5415, 358.3701, 211.8133, 150.6433, 100.497 ,  88.1125,
        52.0038,  45.6963,  41.6838,  32.9408])}",diff_mean_diff_covariance,2
MY-large_mu,10,laplacian,{'gamma': 0.03980234110644656},laplacian(gamma=0.03980234110644656),0.6545454545454545,poly,"{'C': 2.0, 'gamma': 'scale', 'degree': 2, 'coef0': 1.0}","{'thetas': array([0.0002, 0.0043, 0.0049, 0.0057, 0.0084, 0.0092, 0.0116, 0.0152,
       0.0153, 0.0169]), 'lambdas': array([0.0002, 0.0043, 0.0049, 0.0057, 0.0084, 0.0092, 0.0116, 0.0152,
       0.0153, 0.0169]), 'gvals': array([2487.2245,  113.1978,   99.6932,   84.9529,   56.3842,   51.6925,
         40.2424,   30.2343,   30.116 ,   27.0843])}",diff_mean_diff_covariance,2
MY-large_mu,10,polynomial,"{'degree': 2, 'gamma': 0.03980234110644656, 'coef0': 1.0}","polynomial(coef0=1.0, degree=2, gamma=0.03980234110644656)",0.8454545454545455,rbf,"{'C': 1.0, 'gamma': 'scale'}","{'thetas': array([      0.003 ,       0.0089,       0.0127,       0.0197,
             0.0388,       0.0414,       0.0488, 1933216.755 ,
       1070732.0083,  672199.2056]), 'lambdas': array([      0.003 ,       0.0089,       0.0127,       0.0197,
             0.0388,       0.0414,       0.0488, 1933216.755 ,
       1070732.0083,  672199.2056]), 'gvals': array([163.2284,  53.1386,  36.658 ,  22.8796,  10.7771,   9.9949,
         8.2316,   6.7373,   6.4419,   6.2092])}",diff_mean_diff_covariance,2
MY-large_mu,10,sigmoid,"{'gamma': 0.03980234110644656, 'coef0': 0.0}","sigmoid(coef0=0.0, gamma=0.03980234110644656)",0.7909090909090909,rbf,"{'C': 0.5, 'gamma': 0.5}","{'thetas': array([0.0008, 0.002 , 0.0027, 0.0071, 0.0089, 0.0116, 0.0186, 0.0259,
       0.0345, 0.0371]), 'lambdas': array([0.0008, 0.002 , 0.0027, 0.0071, 0.0089, 0.0116, 0.0186, 0.0259,
       0.0345, 0.0371]), 'gvals': array([639.7551, 246.3091, 184.1316,  66.9864,  53.5735,  40.3205,
        24.3201,  16.998 ,  12.328 ,  11.3289])}",diff_mean_diff_covariance,2
MY-large_mu,12,linear,{},linear,0.8727272727272727,rbf,"{'C': 1.0, 'gamma': 0.5}","{'thetas': array([0., 0., 0., 0., 0., 0., 0., 0., 0., 0., 0., 0.]), 'lambdas': array([0., 0., 0., 0., 0., 0., 0., 0., 0., 0., 0., 0.]), 'gvals': array([2.6153e+10, 3.8944e+09, 2.3150e+09, 1.9327e+09, 1.9054e+09,
       1.1547e+09, 9.2999e+08, 7.8075e+08, 6.9052e+08, 6.4696e+08,
       6.1815e+08, 5.9935e+08])}",diff_mean_diff_covariance,2
MY-large_mu,12,rbf,{'gamma': 0.03980234110644656},rbf(gamma=0.03980234110644656),0.7272727272727273,rbf,"{'C': 2.0, 'gamma': 'scale'}","{'thetas': array([0.0011, 0.0029, 0.0046, 0.0064, 0.0068, 0.0101, 0.0115, 0.015 ,
       0.0176, 0.018 , 0.0208, 0.0238]), 'lambdas': array([0.0011, 0.0029, 0.0046, 0.0064, 0.0068, 0.0101, 0.0115, 0.015 ,
       0.0176, 0.018 , 0.0208, 0.0238]), 'gvals': array([464.2513, 168.0127, 105.978 ,  74.6501,  70.0753,  46.5985,
        40.6214,  30.6969,  25.8386,  25.308 ,  21.5757,  18.6723])}",diff_mean_diff_covariance,2
MY-large_mu,12,laplacian,{'gamma': 0.03980234110644656},laplacian(gamma=0.03980234110644656),0.6454545454545455,rbf,"{'C': 1.0, 'gamma': 0.5}","{'thetas': array([0.0014, 0.0025, 0.0032, 0.0044, 0.0057, 0.0069, 0.0095, 0.0113,
       0.014 , 0.018 , 0.021 , 0.0245]), 'lambdas': array([0.0014, 0.0025, 0.0032, 0.0044, 0.0057, 0.0069, 0.0095, 0.0113,
       0.014 , 0.018 , 0.021 , 0.0245]), 'gvals': array([359.0094, 197.0615, 151.743 , 110.4383,  84.6738,  69.9833,
        49.9847,  41.5498,  33.107 ,  25.341 ,  21.3755,  18.0254])}",diff_mean_diff_covariance,2
MY-large_mu,12,polynomial,"{'degree': 2, 'gamma': 0.03980234110644656, 'coef0': 1.0}","polynomial(coef0=1.0, degree=2, gamma=0.03980234110644656)",0.8090909090909091,poly,"{'C': 1.0, 'gamma': 'scale', 'degree': 2, 'coef0': 1.0}","{'thetas': array([      0.008 ,       0.0201,       0.0242,       0.0341,
             0.0497,       0.0548, 2200969.5095, 1532798.09  ,
        818490.3487,  612863.4053,       0.0642,  331006.933 ]), 'lambdas': array([      0.008 ,       0.0201,       0.0242,       0.0341,
             0.0497,       0.0548, 2200969.5095, 1532798.09  ,
        818490.3487,  612863.4053,       0.0642,  331006.933 ]), 'gvals': array([59.3885, 22.4366, 18.2782, 12.4893,  8.0581,  7.1671,  6.8022,
        6.6213,  6.3076,  6.1629,  5.919 ,  5.8549])}",diff_mean_diff_covariance,2
MY-large_mu,12,sigmoid,"{'gamma': 0.03980234110644656, 'coef0': 0.0}","sigmoid(coef0=0.0, gamma=0.03980234110644656)",0.7636363636363637,rbf,"{'C': 1.0, 'gamma': 0.5}","{'thetas': array([      0.0018,       0.0058,       0.0068,       0.0095,
             0.0154,       0.02  ,       0.0234,       0.0338,
             0.0373,       0.0472,       0.0494, 9443026.9778]), 'lambdas': array([      0.0018,       0.0058,       0.0068,       0.0095,
             0.0154,       0.02  ,       0.0234,       0.0338,
             0.0373,       0.0472,       0.0494, 9443026.9778]), 'gvals': array([268.3467,  83.0386,  70.7843,  49.7566,  29.9495,  22.5635,
        19.0202,  12.6013,  11.2652,   8.5672,   8.1156,   7.5304])}",diff_mean_diff_covariance,2
MY-large_mu,14,linear,{},linear,0.9,rbf,"{'C': 2.0, 'gamma': 0.5}","{'thetas': array([0., 0., 0., 0., 0., 0., 0., 0., 0., 0., 0., 0., 0., 0.]), 'lambdas': array([0., 0., 0., 0., 0., 0., 0., 0., 0., 0., 0., 0., 0., 0.]), 'gvals': array([4.1384e+09, 2.6663e+09, 2.3683e+09, 2.2992e+09, 2.0597e+09,
       1.4833e+09, 1.3740e+09, 1.1625e+09, 1.1394e+09, 7.8773e+08,
       6.7641e+08, 6.4965e+08, 5.3858e+08, 5.3447e+08])}",diff_mean_diff_covariance,2
MY-large_mu,14,rbf,{'gamma': 0.03980234110644656},rbf(gamma=0.03980234110644656),0.7272727272727273,rbf,"{'C': 2.0, 'gamma': 0.5}","{'thetas': array([0.0007, 0.0016, 0.0021, 0.0029, 0.0049, 0.0068, 0.0076, 0.0095,
       0.0116, 0.0171, 0.0193, 0.0259, 0.0273, 0.0308]), 'lambdas': array([0.0007, 0.0016, 0.0021, 0.0029, 0.0049, 0.0068, 0.0076, 0.0095,
       0.0116, 0.0171, 0.0193, 0.0259, 0.0273, 0.0308]), 'gvals': array([751.9751, 302.6104, 230.6445, 170.2032,  99.1221,  70.4776,
        63.0883,  49.6926,  40.2804,  26.7773,  23.4571,  16.9442,
        15.9868,  13.9883])}",diff_mean_diff_covariance,2
MY-large_mu,14,laplacian,{'gamma': 0.03980234110644656},laplacian(gamma=0.03980234110644656),0.7,rbf,"{'C': 2.0, 'gamma': 0.5}","{'thetas': array([0.0011, 0.003 , 0.004 , 0.0067, 0.0079, 0.0091, 0.0104, 0.012 ,
       0.0135, 0.0154, 0.0206, 0.0219, 0.0255, 0.0287]), 'lambdas': array([0.0011, 0.003 , 0.004 , 0.0067, 0.0079, 0.0091, 0.0104, 0.012 ,
       0.0135, 0.0154, 0.0206, 0.0219, 0.0255, 0.0287]), 'gvals': array([452.0604, 162.9499, 120.3132,  71.4032,  60.1278,  51.904 ,
        45.1894,  38.8101,  34.3779,  29.9712,  21.815 ,  20.4507,
        17.2795,  15.1399])}",diff_mean_diff_covariance,2
MY-large_mu,14,polynomial,"{'degree': 2, 'gamma': 0.03980234110644656, 'coef0': 1.0}","polynomial(coef0=1.0, degree=2, gamma=0.03980234110644656)",0.7545454545454545,poly,"{'C': 2.0, 'gamma': 'scale', 'degree': 2, 'coef0': 1.0}","{'thetas': array([      0.0016,       0.002 ,       0.0122,       0.0148,
             0.0224,       0.0296,       0.0359,       0.0495,
       2246528.3833,       0.0577, 1179140.4326,  667253.8217,
        487306.1093,  328734.1344]), 'lambdas': array([      0.0016,       0.002 ,       0.0122,       0.0148,
             0.0224,       0.0296,       0.0359,       0.0495,
       2246528.3833,       0.0577, 1179140.4326,  667253.8217,
        487306.1093,  328734.1344]), 'gvals': array([316.4522, 247.7127,  38.412 ,  31.1208,  19.905 ,  14.6107,
        11.7671,   8.101 ,   6.8124,   6.7411,   6.4901,   6.2055,
         6.0483,   5.8515])}",diff_mean_diff_covariance,2
MY-large_mu,14,sigmoid,"{'gamma': 0.03980234110644656, 'coef0': 0.0}","sigmoid(coef0=0.0, gamma=0.03980234110644656)",0.8181818181818182,rbf,"{'C': 1.0, 'gamma': 0.5}","{'thetas': array([      0.0009,       0.0041,       0.0042,       0.007 ,
             0.0084,       0.0104,       0.0142,       0.0198,
             0.0224,       0.0338,       0.0403,       0.0446,
       6634349.7256,       0.0561]), 'lambdas': array([      0.0009,       0.0041,       0.0042,       0.007 ,
             0.0084,       0.0104,       0.0142,       0.0198,
             0.0224,       0.0338,       0.0403,       0.0446,
       6634349.7256,       0.0561]), 'gvals': array([543.7803, 117.7214, 114.655 ,  68.4044,  56.8794,  45.3759,
        32.567 ,  22.7982,  19.9598,  12.5917,  10.3082,   9.1447,
         7.3539,   6.9763])}",diff_mean_diff_covariance,2
MY-large_mu,16,linear,{},linear,0.8909090909090909,rbf,"{'C': 0.5, 'gamma': 'scale'}","{'thetas': array([0., 0., 0., 0., 0., 0., 0., 0., 0., 0., 0., 0., 0., 0., 0., 0.]), 'lambdas': array([0., 0., 0., 0., 0., 0., 0., 0., 0., 0., 0., 0., 0., 0., 0., 0.]), 'gvals': array([4.3861e+09, 3.5179e+09, 1.5886e+09, 1.3434e+09, 1.3401e+09,
       1.1236e+09, 8.2908e+08, 6.7676e+08, 6.5070e+08, 6.3904e+08,
       4.9819e+08, 4.9351e+08, 3.6115e+08, 3.4783e+08, 3.2480e+08,
       2.3574e+08])}",diff_mean_diff_covariance,2
MY-large_mu,16,rbf,{'gamma': 0.03980234110644656},rbf(gamma=0.03980234110644656),0.6636363636363637,rbf,"{'C': 0.5, 'gamma': 0.5}","{'thetas': array([0.0009, 0.0016, 0.0018, 0.0034, 0.005 , 0.0054, 0.0061, 0.0079,
       0.0094, 0.0106, 0.0125, 0.0131, 0.0155, 0.0192, 0.0225, 0.0249]), 'lambdas': array([0.0009, 0.0016, 0.0018, 0.0034, 0.005 , 0.0054, 0.0061, 0.0079,
       0.0094, 0.0106, 0.0125, 0.0131, 0.0155, 0.0192, 0.0225, 0.0249]), 'gvals': array([547.3178, 307.3604, 272.2686, 145.0507,  96.4728,  89.4481,
        78.3495,  60.0158,  50.4979,  44.5046,  37.3274,  35.3699,
        29.7574,  23.6092,  19.7856,  17.7701])}",diff_mean_diff_covariance,2
MY-large_mu,16,laplacian,{'gamma': 0.03980234110644656},laplacian(gamma=0.03980234110644656),0.6818181818181818,rbf,"{'C': 2.0, 'gamma': 'scale'}","{'thetas': array([0.002 , 0.0022, 0.0033, 0.0068, 0.0077, 0.0094, 0.0112, 0.0127,
       0.0154, 0.0172, 0.0207, 0.0239, 0.0265, 0.0356, 0.0393, 0.0456]), 'lambdas': array([0.002 , 0.0022, 0.0033, 0.0068, 0.0077, 0.0094, 0.0112, 0.0127,
       0.0154, 0.0172, 0.0207, 0.0239, 0.0265, 0.0356, 0.0393, 0.0456]), 'gvals': array([240.4327, 227.5888, 148.1574,  70.8359,  61.7045,  50.2828,
        41.7249,  36.5399,  29.8527,  26.4806,  21.6604,  18.59  ,
        16.5801,  11.8909,  10.6003,   8.9133])}",diff_mean_diff_covariance,2
MY-large_mu,16,polynomial,"{'degree': 2, 'gamma': 0.03980234110644656, 'coef0': 1.0}","polynomial(coef0=1.0, degree=2, gamma=0.03980234110644656)",0.7727272727272727,poly,"{'C': 1.0, 'gamma': 'scale', 'degree': 2, 'coef0': 1.0}","{'thetas': array([      0.003 ,       0.0036,       0.0052,       0.0094,
             0.0155,       0.0211,       0.0281,       0.0352,
             0.0417,       0.0478, 1625273.4354,  890089.6126,
        697565.7831,  516678.6912,  383659.5321,       0.0644]), 'lambdas': array([      0.003 ,       0.0036,       0.0052,       0.0094,
             0.0155,       0.0211,       0.0281,       0.0352,
             0.0417,       0.0478, 1625273.4354,  890089.6126,
        697565.7831,  516678.6912,  383659.5321,       0.0644]), 'gvals': array([161.7007, 134.7244,  93.4747,  50.2913,  29.6008,  21.2214,
        15.5125,  12.0233,   9.8999,   8.4444,   6.6506,   6.3495,
         6.2277,   6.0776,   5.9288,   5.8895])}",diff_mean_diff_covariance,2
MY-large_mu,16,sigmoid,"{'gamma': 0.03980234110644656, 'coef0': 0.0}","sigmoid(coef0=0.0, gamma=0.03980234110644656)",0.8181818181818182,rbf,"{'C': 2.0, 'gamma': 'scale'}","{'thetas': array([      0.0003,       0.0023,       0.0045,       0.0088,
             0.0112,       0.0118,       0.0198,       0.0206,
             0.0272,       0.0307,       0.0451,       0.0521,
       3204520.1   , 2780533.4994,       0.0568, 1787105.8154]), 'lambdas': array([      0.0003,       0.0023,       0.0045,       0.0088,
             0.0112,       0.0118,       0.0198,       0.0206,
             0.0272,       0.0307,       0.0451,       0.0521,
       3204520.1   , 2780533.4994,       0.0568, 1787105.8154]), 'gvals': array([1482.346 ,  217.6391,  107.9366,   53.7843,   41.7563,   39.539 ,
         22.8479,   21.857 ,   16.0482,   14.0424,    9.0396,    7.6162,
          6.99  ,    6.9191,    6.8641,    6.6981])}",diff_mean_diff_covariance,2
MY-large_mu,20,linear,{},linear,0.9272727272727272,rbf,"{'C': 0.5, 'gamma': 'scale'}","{'thetas': array([0., 0., 0., 0., 0., 0., 0., 0., 0., 0., 0., 0., 0., 0., 0., 0., 0.,
       0., 0., 0.]), 'lambdas': array([0., 0., 0., 0., 0., 0., 0., 0., 0., 0., 0., 0., 0., 0., 0., 0., 0.,
       0., 0., 0.]), 'gvals': array([1.2765e+11, 8.0229e+09, 4.6560e+09, 3.3436e+09, 3.1331e+09,
       2.3478e+09, 2.0252e+09, 1.2760e+09, 1.2251e+09, 1.1184e+09,
       9.2431e+08, 8.1068e+08, 6.2405e+08, 5.9992e+08, 5.2904e+08,
       4.3079e+08, 4.1300e+08, 3.4229e+08, 3.3411e+08, 2.8316e+08])}",diff_mean_diff_covariance,2
MY-large_mu,20,rbf,{'gamma': 0.03980234110644656},rbf(gamma=0.03980234110644656),0.7727272727272727,rbf,"{'C': 1.0, 'gamma': 'scale'}","{'thetas': array([      0.001 ,       0.0021,       0.0036,       0.0045,
             0.0068,       0.0095,       0.0113,       0.0116,
             0.0158,       0.0196,       0.0213,       0.026 ,
             0.0266,       0.0347,       0.0405,       0.0424,
             0.0465,       0.0522,       0.0527, 4332904.3816]), 'lambdas': array([      0.001 ,       0.0021,       0.0036,       0.0045,
             0.0068,       0.0095,       0.0113,       0.0116,
             0.0158,       0.0196,       0.0213,       0.026 ,
             0.0266,       0.0347,       0.0405,       0.0424,
             0.0465,       0.0522,       0.0527, 4332904.3816]), 'gvals': array([490.9571, 237.466 , 135.0591, 108.0655,  70.1136,  50.0246,
        41.6399,  40.2925,  29.1079,  23.0123,  21.0089,  16.9176,
        16.4676,  12.2168,  10.2436,   9.7109,   8.722 ,   7.6006,
         7.5126,   7.1409])}",diff_mean_diff_covariance,2
MY-large_mu,20,laplacian,{'gamma': 0.03980234110644656},laplacian(gamma=0.03980234110644656),0.6545454545454545,rbf,"{'C': 2.0, 'gamma': 'scale'}","{'thetas': array([      0.0017,       0.0024,       0.0028,       0.0058,
             0.0065,       0.0089,       0.0106,       0.0119,
             0.0157,       0.0206,       0.0232,       0.0267,
             0.027 ,       0.036 ,       0.0463,       0.05  ,
             0.0522,       0.0567, 1534110.5067,       0.0623]), 'lambdas': array([      0.0017,       0.0024,       0.0028,       0.0058,
             0.0065,       0.0089,       0.0106,       0.0119,
             0.0157,       0.0206,       0.0232,       0.0267,
             0.027 ,       0.036 ,       0.0463,       0.05  ,
             0.0522,       0.0567, 1534110.5067,       0.0623]), 'gvals': array([298.1386, 208.8456, 176.3639,  83.6013,  73.9022,  53.1409,
        44.2091,  39.3032,  29.1893,  21.7776,  19.1537,  16.4455,
        16.2146,  11.7207,   8.773 ,   8.0014,   7.5971,   6.8808,
         6.6217,   6.1417])}",diff_mean_diff_covariance,2
MY-large_mu,20,polynomial,"{'degree': 2, 'gamma': 0.03980234110644656, 'coef0': 1.0}","polynomial(coef0=1.0, degree=2, gamma=0.03980234110644656)",0.6909090909090909,linear,{'C': 0.5},"{'thetas': array([      0.0049,       0.0098,       0.015 ,       0.022 ,
             0.024 ,       0.0341,       0.0481, 2476803.4292,
       1654525.3531,  622584.2338,  450763.7734,  363636.9877,
        269909.1441,  243613.197 ,  175582.5848,  158339.5221,
        127002.4578,  113908.2958,  102672.4644,   65341.461 ]), 'lambdas': array([      0.0049,       0.0098,       0.015 ,       0.022 ,
             0.024 ,       0.0341,       0.0481, 2476803.4292,
       1654525.3531,  622584.2338,  450763.7734,  363636.9877,
        269909.1441,  243613.197 ,  175582.5848,  158339.5221,
        127002.4578,  113908.2958,  102672.4644,   65341.461 ]), 'gvals': array([99.4155, 48.2912, 30.8067, 20.3356, 18.4829, 12.4794,  8.3798,
        6.8612,  6.6595,  6.1708,  6.0094,  5.902 ,  5.7529,  5.7017,
        5.5379,  5.4863,  5.376 ,  5.3216,  5.2697,  5.0437])}",diff_mean_diff_covariance,2
MY-large_mu,20,sigmoid,"{'gamma': 0.03980234110644656, 'coef0': 0.0}","sigmoid(coef0=0.0, gamma=0.03980234110644656)",0.7454545454545455,rbf,"{'C': 1.0, 'gamma': 'scale'}","{'thetas': array([      0.0012,       0.0023,       0.004 ,       0.0065,
             0.0128,       0.0157,       0.0185,       0.0333,
             0.0416,       0.0459, 7059302.0861, 2255458.0987,
       1887957.9389, 1484159.2011, 1372279.6862, 1040013.5495,
        554528.3753,  432327.1692,  323016.3532,       0.065 ]), 'lambdas': array([      0.0012,       0.0023,       0.004 ,       0.0065,
             0.0128,       0.0157,       0.0185,       0.0333,
             0.0416,       0.0459, 7059302.0861, 2255458.0987,
       1887957.9389, 1484159.2011, 1372279.6862, 1040013.5495,
        554528.3753,  432327.1692,  323016.3532,       0.065 ]), 'gvals': array([406.5408, 209.4294, 122.3079,  73.529 ,  36.5108,  29.361 ,
        24.5197,  12.8253,   9.9425,   8.8456,   7.3849,   6.8144,
         6.7255,   6.6052,   6.566 ,   6.4274,   6.1129,   5.9885,
         5.8427,   5.8233])}",diff_mean_diff_covariance,2
MY-small_mu,1,linear,{},linear,0.6454545454545455,rbf,"{'C': 0.5, 'gamma': 0.5}","{'thetas': array([0.]), 'lambdas': array([0.]), 'D_scores': array([2.1547e+10])}",diff_mean_diff_covariance,2
MY-small_mu,1,rbf,{'gamma': 0.03980234110644656},rbf(gamma=0.03980234110644656),0.5818181818181818,rbf,"{'C': 1.0, 'gamma': 0.5}","{'thetas': array([0.0004]), 'lambdas': array([0.0004]), 'D_scores': array([1189.762])}",diff_mean_diff_covariance,2
MY-small_mu,1,laplacian,{'gamma': 0.03980234110644656},laplacian(gamma=0.03980234110644656),0.6,rbf,"{'C': 1.0, 'gamma': 'scale'}","{'thetas': array([0.0004]), 'lambdas': array([0.0004]), 'D_scores': array([1152.4681])}",diff_mean_diff_covariance,2
MY-small_mu,1,polynomial,"{'degree': 2, 'gamma': 0.03980234110644656, 'coef0': 1.0}","polynomial(coef0=1.0, degree=2, gamma=0.03980234110644656)",0.5363636363636364,rbf,"{'C': 1.0, 'gamma': 'scale'}","{'thetas': array([0.0058]), 'lambdas': array([0.0058]), 'D_scores': array([82.438])}",diff_mean_diff_covariance,2
MY-small_mu,1,sigmoid,"{'gamma': 0.03980234110644656, 'coef0': 0.0}","sigmoid(coef0=0.0, gamma=0.03980234110644656)",0.6454545454545455,rbf,"{'C': 2.0, 'gamma': 'scale'}","{'thetas': array([0.0023]), 'lambdas': array([0.0023]), 'D_scores': array([209.7879])}",diff_mean_diff_covariance,2
MY-small_mu,2,linear,{},linear,0.7090909090909091,rbf,"{'C': 2.0, 'gamma': 'scale'}","{'thetas': array([0., 0.]), 'lambdas': array([0., 0.]), 'D_scores': array([4.3686e+09, 3.4691e+09])}",diff_mean_diff_covariance,2
MY-small_mu,2,rbf,{'gamma': 0.03980234110644656},rbf(gamma=0.03980234110644656),0.5181818181818182,poly,"{'C': 2.0, 'gamma': 'scale', 'degree': 2, 'coef0': 1.0}","{'thetas': array([0.0027, 0.004 ]), 'lambdas': array([0.0027, 0.004 ]), 'D_scores': array([179.5605, 120.8683])}",diff_mean_diff_covariance,2
MY-small_mu,2,laplacian,{'gamma': 0.03980234110644656},laplacian(gamma=0.03980234110644656),0.6090909090909091,rbf,"{'C': 0.5, 'gamma': 'scale'}","{'thetas': array([0.0006, 0.0027]), 'lambdas': array([0.0006, 0.0027]), 'D_scores': array([850.2041, 178.8842])}",diff_mean_diff_covariance,2
MY-small_mu,2,polynomial,"{'degree': 2, 'gamma': 0.03980234110644656, 'coef0': 1.0}","polynomial(coef0=1.0, degree=2, gamma=0.03980234110644656)",0.5272727272727272,rbf,"{'C': 1.0, 'gamma': 'scale'}","{'thetas': array([0.0053, 0.0121]), 'lambdas': array([0.0053, 0.0121]), 'D_scores': array([90.8104, 38.6649])}",diff_mean_diff_covariance,2
MY-small_mu,2,sigmoid,"{'gamma': 0.03980234110644656, 'coef0': 0.0}","sigmoid(coef0=0.0, gamma=0.03980234110644656)",0.6909090909090909,rbf,"{'C': 2.0, 'gamma': 'scale'}","{'thetas': array([0.001 , 0.0022]), 'lambdas': array([0.001 , 0.0022]), 'D_scores': array([474.0632, 227.4559])}",diff_mean_diff_covariance,2
MY-small_mu,3,linear,{},linear,0.7727272727272727,rbf,"{'C': 0.5, 'gamma': 'scale'}","{'thetas': array([0., 0., 0.]), 'lambdas': array([0., 0., 0.]), 'D_scores': array([9.1045e+09, 6.1071e+09, 4.4840e+09])}",diff_mean_diff_covariance,2
MY-small_mu,3,rbf,{'gamma': 0.03980234110644656},rbf(gamma=0.03980234110644656),0.6272727272727273,rbf,"{'C': 1.0, 'gamma': 0.5}","{'thetas': array([0.0015, 0.0024, 0.0042]), 'lambdas': array([0.0015, 0.0024, 0.0042]), 'D_scores': array([338.8742, 209.0496, 115.3462])}",diff_mean_diff_covariance,2
MY-small_mu,3,laplacian,{'gamma': 0.03980234110644656},laplacian(gamma=0.03980234110644656),0.6181818181818182,rbf,"{'C': 1.0, 'gamma': 'scale'}","{'thetas': array([0.0005, 0.0017, 0.005 ]), 'lambdas': array([0.0005, 0.0017, 0.005 ]), 'D_scores': array([987.4263, 299.2344,  96.8153])}",diff_mean_diff_covariance,2
MY-small_mu,3,polynomial,"{'degree': 2, 'gamma': 0.03980234110644656, 'coef0': 1.0}","polynomial(coef0=1.0, degree=2, gamma=0.03980234110644656)",0.7181818181818181,rbf,"{'C': 1.0, 'gamma': 0.5}","{'thetas': array([0.0062, 0.0091, 0.0103]), 'lambdas': array([0.0062, 0.0091, 0.0103]), 'D_scores': array([77.6112, 51.8812, 45.7935])}",diff_mean_diff_covariance,2
MY-small_mu,3,sigmoid,"{'gamma': 0.03980234110644656, 'coef0': 0.0}","sigmoid(coef0=0.0, gamma=0.03980234110644656)",0.7090909090909091,rbf,"{'C': 2.0, 'gamma': 0.5}","{'thetas': array([0.0007, 0.0015, 0.0026]), 'lambdas': array([0.0007, 0.0015, 0.0026]), 'D_scores': array([691.4132, 337.7976, 188.1871])}",diff_mean_diff_covariance,2
MY-small_mu,4,linear,{},linear,0.8545454545454545,rbf,"{'C': 2.0, 'gamma': 0.5}","{'thetas': array([0., 0., 0., 0.]), 'lambdas': array([0., 0., 0., 0.]), 'D_scores': array([4.2740e+11, 4.4320e+09, 3.8066e+09, 2.6117e+09])}",diff_mean_diff_covariance,2
MY-small_mu,4,rbf,{'gamma': 0.03980234110644656},rbf(gamma=0.03980234110644656),0.6272727272727273,rbf,"{'C': 0.5, 'gamma': 0.5}","{'thetas': array([0.0002, 0.0024, 0.0032, 0.0046]), 'lambdas': array([0.0002, 0.0024, 0.0032, 0.0046]), 'D_scores': array([2009.3883,  203.2258,  152.5101,  105.6214])}",diff_mean_diff_covariance,2
MY-small_mu,4,laplacian,{'gamma': 0.03980234110644656},laplacian(gamma=0.03980234110644656),0.5636363636363636,rbf,"{'C': 0.5, 'gamma': 0.5}","{'thetas': array([0.0024, 0.0033, 0.0042, 0.0051]), 'lambdas': array([0.0024, 0.0033, 0.0042, 0.0051]), 'D_scores': array([201.5428, 150.2444, 116.5699,  95.1765])}",diff_mean_diff_covariance,2
MY-small_mu,4,polynomial,"{'degree': 2, 'gamma': 0.03980234110644656, 'coef0': 1.0}","polynomial(coef0=1.0, degree=2, gamma=0.03980234110644656)",0.7818181818181819,rbf,"{'C': 0.5, 'gamma': 'scale'}","{'thetas': array([0.0051, 0.0112, 0.0167, 0.019 ]), 'lambdas': array([0.0051, 0.0112, 0.0167, 0.019 ]), 'D_scores': array([94.5947, 42.093 , 27.413 , 23.8212])}",diff_mean_diff_covariance,2
MY-small_mu,4,sigmoid,"{'gamma': 0.03980234110644656, 'coef0': 0.0}","sigmoid(coef0=0.0, gamma=0.03980234110644656)",0.7181818181818181,rbf,"{'C': 0.5, 'gamma': 0.5}","{'thetas': array([0.0017, 0.0045, 0.0061, 0.0074]), 'lambdas': array([0.0017, 0.0045, 0.0061, 0.0074]), 'D_scores': array([289.2056, 108.0717,  79.1604,  64.873 ])}",diff_mean_diff_covariance,2
MY-small_mu,5,linear,{},linear,0.8545454545454545,rbf,"{'C': 1.0, 'gamma': 'scale'}","{'thetas': array([0., 0., 0., 0., 0.]), 'lambdas': array([0., 0., 0., 0., 0.]), 'D_scores': array([2.7662e+10, 2.8572e+09, 2.7443e+09, 2.7172e+09, 1.7749e+09])}",diff_mean_diff_covariance,2
MY-small_mu,5,rbf,{'gamma': 0.03980234110644656},rbf(gamma=0.03980234110644656),0.7090909090909091,rbf,"{'C': 2.0, 'gamma': 'scale'}","{'thetas': array([0.0002, 0.0005, 0.0017, 0.003 , 0.0036]), 'lambdas': array([0.0002, 0.0005, 0.0017, 0.003 , 0.0036]), 'D_scores': array([2183.9083,  979.9803,  283.2537,  161.7765,  134.8541])}",diff_mean_diff_covariance,2
MY-small_mu,5,laplacian,{'gamma': 0.03980234110644656},laplacian(gamma=0.03980234110644656),0.5818181818181818,rbf,"{'C': 0.5, 'gamma': 0.5}","{'thetas': array([0.0006, 0.0022, 0.0039, 0.006 , 0.0069]), 'lambdas': array([0.0006, 0.0022, 0.0039, 0.006 , 0.0069]), 'D_scores': array([891.536 , 225.0485, 124.947 ,  79.9859,  69.9454])}",diff_mean_diff_covariance,2
MY-small_mu,5,polynomial,"{'degree': 2, 'gamma': 0.03980234110644656, 'coef0': 1.0}","polynomial(coef0=1.0, degree=2, gamma=0.03980234110644656)",0.7090909090909091,rbf,"{'C': 1.0, 'gamma': 'scale'}","{'thetas': array([0.0018, 0.011 , 0.0243, 0.0297, 0.0314]), 'lambdas': array([0.0018, 0.011 , 0.0243, 0.0297, 0.0314]), 'D_scores': array([273.094 ,  42.6467,  18.2642,  14.5542,  13.7164])}",diff_mean_diff_covariance,2
MY-small_mu,5,sigmoid,"{'gamma': 0.03980234110644656, 'coef0': 0.0}","sigmoid(coef0=0.0, gamma=0.03980234110644656)",0.7,rbf,"{'C': 0.5, 'gamma': 0.5}","{'thetas': array([0.0014, 0.0045, 0.0062, 0.007 , 0.0081]), 'lambdas': array([0.0014, 0.0045, 0.0062, 0.007 , 0.0081]), 'D_scores': array([353.2305, 107.9064,  77.1914,  68.1756,  58.6876])}",diff_mean_diff_covariance,2
MY-small_mu,6,linear,{},linear,0.8454545454545455,rbf,"{'C': 0.5, 'gamma': 0.5}","{'thetas': array([0., 0., 0., 0., 0., 0.]), 'lambdas': array([0., 0., 0., 0., 0., 0.]), 'D_scores': array([2.5430e+10, 1.2681e+10, 8.2688e+09, 4.6370e+09, 3.1566e+09,
       2.1306e+09])}",diff_mean_diff_covariance,2
MY-small_mu,6,rbf,{'gamma': 0.03980234110644656},rbf(gamma=0.03980234110644656),0.7181818181818181,rbf,"{'C': 1.0, 'gamma': 'scale'}","{'thetas': array([0.0008, 0.0023, 0.0024, 0.0033, 0.0042, 0.0067]), 'lambdas': array([0.0008, 0.0023, 0.0024, 0.0033, 0.0042, 0.0067]), 'D_scores': array([602.7361, 213.8588, 208.4245, 147.7871, 116.5025,  71.6673])}",diff_mean_diff_covariance,2
MY-small_mu,6,laplacian,{'gamma': 0.03980234110644656},laplacian(gamma=0.03980234110644656),0.6272727272727273,rbf,"{'C': 0.5, 'gamma': 0.5}","{'thetas': array([0.0002, 0.0024, 0.0043, 0.0047, 0.0057, 0.0092]), 'lambdas': array([0.0002, 0.0024, 0.0043, 0.0047, 0.0057, 0.0092]), 'D_scores': array([2109.4814,  204.3951,  112.2349,  102.7886,   84.7673,   51.304 ])}",diff_mean_diff_covariance,2
MY-small_mu,6,polynomial,"{'degree': 2, 'gamma': 0.03980234110644656, 'coef0': 1.0}","polynomial(coef0=1.0, degree=2, gamma=0.03980234110644656)",0.7454545454545455,rbf,"{'C': 0.5, 'gamma': 0.5}","{'thetas': array([0.0007, 0.0175, 0.0199, 0.0226, 0.0272, 0.0356]), 'lambdas': array([0.0007, 0.0175, 0.0199, 0.0226, 0.0272, 0.0356]), 'D_scores': array([674.3969,  25.9982,  22.6942,  19.6988,  16.1022,  11.8827])}",diff_mean_diff_covariance,2
MY-small_mu,6,sigmoid,"{'gamma': 0.03980234110644656, 'coef0': 0.0}","sigmoid(coef0=0.0, gamma=0.03980234110644656)",0.8090909090909091,rbf,"{'C': 2.0, 'gamma': 0.5}","{'thetas': array([0.0007, 0.0028, 0.0062, 0.0082, 0.0117, 0.0153]), 'lambdas': array([0.0007, 0.0028, 0.0062, 0.0082, 0.0117, 0.0153]), 'D_scores': array([727.9056, 176.5776,  77.806 ,  57.8741,  40.0683,  30.1212])}",diff_mean_diff_covariance,2
MY-small_mu,7,linear,{},linear,0.8363636363636363,rbf,"{'C': 2.0, 'gamma': 0.5}","{'thetas': array([0., 0., 0., 0., 0., 0., 0.]), 'lambdas': array([0., 0., 0., 0., 0., 0., 0.]), 'D_scores': array([6.9694e+09, 5.4286e+09, 3.8288e+09, 2.5682e+09, 1.9047e+09,
       1.5371e+09, 1.1097e+09])}",diff_mean_diff_covariance,2
MY-small_mu,7,rbf,{'gamma': 0.03980234110644656},rbf(gamma=0.03980234110644656),0.6727272727272727,rbf,"{'C': 0.5, 'gamma': 0.5}","{'thetas': array([0.0012, 0.0019, 0.0023, 0.003 , 0.0039, 0.0065, 0.0086]), 'lambdas': array([0.0012, 0.0019, 0.0023, 0.003 , 0.0039, 0.0065, 0.0086]), 'D_scores': array([424.6174, 258.7273, 214.0425, 164.1216, 125.7022,  74.2735,
        55.281 ])}",diff_mean_diff_covariance,2
MY-small_mu,7,laplacian,{'gamma': 0.03980234110644656},laplacian(gamma=0.03980234110644656),0.6636363636363637,rbf,"{'C': 1.0, 'gamma': 'scale'}","{'thetas': array([0.002 , 0.0035, 0.0046, 0.0056, 0.0069, 0.0086, 0.0106]), 'lambdas': array([0.002 , 0.0035, 0.0046, 0.0056, 0.0069, 0.0086, 0.0106]), 'D_scores': array([247.8695, 139.3977, 104.3974,  86.4535,  69.8951,  55.3534,
        44.5096])}",diff_mean_diff_covariance,2
MY-small_mu,7,polynomial,"{'degree': 2, 'gamma': 0.03980234110644656, 'coef0': 1.0}","polynomial(coef0=1.0, degree=2, gamma=0.03980234110644656)",0.7727272727272727,rbf,"{'C': 0.5, 'gamma': 'scale'}","{'thetas': array([0.0032, 0.0096, 0.0118, 0.0193, 0.0284, 0.0313, 0.0422]), 'lambdas': array([0.0032, 0.0096, 0.0118, 0.0193, 0.0284, 0.0313, 0.0422]), 'D_scores': array([154.6604,  49.3952,  39.7713,  23.4674,  15.3337,  13.7285,
         9.7676])}",diff_mean_diff_covariance,2
MY-small_mu,7,sigmoid,"{'gamma': 0.03980234110644656, 'coef0': 0.0}","sigmoid(coef0=0.0, gamma=0.03980234110644656)",0.7181818181818181,rbf,"{'C': 1.0, 'gamma': 0.5}","{'thetas': array([0.0005, 0.0026, 0.0034, 0.0058, 0.0079, 0.009 , 0.0118]), 'lambdas': array([0.0005, 0.0026, 0.0034, 0.0058, 0.0079, 0.009 , 0.0118]), 'D_scores': array([923.6253, 188.0092, 145.7953,  82.6   ,  60.7558,  52.4311,
        39.7245])}",diff_mean_diff_covariance,2
MY-small_mu,8,linear,{},linear,0.8454545454545455,rbf,"{'C': 0.5, 'gamma': 'scale'}","{'thetas': array([0., 0., 0., 0., 0., 0., 0., 0.]), 'lambdas': array([0., 0., 0., 0., 0., 0., 0., 0.]), 'D_scores': array([1.0465e+11, 3.5210e+09, 2.6304e+09, 2.3655e+09, 2.1386e+09,
       1.9034e+09, 1.4141e+09, 1.3030e+09])}",diff_mean_diff_covariance,2
MY-small_mu,8,rbf,{'gamma': 0.03980234110644656},rbf(gamma=0.03980234110644656),0.7545454545454545,rbf,"{'C': 2.0, 'gamma': 0.5}","{'thetas': array([0.0011, 0.0015, 0.0026, 0.0043, 0.0057, 0.0072, 0.0086, 0.0121]), 'lambdas': array([0.0011, 0.0015, 0.0026, 0.0043, 0.0057, 0.0072, 0.0086, 0.0121]), 'D_scores': array([459.4844, 320.2615, 191.4149, 112.3116,  85.2981,  66.0306,
        55.3419,  38.5974])}",diff_mean_diff_covariance,2
MY-small_mu,8,laplacian,{'gamma': 0.03980234110644656},laplacian(gamma=0.03980234110644656),0.7,rbf,"{'C': 2.0, 'gamma': 0.5}","{'thetas': array([0.0018, 0.0018, 0.004 , 0.0061, 0.0074, 0.0116, 0.012 , 0.0148]), 'lambdas': array([0.0018, 0.0018, 0.004 , 0.0061, 0.0074, 0.0116, 0.012 , 0.0148]), 'D_scores': array([281.7999, 275.9294, 120.9927,  78.6956,  64.2255,  40.3853,
        39.0624,  31.1663])}",diff_mean_diff_covariance,2
MY-small_mu,8,polynomial,"{'degree': 2, 'gamma': 0.03980234110644656, 'coef0': 1.0}","polynomial(coef0=1.0, degree=2, gamma=0.03980234110644656)",0.7545454545454545,rbf,"{'C': 2.0, 'gamma': 'scale'}","{'thetas': array([0.0105, 0.0143, 0.0194, 0.0207, 0.0275, 0.0334, 0.0417, 0.0544]), 'lambdas': array([0.0105, 0.0143, 0.0194, 0.0207, 0.0275, 0.0334, 0.0417, 0.0544]), 'D_scores': array([44.9491, 32.4238, 23.2595, 21.7487, 15.941 , 12.7917,  9.9154,
        7.242 ])}",diff_mean_diff_covariance,2
MY-small_mu,8,sigmoid,"{'gamma': 0.03980234110644656, 'coef0': 0.0}","sigmoid(coef0=0.0, gamma=0.03980234110644656)",0.7272727272727273,rbf,"{'C': 2.0, 'gamma': 0.5}","{'thetas': array([0.0004, 0.0025, 0.0035, 0.0044, 0.0054, 0.0067, 0.0108, 0.014 ]), 'lambdas': array([0.0004, 0.0025, 0.0035, 0.0044, 0.0054, 0.0067, 0.0108, 0.014 ]), 'D_scores': array([1143.034 ,  197.1304,  139.4483,  110.0411,   90.209 ,   71.1748,
         43.7298,   32.9944])}",diff_mean_diff_covariance,2
MY-small_mu,10,linear,{},linear,0.8818181818181818,rbf,"{'C': 0.5, 'gamma': 'scale'}","{'thetas': array([0., 0., 0., 0., 0., 0., 0., 0., 0., 0.]), 'lambdas': array([0., 0., 0., 0., 0., 0., 0., 0., 0., 0.]), 'D_scores': array([1.0535e+10, 3.6535e+09, 2.4634e+09, 2.4032e+09, 2.2443e+09,
       1.9850e+09, 1.7639e+09, 9.8645e+08, 7.9680e+08, 7.1412e+08])}",diff_mean_diff_covariance,2
MY-small_mu,10,rbf,{'gamma': 0.03980234110644656},rbf(gamma=0.03980234110644656),0.7272727272727273,rbf,"{'C': 1.0, 'gamma': 'scale'}","{'thetas': array([0.0006, 0.0014, 0.0023, 0.0032, 0.0048, 0.0055, 0.0091, 0.0103,
       0.0113, 0.0141]), 'lambdas': array([0.0006, 0.0014, 0.0023, 0.0032, 0.0048, 0.0055, 0.0091, 0.0103,
       0.0113, 0.0141]), 'D_scores': array([890.6631, 358.387 , 211.8289, 150.6707, 100.5031,  88.1183,
        52.0147,  45.7104,  41.7265,  32.955 ])}",diff_mean_diff_covariance,2
MY-small_mu,10,laplacian,{'gamma': 0.03980234110644656},laplacian(gamma=0.03980234110644656),0.6272727272727273,rbf,"{'C': 1.0, 'gamma': 'scale'}","{'thetas': array([0.0002, 0.0043, 0.0049, 0.0057, 0.0084, 0.0092, 0.0116, 0.0152,
       0.0153, 0.0169]), 'lambdas': array([0.0002, 0.0043, 0.0049, 0.0057, 0.0084, 0.0092, 0.0116, 0.0152,
       0.0153, 0.0169]), 'D_scores': array([2487.2298,  113.2009,   99.6964,   84.9531,   56.4127,   51.6927,
         40.2424,   30.2343,   30.1164,   27.0874])}",diff_mean_diff_covariance,2
MY-small_mu,10,polynomial,"{'degree': 2, 'gamma': 0.03980234110644656, 'coef0': 1.0}","polynomial(coef0=1.0, degree=2, gamma=0.03980234110644656)",0.7181818181818181,rbf,"{'C': 0.5, 'gamma': 'scale'}","{'thetas': array([      0.003 ,       0.0089,       0.0127,       0.0197,
             0.0388,       0.0414,       0.0488, 1933216.755 ,
       1070732.0083,  672199.2056]), 'lambdas': array([      0.003 ,       0.0089,       0.0127,       0.0197,
             0.0388,       0.0414,       0.0488, 1933216.755 ,
       1070732.0083,  672199.2056]), 'D_scores': array([163.3218,  53.2262,  36.6895,  22.9078,  10.7772,   9.9956,
         8.2328,   6.7375,   6.442 ,   6.2093])}",diff_mean_diff_covariance,2
MY-small_mu,10,sigmoid,"{'gamma': 0.03980234110644656, 'coef0': 0.0}","sigmoid(coef0=0.0, gamma=0.03980234110644656)",0.7727272727272727,rbf,"{'C': 1.0, 'gamma': 0.5}","{'thetas': array([0.0008, 0.002 , 0.0027, 0.0071, 0.0089, 0.0116, 0.0186, 0.0259,
       0.0345, 0.0371]), 'lambdas': array([0.0008, 0.002 , 0.0027, 0.0071, 0.0089, 0.0116, 0.0186, 0.0259,
       0.0345, 0.0371]), 'D_scores': array([640.225 , 246.3542, 184.1317,  66.9893,  53.5958,  40.322 ,
        24.3207,  16.9981,  12.3298,  11.3511])}",diff_mean_diff_covariance,2
MY-small_mu,12,linear,{},linear,0.8363636363636363,rbf,"{'C': 1.0, 'gamma': 0.5}","{'thetas': array([0., 0., 0., 0., 0., 0., 0., 0., 0., 0., 0., 0.]), 'lambdas': array([0., 0., 0., 0., 0., 0., 0., 0., 0., 0., 0., 0.]), 'D_scores': array([2.6153e+10, 3.8944e+09, 2.3150e+09, 1.9327e+09, 1.9054e+09,
       1.1547e+09, 9.2999e+08, 7.8075e+08, 6.9052e+08, 6.4696e+08,
       6.1815e+08, 5.9935e+08])}",diff_mean_diff_covariance,2
MY-small_mu,12,rbf,{'gamma': 0.03980234110644656},rbf(gamma=0.03980234110644656),0.7363636363636363,rbf,"{'C': 1.0, 'gamma': 'scale'}","{'thetas': array([0.0011, 0.0029, 0.0046, 0.0064, 0.0068, 0.0101, 0.0115, 0.015 ,
       0.0176, 0.018 , 0.0208, 0.0238]), 'lambdas': array([0.0011, 0.0029, 0.0046, 0.0064, 0.0068, 0.0101, 0.0115, 0.015 ,
       0.0176, 0.018 , 0.0208, 0.0238]), 'D_scores': array([464.5243, 168.0133, 105.9888,  74.6583,  70.1624,  46.6088,
        40.6221,  30.7197,  25.8424,  25.3221,  21.5772,  18.6786])}",diff_mean_diff_covariance,2
MY-small_mu,12,laplacian,{'gamma': 0.03980234110644656},laplacian(gamma=0.03980234110644656),0.6545454545454545,rbf,"{'C': 2.0, 'gamma': 'scale'}","{'thetas': array([0.0014, 0.0025, 0.0032, 0.0044, 0.0057, 0.0069, 0.0095, 0.0113,
       0.014 , 0.018 , 0.021 , 0.0245]), 'lambdas': array([0.0014, 0.0025, 0.0032, 0.0044, 0.0057, 0.0069, 0.0095, 0.0113,
       0.014 , 0.018 , 0.021 , 0.0245]), 'D_scores': array([359.0094, 197.1304, 151.7541, 110.4613,  84.6748,  69.9944,
        49.9884,  41.5562,  33.1166,  25.3477,  21.3794,  18.026 ])}",diff_mean_diff_covariance,2
MY-small_mu,12,polynomial,"{'degree': 2, 'gamma': 0.03980234110644656, 'coef0': 1.0}","polynomial(coef0=1.0, degree=2, gamma=0.03980234110644656)",0.8090909090909091,poly,"{'C': 1.0, 'gamma': 'scale', 'degree': 2, 'coef0': 1.0}","{'thetas': array([      0.008 ,       0.0201,       0.0242,       0.0341,
             0.0497,       0.0548, 2200969.5095, 1532798.09  ,
        818490.3487,  612863.4053,       0.0642,  331006.933 ]), 'lambdas': array([      0.008 ,       0.0201,       0.0242,       0.0341,
             0.0497,       0.0548, 2200969.5095, 1532798.09  ,
        818490.3487,  612863.4053,       0.0642,  331006.933 ]), 'D_scores': array([59.4017, 22.447 , 18.2785, 12.5058,  8.0659,  7.1683,  6.8022,
        6.6215,  6.3076,  6.163 ,  5.9192,  5.855 ])}",diff_mean_diff_covariance,2
MY-small_mu,12,sigmoid,"{'gamma': 0.03980234110644656, 'coef0': 0.0}","sigmoid(coef0=0.0, gamma=0.03980234110644656)",0.8272727272727273,rbf,"{'C': 1.0, 'gamma': 'scale'}","{'thetas': array([      0.0018,       0.0058,       0.0068,       0.0095,
             0.0154,       0.02  ,       0.0234,       0.0338,
             0.0373,       0.0472,       0.0494, 9443026.9778]), 'lambdas': array([      0.0018,       0.0058,       0.0068,       0.0095,
             0.0154,       0.02  ,       0.0234,       0.0338,
             0.0373,       0.0472,       0.0494, 9443026.9778]), 'D_scores': array([268.3484,  83.0424,  70.8054,  49.7688,  29.955 ,  22.5636,
        19.0297,  12.6073,  11.27  ,   8.5677,   8.1173,   7.5304])}",diff_mean_diff_covariance,2
MY-small_mu,14,linear,{},linear,0.8909090909090909,rbf,"{'C': 2.0, 'gamma': 'scale'}","{'thetas': array([0., 0., 0., 0., 0., 0., 0., 0., 0., 0., 0., 0., 0., 0.]), 'lambdas': array([0., 0., 0., 0., 0., 0., 0., 0., 0., 0., 0., 0., 0., 0.]), 'D_scores': array([4.1384e+09, 2.6663e+09, 2.3683e+09, 2.2992e+09, 2.0597e+09,
       1.4833e+09, 1.3740e+09, 1.1625e+09, 1.1394e+09, 7.8773e+08,
       6.7641e+08, 6.4965e+08, 5.3858e+08, 5.3447e+08])}",diff_mean_diff_covariance,2
MY-small_mu,14,rbf,{'gamma': 0.03980234110644656},rbf(gamma=0.03980234110644656),0.7272727272727273,rbf,"{'C': 2.0, 'gamma': 'scale'}","{'thetas': array([0.0007, 0.0016, 0.0021, 0.0029, 0.0049, 0.0068, 0.0076, 0.0095,
       0.0116, 0.0171, 0.0193, 0.0259, 0.0273, 0.0308]), 'lambdas': array([0.0007, 0.0016, 0.0021, 0.0029, 0.0049, 0.0068, 0.0076, 0.0095,
       0.0116, 0.0171, 0.0193, 0.0259, 0.0273, 0.0308]), 'D_scores': array([752.0134, 302.6258, 230.9934, 170.2078,  99.133 ,  70.4778,
        63.093 ,  49.6926,  40.2907,  26.7847,  23.4637,  16.9443,
        15.9977,  13.9883])}",diff_mean_diff_covariance,2
MY-small_mu,14,laplacian,{'gamma': 0.03980234110644656},laplacian(gamma=0.03980234110644656),0.7545454545454545,rbf,"{'C': 2.0, 'gamma': 'scale'}","{'thetas': array([0.0011, 0.003 , 0.004 , 0.0067, 0.0079, 0.0091, 0.0104, 0.012 ,
       0.0135, 0.0154, 0.0206, 0.0219, 0.0255, 0.0287]), 'lambdas': array([0.0011, 0.003 , 0.004 , 0.0067, 0.0079, 0.0091, 0.0104, 0.012 ,
       0.0135, 0.0154, 0.0206, 0.0219, 0.0255, 0.0287]), 'D_scores': array([452.1072, 163.0061, 120.3151,  71.4193,  60.1284,  51.9165,
        45.1903,  38.8279,  34.3781,  29.9721,  21.815 ,  20.4518,
        17.2799,  15.1399])}",diff_mean_diff_covariance,2
MY-small_mu,14,polynomial,"{'degree': 2, 'gamma': 0.03980234110644656, 'coef0': 1.0}","polynomial(coef0=1.0, degree=2, gamma=0.03980234110644656)",0.7545454545454545,rbf,"{'C': 1.0, 'gamma': 'scale'}","{'thetas': array([      0.0016,       0.002 ,       0.0122,       0.0148,
             0.0224,       0.0296,       0.0359,       0.0495,
       2246528.3833,       0.0577, 1179140.4326,  667253.8217,
        487306.1093,  328734.1344]), 'lambdas': array([      0.0016,       0.002 ,       0.0122,       0.0148,
             0.0224,       0.0296,       0.0359,       0.0495,
       2246528.3833,       0.0577, 1179140.4326,  667253.8217,
        487306.1093,  328734.1344]), 'D_scores': array([316.4888, 247.9981,  38.4121,  31.2078,  19.9053,  14.611 ,
        11.7839,   8.1015,   6.8127,   6.7417,   6.4902,   6.2055,
         6.0484,   5.8515])}",diff_mean_diff_covariance,2
MY-small_mu,14,sigmoid,"{'gamma': 0.03980234110644656, 'coef0': 0.0}","sigmoid(coef0=0.0, gamma=0.03980234110644656)",0.7727272727272727,rbf,"{'C': 0.5, 'gamma': 0.5}","{'thetas': array([      0.0009,       0.0041,       0.0042,       0.007 ,
             0.0084,       0.0104,       0.0142,       0.0198,
             0.0224,       0.0338,       0.0403,       0.0446,
       6634349.7256,       0.0561]), 'lambdas': array([      0.0009,       0.0041,       0.0042,       0.007 ,
             0.0084,       0.0104,       0.0142,       0.0198,
             0.0224,       0.0338,       0.0403,       0.0446,
       6634349.7256,       0.0561]), 'D_scores': array([543.7958, 117.7434, 114.6552,  68.4219,  56.8963,  45.3914,
        32.5751,  22.7992,  19.96  ,  12.5919,  10.3084,   9.1456,
         7.3539,   6.9768])}",diff_mean_diff_covariance,2
MY-small_mu,16,linear,{},linear,0.8909090909090909,rbf,"{'C': 0.5, 'gamma': 'scale'}","{'thetas': array([0., 0., 0., 0., 0., 0., 0., 0., 0., 0., 0., 0., 0., 0., 0., 0.]), 'lambdas': array([0., 0., 0., 0., 0., 0., 0., 0., 0., 0., 0., 0., 0., 0., 0., 0.]), 'D_scores': array([4.3861e+09, 3.5179e+09, 1.5886e+09, 1.3434e+09, 1.3401e+09,
       1.1236e+09, 8.2908e+08, 6.7676e+08, 6.5070e+08, 6.3904e+08,
       4.9819e+08, 4.9351e+08, 3.6115e+08, 3.4783e+08, 3.2480e+08,
       2.3574e+08])}",diff_mean_diff_covariance,2
MY-small_mu,16,rbf,{'gamma': 0.03980234110644656},rbf(gamma=0.03980234110644656),0.7545454545454545,rbf,"{'C': 0.5, 'gamma': 'scale'}","{'thetas': array([0.0009, 0.0016, 0.0018, 0.0034, 0.005 , 0.0054, 0.0061, 0.0079,
       0.0094, 0.0106, 0.0125, 0.0131, 0.0155, 0.0192, 0.0225, 0.0249]), 'lambdas': array([0.0009, 0.0016, 0.0018, 0.0034, 0.005 , 0.0054, 0.0061, 0.0079,
       0.0094, 0.0106, 0.0125, 0.0131, 0.0155, 0.0192, 0.0225, 0.0249]), 'D_scores': array([547.4038, 307.5055, 272.3808, 145.069 ,  96.4764,  89.4485,
        78.3568,  60.041 ,  50.5363,  44.5118,  37.3275,  35.3997,
        29.7618,  23.6182,  19.7859,  17.7739])}",diff_mean_diff_covariance,2
MY-small_mu,16,laplacian,{'gamma': 0.03980234110644656},laplacian(gamma=0.03980234110644656),0.7,rbf,"{'C': 2.0, 'gamma': 'scale'}","{'thetas': array([0.002 , 0.0022, 0.0033, 0.0068, 0.0077, 0.0094, 0.0112, 0.0127,
       0.0154, 0.0172, 0.0207, 0.0239, 0.0265, 0.0356, 0.0393, 0.0456]), 'lambdas': array([0.002 , 0.0022, 0.0033, 0.0068, 0.0077, 0.0094, 0.0112, 0.0127,
       0.0154, 0.0172, 0.0207, 0.0239, 0.0265, 0.0356, 0.0393, 0.0456]), 'D_scores': array([240.4475, 227.6042, 148.1598,  70.8387,  61.7216,  50.2935,
        41.7538,  36.5399,  29.8647,  26.4875,  21.6646,  18.5919,
        16.5822,  11.891 ,  10.6006,   8.9143])}",diff_mean_diff_covariance,2
MY-small_mu,16,polynomial,"{'degree': 2, 'gamma': 0.03980234110644656, 'coef0': 1.0}","polynomial(coef0=1.0, degree=2, gamma=0.03980234110644656)",0.7818181818181819,poly,"{'C': 0.5, 'gamma': 'scale', 'degree': 2, 'coef0': 1.0}","{'thetas': array([      0.003 ,       0.0036,       0.0052,       0.0094,
             0.0155,       0.0211,       0.0281,       0.0352,
             0.0417,       0.0478, 1625273.4354,  890089.6126,
        697565.7831,  516678.6912,  383659.5321,       0.0644]), 'lambdas': array([      0.003 ,       0.0036,       0.0052,       0.0094,
             0.0155,       0.0211,       0.0281,       0.0352,
             0.0417,       0.0478, 1625273.4354,  890089.6126,
        697565.7831,  516678.6912,  383659.5321,       0.0644]), 'D_scores': array([162.0286, 134.7945,  93.5167,  50.2964,  29.7249,  21.2298,
        15.5126,  12.0275,   9.9008,   8.4454,   6.6508,   6.3496,
         6.2277,   6.0776,   5.9288,   5.8897])}",diff_mean_diff_covariance,2
MY-small_mu,16,sigmoid,"{'gamma': 0.03980234110644656, 'coef0': 0.0}","sigmoid(coef0=0.0, gamma=0.03980234110644656)",0.8454545454545455,rbf,"{'C': 2.0, 'gamma': 'scale'}","{'thetas': array([      0.0003,       0.0023,       0.0045,       0.0088,
             0.0112,       0.0118,       0.0198,       0.0206,
             0.0272,       0.0307,       0.0451,       0.0521,
       3204520.1   , 2780533.4994,       0.0568, 1787105.8154]), 'lambdas': array([      0.0003,       0.0023,       0.0045,       0.0088,
             0.0112,       0.0118,       0.0198,       0.0206,
             0.0272,       0.0307,       0.0451,       0.0521,
       3204520.1   , 2780533.4994,       0.0568, 1787105.8154]), 'D_scores': array([1482.3461,  217.6413,  107.9532,   53.7844,   41.7563,   39.5549,
         22.8536,   21.8592,   16.0482,   14.0488,    9.0405,    7.6244,
          6.99  ,    6.9191,    6.8648,    6.6981])}",diff_mean_diff_covariance,2
MY-small_mu,20,linear,{},linear,0.9272727272727272,rbf,"{'C': 2.0, 'gamma': 'scale'}","{'thetas': array([0., 0., 0., 0., 0., 0., 0., 0., 0., 0., 0., 0., 0., 0., 0., 0., 0.,
       0., 0., 0.]), 'lambdas': array([0., 0., 0., 0., 0., 0., 0., 0., 0., 0., 0., 0., 0., 0., 0., 0., 0.,
       0., 0., 0.]), 'D_scores': array([1.2765e+11, 8.0229e+09, 4.6560e+09, 3.3436e+09, 3.1331e+09,
       2.3478e+09, 2.0252e+09, 1.2760e+09, 1.2251e+09, 1.1184e+09,
       9.2431e+08, 8.1068e+08, 6.2405e+08, 5.9992e+08, 5.2904e+08,
       4.3079e+08, 4.1300e+08, 3.4229e+08, 3.3411e+08, 2.8316e+08])}",diff_mean_diff_covariance,2
MY-small_mu,20,rbf,{'gamma': 0.03980234110644656},rbf(gamma=0.03980234110644656),0.8090909090909091,rbf,"{'C': 0.5, 'gamma': 'scale'}","{'thetas': array([      0.001 ,       0.0021,       0.0036,       0.0045,
             0.0068,       0.0095,       0.0113,       0.0116,
             0.0158,       0.0196,       0.0213,       0.026 ,
             0.0266,       0.0347,       0.0405,       0.0424,
             0.0465,       0.0522,       0.0527, 4332904.3816]), 'lambdas': array([      0.001 ,       0.0021,       0.0036,       0.0045,
             0.0068,       0.0095,       0.0113,       0.0116,
             0.0158,       0.0196,       0.0213,       0.026 ,
             0.0266,       0.0347,       0.0405,       0.0424,
             0.0465,       0.0522,       0.0527, 4332904.3816]), 'D_scores': array([490.9888, 237.5925, 135.0704, 108.0872,  70.1805,  50.0366,
        41.6874,  40.2942,  29.1139,  23.0168,  21.0089,  16.9202,
        16.4708,  12.2171,  10.2437,   9.7143,   8.7247,   7.6006,
         7.5127,   7.1415])}",diff_mean_diff_covariance,2
MY-small_mu,20,laplacian,{'gamma': 0.03980234110644656},laplacian(gamma=0.03980234110644656),0.6727272727272727,rbf,"{'C': 2.0, 'gamma': 'scale'}","{'thetas': array([      0.0017,       0.0024,       0.0028,       0.0058,
             0.0065,       0.0089,       0.0106,       0.0119,
             0.0157,       0.0206,       0.0232,       0.0267,
             0.027 ,       0.036 ,       0.0463,       0.05  ,
             0.0522,       0.0567, 1534110.5067,       0.0623]), 'lambdas': array([      0.0017,       0.0024,       0.0028,       0.0058,
             0.0065,       0.0089,       0.0106,       0.0119,
             0.0157,       0.0206,       0.0232,       0.0267,
             0.027 ,       0.036 ,       0.0463,       0.05  ,
             0.0522,       0.0567, 1534110.5067,       0.0623]), 'D_scores': array([298.1675, 208.851 , 176.3954,  83.6361,  73.9056,  53.1585,
        44.2148,  39.315 ,  29.1904,  21.7777,  19.1589,  16.4456,
        16.2232,  11.7217,   8.7732,   8.0014,   7.5972,   6.8808,
         6.622 ,   6.1425])}",diff_mean_diff_covariance,2
MY-small_mu,20,polynomial,"{'degree': 2, 'gamma': 0.03980234110644656, 'coef0': 1.0}","polynomial(coef0=1.0, degree=2, gamma=0.03980234110644656)",0.8181818181818182,rbf,"{'C': 1.0, 'gamma': 'scale'}","{'thetas': array([      0.0049,       0.0098,       0.015 ,       0.022 ,
             0.024 ,       0.0341,       0.0481, 2476803.4292,
       1654525.3531,  622584.2338,  450763.7734,  363636.9877,
        269909.1441,  243613.197 ,  175582.5848,  158339.5221,
        127002.4578,  113908.2958,  102672.4644,   65341.461 ]), 'lambdas': array([      0.0049,       0.0098,       0.015 ,       0.022 ,
             0.024 ,       0.0341,       0.0481, 2476803.4292,
       1654525.3531,  622584.2338,  450763.7734,  363636.9877,
        269909.1441,  243613.197 ,  175582.5848,  158339.5221,
        127002.4578,  113908.2958,  102672.4644,   65341.461 ]), 'D_scores': array([99.4698, 48.3349, 30.8383, 20.3919, 18.4837, 12.4795,  8.38  ,
        6.8613,  6.6597,  6.1709,  6.0094,  5.902 ,  5.7531,  5.7017,
        5.5379,  5.4863,  5.376 ,  5.3216,  5.2697,  5.0437])}",diff_mean_diff_covariance,2
MY-small_mu,20,sigmoid,"{'gamma': 0.03980234110644656, 'coef0': 0.0}","sigmoid(coef0=0.0, gamma=0.03980234110644656)",0.7272727272727273,rbf,"{'C': 2.0, 'gamma': 'scale'}","{'thetas': array([      0.0012,       0.0023,       0.004 ,       0.0065,
             0.0128,       0.0157,       0.0185,       0.0333,
             0.0416,       0.0459, 7059302.0861, 2255458.0987,
       1887957.9389, 1484159.2011, 1372279.6862, 1040013.5495,
        554528.3753,  432327.1692,  323016.3532,       0.065 ]), 'lambdas': array([      0.0012,       0.0023,       0.004 ,       0.0065,
             0.0128,       0.0157,       0.0185,       0.0333,
             0.0416,       0.0459, 7059302.0861, 2255458.0987,
       1887957.9389, 1484159.2011, 1372279.6862, 1040013.5495,
        554528.3753,  432327.1692,  323016.3532,       0.065 ]), 'D_scores': array([406.5455, 209.4852, 122.3256,  73.5313,  36.511 ,  29.368 ,
        24.5218,  12.8283,   9.9497,   8.846 ,   7.3849,   6.8144,
         6.7255,   6.6052,   6.566 ,   6.4274,   6.113 ,   5.9885,
         5.8427,   5.8248])}",diff_mean_diff_covariance,2
KFDA-1D,1,linear,{},linear,0.5727272727272728,linear,{'C': 0.5},"{'top_lambda': 0.025585305849865344, 'd_norm': 17.547963488559994}",diff_mean_diff_covariance,3
KFDA-1D,1,rbf,{'gamma': 0.04181223181000231},rbf(gamma=0.04181223181000231),0.8272727272727273,linear,{'C': 0.5},"{'top_lambda': 6528.799940403418, 'd_norm': 0.36960998310898857}",diff_mean_diff_covariance,3
KFDA-1D,1,laplacian,{'gamma': 0.04181223181000231},laplacian(gamma=0.04181223181000231),0.7545454545454545,poly,"{'C': 0.5, 'gamma': 'scale', 'degree': 2, 'coef0': 1.0}","{'top_lambda': 13321.049586272602, 'd_norm': 0.23290762963926034}",diff_mean_diff_covariance,3
KFDA-1D,1,polynomial,"{'degree': 2, 'gamma': 0.04181223181000231, 'coef0': 1.0}","polynomial(coef0=1.0, degree=2, gamma=0.04181223181000231)",0.7,rbf,"{'C': 2.0, 'gamma': 0.5}","{'top_lambda': 11.087356363728745, 'd_norm': 1.8200269748201878}",diff_mean_diff_covariance,3
KFDA-1D,1,sigmoid,"{'gamma': 0.04181223181000231, 'coef0': 0.0}","sigmoid(coef0=0.0, gamma=0.04181223181000231)",0.7272727272727273,linear,{'C': 0.5},"{'top_lambda': 2.964206493484221, 'd_norm': 0.6751563444097591}",diff_mean_diff_covariance,3
MY-large_mu,1,linear,{},linear,0.7090909090909091,rbf,"{'C': 0.5, 'gamma': 0.5}","{'thetas': array([0.]), 'lambdas': array([0.]), 'gvals': array([4.4052e+09])}",diff_mean_diff_covariance,3
MY-large_mu,1,rbf,{'gamma': 0.04181223181000231},rbf(gamma=0.04181223181000231),0.6545454545454545,linear,{'C': 1.0},"{'thetas': array([0.0014]), 'lambdas': array([0.0014]), 'gvals': array([363.1795])}",diff_mean_diff_covariance,3
MY-large_mu,1,laplacian,{'gamma': 0.04181223181000231},laplacian(gamma=0.04181223181000231),0.6363636363636364,poly,"{'C': 0.5, 'gamma': 'scale', 'degree': 2, 'coef0': 1.0}","{'thetas': array([0.0016]), 'lambdas': array([0.0016]), 'gvals': array([310.2355])}",diff_mean_diff_covariance,3
MY-large_mu,1,polynomial,"{'degree': 2, 'gamma': 0.04181223181000231, 'coef0': 1.0}","polynomial(coef0=1.0, degree=2, gamma=0.04181223181000231)",0.7181818181818181,linear,{'C': 0.5},"{'thetas': array([0.0064]), 'lambdas': array([0.0064]), 'gvals': array([74.6045])}",diff_mean_diff_covariance,3
MY-large_mu,1,sigmoid,"{'gamma': 0.04181223181000231, 'coef0': 0.0}","sigmoid(coef0=0.0, gamma=0.04181223181000231)",0.6272727272727273,rbf,"{'C': 0.5, 'gamma': 'scale'}","{'thetas': array([0.0014]), 'lambdas': array([0.0014]), 'gvals': array([358.7631])}",diff_mean_diff_covariance,3
MY-large_mu,2,linear,{},linear,0.8363636363636363,rbf,"{'C': 0.5, 'gamma': 'scale'}","{'thetas': array([0., 0.]), 'lambdas': array([0., 0.]), 'gvals': array([5.4287e+10, 9.6009e+09])}",diff_mean_diff_covariance,3
MY-large_mu,2,rbf,{'gamma': 0.04181223181000231},rbf(gamma=0.04181223181000231),0.6181818181818182,rbf,"{'C': 2.0, 'gamma': 'scale'}","{'thetas': array([0.0004, 0.0013]), 'lambdas': array([0.0004, 0.0013]), 'gvals': array([1240.0009,  377.126 ])}",diff_mean_diff_covariance,3
MY-large_mu,2,laplacian,{'gamma': 0.04181223181000231},laplacian(gamma=0.04181223181000231),0.6272727272727273,poly,"{'C': 2.0, 'gamma': 'scale', 'degree': 2, 'coef0': 1.0}","{'thetas': array([0.0012, 0.0014]), 'lambdas': array([0.0012, 0.0014]), 'gvals': array([408.8954, 355.3522])}",diff_mean_diff_covariance,3
MY-large_mu,2,polynomial,"{'degree': 2, 'gamma': 0.04181223181000231, 'coef0': 1.0}","polynomial(coef0=1.0, degree=2, gamma=0.04181223181000231)",0.6454545454545455,rbf,"{'C': 1.0, 'gamma': 'scale'}","{'thetas': array([0.0044, 0.0056]), 'lambdas': array([0.0044, 0.0056]), 'gvals': array([110.0109,  86.1304])}",diff_mean_diff_covariance,3
MY-large_mu,2,sigmoid,"{'gamma': 0.04181223181000231, 'coef0': 0.0}","sigmoid(coef0=0.0, gamma=0.04181223181000231)",0.7,poly,"{'C': 2.0, 'gamma': 'scale', 'degree': 2, 'coef0': 1.0}","{'thetas': array([0.0016, 0.002 ]), 'lambdas': array([0.0016, 0.002 ]), 'gvals': array([305.3353, 244.8962])}",diff_mean_diff_covariance,3
MY-large_mu,3,linear,{},linear,0.8363636363636363,rbf,"{'C': 0.5, 'gamma': 0.5}","{'thetas': array([0., 0., 0.]), 'lambdas': array([0., 0., 0.]), 'gvals': array([2.6570e+10, 2.1590e+10, 8.8455e+09])}",diff_mean_diff_covariance,3
MY-large_mu,3,rbf,{'gamma': 0.04181223181000231},rbf(gamma=0.04181223181000231),0.6454545454545455,rbf,"{'C': 2.0, 'gamma': 0.5}","{'thetas': array([0.0012, 0.0017, 0.0035]), 'lambdas': array([0.0012, 0.0017, 0.0035]), 'gvals': array([397.314 , 290.3754, 139.3697])}",diff_mean_diff_covariance,3
MY-large_mu,3,laplacian,{'gamma': 0.04181223181000231},laplacian(gamma=0.04181223181000231),0.5727272727272728,poly,"{'C': 1.0, 'gamma': 'scale', 'degree': 2, 'coef0': 1.0}","{'thetas': array([0.0022, 0.004 , 0.0066]), 'lambdas': array([0.0022, 0.004 , 0.0066]), 'gvals': array([225.2987, 120.2604,  72.8886])}",diff_mean_diff_covariance,3
MY-large_mu,3,polynomial,"{'degree': 2, 'gamma': 0.04181223181000231, 'coef0': 1.0}","polynomial(coef0=1.0, degree=2, gamma=0.04181223181000231)",0.6909090909090909,rbf,"{'C': 0.5, 'gamma': 'scale'}","{'thetas': array([0.0002, 0.0082, 0.0104]), 'lambdas': array([0.0002, 0.0082, 0.0104]), 'gvals': array([2909.3493,   58.3129,   45.3095])}",diff_mean_diff_covariance,3
MY-large_mu,3,sigmoid,"{'gamma': 0.04181223181000231, 'coef0': 0.0}","sigmoid(coef0=0.0, gamma=0.04181223181000231)",0.7363636363636363,rbf,"{'C': 0.5, 'gamma': 'scale'}","{'thetas': array([0.0015, 0.0036, 0.0049]), 'lambdas': array([0.0015, 0.0036, 0.0049]), 'gvals': array([320.5774, 135.6777,  97.9123])}",diff_mean_diff_covariance,3
MY-large_mu,4,linear,{},linear,0.8272727272727273,rbf,"{'C': 0.5, 'gamma': 0.5}","{'thetas': array([0., 0., 0., 0.]), 'lambdas': array([0., 0., 0., 0.]), 'gvals': array([1.2692e+10, 9.5409e+09, 7.5379e+09, 6.2230e+09])}",diff_mean_diff_covariance,3
MY-large_mu,4,rbf,{'gamma': 0.04181223181000231},rbf(gamma=0.04181223181000231),0.6454545454545455,rbf,"{'C': 0.5, 'gamma': 0.5}","{'thetas': array([0.001 , 0.0021, 0.0036, 0.0056]), 'lambdas': array([0.001 , 0.0021, 0.0036, 0.0056]), 'gvals': array([483.2147, 230.4516, 135.3127,  85.8671])}",diff_mean_diff_covariance,3
MY-large_mu,4,laplacian,{'gamma': 0.04181223181000231},laplacian(gamma=0.04181223181000231),0.5454545454545454,rbf,"{'C': 2.0, 'gamma': 0.5}","{'thetas': array([0.0012, 0.003 , 0.0038, 0.0051]), 'lambdas': array([0.0012, 0.003 , 0.0038, 0.0051]), 'gvals': array([405.6244, 161.3667, 128.3461,  95.8093])}",diff_mean_diff_covariance,3
MY-large_mu,4,polynomial,"{'degree': 2, 'gamma': 0.04181223181000231, 'coef0': 1.0}","polynomial(coef0=1.0, degree=2, gamma=0.04181223181000231)",0.7090909090909091,rbf,"{'C': 2.0, 'gamma': 'scale'}","{'thetas': array([0.0016, 0.0088, 0.013 , 0.0141]), 'lambdas': array([0.0016, 0.0088, 0.013 , 0.0141]), 'gvals': array([305.4375,  54.1295,  35.7943,  32.7154])}",diff_mean_diff_covariance,3
MY-large_mu,4,sigmoid,"{'gamma': 0.04181223181000231, 'coef0': 0.0}","sigmoid(coef0=0.0, gamma=0.04181223181000231)",0.7272727272727273,rbf,"{'C': 0.5, 'gamma': 0.5}","{'thetas': array([0.0036, 0.0043, 0.0052, 0.0072]), 'lambdas': array([0.0036, 0.0043, 0.0052, 0.0072]), 'gvals': array([137.3648, 114.2917,  93.3648,  66.2292])}",diff_mean_diff_covariance,3
MY-large_mu,5,linear,{},linear,0.7909090909090909,rbf,"{'C': 1.0, 'gamma': 'scale'}","{'thetas': array([0., 0., 0., 0., 0.]), 'lambdas': array([0., 0., 0., 0., 0.]), 'gvals': array([4.3485e+09, 4.0592e+09, 1.7536e+09, 1.6837e+09, 1.4289e+09])}",diff_mean_diff_covariance,3
MY-large_mu,5,rbf,{'gamma': 0.04181223181000231},rbf(gamma=0.04181223181000231),0.6909090909090909,rbf,"{'C': 0.5, 'gamma': 'scale'}","{'thetas': array([0.0004, 0.0019, 0.0021, 0.0029, 0.0047]), 'lambdas': array([0.0004, 0.0019, 0.0021, 0.0029, 0.0047]), 'gvals': array([1412.6795,  263.6754,  235.6145,  167.0472,  103.1404])}",diff_mean_diff_covariance,3
MY-large_mu,5,laplacian,{'gamma': 0.04181223181000231},laplacian(gamma=0.04181223181000231),0.5818181818181818,rbf,"{'C': 0.5, 'gamma': 'scale'}","{'thetas': array([0.0007, 0.0018, 0.003 , 0.0045, 0.0054]), 'lambdas': array([0.0007, 0.0018, 0.003 , 0.0045, 0.0054]), 'gvals': array([714.6997, 276.8195, 165.0457, 108.9794,  88.6622])}",diff_mean_diff_covariance,3
MY-large_mu,5,polynomial,"{'degree': 2, 'gamma': 0.04181223181000231, 'coef0': 1.0}","polynomial(coef0=1.0, degree=2, gamma=0.04181223181000231)",0.6727272727272727,rbf,"{'C': 0.5, 'gamma': 'scale'}","{'thetas': array([0.0027, 0.0059, 0.0203, 0.0249, 0.0384]), 'lambdas': array([0.0027, 0.0059, 0.0203, 0.0249, 0.0384]), 'gvals': array([181.1147,  81.618 ,  22.2251,  17.7309,  10.8867])}",diff_mean_diff_covariance,3
MY-large_mu,5,sigmoid,"{'gamma': 0.04181223181000231, 'coef0': 0.0}","sigmoid(coef0=0.0, gamma=0.04181223181000231)",0.7181818181818181,rbf,"{'C': 0.5, 'gamma': 'scale'}","{'thetas': array([0.0043, 0.0053, 0.0094, 0.0109, 0.0134]), 'lambdas': array([0.0043, 0.0053, 0.0094, 0.0109, 0.0134]), 'gvals': array([113.4683,  92.0249,  50.437 ,  43.1939,  34.5993])}",diff_mean_diff_covariance,3
MY-large_mu,6,linear,{},linear,0.8272727272727273,rbf,"{'C': 0.5, 'gamma': 0.5}","{'thetas': array([0., 0., 0., 0., 0., 0.]), 'lambdas': array([0., 0., 0., 0., 0., 0.]), 'gvals': array([5.1619e+10, 5.5236e+09, 2.5015e+09, 1.6283e+09, 1.3092e+09,
       1.1788e+09])}",diff_mean_diff_covariance,3
MY-large_mu,6,rbf,{'gamma': 0.04181223181000231},rbf(gamma=0.04181223181000231),0.7181818181818181,rbf,"{'C': 1.0, 'gamma': 0.5}","{'thetas': array([0.0021, 0.0037, 0.005 , 0.0075, 0.0083, 0.0088]), 'lambdas': array([0.0021, 0.0037, 0.005 , 0.0075, 0.0083, 0.0088]), 'gvals': array([229.1818, 133.5404,  96.0836,  63.6442,  57.328 ,  53.9034])}",diff_mean_diff_covariance,3
MY-large_mu,6,laplacian,{'gamma': 0.04181223181000231},laplacian(gamma=0.04181223181000231),0.6272727272727273,rbf,"{'C': 1.0, 'gamma': 0.5}","{'thetas': array([0.0009, 0.0013, 0.0024, 0.0044, 0.005 , 0.0075]), 'lambdas': array([0.0009, 0.0013, 0.0024, 0.0044, 0.005 , 0.0075]), 'gvals': array([583.9885, 385.7195, 207.6809, 111.5849,  96.8217,  63.9581])}",diff_mean_diff_covariance,3
MY-large_mu,6,polynomial,"{'degree': 2, 'gamma': 0.04181223181000231, 'coef0': 1.0}","polynomial(coef0=1.0, degree=2, gamma=0.04181223181000231)",0.7636363636363637,rbf,"{'C': 2.0, 'gamma': 0.5}","{'thetas': array([0.0068, 0.0112, 0.0131, 0.0182, 0.0238, 0.0301]), 'lambdas': array([0.0068, 0.0112, 0.0131, 0.0182, 0.0238, 0.0301]), 'gvals': array([70.5135, 41.9355, 35.6011, 24.9705, 18.6298, 14.3466])}",diff_mean_diff_covariance,3
MY-large_mu,6,sigmoid,"{'gamma': 0.04181223181000231, 'coef0': 0.0}","sigmoid(coef0=0.0, gamma=0.04181223181000231)",0.7272727272727273,rbf,"{'C': 0.5, 'gamma': 0.5}","{'thetas': array([0.002 , 0.0028, 0.0048, 0.0094, 0.0126, 0.0165]), 'lambdas': array([0.002 , 0.0028, 0.0048, 0.0094, 0.0126, 0.0165]), 'gvals': array([244.9002, 172.0185, 100.4859,  50.4334,  36.9962,  27.6675])}",diff_mean_diff_covariance,3
MY-large_mu,7,linear,{},linear,0.8272727272727273,rbf,"{'C': 0.5, 'gamma': 'scale'}","{'thetas': array([0., 0., 0., 0., 0., 0., 0.]), 'lambdas': array([0., 0., 0., 0., 0., 0., 0.]), 'gvals': array([1.0540e+10, 6.4698e+09, 4.1093e+09, 2.4564e+09, 2.3183e+09,
       1.7593e+09, 1.7133e+09])}",diff_mean_diff_covariance,3
MY-large_mu,7,rbf,{'gamma': 0.04181223181000231},rbf(gamma=0.04181223181000231),0.6636363636363637,rbf,"{'C': 0.5, 'gamma': 'scale'}","{'thetas': array([0.0007, 0.0018, 0.0032, 0.0051, 0.0054, 0.0074, 0.0092]), 'lambdas': array([0.0007, 0.0018, 0.0032, 0.0051, 0.0054, 0.0074, 0.0092]), 'gvals': array([757.0912, 275.464 , 151.1741,  95.2822,  90.2279,  64.5617,
        51.5881])}",diff_mean_diff_covariance,3
MY-large_mu,7,laplacian,{'gamma': 0.04181223181000231},laplacian(gamma=0.04181223181000231),0.7363636363636363,rbf,"{'C': 0.5, 'gamma': 0.5}","{'thetas': array([0.0004, 0.001 , 0.0027, 0.005 , 0.0064, 0.008 , 0.0089]), 'lambdas': array([0.0004, 0.001 , 0.0027, 0.005 , 0.0064, 0.008 , 0.0089]), 'gvals': array([1277.5246,  478.2505,  179.8756,   97.4801,   75.0432,   59.2472,
         53.1129])}",diff_mean_diff_covariance,3
MY-large_mu,7,polynomial,"{'degree': 2, 'gamma': 0.04181223181000231, 'coef0': 1.0}","polynomial(coef0=1.0, degree=2, gamma=0.04181223181000231)",0.7818181818181819,rbf,"{'C': 0.5, 'gamma': 'scale'}","{'thetas': array([0.0066, 0.0105, 0.0166, 0.0264, 0.027 , 0.0414, 0.0453]), 'lambdas': array([0.0066, 0.0105, 0.0166, 0.0264, 0.027 , 0.0414, 0.0453]), 'gvals': array([72.4948, 44.6815, 27.6358, 16.6481, 16.1805,  9.9969,  8.9956])}",diff_mean_diff_covariance,3
MY-large_mu,7,sigmoid,"{'gamma': 0.04181223181000231, 'coef0': 0.0}","sigmoid(coef0=0.0, gamma=0.04181223181000231)",0.7545454545454545,rbf,"{'C': 2.0, 'gamma': 0.5}","{'thetas': array([0.001 , 0.0028, 0.0039, 0.0049, 0.009 , 0.0103, 0.0106]), 'lambdas': array([0.001 , 0.0028, 0.0039, 0.0049, 0.009 , 0.0103, 0.0106]), 'gvals': array([499.8098, 172.8928, 126.0065,  98.1049,  52.8931,  45.6127,
        44.2134])}",diff_mean_diff_covariance,3
MY-large_mu,8,linear,{},linear,0.9181818181818182,rbf,"{'C': 0.5, 'gamma': 0.5}","{'thetas': array([0., 0., 0., 0., 0., 0., 0., 0.]), 'lambdas': array([0., 0., 0., 0., 0., 0., 0., 0.]), 'gvals': array([7.5919e+09, 6.2647e+09, 2.6843e+09, 1.8428e+09, 1.2148e+09,
       9.6085e+08, 8.4210e+08, 5.5576e+08])}",diff_mean_diff_covariance,3
MY-large_mu,8,rbf,{'gamma': 0.04181223181000231},rbf(gamma=0.04181223181000231),0.6181818181818182,rbf,"{'C': 2.0, 'gamma': 0.5}","{'thetas': array([0.0012, 0.0016, 0.0024, 0.0053, 0.0065, 0.0092, 0.01  , 0.0116]), 'lambdas': array([0.0012, 0.0016, 0.0024, 0.0053, 0.0065, 0.0092, 0.01  , 0.0116]), 'gvals': array([418.7872, 317.1328, 207.4374,  90.5169,  73.7498,  51.647 ,
        47.3905,  40.3956])}",diff_mean_diff_covariance,3
MY-large_mu,8,laplacian,{'gamma': 0.04181223181000231},laplacian(gamma=0.04181223181000231),0.7363636363636363,rbf,"{'C': 1.0, 'gamma': 0.5}","{'thetas': array([0.0011, 0.002 , 0.005 , 0.0072, 0.0081, 0.0098, 0.0122, 0.0139]), 'lambdas': array([0.0011, 0.002 , 0.005 , 0.0072, 0.0081, 0.0098, 0.0122, 0.0139]), 'gvals': array([469.5713, 240.4099,  97.6137,  66.4826,  58.5295,  48.0954,
        38.2195,  33.3008])}",diff_mean_diff_covariance,3
MY-large_mu,8,polynomial,"{'degree': 2, 'gamma': 0.04181223181000231, 'coef0': 1.0}","polynomial(coef0=1.0, degree=2, gamma=0.04181223181000231)",0.7363636363636363,poly,"{'C': 2.0, 'gamma': 'scale', 'degree': 2, 'coef0': 1.0}","{'thetas': array([0.0006, 0.0112, 0.0186, 0.0278, 0.0335, 0.0342, 0.0499, 0.0536]), 'lambdas': array([0.0006, 0.0112, 0.0186, 0.0278, 0.0335, 0.0342, 0.0499, 0.0536]), 'gvals': array([817.6631,  41.9134,  24.4342,  15.6912,  12.7153,  12.4178,
         8.0216,   7.3712])}",diff_mean_diff_covariance,3
MY-large_mu,8,sigmoid,"{'gamma': 0.04181223181000231, 'coef0': 0.0}","sigmoid(coef0=0.0, gamma=0.04181223181000231)",0.7909090909090909,rbf,"{'C': 0.5, 'gamma': 0.5}","{'thetas': array([0.002 , 0.0032, 0.0059, 0.0065, 0.0084, 0.0146, 0.0183, 0.0261]), 'lambdas': array([0.002 , 0.0032, 0.0059, 0.0065, 0.0084, 0.0146, 0.0183, 0.0261]), 'gvals': array([251.9273, 155.0888,  82.0913,  73.7855,  56.6977,  31.6397,
        24.8295,  16.8105])}",diff_mean_diff_covariance,3
MY-large_mu,10,linear,{},linear,0.8909090909090909,rbf,"{'C': 0.5, 'gamma': 0.5}","{'thetas': array([0., 0., 0., 0., 0., 0., 0., 0., 0., 0.]), 'lambdas': array([0., 0., 0., 0., 0., 0., 0., 0., 0., 0.]), 'gvals': array([6.6370e+09, 6.5868e+09, 2.7518e+09, 2.4184e+09, 2.4114e+09,
       1.9224e+09, 9.4005e+08, 8.8431e+08, 7.2531e+08, 4.8420e+08])}",diff_mean_diff_covariance,3
MY-large_mu,10,rbf,{'gamma': 0.04181223181000231},rbf(gamma=0.04181223181000231),0.7,rbf,"{'C': 1.0, 'gamma': 0.5}","{'thetas': array([0.0009, 0.002 , 0.0026, 0.0046, 0.007 , 0.0074, 0.0086, 0.0101,
       0.0107, 0.0153]), 'lambdas': array([0.0009, 0.002 , 0.0026, 0.0046, 0.007 , 0.0074, 0.0086, 0.0101,
       0.0107, 0.0153]), 'gvals': array([524.3255, 250.4274, 188.8476, 106.3399,  68.4694,  64.5292,
        55.182 ,  46.9021,  44.0068,  30.159 ])}",diff_mean_diff_covariance,3
MY-large_mu,10,laplacian,{'gamma': 0.04181223181000231},laplacian(gamma=0.04181223181000231),0.6909090909090909,rbf,"{'C': 2.0, 'gamma': 'scale'}","{'thetas': array([0.    , 0.0026, 0.004 , 0.0057, 0.0075, 0.0091, 0.0118, 0.0141,
       0.0171, 0.0191]), 'lambdas': array([0.    , 0.0026, 0.004 , 0.0057, 0.0075, 0.0091, 0.0118, 0.0141,
       0.0171, 0.0191]), 'gvals': array([11198.8094,   187.4899,   122.3489,    85.263 ,    64.1038,
          52.2912,    39.789 ,    32.8646,    26.7195,    23.7022])}",diff_mean_diff_covariance,3
MY-large_mu,10,polynomial,"{'degree': 2, 'gamma': 0.04181223181000231, 'coef0': 1.0}","polynomial(coef0=1.0, degree=2, gamma=0.04181223181000231)",0.8636363636363636,rbf,"{'C': 2.0, 'gamma': 'scale'}","{'thetas': array([      0.0029,       0.0108,       0.0141,       0.022 ,
             0.0249,       0.0287,       0.0465,       0.0503,
       2167937.6653, 1235980.6755]), 'lambdas': array([      0.0029,       0.0108,       0.0141,       0.022 ,
             0.0249,       0.0287,       0.0465,       0.0503,
       2167937.6653, 1235980.6755]), 'gvals': array([166.7807,  43.5511,  32.8886,  20.3504,  17.7621,  15.1627,
         8.7223,   7.938 ,   6.7946,   6.5137])}",diff_mean_diff_covariance,3
MY-large_mu,10,sigmoid,"{'gamma': 0.04181223181000231, 'coef0': 0.0}","sigmoid(coef0=0.0, gamma=0.04181223181000231)",0.8090909090909091,rbf,"{'C': 1.0, 'gamma': 0.5}","{'thetas': array([0.0012, 0.002 , 0.0038, 0.0051, 0.0095, 0.011 , 0.0184, 0.02  ,
       0.0249, 0.0283]), 'lambdas': array([0.0012, 0.002 , 0.0038, 0.0051, 0.0095, 0.011 , 0.0184, 0.02  ,
       0.0249, 0.0283]), 'gvals': array([399.5063, 245.3036, 127.4692,  95.4031,  50.0339,  42.7191,
        24.652 ,  22.5692,  17.7095,  15.3655])}",diff_mean_diff_covariance,3
MY-large_mu,12,linear,{},linear,0.9090909090909091,rbf,"{'C': 2.0, 'gamma': 'scale'}","{'thetas': array([0., 0., 0., 0., 0., 0., 0., 0., 0., 0., 0., 0.]), 'lambdas': array([0., 0., 0., 0., 0., 0., 0., 0., 0., 0., 0., 0.]), 'gvals': array([1.9344e+10, 6.3551e+09, 2.3857e+09, 2.1951e+09, 1.6324e+09,
       1.0823e+09, 1.0142e+09, 8.0055e+08, 7.9098e+08, 6.7945e+08,
       4.7203e+08, 4.5602e+08])}",diff_mean_diff_covariance,3
MY-large_mu,12,rbf,{'gamma': 0.04181223181000231},rbf(gamma=0.04181223181000231),0.7181818181818181,rbf,"{'C': 1.0, 'gamma': 'scale'}","{'thetas': array([0.0003, 0.0008, 0.0013, 0.0026, 0.0039, 0.0052, 0.0065, 0.0093,
       0.0109, 0.013 , 0.0163, 0.0177]), 'lambdas': array([0.0003, 0.0008, 0.0013, 0.0026, 0.0039, 0.0052, 0.0065, 0.0093,
       0.0109, 0.013 , 0.0163, 0.0177]), 'gvals': array([1912.1007,  650.5394,  384.2707,  187.678 ,  125.4421,   93.7654,
         73.7883,   50.7209,   43.2374,   35.7683,   28.0886,   25.7578])}",diff_mean_diff_covariance,3
MY-large_mu,12,laplacian,{'gamma': 0.04181223181000231},laplacian(gamma=0.04181223181000231),0.6,rbf,"{'C': 1.0, 'gamma': 'scale'}","{'thetas': array([0.0002, 0.0014, 0.0019, 0.0034, 0.005 , 0.0065, 0.008 , 0.0109,
       0.0117, 0.0133, 0.0169, 0.018 ]), 'lambdas': array([0.0002, 0.0014, 0.0019, 0.0034, 0.005 , 0.0065, 0.008 , 0.0109,
       0.0117, 0.0133, 0.0169, 0.018 ]), 'gvals': array([2705.2365,  362.6607,  258.7497,  142.1738,   97.08  ,   73.8749,
         59.4574,   43.1111,   40.1357,   34.8759,   26.9852,   25.3291])}",diff_mean_diff_covariance,3
MY-large_mu,12,polynomial,"{'degree': 2, 'gamma': 0.04181223181000231, 'coef0': 1.0}","polynomial(coef0=1.0, degree=2, gamma=0.04181223181000231)",0.8454545454545455,poly,"{'C': 1.0, 'gamma': 'scale', 'degree': 2, 'coef0': 1.0}","{'thetas': array([      0.01  ,       0.0167,       0.0208,       0.0246,
             0.034 ,       0.0484,       0.0551, 2142056.3811,
       1814591.8089,  721936.6458,  569158.3254,  380097.1578]), 'lambdas': array([      0.01  ,       0.0167,       0.0208,       0.0246,
             0.034 ,       0.0484,       0.0551, 2142056.3811,
       1814591.8089,  721936.6458,  569158.3254,  380097.1578]), 'gvals': array([47.3396, 27.3532, 21.5858, 17.9535, 12.5184,  8.3188,  7.1316,
        6.7886,  6.7057,  6.2448,  6.126 ,  5.9241])}",diff_mean_diff_covariance,3
MY-large_mu,12,sigmoid,"{'gamma': 0.04181223181000231, 'coef0': 0.0}","sigmoid(coef0=0.0, gamma=0.04181223181000231)",0.7545454545454545,rbf,"{'C': 0.5, 'gamma': 0.5}","{'thetas': array([0.0006, 0.0037, 0.0054, 0.0055, 0.0073, 0.0084, 0.0127, 0.0203,
       0.023 , 0.0267, 0.0321, 0.0494]), 'lambdas': array([0.0006, 0.0037, 0.0054, 0.0055, 0.0073, 0.0084, 0.0127, 0.0203,
       0.023 , 0.0267, 0.0321, 0.0494]), 'gvals': array([880.3041, 132.5766,  89.6052,  88.509 ,  65.4633,  56.7344,
        36.6557,  22.1917,  19.3865,  16.4011,  13.3545,   8.1124])}",diff_mean_diff_covariance,3
MY-large_mu,14,linear,{},linear,0.9363636363636364,rbf,"{'C': 1.0, 'gamma': 0.5}","{'thetas': array([0., 0., 0., 0., 0., 0., 0., 0., 0., 0., 0., 0., 0., 0.]), 'lambdas': array([0., 0., 0., 0., 0., 0., 0., 0., 0., 0., 0., 0., 0., 0.]), 'gvals': array([9.9542e+09, 9.9501e+09, 5.1636e+09, 2.3581e+09, 1.9882e+09,
       1.7496e+09, 1.3004e+09, 1.1547e+09, 9.9857e+08, 9.1449e+08,
       8.5775e+08, 6.7720e+08, 6.6671e+08, 5.0362e+08])}",diff_mean_diff_covariance,3
MY-large_mu,14,rbf,{'gamma': 0.04181223181000231},rbf(gamma=0.04181223181000231),0.7909090909090909,rbf,"{'C': 1.0, 'gamma': 'scale'}","{'thetas': array([0.0012, 0.0033, 0.004 , 0.0053, 0.0074, 0.0094, 0.0104, 0.0142,
       0.0183, 0.0204, 0.022 , 0.0246, 0.0316, 0.0348]), 'lambdas': array([0.0012, 0.0033, 0.004 , 0.0053, 0.0074, 0.0094, 0.0104, 0.0142,
       0.0183, 0.0204, 0.022 , 0.0246, 0.0316, 0.0348]), 'gvals': array([417.3863, 149.6012, 121.4873,  90.9705,  64.4922,  50.5317,
        45.2354,  32.5936,  24.8175,  22.097 ,  20.2946,  17.9875,
        13.5762,  12.175 ])}",diff_mean_diff_covariance,3
MY-large_mu,14,laplacian,{'gamma': 0.04181223181000231},laplacian(gamma=0.04181223181000231),0.7636363636363637,rbf,"{'C': 2.0, 'gamma': 'scale'}","{'thetas': array([0.001 , 0.0016, 0.0041, 0.0042, 0.0057, 0.0085, 0.0109, 0.0125,
       0.0152, 0.0163, 0.0206, 0.0216, 0.0255, 0.0306]), 'lambdas': array([0.001 , 0.0016, 0.0041, 0.0042, 0.0057, 0.0085, 0.0109, 0.0125,
       0.0152, 0.0163, 0.0206, 0.0216, 0.0255, 0.0306]), 'gvals': array([474.693 , 302.7359, 118.762 , 116.3853,  83.926 ,  55.8778,
        43.0415,  37.2826,  30.3036,  28.1435,  21.8677,  20.7145,
        17.2894,  14.1017])}",diff_mean_diff_covariance,3
MY-large_mu,14,polynomial,"{'degree': 2, 'gamma': 0.04181223181000231, 'coef0': 1.0}","polynomial(coef0=1.0, degree=2, gamma=0.04181223181000231)",0.8545454545454545,rbf,"{'C': 2.0, 'gamma': 'scale'}","{'thetas': array([      0.0153,       0.0172,       0.0201,       0.0267,
             0.0312,       0.0405,       0.051 , 2271610.532 ,
             0.0591, 1091248.1099,  891734.8646,  691376.2808,
        411236.6364,  317034.2731]), 'lambdas': array([      0.0153,       0.0172,       0.0201,       0.0267,
             0.0312,       0.0405,       0.051 , 2271610.532 ,
             0.0591, 1091248.1099,  891734.8646,  691376.2808,
        411236.6364,  317034.2731]), 'gvals': array([30.1469, 26.5236, 22.4682, 16.429 , 13.7831, 10.2389,  7.8202,
        6.818 ,  6.5435,  6.4514,  6.3505,  6.2232,  5.9635,  5.8334])}",diff_mean_diff_covariance,3
MY-large_mu,14,sigmoid,"{'gamma': 0.04181223181000231, 'coef0': 0.0}","sigmoid(coef0=0.0, gamma=0.04181223181000231)",0.8636363636363636,rbf,"{'C': 1.0, 'gamma': 'scale'}","{'thetas': array([      0.0017,       0.0025,       0.0062,       0.0074,
             0.0127,       0.0155,       0.0186,       0.024 ,
             0.0287,       0.0357,       0.0407,       0.0496,
       6146798.4309, 3715099.0075]), 'lambdas': array([      0.0017,       0.0025,       0.0062,       0.0074,
             0.0127,       0.0155,       0.0186,       0.024 ,
             0.0287,       0.0357,       0.0407,       0.0496,
       6146798.4309, 3715099.0075]), 'gvals': array([287.2742, 194.6559,  77.9957,  64.5986,  36.5987,  29.6216,
        24.3292,  18.498 ,  15.1391,  11.8421,  10.1936,   8.0848,
         7.3157,   7.064 ])}",diff_mean_diff_covariance,3
MY-large_mu,16,linear,{},linear,0.9090909090909091,rbf,"{'C': 0.5, 'gamma': 'scale'}","{'thetas': array([0., 0., 0., 0., 0., 0., 0., 0., 0., 0., 0., 0., 0., 0., 0., 0.]), 'lambdas': array([0., 0., 0., 0., 0., 0., 0., 0., 0., 0., 0., 0., 0., 0., 0., 0.]), 'gvals': array([9.8007e+09, 3.6580e+09, 3.2284e+09, 2.4763e+09, 2.1118e+09,
       1.1597e+09, 1.1375e+09, 8.5599e+08, 6.5969e+08, 6.1500e+08,
       5.1576e+08, 4.4062e+08, 4.2950e+08, 4.2739e+08, 3.1512e+08,
       3.0182e+08])}",diff_mean_diff_covariance,3
MY-large_mu,16,rbf,{'gamma': 0.04181223181000231},rbf(gamma=0.04181223181000231),0.7181818181818181,rbf,"{'C': 1.0, 'gamma': 'scale'}","{'thetas': array([0.0023, 0.0037, 0.0043, 0.0051, 0.008 , 0.0098, 0.0115, 0.0164,
       0.0165, 0.0203, 0.023 , 0.0257, 0.0333, 0.036 , 0.0406, 0.0437]), 'lambdas': array([0.0023, 0.0037, 0.0043, 0.0051, 0.008 , 0.0098, 0.0115, 0.0164,
       0.0165, 0.0203, 0.023 , 0.0257, 0.0333, 0.036 , 0.0406, 0.0437]), 'gvals': array([214.8684, 132.3794, 113.8967,  95.3627,  59.9237,  48.1205,
        40.6933,  28.0117,  27.7147,  22.1968,  19.3243,  17.1215,
        12.8019,  11.7251,  10.2238,   9.3642])}",diff_mean_diff_covariance,3
MY-large_mu,16,laplacian,{'gamma': 0.04181223181000231},laplacian(gamma=0.04181223181000231),0.7272727272727273,rbf,"{'C': 2.0, 'gamma': 'scale'}","{'thetas': array([0.0007, 0.0018, 0.0023, 0.003 , 0.0043, 0.0055, 0.0093, 0.0127,
       0.014 , 0.0159, 0.0179, 0.023 , 0.0272, 0.0318, 0.036 , 0.0369]), 'lambdas': array([0.0007, 0.0018, 0.0023, 0.003 , 0.0043, 0.0055, 0.0093, 0.0127,
       0.014 , 0.0159, 0.0179, 0.023 , 0.0272, 0.0318, 0.036 , 0.0369]), 'gvals': array([710.6697, 273.3596, 214.7832, 166.0713, 112.8127,  88.4778,
        50.7042,  36.6132,  33.0297,  28.8951,  25.4113,  19.3302,
        16.0711,  13.5105,  11.7148,  11.4096])}",diff_mean_diff_covariance,3
MY-large_mu,16,polynomial,"{'degree': 2, 'gamma': 0.04181223181000231, 'coef0': 1.0}","polynomial(coef0=1.0, degree=2, gamma=0.04181223181000231)",0.7909090909090909,poly,"{'C': 2.0, 'gamma': 'scale', 'degree': 2, 'coef0': 1.0}","{'thetas': array([      0.0059,       0.0129,       0.0188,       0.0206,
             0.0282,       0.0419,       0.0472,       0.0529,
       2339030.1874, 1815924.9261,       0.0602,  709902.4415,
        516344.0705,  402576.6509,       0.0644,  288295.3014]), 'lambdas': array([      0.0059,       0.0129,       0.0188,       0.0206,
             0.0282,       0.0419,       0.0472,       0.0529,
       2339030.1874, 1815924.9261,       0.0602,  709902.4415,
        516344.0705,  402576.6509,       0.0644,  288295.3014]), 'gvals': array([81.9597, 36.0572, 24.1626, 21.8687, 15.4446,  9.8565,  8.5702,
        7.4804,  6.8326,  6.7061,  6.4003,  6.2364,  6.0773,  5.9528,
        5.8932,  5.7859])}",diff_mean_diff_covariance,3
MY-large_mu,16,sigmoid,"{'gamma': 0.04181223181000231, 'coef0': 0.0}","sigmoid(coef0=0.0, gamma=0.04181223181000231)",0.8,rbf,"{'C': 2.0, 'gamma': 'scale'}","{'thetas': array([      0.0006,       0.0053,       0.0071,       0.0079,
             0.0095,       0.0121,       0.0182,       0.019 ,
             0.0287,       0.032 ,       0.042 ,       0.0473,
       6956677.1787, 4393103.7452,       0.0553, 2290275.3459]), 'lambdas': array([      0.0006,       0.0053,       0.0071,       0.0079,
             0.0095,       0.0121,       0.0182,       0.019 ,
             0.0287,       0.032 ,       0.042 ,       0.0473,
       6956677.1787, 4393103.7452,       0.0553, 2290275.3459]), 'gvals': array([818.6506,  90.5813,  67.654 ,  60.764 ,  49.6015,  38.7193,
        24.9383,  23.7952,  15.1248,  13.3822,   9.821 ,   8.5473,
         7.3776,   7.1478,   7.0899,   6.8221])}",diff_mean_diff_covariance,3
MY-large_mu,20,linear,{},linear,0.8818181818181818,rbf,"{'C': 2.0, 'gamma': 'scale'}","{'thetas': array([0., 0., 0., 0., 0., 0., 0., 0., 0., 0., 0., 0., 0., 0., 0., 0., 0.,
       0., 0., 0.]), 'lambdas': array([0., 0., 0., 0., 0., 0., 0., 0., 0., 0., 0., 0., 0., 0., 0., 0., 0.,
       0., 0., 0.]), 'gvals': array([5.7289e+10, 4.1894e+09, 4.0549e+09, 2.1343e+09, 1.6719e+09,
       1.3298e+09, 1.0366e+09, 1.0259e+09, 8.7612e+08, 7.9917e+08,
       6.5788e+08, 6.0785e+08, 5.8085e+08, 4.3525e+08, 3.6215e+08,
       3.6011e+08, 2.8779e+08, 2.7533e+08, 2.4476e+08, 2.3331e+08])}",diff_mean_diff_covariance,3
MY-large_mu,20,rbf,{'gamma': 0.04181223181000231},rbf(gamma=0.04181223181000231),0.7090909090909091,rbf,"{'C': 0.5, 'gamma': 'scale'}","{'thetas': array([      0.0003,       0.0016,       0.0027,       0.0036,
             0.004 ,       0.0058,       0.0092,       0.01  ,
             0.0119,       0.0142,       0.0174,       0.018 ,
             0.0209,       0.0239,       0.0294,       0.0326,
             0.0346,       0.0373,       0.0433, 6066237.9489]), 'lambdas': array([      0.0003,       0.0016,       0.0027,       0.0036,
             0.004 ,       0.0058,       0.0092,       0.01  ,
             0.0119,       0.0142,       0.0174,       0.018 ,
             0.0209,       0.0239,       0.0294,       0.0326,
             0.0346,       0.0373,       0.0433, 6066237.9489]), 'gvals': array([1648.7922,  316.2806,  179.6421,  134.5283,  122.6784,   83.6777,
         51.2963,   47.3881,   39.3023,   32.681 ,   26.1819,   25.2868,
         21.4735,   18.5753,   14.771 ,   13.1312,   12.2745,   11.2613,
          9.4698,    7.3091])}",diff_mean_diff_covariance,3
MY-large_mu,20,laplacian,{'gamma': 0.04181223181000231},laplacian(gamma=0.04181223181000231),0.7818181818181819,rbf,"{'C': 2.0, 'gamma': 'scale'}","{'thetas': array([0.0003, 0.0021, 0.0027, 0.0041, 0.0051, 0.0073, 0.0086, 0.0102,
       0.0116, 0.013 , 0.0164, 0.0177, 0.0207, 0.0249, 0.0266, 0.032 ,
       0.035 , 0.0374, 0.0461, 0.047 ]), 'lambdas': array([0.0003, 0.0021, 0.0027, 0.0041, 0.0051, 0.0073, 0.0086, 0.0102,
       0.0116, 0.013 , 0.0164, 0.0177, 0.0207, 0.0249, 0.0266, 0.032 ,
       0.035 , 0.0374, 0.0461, 0.047 ]), 'gvals': array([1572.3877,  233.456 ,  183.0185,  117.7748,   95.8084,   65.2391,
         55.3994,   46.1062,   40.2634,   35.6887,   28.0012,   25.7469,
         21.7644,   17.7528,   16.4892,   13.4229,   12.1027,   11.2428,
          8.809 ,    8.5999])}",diff_mean_diff_covariance,3
MY-large_mu,20,polynomial,"{'degree': 2, 'gamma': 0.04181223181000231, 'coef0': 1.0}","polynomial(coef0=1.0, degree=2, gamma=0.04181223181000231)",0.8454545454545455,poly,"{'C': 1.0, 'gamma': 'scale', 'degree': 2, 'coef0': 1.0}","{'thetas': array([      0.0015,       0.0111,       0.0152,       0.0174,
             0.0234,       0.0295,       0.0403,       0.041 ,
             0.0517, 2051536.8809, 1225959.1099, 1072446.1488,
             0.0628,  461906.871 ,  395728.2403,  298520.2521,
        259987.0019,  202490.7014,  188642.7181,  163753.4222]), 'lambdas': array([      0.0015,       0.0111,       0.0152,       0.0174,
             0.0234,       0.0295,       0.0403,       0.041 ,
             0.0517, 2051536.8809, 1225959.1099, 1072446.1488,
             0.0628,  461906.871 ,  395728.2403,  298520.2521,
        259987.0019,  202490.7014,  188642.7181,  163753.4222]), 'gvals': array([338.7644,  42.1421,  30.3245,  26.2544,  18.9596,  14.6977,
        10.3018,  10.0912,   7.6949,   6.7671,   6.5096,   6.4427,
         6.0797,   6.0216,   5.9442,   5.8033,   5.7342,   5.6092,
         5.5738,   5.5031])}",diff_mean_diff_covariance,3
MY-large_mu,20,sigmoid,"{'gamma': 0.04181223181000231, 'coef0': 0.0}","sigmoid(coef0=0.0, gamma=0.04181223181000231)",0.8181818181818182,rbf,"{'C': 2.0, 'gamma': 'scale'}","{'thetas': array([      0.0005,       0.0034,       0.0041,       0.0068,
             0.0097,       0.0143,       0.0173,       0.0198,
             0.0243,       0.0263,       0.0434,       0.046 ,
             0.0499, 4705151.8341, 3636553.1397, 2332346.435 ,
       1874993.4248,       0.0582, 1110168.0544,  664288.2114]), 'lambdas': array([      0.0005,       0.0034,       0.0041,       0.0068,
             0.0097,       0.0143,       0.0173,       0.0198,
             0.0243,       0.0263,       0.0434,       0.046 ,
             0.0499, 4705151.8341, 3636553.1397, 2332346.435 ,
       1874993.4248,       0.0582, 1110168.0544,  664288.2114]), 'gvals': array([952.2446, 142.5257, 118.8226,  70.758 ,  48.6936,  32.4536,
        26.3272,  22.8005,  18.1832,  16.6825,   9.4592,   8.8262,
         8.029 ,   7.1821,   7.0533,   6.8312,   6.7221,   6.6708,
         6.46  ,   6.2032])}",diff_mean_diff_covariance,3
MY-small_mu,1,linear,{},linear,0.7454545454545455,rbf,"{'C': 2.0, 'gamma': 'scale'}","{'thetas': array([0.]), 'lambdas': array([0.]), 'D_scores': array([4.4052e+09])}",diff_mean_diff_covariance,3
MY-small_mu,1,rbf,{'gamma': 0.04181223181000231},rbf(gamma=0.04181223181000231),0.6454545454545455,rbf,"{'C': 0.5, 'gamma': 'scale'}","{'thetas': array([0.0014]), 'lambdas': array([0.0014]), 'D_scores': array([363.1821])}",diff_mean_diff_covariance,3
MY-small_mu,1,laplacian,{'gamma': 0.04181223181000231},laplacian(gamma=0.04181223181000231),0.5545454545454546,rbf,"{'C': 0.5, 'gamma': 'scale'}","{'thetas': array([0.0016]), 'lambdas': array([0.0016]), 'D_scores': array([310.2697])}",diff_mean_diff_covariance,3
MY-small_mu,1,polynomial,"{'degree': 2, 'gamma': 0.04181223181000231, 'coef0': 1.0}","polynomial(coef0=1.0, degree=2, gamma=0.04181223181000231)",0.6363636363636364,rbf,"{'C': 0.5, 'gamma': 'scale'}","{'thetas': array([0.0064]), 'lambdas': array([0.0064]), 'D_scores': array([74.6097])}",diff_mean_diff_covariance,3
MY-small_mu,1,sigmoid,"{'gamma': 0.04181223181000231, 'coef0': 0.0}","sigmoid(coef0=0.0, gamma=0.04181223181000231)",0.6,rbf,"{'C': 2.0, 'gamma': 'scale'}","{'thetas': array([0.0014]), 'lambdas': array([0.0014]), 'D_scores': array([358.7713])}",diff_mean_diff_covariance,3
MY-small_mu,2,linear,{},linear,0.8,rbf,"{'C': 1.0, 'gamma': 'scale'}","{'thetas': array([0., 0.]), 'lambdas': array([0., 0.]), 'D_scores': array([5.4287e+10, 9.6009e+09])}",diff_mean_diff_covariance,3
MY-small_mu,2,rbf,{'gamma': 0.04181223181000231},rbf(gamma=0.04181223181000231),0.6727272727272727,poly,"{'C': 2.0, 'gamma': 'scale', 'degree': 2, 'coef0': 1.0}","{'thetas': array([0.0004, 0.0013]), 'lambdas': array([0.0004, 0.0013]), 'D_scores': array([1240.1424,  377.1471])}",diff_mean_diff_covariance,3
MY-small_mu,2,laplacian,{'gamma': 0.04181223181000231},laplacian(gamma=0.04181223181000231),0.6181818181818182,rbf,"{'C': 0.5, 'gamma': 'scale'}","{'thetas': array([0.0012, 0.0014]), 'lambdas': array([0.0012, 0.0014]), 'D_scores': array([408.9488, 355.4233])}",diff_mean_diff_covariance,3
MY-small_mu,2,polynomial,"{'degree': 2, 'gamma': 0.04181223181000231, 'coef0': 1.0}","polynomial(coef0=1.0, degree=2, gamma=0.04181223181000231)",0.6818181818181818,rbf,"{'C': 0.5, 'gamma': 'scale'}","{'thetas': array([0.0044, 0.0056]), 'lambdas': array([0.0044, 0.0056]), 'D_scores': array([110.0249,  86.1361])}",diff_mean_diff_covariance,3
MY-small_mu,2,sigmoid,"{'gamma': 0.04181223181000231, 'coef0': 0.0}","sigmoid(coef0=0.0, gamma=0.04181223181000231)",0.6818181818181818,rbf,"{'C': 0.5, 'gamma': 'scale'}","{'thetas': array([0.0016, 0.002 ]), 'lambdas': array([0.0016, 0.002 ]), 'D_scores': array([305.3598, 245.0797])}",diff_mean_diff_covariance,3
MY-small_mu,3,linear,{},linear,0.8,rbf,"{'C': 0.5, 'gamma': 0.5}","{'thetas': array([0., 0., 0.]), 'lambdas': array([0., 0., 0.]), 'D_scores': array([2.6570e+10, 2.1590e+10, 8.8455e+09])}",diff_mean_diff_covariance,3
MY-small_mu,3,rbf,{'gamma': 0.04181223181000231},rbf(gamma=0.04181223181000231),0.6545454545454545,rbf,"{'C': 0.5, 'gamma': 0.5}","{'thetas': array([0.0012, 0.0017, 0.0035]), 'lambdas': array([0.0012, 0.0017, 0.0035]), 'D_scores': array([397.3234, 290.3769, 139.4743])}",diff_mean_diff_covariance,3
MY-small_mu,3,laplacian,{'gamma': 0.04181223181000231},laplacian(gamma=0.04181223181000231),0.5909090909090909,rbf,"{'C': 0.5, 'gamma': 'scale'}","{'thetas': array([0.0022, 0.004 , 0.0066]), 'lambdas': array([0.0022, 0.004 , 0.0066]), 'D_scores': array([225.3367, 120.2724,  72.8886])}",diff_mean_diff_covariance,3
MY-small_mu,3,polynomial,"{'degree': 2, 'gamma': 0.04181223181000231, 'coef0': 1.0}","polynomial(coef0=1.0, degree=2, gamma=0.04181223181000231)",0.6636363636363637,rbf,"{'C': 0.5, 'gamma': 'scale'}","{'thetas': array([0.0002, 0.0082, 0.0104]), 'lambdas': array([0.0002, 0.0082, 0.0104]), 'D_scores': array([2909.8101,   58.3803,   45.3106])}",diff_mean_diff_covariance,3
MY-small_mu,3,sigmoid,"{'gamma': 0.04181223181000231, 'coef0': 0.0}","sigmoid(coef0=0.0, gamma=0.04181223181000231)",0.7181818181818181,rbf,"{'C': 2.0, 'gamma': 0.5}","{'thetas': array([0.0015, 0.0036, 0.0049]), 'lambdas': array([0.0015, 0.0036, 0.0049]), 'D_scores': array([320.6153, 135.6988,  97.9131])}",diff_mean_diff_covariance,3
MY-small_mu,4,linear,{},linear,0.8181818181818182,rbf,"{'C': 1.0, 'gamma': 0.5}","{'thetas': array([0., 0., 0., 0.]), 'lambdas': array([0., 0., 0., 0.]), 'D_scores': array([1.2692e+10, 9.5409e+09, 7.5379e+09, 6.2230e+09])}",diff_mean_diff_covariance,3
MY-small_mu,4,rbf,{'gamma': 0.04181223181000231},rbf(gamma=0.04181223181000231),0.6363636363636364,rbf,"{'C': 1.0, 'gamma': 'scale'}","{'thetas': array([0.001 , 0.0021, 0.0036, 0.0056]), 'lambdas': array([0.001 , 0.0021, 0.0036, 0.0056]), 'D_scores': array([483.3914, 230.4858, 135.3194,  85.8748])}",diff_mean_diff_covariance,3
MY-small_mu,4,laplacian,{'gamma': 0.04181223181000231},laplacian(gamma=0.04181223181000231),0.6181818181818182,rbf,"{'C': 2.0, 'gamma': 0.5}","{'thetas': array([0.0012, 0.003 , 0.0038, 0.0051]), 'lambdas': array([0.0012, 0.003 , 0.0038, 0.0051]), 'D_scores': array([405.6741, 161.3818, 128.3504,  95.8093])}",diff_mean_diff_covariance,3
MY-small_mu,4,polynomial,"{'degree': 2, 'gamma': 0.04181223181000231, 'coef0': 1.0}","polynomial(coef0=1.0, degree=2, gamma=0.04181223181000231)",0.7545454545454545,rbf,"{'C': 0.5, 'gamma': 'scale'}","{'thetas': array([0.0016, 0.0088, 0.013 , 0.0141]), 'lambdas': array([0.0016, 0.0088, 0.013 , 0.0141]), 'D_scores': array([305.4921,  54.1394,  35.8239,  32.7238])}",diff_mean_diff_covariance,3
MY-small_mu,4,sigmoid,"{'gamma': 0.04181223181000231, 'coef0': 0.0}","sigmoid(coef0=0.0, gamma=0.04181223181000231)",0.6727272727272727,rbf,"{'C': 0.5, 'gamma': 0.5}","{'thetas': array([0.0036, 0.0043, 0.0052, 0.0072]), 'lambdas': array([0.0036, 0.0043, 0.0052, 0.0072]), 'D_scores': array([137.4477, 114.2974,  93.3912,  66.2479])}",diff_mean_diff_covariance,3
MY-small_mu,5,linear,{},linear,0.7909090909090909,rbf,"{'C': 0.5, 'gamma': 0.5}","{'thetas': array([0., 0., 0., 0., 0.]), 'lambdas': array([0., 0., 0., 0., 0.]), 'D_scores': array([4.3485e+09, 4.0592e+09, 1.7536e+09, 1.6837e+09, 1.4289e+09])}",diff_mean_diff_covariance,3
MY-small_mu,5,rbf,{'gamma': 0.04181223181000231},rbf(gamma=0.04181223181000231),0.6909090909090909,rbf,"{'C': 0.5, 'gamma': 'scale'}","{'thetas': array([0.0004, 0.0019, 0.0021, 0.0029, 0.0047]), 'lambdas': array([0.0004, 0.0019, 0.0021, 0.0029, 0.0047]), 'D_scores': array([1413.2775,  263.6842,  235.7088,  167.1037,  103.1457])}",diff_mean_diff_covariance,3
MY-small_mu,5,laplacian,{'gamma': 0.04181223181000231},laplacian(gamma=0.04181223181000231),0.6181818181818182,rbf,"{'C': 0.5, 'gamma': 0.5}","{'thetas': array([0.0007, 0.0018, 0.003 , 0.0045, 0.0054]), 'lambdas': array([0.0007, 0.0018, 0.003 , 0.0045, 0.0054]), 'D_scores': array([714.747 , 276.8305, 165.0725, 108.9805,  88.6736])}",diff_mean_diff_covariance,3
MY-small_mu,5,polynomial,"{'degree': 2, 'gamma': 0.04181223181000231, 'coef0': 1.0}","polynomial(coef0=1.0, degree=2, gamma=0.04181223181000231)",0.7181818181818181,rbf,"{'C': 1.0, 'gamma': 'scale'}","{'thetas': array([0.0027, 0.0059, 0.0203, 0.0249, 0.0384]), 'lambdas': array([0.0027, 0.0059, 0.0203, 0.0249, 0.0384]), 'D_scores': array([181.1409,  81.686 ,  22.2418,  17.7309,  10.8875])}",diff_mean_diff_covariance,3
MY-small_mu,5,sigmoid,"{'gamma': 0.04181223181000231, 'coef0': 0.0}","sigmoid(coef0=0.0, gamma=0.04181223181000231)",0.7272727272727273,rbf,"{'C': 0.5, 'gamma': 0.5}","{'thetas': array([0.0043, 0.0053, 0.0094, 0.0109, 0.0134]), 'lambdas': array([0.0043, 0.0053, 0.0094, 0.0109, 0.0134]), 'D_scores': array([113.4753,  92.1044,  50.4434,  43.1944,  34.6057])}",diff_mean_diff_covariance,3
MY-small_mu,6,linear,{},linear,0.8181818181818182,rbf,"{'C': 0.5, 'gamma': 0.5}","{'thetas': array([0., 0., 0., 0., 0., 0.]), 'lambdas': array([0., 0., 0., 0., 0., 0.]), 'D_scores': array([5.1619e+10, 5.5236e+09, 2.5015e+09, 1.6283e+09, 1.3092e+09,
       1.1788e+09])}",diff_mean_diff_covariance,3
MY-small_mu,6,rbf,{'gamma': 0.04181223181000231},rbf(gamma=0.04181223181000231),0.6909090909090909,rbf,"{'C': 0.5, 'gamma': 'scale'}","{'thetas': array([0.0021, 0.0037, 0.005 , 0.0075, 0.0083, 0.0088]), 'lambdas': array([0.0021, 0.0037, 0.005 , 0.0075, 0.0083, 0.0088]), 'D_scores': array([229.1923, 133.5463,  96.0905,  63.6514,  57.33  ,  53.9089])}",diff_mean_diff_covariance,3
MY-small_mu,6,laplacian,{'gamma': 0.04181223181000231},laplacian(gamma=0.04181223181000231),0.6545454545454545,rbf,"{'C': 1.0, 'gamma': 'scale'}","{'thetas': array([0.0009, 0.0013, 0.0024, 0.0044, 0.005 , 0.0075]), 'lambdas': array([0.0009, 0.0013, 0.0024, 0.0044, 0.005 , 0.0075]), 'D_scores': array([583.9976, 385.7453, 207.7295, 111.6016,  96.8218,  63.9651])}",diff_mean_diff_covariance,3
MY-small_mu,6,polynomial,"{'degree': 2, 'gamma': 0.04181223181000231, 'coef0': 1.0}","polynomial(coef0=1.0, degree=2, gamma=0.04181223181000231)",0.8363636363636363,rbf,"{'C': 0.5, 'gamma': 'scale'}","{'thetas': array([0.0068, 0.0112, 0.0131, 0.0182, 0.0238, 0.0301]), 'lambdas': array([0.0068, 0.0112, 0.0131, 0.0182, 0.0238, 0.0301]), 'D_scores': array([70.5161, 41.9897, 35.602 , 24.9913, 18.6348, 14.349 ])}",diff_mean_diff_covariance,3
MY-small_mu,6,sigmoid,"{'gamma': 0.04181223181000231, 'coef0': 0.0}","sigmoid(coef0=0.0, gamma=0.04181223181000231)",0.7,rbf,"{'C': 0.5, 'gamma': 0.5}","{'thetas': array([0.002 , 0.0028, 0.0048, 0.0094, 0.0126, 0.0165]), 'lambdas': array([0.002 , 0.0028, 0.0048, 0.0094, 0.0126, 0.0165]), 'D_scores': array([244.9013, 172.0315, 100.501 ,  50.436 ,  36.9963,  27.6825])}",diff_mean_diff_covariance,3
MY-small_mu,7,linear,{},linear,0.8,rbf,"{'C': 2.0, 'gamma': 0.5}","{'thetas': array([0., 0., 0., 0., 0., 0., 0.]), 'lambdas': array([0., 0., 0., 0., 0., 0., 0.]), 'D_scores': array([1.0540e+10, 6.4698e+09, 4.1093e+09, 2.4564e+09, 2.3183e+09,
       1.7593e+09, 1.7133e+09])}",diff_mean_diff_covariance,3
MY-small_mu,7,rbf,{'gamma': 0.04181223181000231},rbf(gamma=0.04181223181000231),0.7,rbf,"{'C': 0.5, 'gamma': 0.5}","{'thetas': array([0.0007, 0.0018, 0.0032, 0.0051, 0.0054, 0.0074, 0.0092]), 'lambdas': array([0.0007, 0.0018, 0.0032, 0.0051, 0.0054, 0.0074, 0.0092]), 'D_scores': array([757.2585, 275.5659, 151.1745,  95.2882,  90.2303,  64.5667,
        51.5883])}",diff_mean_diff_covariance,3
MY-small_mu,7,laplacian,{'gamma': 0.04181223181000231},laplacian(gamma=0.04181223181000231),0.7090909090909091,rbf,"{'C': 0.5, 'gamma': 0.5}","{'thetas': array([0.0004, 0.001 , 0.0027, 0.005 , 0.0064, 0.008 , 0.0089]), 'lambdas': array([0.0004, 0.001 , 0.0027, 0.005 , 0.0064, 0.008 , 0.0089]), 'D_scores': array([1277.5706,  478.3896,  179.8824,   97.4801,   75.0816,   59.2478,
         53.1139])}",diff_mean_diff_covariance,3
MY-small_mu,7,polynomial,"{'degree': 2, 'gamma': 0.04181223181000231, 'coef0': 1.0}","polynomial(coef0=1.0, degree=2, gamma=0.04181223181000231)",0.8272727272727273,rbf,"{'C': 0.5, 'gamma': 0.5}","{'thetas': array([0.0066, 0.0105, 0.0166, 0.0264, 0.027 , 0.0414, 0.0453]), 'lambdas': array([0.0066, 0.0105, 0.0166, 0.0264, 0.027 , 0.0414, 0.0453]), 'D_scores': array([72.5237, 44.6864, 27.6366, 16.6736, 16.1819, 10.0002,  9.0049])}",diff_mean_diff_covariance,3
MY-small_mu,7,sigmoid,"{'gamma': 0.04181223181000231, 'coef0': 0.0}","sigmoid(coef0=0.0, gamma=0.04181223181000231)",0.7181818181818181,rbf,"{'C': 2.0, 'gamma': 0.5}","{'thetas': array([0.001 , 0.0028, 0.0039, 0.0049, 0.009 , 0.0103, 0.0106]), 'lambdas': array([0.001 , 0.0028, 0.0039, 0.0049, 0.009 , 0.0103, 0.0106]), 'D_scores': array([499.8265, 172.9216, 126.0385,  98.1144,  52.9022,  45.6149,
        44.2219])}",diff_mean_diff_covariance,3
MY-small_mu,8,linear,{},linear,0.9090909090909091,rbf,"{'C': 1.0, 'gamma': 0.5}","{'thetas': array([0., 0., 0., 0., 0., 0., 0., 0.]), 'lambdas': array([0., 0., 0., 0., 0., 0., 0., 0.]), 'D_scores': array([7.5919e+09, 6.2647e+09, 2.6843e+09, 1.8428e+09, 1.2148e+09,
       9.6085e+08, 8.4210e+08, 5.5576e+08])}",diff_mean_diff_covariance,3
MY-small_mu,8,rbf,{'gamma': 0.04181223181000231},rbf(gamma=0.04181223181000231),0.7363636363636363,rbf,"{'C': 0.5, 'gamma': 0.5}","{'thetas': array([0.0012, 0.0016, 0.0024, 0.0053, 0.0065, 0.0092, 0.01  , 0.0116]), 'lambdas': array([0.0012, 0.0016, 0.0024, 0.0053, 0.0065, 0.0092, 0.01  , 0.0116]), 'D_scores': array([418.8042, 317.1503, 207.448 ,  90.5169,  73.7733,  51.6472,
        47.3915,  40.3978])}",diff_mean_diff_covariance,3
MY-small_mu,8,laplacian,{'gamma': 0.04181223181000231},laplacian(gamma=0.04181223181000231),0.7545454545454545,rbf,"{'C': 0.5, 'gamma': 0.5}","{'thetas': array([0.0011, 0.002 , 0.005 , 0.0072, 0.0081, 0.0098, 0.0122, 0.0139]), 'lambdas': array([0.0011, 0.002 , 0.005 , 0.0072, 0.0081, 0.0098, 0.0122, 0.0139]), 'D_scores': array([469.5754, 240.4119,  97.6471,  66.4911,  58.5298,  48.0962,
        38.2287,  33.3096])}",diff_mean_diff_covariance,3
MY-small_mu,8,polynomial,"{'degree': 2, 'gamma': 0.04181223181000231, 'coef0': 1.0}","polynomial(coef0=1.0, degree=2, gamma=0.04181223181000231)",0.7727272727272727,rbf,"{'C': 2.0, 'gamma': 'scale'}","{'thetas': array([0.0006, 0.0112, 0.0186, 0.0278, 0.0335, 0.0342, 0.0499, 0.0536]), 'lambdas': array([0.0006, 0.0112, 0.0186, 0.0278, 0.0335, 0.0342, 0.0499, 0.0536]), 'D_scores': array([817.7296,  41.9189,  24.4665,  15.7159,  12.7173,  12.422 ,
         8.0219,   7.3791])}",diff_mean_diff_covariance,3
MY-small_mu,8,sigmoid,"{'gamma': 0.04181223181000231, 'coef0': 0.0}","sigmoid(coef0=0.0, gamma=0.04181223181000231)",0.7727272727272727,rbf,"{'C': 0.5, 'gamma': 0.5}","{'thetas': array([0.002 , 0.0032, 0.0059, 0.0065, 0.0084, 0.0146, 0.0183, 0.0261]), 'lambdas': array([0.002 , 0.0032, 0.0059, 0.0065, 0.0084, 0.0146, 0.0183, 0.0261]), 'D_scores': array([251.9428, 155.0936,  82.1164,  73.7898,  56.7251,  31.6399,
        24.83  ,  16.8167])}",diff_mean_diff_covariance,3
MY-small_mu,10,linear,{},linear,0.8818181818181818,rbf,"{'C': 0.5, 'gamma': 0.5}","{'thetas': array([0., 0., 0., 0., 0., 0., 0., 0., 0., 0.]), 'lambdas': array([0., 0., 0., 0., 0., 0., 0., 0., 0., 0.]), 'D_scores': array([6.6370e+09, 6.5868e+09, 2.7518e+09, 2.4184e+09, 2.4114e+09,
       1.9224e+09, 9.4005e+08, 8.8431e+08, 7.2531e+08, 4.8420e+08])}",diff_mean_diff_covariance,3
MY-small_mu,10,rbf,{'gamma': 0.04181223181000231},rbf(gamma=0.04181223181000231),0.7181818181818181,rbf,"{'C': 0.5, 'gamma': 0.5}","{'thetas': array([0.0009, 0.002 , 0.0026, 0.0046, 0.007 , 0.0074, 0.0086, 0.0101,
       0.0107, 0.0153]), 'lambdas': array([0.0009, 0.002 , 0.0026, 0.0046, 0.007 , 0.0074, 0.0086, 0.0101,
       0.0107, 0.0153]), 'D_scores': array([524.3561, 250.4404, 188.851 , 106.3679,  68.4696,  64.5765,
        55.1908,  46.916 ,  44.0068,  30.1702])}",diff_mean_diff_covariance,3
MY-small_mu,10,laplacian,{'gamma': 0.04181223181000231},laplacian(gamma=0.04181223181000231),0.7363636363636363,rbf,"{'C': 0.5, 'gamma': 'scale'}","{'thetas': array([0.    , 0.0026, 0.004 , 0.0057, 0.0075, 0.0091, 0.0118, 0.0141,
       0.0171, 0.0191]), 'lambdas': array([0.    , 0.0026, 0.004 , 0.0057, 0.0075, 0.0091, 0.0118, 0.0141,
       0.0171, 0.0191]), 'D_scores': array([11200.2524,   187.4931,   122.3509,    85.2739,    64.1051,
          52.306 ,    39.7918,    32.8673,    26.7325,    23.7027])}",diff_mean_diff_covariance,3
MY-small_mu,10,polynomial,"{'degree': 2, 'gamma': 0.04181223181000231, 'coef0': 1.0}","polynomial(coef0=1.0, degree=2, gamma=0.04181223181000231)",0.8454545454545455,poly,"{'C': 0.5, 'gamma': 'scale', 'degree': 2, 'coef0': 1.0}","{'thetas': array([      0.0029,       0.0108,       0.0141,       0.022 ,
             0.0249,       0.0287,       0.0465,       0.0503,
       2167937.6653, 1235980.6755]), 'lambdas': array([      0.0029,       0.0108,       0.0141,       0.022 ,
             0.0249,       0.0287,       0.0465,       0.0503,
       2167937.6653, 1235980.6755]), 'D_scores': array([166.9043,  43.5873,  32.8975,  20.3693,  17.7673,  15.1728,
         8.7239,   7.9534,   6.7948,   6.5137])}",diff_mean_diff_covariance,3
MY-small_mu,10,sigmoid,"{'gamma': 0.04181223181000231, 'coef0': 0.0}","sigmoid(coef0=0.0, gamma=0.04181223181000231)",0.8272727272727273,rbf,"{'C': 2.0, 'gamma': 0.5}","{'thetas': array([0.0012, 0.002 , 0.0038, 0.0051, 0.0095, 0.011 , 0.0184, 0.02  ,
       0.0249, 0.0283]), 'lambdas': array([0.0012, 0.002 , 0.0038, 0.0051, 0.0095, 0.011 , 0.0184, 0.02  ,
       0.0249, 0.0283]), 'D_scores': array([399.6614, 245.3042, 127.4875,  95.4052,  50.0453,  42.7356,
        24.6525,  22.5699,  17.7115,  15.3689])}",diff_mean_diff_covariance,3
MY-small_mu,12,linear,{},linear,0.9090909090909091,rbf,"{'C': 1.0, 'gamma': 0.5}","{'thetas': array([0., 0., 0., 0., 0., 0., 0., 0., 0., 0., 0., 0.]), 'lambdas': array([0., 0., 0., 0., 0., 0., 0., 0., 0., 0., 0., 0.]), 'D_scores': array([1.9344e+10, 6.3551e+09, 2.3857e+09, 2.1951e+09, 1.6324e+09,
       1.0823e+09, 1.0142e+09, 8.0055e+08, 7.9098e+08, 6.7945e+08,
       4.7203e+08, 4.5602e+08])}",diff_mean_diff_covariance,3
MY-small_mu,12,rbf,{'gamma': 0.04181223181000231},rbf(gamma=0.04181223181000231),0.7454545454545455,rbf,"{'C': 0.5, 'gamma': 'scale'}","{'thetas': array([0.0003, 0.0008, 0.0013, 0.0026, 0.0039, 0.0052, 0.0065, 0.0093,
       0.0109, 0.013 , 0.0163, 0.0177]), 'lambdas': array([0.0003, 0.0008, 0.0013, 0.0026, 0.0039, 0.0052, 0.0065, 0.0093,
       0.0109, 0.013 , 0.0163, 0.0177]), 'D_scores': array([1912.1116,  650.5481,  384.3491,  187.7982,  125.4861,   93.8057,
         73.7975,   50.7479,   43.2511,   35.7683,   28.0895,   25.758 ])}",diff_mean_diff_covariance,3
MY-small_mu,12,laplacian,{'gamma': 0.04181223181000231},laplacian(gamma=0.04181223181000231),0.6272727272727273,rbf,"{'C': 2.0, 'gamma': 'scale'}","{'thetas': array([0.0002, 0.0014, 0.0019, 0.0034, 0.005 , 0.0065, 0.008 , 0.0109,
       0.0117, 0.0133, 0.0169, 0.018 ]), 'lambdas': array([0.0002, 0.0014, 0.0019, 0.0034, 0.005 , 0.0065, 0.008 , 0.0109,
       0.0117, 0.0133, 0.0169, 0.018 ]), 'D_scores': array([2705.2511,  362.6627,  258.7598,  142.1738,   97.0819,   73.8759,
         59.4575,   43.1132,   40.1413,   34.8771,   26.9893,   25.3299])}",diff_mean_diff_covariance,3
MY-small_mu,12,polynomial,"{'degree': 2, 'gamma': 0.04181223181000231, 'coef0': 1.0}","polynomial(coef0=1.0, degree=2, gamma=0.04181223181000231)",0.8363636363636363,poly,"{'C': 1.0, 'gamma': 'scale', 'degree': 2, 'coef0': 1.0}","{'thetas': array([      0.01  ,       0.0167,       0.0208,       0.0246,
             0.034 ,       0.0484,       0.0551, 2142056.3811,
       1814591.8089,  721936.6458,  569158.3254,  380097.1578]), 'lambdas': array([      0.01  ,       0.0167,       0.0208,       0.0246,
             0.034 ,       0.0484,       0.0551, 2142056.3811,
       1814591.8089,  721936.6458,  569158.3254,  380097.1578]), 'D_scores': array([47.3593, 27.3548, 21.5858, 17.9542, 12.5204,  8.3267,  7.1322,
        6.7886,  6.7059,  6.2449,  6.126 ,  5.9241])}",diff_mean_diff_covariance,3
MY-small_mu,12,sigmoid,"{'gamma': 0.04181223181000231, 'coef0': 0.0}","sigmoid(coef0=0.0, gamma=0.04181223181000231)",0.7363636363636363,rbf,"{'C': 0.5, 'gamma': 0.5}","{'thetas': array([0.0006, 0.0037, 0.0054, 0.0055, 0.0073, 0.0084, 0.0127, 0.0203,
       0.023 , 0.0267, 0.0321, 0.0494]), 'lambdas': array([0.0006, 0.0037, 0.0054, 0.0055, 0.0073, 0.0084, 0.0127, 0.0203,
       0.023 , 0.0267, 0.0321, 0.0494]), 'D_scores': array([880.5988, 132.6216,  89.6212,  88.5131,  65.4674,  56.7369,
        36.6558,  22.1951,  19.3928,  16.4012,  13.3554,   8.1171])}",diff_mean_diff_covariance,3
MY-small_mu,14,linear,{},linear,0.9,rbf,"{'C': 0.5, 'gamma': 'scale'}","{'thetas': array([0., 0., 0., 0., 0., 0., 0., 0., 0., 0., 0., 0., 0., 0.]), 'lambdas': array([0., 0., 0., 0., 0., 0., 0., 0., 0., 0., 0., 0., 0., 0.]), 'D_scores': array([9.9542e+09, 9.9501e+09, 5.1636e+09, 2.3581e+09, 1.9882e+09,
       1.7496e+09, 1.3004e+09, 1.1547e+09, 9.9857e+08, 9.1449e+08,
       8.5775e+08, 6.7720e+08, 6.6671e+08, 5.0362e+08])}",diff_mean_diff_covariance,3
MY-small_mu,14,rbf,{'gamma': 0.04181223181000231},rbf(gamma=0.04181223181000231),0.7818181818181819,rbf,"{'C': 1.0, 'gamma': 'scale'}","{'thetas': array([0.0012, 0.0033, 0.004 , 0.0053, 0.0074, 0.0094, 0.0104, 0.0142,
       0.0183, 0.0204, 0.022 , 0.0246, 0.0316, 0.0348]), 'lambdas': array([0.0012, 0.0033, 0.004 , 0.0053, 0.0074, 0.0094, 0.0104, 0.0142,
       0.0183, 0.0204, 0.022 , 0.0246, 0.0316, 0.0348]), 'D_scores': array([417.529 , 149.6022, 121.5037,  90.9769,  64.4935,  50.537 ,
        45.2379,  32.6042,  24.8201,  22.1047,  20.2984,  17.9928,
        13.5767,  12.1801])}",diff_mean_diff_covariance,3
MY-small_mu,14,laplacian,{'gamma': 0.04181223181000231},laplacian(gamma=0.04181223181000231),0.8090909090909091,rbf,"{'C': 2.0, 'gamma': 'scale'}","{'thetas': array([0.001 , 0.0016, 0.0041, 0.0042, 0.0057, 0.0085, 0.0109, 0.0125,
       0.0152, 0.0163, 0.0206, 0.0216, 0.0255, 0.0306]), 'lambdas': array([0.001 , 0.0016, 0.0041, 0.0042, 0.0057, 0.0085, 0.0109, 0.0125,
       0.0152, 0.0163, 0.0206, 0.0216, 0.0255, 0.0306]), 'D_scores': array([474.696 , 302.7955, 118.7681, 116.394 ,  83.9393,  55.8781,
        43.0438,  37.2827,  30.3121,  28.1461,  21.8727,  20.7156,
        17.2905,  14.104 ])}",diff_mean_diff_covariance,3
MY-small_mu,14,polynomial,"{'degree': 2, 'gamma': 0.04181223181000231, 'coef0': 1.0}","polynomial(coef0=1.0, degree=2, gamma=0.04181223181000231)",0.8545454545454545,poly,"{'C': 2.0, 'gamma': 'scale', 'degree': 2, 'coef0': 1.0}","{'thetas': array([      0.0153,       0.0172,       0.0201,       0.0267,
             0.0312,       0.0405,       0.051 , 2271610.532 ,
             0.0591, 1091248.1099,  891734.8646,  691376.2808,
        411236.6364,  317034.2731]), 'lambdas': array([      0.0153,       0.0172,       0.0201,       0.0267,
             0.0312,       0.0405,       0.051 , 2271610.532 ,
             0.0591, 1091248.1099,  891734.8646,  691376.2808,
        411236.6364,  317034.2731]), 'D_scores': array([30.1543, 26.5245, 22.4977, 16.429 , 13.7835, 10.2463,  7.8234,
        6.8181,  6.5472,  6.4516,  6.3505,  6.2232,  5.9635,  5.8334])}",diff_mean_diff_covariance,3
MY-small_mu,14,sigmoid,"{'gamma': 0.04181223181000231, 'coef0': 0.0}","sigmoid(coef0=0.0, gamma=0.04181223181000231)",0.8727272727272727,rbf,"{'C': 1.0, 'gamma': 'scale'}","{'thetas': array([      0.0017,       0.0025,       0.0062,       0.0074,
             0.0127,       0.0155,       0.0186,       0.024 ,
             0.0287,       0.0357,       0.0407,       0.0496,
       6146798.4309, 3715099.0075]), 'lambdas': array([      0.0017,       0.0025,       0.0062,       0.0074,
             0.0127,       0.0155,       0.0186,       0.024 ,
             0.0287,       0.0357,       0.0407,       0.0496,
       6146798.4309, 3715099.0075]), 'D_scores': array([287.3074, 194.6616,  77.9966,  64.5999,  36.6208,  29.6377,
        24.3293,  18.5046,  15.1415,  11.8443,  10.1943,   8.085 ,
         7.3157,   7.064 ])}",diff_mean_diff_covariance,3
MY-small_mu,16,linear,{},linear,0.9454545454545454,rbf,"{'C': 2.0, 'gamma': 'scale'}","{'thetas': array([0., 0., 0., 0., 0., 0., 0., 0., 0., 0., 0., 0., 0., 0., 0., 0.]), 'lambdas': array([0., 0., 0., 0., 0., 0., 0., 0., 0., 0., 0., 0., 0., 0., 0., 0.]), 'D_scores': array([9.8007e+09, 3.6580e+09, 3.2284e+09, 2.4763e+09, 2.1118e+09,
       1.1597e+09, 1.1375e+09, 8.5599e+08, 6.5969e+08, 6.1500e+08,
       5.1576e+08, 4.4062e+08, 4.2950e+08, 4.2739e+08, 3.1512e+08,
       3.0182e+08])}",diff_mean_diff_covariance,3
MY-small_mu,16,rbf,{'gamma': 0.04181223181000231},rbf(gamma=0.04181223181000231),0.7272727272727273,rbf,"{'C': 0.5, 'gamma': 'scale'}","{'thetas': array([0.0023, 0.0037, 0.0043, 0.0051, 0.008 , 0.0098, 0.0115, 0.0164,
       0.0165, 0.0203, 0.023 , 0.0257, 0.0333, 0.036 , 0.0406, 0.0437]), 'lambdas': array([0.0023, 0.0037, 0.0043, 0.0051, 0.008 , 0.0098, 0.0115, 0.0164,
       0.0165, 0.0203, 0.023 , 0.0257, 0.0333, 0.036 , 0.0406, 0.0437]), 'D_scores': array([214.9379, 132.3814, 113.901 ,  95.3627,  59.9241,  48.1258,
        40.705 ,  28.012 ,  27.7147,  22.1986,  19.3264,  17.1232,
        12.8074,  11.7254,  10.2243,   9.3696])}",diff_mean_diff_covariance,3
MY-small_mu,16,laplacian,{'gamma': 0.04181223181000231},laplacian(gamma=0.04181223181000231),0.7636363636363637,rbf,"{'C': 2.0, 'gamma': 'scale'}","{'thetas': array([0.0007, 0.0018, 0.0023, 0.003 , 0.0043, 0.0055, 0.0093, 0.0127,
       0.014 , 0.0159, 0.0179, 0.023 , 0.0272, 0.0318, 0.036 , 0.0369]), 'lambdas': array([0.0007, 0.0018, 0.0023, 0.003 , 0.0043, 0.0055, 0.0093, 0.0127,
       0.014 , 0.0159, 0.0179, 0.023 , 0.0272, 0.0318, 0.036 , 0.0369]), 'D_scores': array([710.8305, 273.3603, 214.8804, 166.0817, 112.8133,  88.4788,
        50.7074,  36.6329,  33.0347,  28.9056,  25.4165,  19.3424,
        16.0718,  13.5105,  11.7155,  11.4102])}",diff_mean_diff_covariance,3
MY-small_mu,16,polynomial,"{'degree': 2, 'gamma': 0.04181223181000231, 'coef0': 1.0}","polynomial(coef0=1.0, degree=2, gamma=0.04181223181000231)",0.8,poly,"{'C': 0.5, 'gamma': 'scale', 'degree': 2, 'coef0': 1.0}","{'thetas': array([      0.0059,       0.0129,       0.0188,       0.0206,
             0.0282,       0.0419,       0.0472,       0.0529,
       2339030.1874, 1815924.9261,       0.0602,  709902.4415,
        516344.0705,  402576.6509,       0.0644,  288295.3014]), 'lambdas': array([      0.0059,       0.0129,       0.0188,       0.0206,
             0.0282,       0.0419,       0.0472,       0.0529,
       2339030.1874, 1815924.9261,       0.0602,  709902.4415,
        516344.0705,  402576.6509,       0.0644,  288295.3014]), 'D_scores': array([81.9627, 36.066 , 24.1787, 21.869 , 15.4447,  9.8611,  8.5704,
        7.4811,  6.8329,  6.7062,  6.4005,  6.2364,  6.0773,  5.953 ,
        5.8969,  5.7859])}",diff_mean_diff_covariance,3
MY-small_mu,16,sigmoid,"{'gamma': 0.04181223181000231, 'coef0': 0.0}","sigmoid(coef0=0.0, gamma=0.04181223181000231)",0.8636363636363636,poly,"{'C': 2.0, 'gamma': 'scale', 'degree': 2, 'coef0': 1.0}","{'thetas': array([      0.0006,       0.0053,       0.0071,       0.0079,
             0.0095,       0.0121,       0.0182,       0.019 ,
             0.0287,       0.032 ,       0.042 ,       0.0473,
       6956677.1787, 4393103.7452,       0.0553, 2290275.3459]), 'lambdas': array([      0.0006,       0.0053,       0.0071,       0.0079,
             0.0095,       0.0121,       0.0182,       0.019 ,
             0.0287,       0.032 ,       0.042 ,       0.0473,
       6956677.1787, 4393103.7452,       0.0553, 2290275.3459]), 'D_scores': array([818.6676,  90.6758,  67.6769,  60.7717,  49.6051,  38.7214,
        24.9498,  23.8015,  15.1268,  13.3944,   9.8211,   8.5527,
         7.3776,   7.1478,   7.0921,   6.8221])}",diff_mean_diff_covariance,3
MY-small_mu,20,linear,{},linear,0.8636363636363636,rbf,"{'C': 1.0, 'gamma': 'scale'}","{'thetas': array([0., 0., 0., 0., 0., 0., 0., 0., 0., 0., 0., 0., 0., 0., 0., 0., 0.,
       0., 0., 0.]), 'lambdas': array([0., 0., 0., 0., 0., 0., 0., 0., 0., 0., 0., 0., 0., 0., 0., 0., 0.,
       0., 0., 0.]), 'D_scores': array([5.7289e+10, 4.1894e+09, 4.0549e+09, 2.1343e+09, 1.6719e+09,
       1.3298e+09, 1.0366e+09, 1.0259e+09, 8.7612e+08, 7.9917e+08,
       6.5788e+08, 6.0785e+08, 5.8085e+08, 4.3525e+08, 3.6215e+08,
       3.6011e+08, 2.8779e+08, 2.7533e+08, 2.4476e+08, 2.3331e+08])}",diff_mean_diff_covariance,3
MY-small_mu,20,rbf,{'gamma': 0.04181223181000231},rbf(gamma=0.04181223181000231),0.8,rbf,"{'C': 0.5, 'gamma': 'scale'}","{'thetas': array([      0.0003,       0.0016,       0.0027,       0.0036,
             0.004 ,       0.0058,       0.0092,       0.01  ,
             0.0119,       0.0142,       0.0174,       0.018 ,
             0.0209,       0.0239,       0.0294,       0.0326,
             0.0346,       0.0373,       0.0433, 6066237.9489]), 'lambdas': array([      0.0003,       0.0016,       0.0027,       0.0036,
             0.004 ,       0.0058,       0.0092,       0.01  ,
             0.0119,       0.0142,       0.0174,       0.018 ,
             0.0209,       0.0239,       0.0294,       0.0326,
             0.0346,       0.0373,       0.0433, 6066237.9489]), 'D_scores': array([1649.922 ,  316.2819,  179.6421,  134.5389,  122.6786,   83.682 ,
         51.3062,   47.3893,   39.3185,   32.6986,   26.1864,   25.2912,
         21.4886,   18.5818,   14.7745,   13.1371,   12.2746,   11.2619,
          9.4733,    7.3096])}",diff_mean_diff_covariance,3
MY-small_mu,20,laplacian,{'gamma': 0.04181223181000231},laplacian(gamma=0.04181223181000231),0.7909090909090909,rbf,"{'C': 2.0, 'gamma': 'scale'}","{'thetas': array([0.0003, 0.0021, 0.0027, 0.0041, 0.0051, 0.0073, 0.0086, 0.0102,
       0.0116, 0.013 , 0.0164, 0.0177, 0.0207, 0.0249, 0.0266, 0.032 ,
       0.035 , 0.0374, 0.0461, 0.047 ]), 'lambdas': array([0.0003, 0.0021, 0.0027, 0.0041, 0.0051, 0.0073, 0.0086, 0.0102,
       0.0116, 0.013 , 0.0164, 0.0177, 0.0207, 0.0249, 0.0266, 0.032 ,
       0.035 , 0.0374, 0.0461, 0.047 ]), 'D_scores': array([1572.3894,  233.4745,  183.0456,  117.7759,   95.8113,   65.2418,
         55.3999,   46.113 ,   40.2785,   35.6973,   28.0104,   25.7479,
         21.7671,   17.7542,   16.4892,   13.4272,   12.1027,   11.2462,
          8.8113,    8.6006])}",diff_mean_diff_covariance,3
MY-small_mu,20,polynomial,"{'degree': 2, 'gamma': 0.04181223181000231, 'coef0': 1.0}","polynomial(coef0=1.0, degree=2, gamma=0.04181223181000231)",0.8454545454545455,poly,"{'C': 1.0, 'gamma': 'scale', 'degree': 2, 'coef0': 1.0}","{'thetas': array([      0.0015,       0.0111,       0.0152,       0.0174,
             0.0234,       0.0295,       0.0403,       0.041 ,
             0.0517, 2051536.8809, 1225959.1099, 1072446.1488,
             0.0628,  461906.871 ,  395728.2403,  298520.2521,
        259987.0019,  202490.7014,  188642.7181,  163753.4222]), 'lambdas': array([      0.0015,       0.0111,       0.0152,       0.0174,
             0.0234,       0.0295,       0.0403,       0.041 ,
             0.0517, 2051536.8809, 1225959.1099, 1072446.1488,
             0.0628,  461906.871 ,  395728.2403,  298520.2521,
        259987.0019,  202490.7014,  188642.7181,  163753.4222]), 'D_scores': array([338.914 ,  42.2106,  30.3273,  26.283 ,  18.9599,  14.7002,
        10.307 ,  10.1001,   7.7017,   6.7673,   6.5096,   6.4427,
         6.0799,   6.0216,   5.9445,   5.8034,   5.7342,   5.6092,
         5.5738,   5.5031])}",diff_mean_diff_covariance,3
MY-small_mu,20,sigmoid,"{'gamma': 0.04181223181000231, 'coef0': 0.0}","sigmoid(coef0=0.0, gamma=0.04181223181000231)",0.8363636363636363,rbf,"{'C': 2.0, 'gamma': 'scale'}","{'thetas': array([      0.0005,       0.0034,       0.0041,       0.0068,
             0.0097,       0.0143,       0.0173,       0.0198,
             0.0243,       0.0263,       0.0434,       0.046 ,
             0.0499, 4705151.8341, 3636553.1397, 2332346.435 ,
       1874993.4248,       0.0582, 1110168.0544,  664288.2114]), 'lambdas': array([      0.0005,       0.0034,       0.0041,       0.0068,
             0.0097,       0.0143,       0.0173,       0.0198,
             0.0243,       0.0263,       0.0434,       0.046 ,
             0.0499, 4705151.8341, 3636553.1397, 2332346.435 ,
       1874993.4248,       0.0582, 1110168.0544,  664288.2114]), 'D_scores': array([952.3064, 142.537 , 118.8353,  70.7582,  48.7105,  32.4536,
        26.3359,  22.8006,  18.1872,  16.6827,   9.4615,   8.8266,
         8.029 ,   7.1821,   7.0533,   6.8312,   6.7221,   6.6722,
         6.46  ,   6.2032])}",diff_mean_diff_covariance,3
KFDA-1D,1,linear,{},linear,0.5625,linear,{'C': 1.0},"{'top_lambda': 0.017681257345676722, 'd_norm': 18.785439966883313}",diff_mean_tiny_covariance_gap,1
KFDA-1D,1,rbf,{'gamma': 0.039269524345161094},rbf(gamma=0.039269524345161094),0.5875,rbf,"{'C': 1.0, 'gamma': 0.5}","{'top_lambda': 6285.53099525247, 'd_norm': 0.28431780259389156}",diff_mean_tiny_covariance_gap,1
KFDA-1D,1,laplacian,{'gamma': 0.039269524345161094},laplacian(gamma=0.039269524345161094),0.625,linear,{'C': 0.5},"{'top_lambda': 9624.936189259348, 'd_norm': 0.202134093032284}",diff_mean_tiny_covariance_gap,1
KFDA-1D,1,polynomial,"{'degree': 2, 'gamma': 0.039269524345161094, 'coef0': 1.0}","polynomial(coef0=1.0, degree=2, gamma=0.039269524345161094)",0.625,rbf,"{'C': 1.0, 'gamma': 'scale'}","{'top_lambda': 22.29058924164107, 'd_norm': 1.628642601143614}",diff_mean_tiny_covariance_gap,1
KFDA-1D,1,sigmoid,"{'gamma': 0.039269524345161094, 'coef0': 0.0}","sigmoid(coef0=0.0, gamma=0.039269524345161094)",0.7875,poly,"{'C': 0.5, 'gamma': 'scale', 'degree': 2, 'coef0': 1.0}","{'top_lambda': 7.693186693791765, 'd_norm': 0.6817242272431663}",diff_mean_tiny_covariance_gap,1
MY-large_mu,1,linear,{},linear,0.5375,linear,{'C': 0.5},"{'thetas': array([0.]), 'lambdas': array([0.]), 'gvals': array([2.892e+10])}",diff_mean_tiny_covariance_gap,1
MY-large_mu,1,rbf,{'gamma': 0.039269524345161094},rbf(gamma=0.039269524345161094),0.5875,linear,{'C': 0.5},"{'thetas': array([0.0006]), 'lambdas': array([0.0006]), 'gvals': array([795.564])}",diff_mean_tiny_covariance_gap,1
MY-large_mu,1,laplacian,{'gamma': 0.039269524345161094},laplacian(gamma=0.039269524345161094),0.5625,rbf,"{'C': 0.5, 'gamma': 0.5}","{'thetas': array([0.0007]), 'lambdas': array([0.0007]), 'gvals': array([701.0438])}",diff_mean_tiny_covariance_gap,1
MY-large_mu,1,polynomial,"{'degree': 2, 'gamma': 0.039269524345161094, 'coef0': 1.0}","polynomial(coef0=1.0, degree=2, gamma=0.039269524345161094)",0.55,linear,{'C': 1.0},"{'thetas': array([0.0025]), 'lambdas': array([0.0025]), 'gvals': array([198.8124])}",diff_mean_tiny_covariance_gap,1
MY-large_mu,1,sigmoid,"{'gamma': 0.039269524345161094, 'coef0': 0.0}","sigmoid(coef0=0.0, gamma=0.039269524345161094)",0.6375,rbf,"{'C': 2.0, 'gamma': 'scale'}","{'thetas': array([0.]), 'lambdas': array([0.]), 'gvals': array([149515.6636])}",diff_mean_tiny_covariance_gap,1
MY-large_mu,2,linear,{},linear,0.4875,sigmoid,"{'C': 0.5, 'gamma': 'scale', 'coef0': 0.0}","{'thetas': array([0., 0.]), 'lambdas': array([0., 0.]), 'gvals': array([2.5986e+10, 5.6723e+09])}",diff_mean_tiny_covariance_gap,1
MY-large_mu,2,rbf,{'gamma': 0.039269524345161094},rbf(gamma=0.039269524345161094),0.65,poly,"{'C': 0.5, 'gamma': 'scale', 'degree': 2, 'coef0': 1.0}","{'thetas': array([0.0008, 0.002 ]), 'lambdas': array([0.0008, 0.002 ]), 'gvals': array([643.7361, 252.5309])}",diff_mean_tiny_covariance_gap,1
MY-large_mu,2,laplacian,{'gamma': 0.039269524345161094},laplacian(gamma=0.039269524345161094),0.525,poly,"{'C': 0.5, 'gamma': 'scale', 'degree': 2, 'coef0': 1.0}","{'thetas': array([0.0001, 0.0009]), 'lambdas': array([0.0001, 0.0009]), 'gvals': array([9254.1609,  551.9759])}",diff_mean_tiny_covariance_gap,1
MY-large_mu,2,polynomial,"{'degree': 2, 'gamma': 0.039269524345161094, 'coef0': 1.0}","polynomial(coef0=1.0, degree=2, gamma=0.039269524345161094)",0.575,poly,"{'C': 1.0, 'gamma': 'scale', 'degree': 2, 'coef0': 1.0}","{'thetas': array([0.0037, 0.0099]), 'lambdas': array([0.0037, 0.0099]), 'gvals': array([130.4255,  47.5497])}",diff_mean_tiny_covariance_gap,1
MY-large_mu,2,sigmoid,"{'gamma': 0.039269524345161094, 'coef0': 0.0}","sigmoid(coef0=0.0, gamma=0.039269524345161094)",0.6625,rbf,"{'C': 0.5, 'gamma': 'scale'}","{'thetas': array([0.001 , 0.0018]), 'lambdas': array([0.001 , 0.0018]), 'gvals': array([491.0729, 271.4268])}",diff_mean_tiny_covariance_gap,1
MY-large_mu,3,linear,{},linear,0.5375,rbf,"{'C': 0.5, 'gamma': 0.5}","{'thetas': array([0., 0., 0.]), 'lambdas': array([0., 0., 0.]), 'gvals': array([7.3507e+09, 6.0357e+09, 3.4934e+09])}",diff_mean_tiny_covariance_gap,1
MY-large_mu,3,rbf,{'gamma': 0.039269524345161094},rbf(gamma=0.039269524345161094),0.55,rbf,"{'C': 2.0, 'gamma': 0.5}","{'thetas': array([0.0005, 0.001 , 0.0028]), 'lambdas': array([0.0005, 0.001 , 0.0028]), 'gvals': array([1047.4121,  494.5246,  177.8663])}",diff_mean_tiny_covariance_gap,1
MY-large_mu,3,laplacian,{'gamma': 0.039269524345161094},laplacian(gamma=0.039269524345161094),0.65,rbf,"{'C': 0.5, 'gamma': 'scale'}","{'thetas': array([0.0008, 0.004 , 0.005 ]), 'lambdas': array([0.0008, 0.004 , 0.005 ]), 'gvals': array([598.4551, 122.5812,  97.7368])}",diff_mean_tiny_covariance_gap,1
MY-large_mu,3,polynomial,"{'degree': 2, 'gamma': 0.039269524345161094, 'coef0': 1.0}","polynomial(coef0=1.0, degree=2, gamma=0.039269524345161094)",0.5375,rbf,"{'C': 1.0, 'gamma': 'scale'}","{'thetas': array([0.0011, 0.0128, 0.0204]), 'lambdas': array([0.0011, 0.0128, 0.0204]), 'gvals': array([431.6807,  36.4019,  22.0727])}",diff_mean_tiny_covariance_gap,1
MY-large_mu,3,sigmoid,"{'gamma': 0.039269524345161094, 'coef0': 0.0}","sigmoid(coef0=0.0, gamma=0.039269524345161094)",0.7125,rbf,"{'C': 0.5, 'gamma': 0.5}","{'thetas': array([0.0003, 0.0015, 0.0024]), 'lambdas': array([0.0003, 0.0015, 0.0024]), 'gvals': array([1509.8536,  330.5882,  208.8821])}",diff_mean_tiny_covariance_gap,1
MY-large_mu,4,linear,{},linear,0.5625,rbf,"{'C': 0.5, 'gamma': 'scale'}","{'thetas': array([0., 0., 0., 0.]), 'lambdas': array([0., 0., 0., 0.]), 'gvals': array([6.3192e+09, 3.5016e+09, 2.5588e+09, 2.1762e+09])}",diff_mean_tiny_covariance_gap,1
MY-large_mu,4,rbf,{'gamma': 0.039269524345161094},rbf(gamma=0.039269524345161094),0.6,rbf,"{'C': 1.0, 'gamma': 0.5}","{'thetas': array([0.0014, 0.0039, 0.0055, 0.0084]), 'lambdas': array([0.0014, 0.0039, 0.0055, 0.0084]), 'gvals': array([351.7941, 125.4281,  87.7949,  56.8968])}",diff_mean_tiny_covariance_gap,1
MY-large_mu,4,laplacian,{'gamma': 0.039269524345161094},laplacian(gamma=0.039269524345161094),0.55,rbf,"{'C': 0.5, 'gamma': 0.5}","{'thetas': array([0.0002, 0.0027, 0.0043, 0.0064]), 'lambdas': array([0.0002, 0.0027, 0.0043, 0.0064]), 'gvals': array([3125.7534,  180.2739,  112.8308,   74.7483])}",diff_mean_tiny_covariance_gap,1
MY-large_mu,4,polynomial,"{'degree': 2, 'gamma': 0.039269524345161094, 'coef0': 1.0}","polynomial(coef0=1.0, degree=2, gamma=0.039269524345161094)",0.5125,rbf,"{'C': 0.5, 'gamma': 0.5}","{'thetas': array([0.0075, 0.0139, 0.022 , 0.0249]), 'lambdas': array([0.0075, 0.0139, 0.022 , 0.0249]), 'gvals': array([63.3989, 33.3096, 20.3082, 17.7136])}",diff_mean_tiny_covariance_gap,1
MY-large_mu,4,sigmoid,"{'gamma': 0.039269524345161094, 'coef0': 0.0}","sigmoid(coef0=0.0, gamma=0.039269524345161094)",0.575,rbf,"{'C': 0.5, 'gamma': 0.5}","{'thetas': array([0.0013, 0.0027, 0.0034, 0.0044]), 'lambdas': array([0.0013, 0.0027, 0.0034, 0.0044]), 'gvals': array([371.3856, 184.9771, 144.9517, 111.3901])}",diff_mean_tiny_covariance_gap,1
MY-large_mu,5,linear,{},linear,0.525,poly,"{'C': 2.0, 'gamma': 'scale', 'degree': 2, 'coef0': 1.0}","{'thetas': array([0., 0., 0., 0., 0.]), 'lambdas': array([0., 0., 0., 0., 0.]), 'gvals': array([1.1808e+10, 7.6404e+09, 4.0273e+09, 2.7766e+09, 2.2058e+09])}",diff_mean_tiny_covariance_gap,1
MY-large_mu,5,rbf,{'gamma': 0.039269524345161094},rbf(gamma=0.039269524345161094),0.55,rbf,"{'C': 2.0, 'gamma': 0.5}","{'thetas': array([0.0002, 0.0025, 0.0032, 0.0052, 0.006 ]), 'lambdas': array([0.0002, 0.0025, 0.0032, 0.0052, 0.006 ]), 'gvals': array([2415.8204,  196.341 ,  153.8501,   93.7483,   80.252 ])}",diff_mean_tiny_covariance_gap,1
MY-large_mu,5,laplacian,{'gamma': 0.039269524345161094},laplacian(gamma=0.039269524345161094),0.5375,rbf,"{'C': 2.0, 'gamma': 'scale'}","{'thetas': array([0.0004, 0.0011, 0.0024, 0.0038, 0.0056]), 'lambdas': array([0.0004, 0.0011, 0.0024, 0.0038, 0.0056]), 'gvals': array([1323.9413,  468.5627,  203.456 ,  128.9166,   85.5817])}",diff_mean_tiny_covariance_gap,1
MY-large_mu,5,polynomial,"{'degree': 2, 'gamma': 0.039269524345161094, 'coef0': 1.0}","polynomial(coef0=1.0, degree=2, gamma=0.039269524345161094)",0.525,rbf,"{'C': 0.5, 'gamma': 0.5}","{'thetas': array([0.0104, 0.0189, 0.0249, 0.0438, 0.0448]), 'lambdas': array([0.0104, 0.0189, 0.0249, 0.0438, 0.0448]), 'gvals': array([45.3118, 24.0117, 17.7721,  9.3545,  9.1005])}",diff_mean_tiny_covariance_gap,1
MY-large_mu,5,sigmoid,"{'gamma': 0.039269524345161094, 'coef0': 0.0}","sigmoid(coef0=0.0, gamma=0.039269524345161094)",0.7,rbf,"{'C': 1.0, 'gamma': 'scale'}","{'thetas': array([0.    , 0.0006, 0.0018, 0.0024, 0.0039]), 'lambdas': array([0.    , 0.0006, 0.0018, 0.0024, 0.0039]), 'gvals': array([10506.4974,   880.8113,   273.0131,   203.8247,   124.148 ])}",diff_mean_tiny_covariance_gap,1
MY-large_mu,6,linear,{},linear,0.675,rbf,"{'C': 0.5, 'gamma': 'scale'}","{'thetas': array([0., 0., 0., 0., 0., 0.]), 'lambdas': array([0., 0., 0., 0., 0., 0.]), 'gvals': array([1.2345e+10, 1.0557e+10, 6.3326e+09, 2.5486e+09, 1.9490e+09,
       1.5679e+09])}",diff_mean_tiny_covariance_gap,1
MY-large_mu,6,rbf,{'gamma': 0.039269524345161094},rbf(gamma=0.039269524345161094),0.575,rbf,"{'C': 0.5, 'gamma': 'scale'}","{'thetas': array([0.0005, 0.0017, 0.0023, 0.0057, 0.0076, 0.008 ]), 'lambdas': array([0.0005, 0.0017, 0.0023, 0.0057, 0.0076, 0.008 ]), 'gvals': array([961.1779, 282.8562, 210.3716,  84.1724,  62.6815,  59.4661])}",diff_mean_tiny_covariance_gap,1
MY-large_mu,6,laplacian,{'gamma': 0.039269524345161094},laplacian(gamma=0.039269524345161094),0.5,rbf,"{'C': 1.0, 'gamma': 0.5}","{'thetas': array([0.001 , 0.0026, 0.0039, 0.0051, 0.0074, 0.0101]), 'lambdas': array([0.001 , 0.0026, 0.0039, 0.0051, 0.0074, 0.0101]), 'gvals': array([521.0887, 186.7061, 123.4369,  95.8252,  64.8784,  46.6593])}",diff_mean_tiny_covariance_gap,1
MY-large_mu,6,polynomial,"{'degree': 2, 'gamma': 0.039269524345161094, 'coef0': 1.0}","polynomial(coef0=1.0, degree=2, gamma=0.039269524345161094)",0.5375,rbf,"{'C': 1.0, 'gamma': 0.5}","{'thetas': array([0.0044, 0.0103, 0.0161, 0.0203, 0.0326, 0.0473]), 'lambdas': array([0.0044, 0.0103, 0.0161, 0.0203, 0.0326, 0.0473]), 'gvals': array([110.5721,  45.8287,  28.4533,  22.133 ,  13.111 ,   8.5506])}",diff_mean_tiny_covariance_gap,1
MY-large_mu,6,sigmoid,"{'gamma': 0.039269524345161094, 'coef0': 0.0}","sigmoid(coef0=0.0, gamma=0.039269524345161094)",0.7375,rbf,"{'C': 2.0, 'gamma': 0.5}","{'thetas': array([0.0001, 0.0026, 0.0034, 0.0046, 0.0059, 0.0069]), 'lambdas': array([0.0001, 0.0026, 0.0034, 0.0046, 0.0059, 0.0069]), 'gvals': array([6254.9499,  190.0286,  144.823 ,  106.093 ,   81.2212,   69.1943])}",diff_mean_tiny_covariance_gap,1
MY-large_mu,7,linear,{},linear,0.5625,rbf,"{'C': 0.5, 'gamma': 'scale'}","{'thetas': array([0., 0., 0., 0., 0., 0., 0.]), 'lambdas': array([0., 0., 0., 0., 0., 0., 0.]), 'gvals': array([1.0326e+10, 4.9220e+09, 3.7788e+09, 3.2616e+09, 2.2366e+09,
       2.0241e+09, 1.7300e+09])}",diff_mean_tiny_covariance_gap,1
MY-large_mu,7,rbf,{'gamma': 0.039269524345161094},rbf(gamma=0.039269524345161094),0.575,rbf,"{'C': 1.0, 'gamma': 0.5}","{'thetas': array([0.0004, 0.0014, 0.003 , 0.0041, 0.0048, 0.0099, 0.011 ]), 'lambdas': array([0.0004, 0.0014, 0.003 , 0.0041, 0.0048, 0.0099, 0.011 ]), 'gvals': array([1362.1606,  346.5648,  166.0451,  117.4725,  101.2126,   47.9283,
         42.5142])}",diff_mean_tiny_covariance_gap,1
MY-large_mu,7,laplacian,{'gamma': 0.039269524345161094},laplacian(gamma=0.039269524345161094),0.475,rbf,"{'C': 0.5, 'gamma': 0.5}","{'thetas': array([0.0033, 0.0038, 0.0045, 0.0066, 0.008 , 0.0092, 0.0135]), 'lambdas': array([0.0033, 0.0038, 0.0045, 0.0066, 0.008 , 0.0092, 0.0135]), 'gvals': array([147.6641, 128.6997, 107.7367,  73.0856,  59.8771,  51.4982,
        34.3885])}",diff_mean_tiny_covariance_gap,1
MY-large_mu,7,polynomial,"{'degree': 2, 'gamma': 0.039269524345161094, 'coef0': 1.0}","polynomial(coef0=1.0, degree=2, gamma=0.039269524345161094)",0.5875,rbf,"{'C': 2.0, 'gamma': 0.5}","{'thetas': array([0.0021, 0.0118, 0.0153, 0.024 , 0.0346, 0.0414, 0.0536]), 'lambdas': array([0.0021, 0.0118, 0.0153, 0.024 , 0.0346, 0.0414, 0.0536]), 'gvals': array([233.0426,  39.7856,  30.1095,  18.4376,  12.2683,   9.9737,
         7.3722])}",diff_mean_tiny_covariance_gap,1
MY-large_mu,7,sigmoid,"{'gamma': 0.039269524345161094, 'coef0': 0.0}","sigmoid(coef0=0.0, gamma=0.039269524345161094)",0.7,rbf,"{'C': 0.5, 'gamma': 0.5}","{'thetas': array([0.0003, 0.0031, 0.0032, 0.0039, 0.0046, 0.0058, 0.0119]), 'lambdas': array([0.0003, 0.0031, 0.0032, 0.0039, 0.0046, 0.0058, 0.0119]), 'gvals': array([1879.3756,  158.737 ,  152.1145,  123.3358,  106.1477,   83.2968,
         39.3017])}",diff_mean_tiny_covariance_gap,1
MY-large_mu,8,linear,{},linear,0.5875,poly,"{'C': 0.5, 'gamma': 'scale', 'degree': 2, 'coef0': 1.0}","{'thetas': array([0., 0., 0., 0., 0., 0., 0., 0.]), 'lambdas': array([0., 0., 0., 0., 0., 0., 0., 0.]), 'gvals': array([2.1456e+10, 1.0084e+10, 5.1174e+09, 2.7231e+09, 2.4892e+09,
       1.8587e+09, 1.6245e+09, 1.5960e+09])}",diff_mean_tiny_covariance_gap,1
MY-large_mu,8,rbf,{'gamma': 0.039269524345161094},rbf(gamma=0.039269524345161094),0.55,rbf,"{'C': 2.0, 'gamma': 0.5}","{'thetas': array([0.001 , 0.003 , 0.0033, 0.0074, 0.0091, 0.0106, 0.0139, 0.0158]), 'lambdas': array([0.001 , 0.003 , 0.0033, 0.0074, 0.0091, 0.0106, 0.0139, 0.0158]), 'gvals': array([500.1619, 162.4523, 146.1999,  64.2524,  52.3135,  44.3229,
        33.4302,  29.063 ])}",diff_mean_tiny_covariance_gap,1
MY-large_mu,8,laplacian,{'gamma': 0.039269524345161094},laplacian(gamma=0.039269524345161094),0.4875,rbf,"{'C': 0.5, 'gamma': 0.5}","{'thetas': array([0.0011, 0.0045, 0.0057, 0.0064, 0.0096, 0.0116, 0.0157, 0.0191]), 'lambdas': array([0.0011, 0.0045, 0.0057, 0.0064, 0.0096, 0.0116, 0.0157, 0.0191]), 'gvals': array([431.9344, 108.5913,  85.1371,  75.1635,  49.1618,  40.329 ,
        29.3302,  23.7384])}",diff_mean_tiny_covariance_gap,1
MY-large_mu,8,polynomial,"{'degree': 2, 'gamma': 0.039269524345161094, 'coef0': 1.0}","polynomial(coef0=1.0, degree=2, gamma=0.039269524345161094)",0.525,rbf,"{'C': 0.5, 'gamma': 'scale'}","{'thetas': array([      0.002 ,       0.0073,       0.0146,       0.0253,
             0.037 ,       0.0495, 1257544.1018,  869671.7848]), 'lambdas': array([      0.002 ,       0.0073,       0.0146,       0.0253,
             0.037 ,       0.0495, 1257544.1018,  869671.7848]), 'gvals': array([241.2029,  65.8832,  31.7472,  17.4052,  11.3596,   8.1007,
         6.5223,   6.3379])}",diff_mean_tiny_covariance_gap,1
MY-large_mu,8,sigmoid,"{'gamma': 0.039269524345161094, 'coef0': 0.0}","sigmoid(coef0=0.0, gamma=0.039269524345161094)",0.725,rbf,"{'C': 1.0, 'gamma': 0.5}","{'thetas': array([0.0002, 0.0007, 0.0017, 0.0024, 0.0027, 0.0039, 0.0073, 0.0085]), 'lambdas': array([0.0002, 0.0007, 0.0017, 0.0024, 0.0027, 0.0039, 0.0073, 0.0085]), 'gvals': array([2912.8952,  754.2248,  296.5112,  201.7604,  184.5641,  125.2612,
         65.8864,   56.1177])}",diff_mean_tiny_covariance_gap,1
MY-large_mu,10,linear,{},linear,0.6125,poly,"{'C': 1.0, 'gamma': 'scale', 'degree': 2, 'coef0': 1.0}","{'thetas': array([0., 0., 0., 0., 0., 0., 0., 0., 0., 0.]), 'lambdas': array([0., 0., 0., 0., 0., 0., 0., 0., 0., 0.]), 'gvals': array([7.9593e+09, 4.7415e+09, 3.2457e+09, 3.1433e+09, 2.7697e+09,
       2.2479e+09, 2.1478e+09, 1.7658e+09, 1.2746e+09, 1.1128e+09])}",diff_mean_tiny_covariance_gap,1
MY-large_mu,10,rbf,{'gamma': 0.039269524345161094},rbf(gamma=0.039269524345161094),0.5875,rbf,"{'C': 2.0, 'gamma': 0.5}","{'thetas': array([0.0008, 0.0023, 0.0028, 0.0049, 0.0076, 0.0084, 0.0124, 0.016 ,
       0.0188, 0.0238]), 'lambdas': array([0.0008, 0.0023, 0.0028, 0.0049, 0.0076, 0.0084, 0.0124, 0.016 ,
       0.0188, 0.0238]), 'gvals': array([657.9611, 215.4074, 175.7697,  99.2089,  62.6615,  56.8524,
        37.5395,  28.6507,  24.0795,  18.6283])}",diff_mean_tiny_covariance_gap,1
MY-large_mu,10,laplacian,{'gamma': 0.039269524345161094},laplacian(gamma=0.039269524345161094),0.55,rbf,"{'C': 0.5, 'gamma': 0.5}","{'thetas': array([0.0002, 0.0021, 0.0028, 0.0034, 0.0085, 0.0092, 0.0108, 0.0116,
       0.0154, 0.0187]), 'lambdas': array([0.0002, 0.0021, 0.0028, 0.0034, 0.0085, 0.0092, 0.0108, 0.0116,
       0.0154, 0.0187]), 'gvals': array([2717.4447,  234.7296,  173.8684,  142.5493,   55.8992,   51.7004,
         43.4926,   40.2752,   29.9736,   24.2948])}",diff_mean_tiny_covariance_gap,1
MY-large_mu,10,polynomial,"{'degree': 2, 'gamma': 0.039269524345161094, 'coef0': 1.0}","polynomial(coef0=1.0, degree=2, gamma=0.039269524345161094)",0.6125,rbf,"{'C': 0.5, 'gamma': 'scale'}","{'thetas': array([      0.0046,       0.0109,       0.0132,       0.014 ,
             0.0264,       0.03  ,       0.039 , 1356786.6846,
        630092.5129,  529850.2306]), 'lambdas': array([      0.0046,       0.0109,       0.0132,       0.014 ,
             0.0264,       0.03  ,       0.039 , 1356786.6846,
        630092.5129,  529850.2306]), 'gvals': array([105.6486,  42.9982,  35.2169,  33.0576,  16.5903,  14.4007,
        10.7081,   6.5603,   6.1768,   6.0902])}",diff_mean_tiny_covariance_gap,1
MY-large_mu,10,sigmoid,"{'gamma': 0.039269524345161094, 'coef0': 0.0}","sigmoid(coef0=0.0, gamma=0.039269524345161094)",0.625,rbf,"{'C': 0.5, 'gamma': 0.5}","{'thetas': array([0.0009, 0.0016, 0.0027, 0.0064, 0.0079, 0.0097, 0.012 , 0.0186,
       0.0216, 0.0234]), 'lambdas': array([0.0009, 0.0016, 0.0027, 0.0064, 0.0079, 0.0097, 0.012 , 0.0186,
       0.0216, 0.0234]), 'gvals': array([550.7339, 317.712 , 182.7244,  74.6097,  60.5941,  48.6625,
        39.0145,  24.3603,  20.7201,  19.0274])}",diff_mean_tiny_covariance_gap,1
MY-large_mu,12,linear,{},linear,0.625,rbf,"{'C': 0.5, 'gamma': 'scale'}","{'thetas': array([0., 0., 0., 0., 0., 0., 0., 0., 0., 0., 0., 0.]), 'lambdas': array([0., 0., 0., 0., 0., 0., 0., 0., 0., 0., 0., 0.]), 'gvals': array([4.4430e+10, 4.3530e+10, 5.4742e+09, 4.5084e+09, 4.3694e+09,
       2.9551e+09, 2.3364e+09, 2.1361e+09, 1.4038e+09, 1.2968e+09,
       1.1948e+09, 1.1280e+09])}",diff_mean_tiny_covariance_gap,1
MY-large_mu,12,rbf,{'gamma': 0.039269524345161094},rbf(gamma=0.039269524345161094),0.5875,rbf,"{'C': 0.5, 'gamma': 0.5}","{'thetas': array([0.0006, 0.0033, 0.0064, 0.0075, 0.0097, 0.0103, 0.0124, 0.0136,
       0.0147, 0.0201, 0.0211, 0.0262]), 'lambdas': array([0.0006, 0.0033, 0.0064, 0.0075, 0.0097, 0.0103, 0.0124, 0.0136,
       0.0147, 0.0201, 0.0211, 0.0262]), 'gvals': array([805.6229, 147.2189,  75.3471,  63.8539,  48.8907,  45.7345,
        37.6435,  34.0211,  31.4414,  22.4397,  21.2712,  16.7285])}",diff_mean_tiny_covariance_gap,1
MY-large_mu,12,laplacian,{'gamma': 0.039269524345161094},laplacian(gamma=0.039269524345161094),0.6375,rbf,"{'C': 0.5, 'gamma': 'scale'}","{'thetas': array([0.0039, 0.0058, 0.0063, 0.008 , 0.0086, 0.011 , 0.0182, 0.0202,
       0.0225, 0.0251, 0.0267, 0.0313]), 'lambdas': array([0.0039, 0.0058, 0.0063, 0.008 , 0.0086, 0.011 , 0.0182, 0.0202,
       0.0225, 0.0251, 0.0267, 0.0313]), 'gvals': array([125.4435,  82.8952,  76.5111,  59.598 ,  55.562 ,  42.7927,
        24.9317,  22.2688,  19.8102,  17.5991,  16.394 ,  13.7638])}",diff_mean_tiny_covariance_gap,1
MY-large_mu,12,polynomial,"{'degree': 2, 'gamma': 0.039269524345161094, 'coef0': 1.0}","polynomial(coef0=1.0, degree=2, gamma=0.039269524345161094)",0.575,rbf,"{'C': 2.0, 'gamma': 'scale'}","{'thetas': array([      0.0047,       0.0116,       0.0137,       0.0273,
             0.032 ,       0.0425,       0.0513, 1416628.8182,
       1166891.864 ,       0.0603,  680912.9206,  482310.0386]), 'lambdas': array([      0.0047,       0.0116,       0.0137,       0.0273,
             0.032 ,       0.0425,       0.0513, 1416628.8182,
       1166891.864 ,       0.0603,  680912.9206,  482310.0386]), 'gvals': array([103.3136,  40.5577,  33.9016,  16.0296,  13.3992,   9.6826,
         7.7585,   6.5819,   6.4849,   6.3932,   6.2156,   6.0432])}",diff_mean_tiny_covariance_gap,1
MY-large_mu,12,sigmoid,"{'gamma': 0.039269524345161094, 'coef0': 0.0}","sigmoid(coef0=0.0, gamma=0.039269524345161094)",0.5625,rbf,"{'C': 0.5, 'gamma': 0.5}","{'thetas': array([0.001 , 0.0022, 0.0023, 0.0028, 0.0041, 0.0052, 0.0084, 0.0087,
       0.0116, 0.0137, 0.0155, 0.0189]), 'lambdas': array([0.001 , 0.0022, 0.0023, 0.0028, 0.0041, 0.0052, 0.0084, 0.0087,
       0.0116, 0.0137, 0.0155, 0.0189]), 'gvals': array([498.5276, 226.1688, 215.034 , 175.0776, 119.0926,  92.2999,
        56.7871,  54.3978,  40.2388,  33.7436,  29.7447,  24.001 ])}",diff_mean_tiny_covariance_gap,1
MY-large_mu,14,linear,{},linear,0.65,rbf,"{'C': 0.5, 'gamma': 'scale'}","{'thetas': array([0., 0., 0., 0., 0., 0., 0., 0., 0., 0., 0., 0., 0., 0.]), 'lambdas': array([0., 0., 0., 0., 0., 0., 0., 0., 0., 0., 0., 0., 0., 0.]), 'gvals': array([5.1471e+09, 4.2578e+09, 4.2520e+09, 3.5681e+09, 3.1495e+09,
       2.8820e+09, 2.5900e+09, 2.2766e+09, 1.7387e+09, 1.5394e+09,
       1.4030e+09, 1.3615e+09, 1.1239e+09, 1.1056e+09])}",diff_mean_tiny_covariance_gap,1
MY-large_mu,14,rbf,{'gamma': 0.039269524345161094},rbf(gamma=0.039269524345161094),0.5625,rbf,"{'C': 2.0, 'gamma': 0.5}","{'thetas': array([0.0004, 0.0012, 0.0031, 0.0044, 0.0058, 0.008 , 0.0131, 0.0148,
       0.0169, 0.0222, 0.0282, 0.0304, 0.0342, 0.038 ]), 'lambdas': array([0.0004, 0.0012, 0.0031, 0.0044, 0.0058, 0.008 , 0.0131, 0.0148,
       0.0169, 0.0222, 0.0282, 0.0304, 0.0342, 0.038 ]), 'gvals': array([1204.8995,  404.9766,  156.6416,  110.6713,   82.8466,   59.6426,
         35.4674,   31.1123,   27.0342,   20.1416,   15.444 ,   14.2099,
         12.4134,   11.0389])}",diff_mean_tiny_covariance_gap,1
MY-large_mu,14,laplacian,{'gamma': 0.039269524345161094},laplacian(gamma=0.039269524345161094),0.575,rbf,"{'C': 2.0, 'gamma': 0.5}","{'thetas': array([0.0036, 0.006 , 0.0067, 0.0079, 0.0096, 0.012 , 0.0166, 0.0224,
       0.0253, 0.0282, 0.031 , 0.0317, 0.0388, 0.051 ]), 'lambdas': array([0.0036, 0.006 , 0.0067, 0.0079, 0.0096, 0.012 , 0.0166, 0.0224,
       0.0253, 0.0282, 0.031 , 0.0317, 0.0388, 0.051 ]), 'gvals': array([133.9224,  79.9523,  71.4061,  60.5423,  49.1561,  38.9666,
        27.5858,  19.937 ,  17.3991,  15.4517,  13.903 ,  13.5556,
        10.7649,   7.8211])}",diff_mean_tiny_covariance_gap,1
MY-large_mu,14,polynomial,"{'degree': 2, 'gamma': 0.039269524345161094, 'coef0': 1.0}","polynomial(coef0=1.0, degree=2, gamma=0.039269524345161094)",0.625,rbf,"{'C': 0.5, 'gamma': 'scale'}","{'thetas': array([      0.0011,       0.0085,       0.0117,       0.0124,
             0.0193,       0.0261,       0.0452, 1877921.1194,
       1298088.1547,  575351.9271,  433565.1447,  353863.7894,
        273294.7256,  231692.4093]), 'lambdas': array([      0.0011,       0.0085,       0.0117,       0.0124,
             0.0193,       0.0261,       0.0452, 1877921.1194,
       1298088.1547,  575351.9271,  433565.1447,  353863.7894,
        273294.7256,  231692.4093]), 'gvals': array([458.4986,  55.9508,  39.8918,  37.6573,  23.3954,  16.8484,
         9.0026,   6.7228,   6.5382,   6.1314,   5.9899,   5.8883,
         5.7592,   5.6766])}",diff_mean_tiny_covariance_gap,1
MY-large_mu,14,sigmoid,"{'gamma': 0.039269524345161094, 'coef0': 0.0}","sigmoid(coef0=0.0, gamma=0.039269524345161094)",0.575,rbf,"{'C': 0.5, 'gamma': 0.5}","{'thetas': array([0.0006, 0.0016, 0.002 , 0.0029, 0.0049, 0.0086, 0.011 , 0.0118,
       0.0146, 0.0152, 0.0209, 0.0224, 0.0355, 0.0531]), 'lambdas': array([0.0006, 0.0016, 0.002 , 0.0029, 0.0049, 0.0086, 0.011 , 0.0118,
       0.0146, 0.0152, 0.0209, 0.0224, 0.0355, 0.0531]), 'gvals': array([804.8219, 304.0262, 247.0116, 166.9737,  98.2769,  55.0256,
        42.5319,  39.6737,  31.6883,  30.2194,  21.4353,  19.9488,
        11.9314,   7.4506])}",diff_mean_tiny_covariance_gap,1
MY-large_mu,16,linear,{},linear,0.575,rbf,"{'C': 1.0, 'gamma': 'scale'}","{'thetas': array([0., 0., 0., 0., 0., 0., 0., 0., 0., 0., 0., 0., 0., 0., 0., 0.]), 'lambdas': array([0., 0., 0., 0., 0., 0., 0., 0., 0., 0., 0., 0., 0., 0., 0., 0.]), 'gvals': array([1.3974e+10, 6.1289e+09, 4.1551e+09, 3.6746e+09, 3.3783e+09,
       1.8857e+09, 1.5463e+09, 1.4255e+09, 1.2425e+09, 1.0930e+09,
       1.0317e+09, 8.8487e+08, 8.8398e+08, 7.0860e+08, 6.7405e+08,
       5.5071e+08])}",diff_mean_tiny_covariance_gap,1
MY-large_mu,16,rbf,{'gamma': 0.039269524345161094},rbf(gamma=0.039269524345161094),0.65,rbf,"{'C': 1.0, 'gamma': 0.5}","{'thetas': array([0.    , 0.0016, 0.0019, 0.0035, 0.0048, 0.0077, 0.0098, 0.0111,
       0.0139, 0.0215, 0.0224, 0.0258, 0.0302, 0.0339, 0.0367, 0.042 ]), 'lambdas': array([0.    , 0.0016, 0.0019, 0.0035, 0.0048, 0.0077, 0.0098, 0.0111,
       0.0139, 0.0215, 0.0224, 0.0258, 0.0302, 0.0339, 0.0367, 0.042 ]), 'gvals': array([32769.2279,   304.8172,   258.8879,   137.9304,   102.0696,
          61.6905,    48.2129,    42.2413,    33.393 ,    20.865 ,
          19.8935,    17.0724,    14.3004,    12.5393,    11.4789,
           9.8072])}",diff_mean_tiny_covariance_gap,1
MY-large_mu,16,laplacian,{'gamma': 0.039269524345161094},laplacian(gamma=0.039269524345161094),0.525,rbf,"{'C': 2.0, 'gamma': 'scale'}","{'thetas': array([0.0006, 0.0041, 0.0049, 0.0064, 0.0079, 0.0125, 0.0161, 0.0168,
       0.02  , 0.0232, 0.0261, 0.0293, 0.0307, 0.0369, 0.0384, 0.0441]), 'lambdas': array([0.0006, 0.0041, 0.0049, 0.0064, 0.0079, 0.0125, 0.0161, 0.0168,
       0.02  , 0.0232, 0.0261, 0.0293, 0.0307, 0.0369, 0.0384, 0.0441]), 'gvals': array([773.2314, 118.3121,  98.6296,  75.0937,  60.6793,  37.3082,
        28.4044,  27.228 ,  22.5957,  19.1997,  16.8591,  14.8099,
        14.0368,  11.4115,  10.8881,   9.2882])}",diff_mean_tiny_covariance_gap,1
MY-large_mu,16,polynomial,"{'degree': 2, 'gamma': 0.039269524345161094, 'coef0': 1.0}","polynomial(coef0=1.0, degree=2, gamma=0.039269524345161094)",0.6,rbf,"{'C': 1.0, 'gamma': 'scale'}","{'thetas': array([      0.0035,       0.0107,       0.012 ,       0.0213,
             0.028 ,       0.0489,       0.0564, 1807253.6959,
        648117.7899,  534567.3536,  501309.2313,  382753.5094,
        298130.629 ,  264973.7017,  239795.5147,  186272.2678]), 'lambdas': array([      0.0035,       0.0107,       0.012 ,       0.0213,
             0.028 ,       0.0489,       0.0564, 1807253.6959,
        648117.7899,  534567.3536,  501309.2313,  382753.5094,
        298130.629 ,  264973.7017,  239795.5147,  186272.2678]), 'gvals': array([138.8404,  43.8819,  38.9936,  21.0911,  15.5813,   8.2116,
         6.9286,   6.7037,   6.1909,   6.0946,   6.0625,   5.9276,
         5.8026,   5.7437,   5.6938,   5.5675])}",diff_mean_tiny_covariance_gap,1
MY-large_mu,16,sigmoid,"{'gamma': 0.039269524345161094, 'coef0': 0.0}","sigmoid(coef0=0.0, gamma=0.039269524345161094)",0.625,rbf,"{'C': 2.0, 'gamma': 0.5}","{'thetas': array([      0.0005,       0.0011,       0.0023,       0.0039,
             0.0066,       0.0092,       0.0107,       0.0168,
             0.021 ,       0.0238,       0.0353,       0.038 ,
             0.0528, 3459918.5442, 3077660.766 , 2239504.8512]), 'lambdas': array([      0.0005,       0.0011,       0.0023,       0.0039,
             0.0066,       0.0092,       0.0107,       0.0168,
             0.021 ,       0.0238,       0.0353,       0.038 ,
             0.0528, 3459918.5442, 3077660.766 , 2239504.8512]), 'gvals': array([1071.5176,  440.4021,  213.2795,  124.6663,   72.7918,   51.2917,
         43.7631,   27.2221,   21.4024,   18.6465,   11.9958,   11.034 ,
          7.5052,    7.0284,    6.9698,    6.8109])}",diff_mean_tiny_covariance_gap,1
MY-large_mu,20,linear,{},linear,0.6375,rbf,"{'C': 2.0, 'gamma': 0.5}","{'thetas': array([0., 0., 0., 0., 0., 0., 0., 0., 0., 0., 0., 0., 0., 0., 0., 0., 0.,
       0., 0., 0.]), 'lambdas': array([0., 0., 0., 0., 0., 0., 0., 0., 0., 0., 0., 0., 0., 0., 0., 0., 0.,
       0., 0., 0.]), 'gvals': array([5.6237e+10, 1.6616e+10, 7.5935e+09, 3.4047e+09, 2.4289e+09,
       1.6412e+09, 1.3814e+09, 1.3157e+09, 1.1584e+09, 1.1046e+09,
       1.0832e+09, 7.3799e+08, 7.0830e+08, 5.8641e+08, 5.8105e+08,
       4.1591e+08, 3.8514e+08, 3.8101e+08, 3.6329e+08, 3.4684e+08])}",diff_mean_tiny_covariance_gap,1
MY-large_mu,20,rbf,{'gamma': 0.039269524345161094},rbf(gamma=0.039269524345161094),0.6125,rbf,"{'C': 1.0, 'gamma': 'scale'}","{'thetas': array([      0.0006,       0.0031,       0.0041,       0.0064,
             0.009 ,       0.0099,       0.0124,       0.0151,
             0.0175,       0.0208,       0.023 ,       0.0264,
             0.0311,       0.0357,       0.0377,       0.0469,
       6172939.1356, 1106037.2267, 1038211.6651,  948542.6861]), 'lambdas': array([      0.0006,       0.0031,       0.0041,       0.0064,
             0.009 ,       0.0099,       0.0124,       0.0151,
             0.0175,       0.0208,       0.023 ,       0.0264,
             0.0311,       0.0357,       0.0377,       0.0469,
       6172939.1356, 1106037.2267, 1038211.6651,  948542.6861]), 'gvals': array([787.0436, 158.6658, 120.1352,  74.6202,  52.9549,  47.5741,
        37.6298,  30.6019,  26.0732,  21.5881,  19.3276,  16.5989,
        13.8286,  11.8299,  11.1303,   8.6266,   7.3178,   6.4581,
         6.4265,   6.3813])}",diff_mean_tiny_covariance_gap,1
MY-large_mu,20,laplacian,{'gamma': 0.039269524345161094},laplacian(gamma=0.039269524345161094),0.5375,rbf,"{'C': 0.5, 'gamma': 'scale'}","{'thetas': array([      0.001 ,       0.0014,       0.0048,       0.0054,
             0.0064,       0.009 ,       0.0106,       0.013 ,
             0.015 ,       0.0188,       0.0206,       0.0256,
             0.0319,       0.0372,       0.0413,       0.0421,
       2622837.1009,       0.0614,       0.0668,  167378.1679]), 'lambdas': array([      0.001 ,       0.0014,       0.0048,       0.0054,
             0.0064,       0.009 ,       0.0106,       0.013 ,
             0.015 ,       0.0188,       0.0206,       0.0256,
             0.0319,       0.0372,       0.0413,       0.0421,
       2622837.1009,       0.0614,       0.0668,  167378.1679]), 'gvals': array([513.087 , 348.1495, 100.7731,  89.1905,  74.9382,  52.8951,
        44.1866,  35.8542,  30.7683,  24.1069,  21.8125,  17.1706,
        13.4636,  11.2975,  10.0014,   9.7912,   6.8899,   6.2508,
         5.6338,   5.514 ])}",diff_mean_tiny_covariance_gap,1
MY-large_mu,20,polynomial,"{'degree': 2, 'gamma': 0.039269524345161094, 'coef0': 1.0}","polynomial(coef0=1.0, degree=2, gamma=0.039269524345161094)",0.625,rbf,"{'C': 0.5, 'gamma': 'scale'}","{'thetas': array([      0.0002,       0.011 ,       0.0195,       0.0219,
             0.0253,       0.0397,       0.044 , 1397507.1614,
        952083.224 ,  751431.1818,  401554.4175,       0.0639,
        382461.9597,  355821.4097,  228332.7023,  207037.8941,
        178869.3068,  156972.9058,  131452.5073,  103679.7989]), 'lambdas': array([      0.0002,       0.011 ,       0.0195,       0.0219,
             0.0253,       0.0397,       0.044 , 1397507.1614,
        952083.224 ,  751431.1818,  401554.4175,       0.0639,
        382461.9597,  355821.4097,  228332.7023,  207037.8941,
        178869.3068,  156972.9058,  131452.5073,  103679.7989]), 'gvals': array([2896.8525,   42.8478,   23.1357,   20.4431,   17.4447,   10.4793,
          9.3021,    6.5751,    6.3832,    6.2649,    5.9516,    5.949 ,
          5.9272,    5.8911,    5.6693,    5.6203,    5.5472,    5.4819,
          5.3932,    5.2745])}",diff_mean_tiny_covariance_gap,1
MY-large_mu,20,sigmoid,"{'gamma': 0.039269524345161094, 'coef0': 0.0}","sigmoid(coef0=0.0, gamma=0.039269524345161094)",0.7,rbf,"{'C': 2.0, 'gamma': 'scale'}","{'thetas': array([      0.0007,       0.0031,       0.0039,       0.0075,
             0.009 ,       0.0103,       0.0163,       0.0229,
             0.0248,       0.0341,       0.0362,       0.048 ,
             0.0527, 4319828.0464, 3208446.0492, 2414115.6618,
       1855242.4777, 1306814.5018, 1014353.0395,  927804.2442]), 'lambdas': array([      0.0007,       0.0031,       0.0039,       0.0075,
             0.009 ,       0.0103,       0.0163,       0.0229,
             0.0248,       0.0341,       0.0362,       0.048 ,
             0.0527, 4319828.0464, 3208446.0492, 2414115.6618,
       1855242.4777, 1306814.5018, 1014353.0395,  927804.2442]), 'gvals': array([741.7124, 157.9785, 126.0827,  63.4918,  53.0011,  45.7483,
        28.0495,  19.4046,  17.8181,  12.4685,  11.6675,   8.4081,
         7.5107,   7.1394,   6.9906,   6.8484,   6.7168,   6.5416,
         6.4149,   6.3703])}",diff_mean_tiny_covariance_gap,1
MY-small_mu,1,linear,{},linear,0.5,poly,"{'C': 0.5, 'gamma': 'scale', 'degree': 2, 'coef0': 1.0}","{'thetas': array([0.]), 'lambdas': array([0.]), 'D_scores': array([2.892e+10])}",diff_mean_tiny_covariance_gap,1
MY-small_mu,1,rbf,{'gamma': 0.039269524345161094},rbf(gamma=0.039269524345161094),0.475,rbf,"{'C': 2.0, 'gamma': 'scale'}","{'thetas': array([0.0006]), 'lambdas': array([0.0006]), 'D_scores': array([795.5685])}",diff_mean_tiny_covariance_gap,1
MY-small_mu,1,laplacian,{'gamma': 0.039269524345161094},laplacian(gamma=0.039269524345161094),0.4625,rbf,"{'C': 1.0, 'gamma': 'scale'}","{'thetas': array([0.0007]), 'lambdas': array([0.0007]), 'D_scores': array([701.0506])}",diff_mean_tiny_covariance_gap,1
MY-small_mu,1,polynomial,"{'degree': 2, 'gamma': 0.039269524345161094, 'coef0': 1.0}","polynomial(coef0=1.0, degree=2, gamma=0.039269524345161094)",0.575,rbf,"{'C': 2.0, 'gamma': 'scale'}","{'thetas': array([0.0025]), 'lambdas': array([0.0025]), 'D_scores': array([198.8131])}",diff_mean_tiny_covariance_gap,1
MY-small_mu,1,sigmoid,"{'gamma': 0.039269524345161094, 'coef0': 0.0}","sigmoid(coef0=0.0, gamma=0.039269524345161094)",0.6625,rbf,"{'C': 2.0, 'gamma': 'scale'}","{'thetas': array([0.]), 'lambdas': array([0.]), 'D_scores': array([149533.027])}",diff_mean_tiny_covariance_gap,1
MY-small_mu,2,linear,{},linear,0.575,rbf,"{'C': 1.0, 'gamma': 'scale'}","{'thetas': array([0., 0.]), 'lambdas': array([0., 0.]), 'D_scores': array([2.5986e+10, 5.6723e+09])}",diff_mean_tiny_covariance_gap,1
MY-small_mu,2,rbf,{'gamma': 0.039269524345161094},rbf(gamma=0.039269524345161094),0.575,rbf,"{'C': 1.0, 'gamma': 'scale'}","{'thetas': array([0.0008, 0.002 ]), 'lambdas': array([0.0008, 0.002 ]), 'D_scores': array([643.7927, 252.6555])}",diff_mean_tiny_covariance_gap,1
MY-small_mu,2,laplacian,{'gamma': 0.039269524345161094},laplacian(gamma=0.039269524345161094),0.475,rbf,"{'C': 0.5, 'gamma': 'scale'}","{'thetas': array([0.0001, 0.0009]), 'lambdas': array([0.0001, 0.0009]), 'D_scores': array([9254.8987,  551.9916])}",diff_mean_tiny_covariance_gap,1
MY-small_mu,2,polynomial,"{'degree': 2, 'gamma': 0.039269524345161094, 'coef0': 1.0}","polynomial(coef0=1.0, degree=2, gamma=0.039269524345161094)",0.4875,rbf,"{'C': 2.0, 'gamma': 'scale'}","{'thetas': array([0.0037, 0.0099]), 'lambdas': array([0.0037, 0.0099]), 'D_scores': array([130.4324,  47.5627])}",diff_mean_tiny_covariance_gap,1
MY-small_mu,2,sigmoid,"{'gamma': 0.039269524345161094, 'coef0': 0.0}","sigmoid(coef0=0.0, gamma=0.039269524345161094)",0.65,rbf,"{'C': 2.0, 'gamma': 'scale'}","{'thetas': array([0.001 , 0.0018]), 'lambdas': array([0.001 , 0.0018]), 'D_scores': array([491.0888, 271.5151])}",diff_mean_tiny_covariance_gap,1
MY-small_mu,3,linear,{},linear,0.475,rbf,"{'C': 0.5, 'gamma': 'scale'}","{'thetas': array([0., 0., 0.]), 'lambdas': array([0., 0., 0.]), 'D_scores': array([7.3507e+09, 6.0357e+09, 3.4934e+09])}",diff_mean_tiny_covariance_gap,1
MY-small_mu,3,rbf,{'gamma': 0.039269524345161094},rbf(gamma=0.039269524345161094),0.5375,rbf,"{'C': 1.0, 'gamma': 0.5}","{'thetas': array([0.0005, 0.001 , 0.0028]), 'lambdas': array([0.0005, 0.001 , 0.0028]), 'D_scores': array([1047.8893,  494.5337,  177.8679])}",diff_mean_tiny_covariance_gap,1
MY-small_mu,3,laplacian,{'gamma': 0.039269524345161094},laplacian(gamma=0.039269524345161094),0.5,rbf,"{'C': 1.0, 'gamma': 0.5}","{'thetas': array([0.0008, 0.004 , 0.005 ]), 'lambdas': array([0.0008, 0.004 , 0.005 ]), 'D_scores': array([598.4653, 122.5835,  97.7368])}",diff_mean_tiny_covariance_gap,1
MY-small_mu,3,polynomial,"{'degree': 2, 'gamma': 0.039269524345161094, 'coef0': 1.0}","polynomial(coef0=1.0, degree=2, gamma=0.039269524345161094)",0.4875,rbf,"{'C': 0.5, 'gamma': 0.5}","{'thetas': array([0.0011, 0.0128, 0.0204]), 'lambdas': array([0.0011, 0.0128, 0.0204]), 'D_scores': array([431.6989,  36.4171,  22.1   ])}",diff_mean_tiny_covariance_gap,1
MY-small_mu,3,sigmoid,"{'gamma': 0.039269524345161094, 'coef0': 0.0}","sigmoid(coef0=0.0, gamma=0.039269524345161094)",0.5875,poly,"{'C': 1.0, 'gamma': 'scale', 'degree': 2, 'coef0': 1.0}","{'thetas': array([0.0003, 0.0015, 0.0024]), 'lambdas': array([0.0003, 0.0015, 0.0024]), 'D_scores': array([1509.8604,  330.7068,  208.9207])}",diff_mean_tiny_covariance_gap,1
MY-small_mu,4,linear,{},linear,0.45,rbf,"{'C': 0.5, 'gamma': 0.5}","{'thetas': array([0., 0., 0., 0.]), 'lambdas': array([0., 0., 0., 0.]), 'D_scores': array([6.3192e+09, 3.5016e+09, 2.5588e+09, 2.1762e+09])}",diff_mean_tiny_covariance_gap,1
MY-small_mu,4,rbf,{'gamma': 0.039269524345161094},rbf(gamma=0.039269524345161094),0.575,rbf,"{'C': 2.0, 'gamma': 'scale'}","{'thetas': array([0.0014, 0.0039, 0.0055, 0.0084]), 'lambdas': array([0.0014, 0.0039, 0.0055, 0.0084]), 'D_scores': array([351.9648, 125.4358,  87.8331,  56.9213])}",diff_mean_tiny_covariance_gap,1
MY-small_mu,4,laplacian,{'gamma': 0.039269524345161094},laplacian(gamma=0.039269524345161094),0.5875,rbf,"{'C': 2.0, 'gamma': 0.5}","{'thetas': array([0.0002, 0.0027, 0.0043, 0.0064]), 'lambdas': array([0.0002, 0.0027, 0.0043, 0.0064]), 'D_scores': array([3125.9532,  180.3731,  112.901 ,   74.7593])}",diff_mean_tiny_covariance_gap,1
MY-small_mu,4,polynomial,"{'degree': 2, 'gamma': 0.039269524345161094, 'coef0': 1.0}","polynomial(coef0=1.0, degree=2, gamma=0.039269524345161094)",0.4875,rbf,"{'C': 1.0, 'gamma': 0.5}","{'thetas': array([0.0075, 0.0139, 0.022 , 0.0249]), 'lambdas': array([0.0075, 0.0139, 0.022 , 0.0249]), 'D_scores': array([63.4667, 33.3293, 20.3132, 17.7161])}",diff_mean_tiny_covariance_gap,1
MY-small_mu,4,sigmoid,"{'gamma': 0.039269524345161094, 'coef0': 0.0}","sigmoid(coef0=0.0, gamma=0.039269524345161094)",0.5625,rbf,"{'C': 2.0, 'gamma': 0.5}","{'thetas': array([0.0013, 0.0027, 0.0034, 0.0044]), 'lambdas': array([0.0013, 0.0027, 0.0034, 0.0044]), 'D_scores': array([371.4475, 185.014 , 144.9597, 111.4109])}",diff_mean_tiny_covariance_gap,1
MY-small_mu,5,linear,{},linear,0.4625,poly,"{'C': 0.5, 'gamma': 'scale', 'degree': 2, 'coef0': 1.0}","{'thetas': array([0., 0., 0., 0., 0.]), 'lambdas': array([0., 0., 0., 0., 0.]), 'D_scores': array([1.1808e+10, 7.6404e+09, 4.0273e+09, 2.7766e+09, 2.2058e+09])}",diff_mean_tiny_covariance_gap,1
MY-small_mu,5,rbf,{'gamma': 0.039269524345161094},rbf(gamma=0.039269524345161094),0.4625,rbf,"{'C': 1.0, 'gamma': 0.5}","{'thetas': array([0.0002, 0.0025, 0.0032, 0.0052, 0.006 ]), 'lambdas': array([0.0002, 0.0025, 0.0032, 0.0052, 0.006 ]), 'D_scores': array([2415.8219,  196.3417,  153.8788,   93.7503,   80.2596])}",diff_mean_tiny_covariance_gap,1
MY-small_mu,5,laplacian,{'gamma': 0.039269524345161094},laplacian(gamma=0.039269524345161094),0.45,rbf,"{'C': 0.5, 'gamma': 0.5}","{'thetas': array([0.0004, 0.0011, 0.0024, 0.0038, 0.0056]), 'lambdas': array([0.0004, 0.0011, 0.0024, 0.0038, 0.0056]), 'D_scores': array([1324.0323,  468.6376,  203.4915,  128.9175,   85.5851])}",diff_mean_tiny_covariance_gap,1
MY-small_mu,5,polynomial,"{'degree': 2, 'gamma': 0.039269524345161094, 'coef0': 1.0}","polynomial(coef0=1.0, degree=2, gamma=0.039269524345161094)",0.425,rbf,"{'C': 0.5, 'gamma': 0.5}","{'thetas': array([0.0104, 0.0189, 0.0249, 0.0438, 0.0448]), 'lambdas': array([0.0104, 0.0189, 0.0249, 0.0438, 0.0448]), 'D_scores': array([45.3598, 24.0206, 17.7849,  9.3545,  9.1223])}",diff_mean_tiny_covariance_gap,1
MY-small_mu,5,sigmoid,"{'gamma': 0.039269524345161094, 'coef0': 0.0}","sigmoid(coef0=0.0, gamma=0.039269524345161094)",0.6625,rbf,"{'C': 2.0, 'gamma': 0.5}","{'thetas': array([0.    , 0.0006, 0.0018, 0.0024, 0.0039]), 'lambdas': array([0.    , 0.0006, 0.0018, 0.0024, 0.0039]), 'D_scores': array([10506.8153,   880.8596,   273.019 ,   203.8253,   124.1812])}",diff_mean_tiny_covariance_gap,1
MY-small_mu,6,linear,{},linear,0.6125,rbf,"{'C': 1.0, 'gamma': 'scale'}","{'thetas': array([0., 0., 0., 0., 0., 0.]), 'lambdas': array([0., 0., 0., 0., 0., 0.]), 'D_scores': array([1.2345e+10, 1.0557e+10, 6.3326e+09, 2.5486e+09, 1.9490e+09,
       1.5679e+09])}",diff_mean_tiny_covariance_gap,1
MY-small_mu,6,rbf,{'gamma': 0.039269524345161094},rbf(gamma=0.039269524345161094),0.6,rbf,"{'C': 0.5, 'gamma': 'scale'}","{'thetas': array([0.0005, 0.0017, 0.0023, 0.0057, 0.0076, 0.008 ]), 'lambdas': array([0.0005, 0.0017, 0.0023, 0.0057, 0.0076, 0.008 ]), 'D_scores': array([961.5951, 282.9992, 210.3985,  84.1729,  62.697 ,  59.4661])}",diff_mean_tiny_covariance_gap,1
MY-small_mu,6,laplacian,{'gamma': 0.039269524345161094},laplacian(gamma=0.039269524345161094),0.45,rbf,"{'C': 2.0, 'gamma': 0.5}","{'thetas': array([0.001 , 0.0026, 0.0039, 0.0051, 0.0074, 0.0101]), 'lambdas': array([0.001 , 0.0026, 0.0039, 0.0051, 0.0074, 0.0101]), 'D_scores': array([521.0929, 186.7193, 123.5159,  95.8271,  64.8786,  46.6686])}",diff_mean_tiny_covariance_gap,1
MY-small_mu,6,polynomial,"{'degree': 2, 'gamma': 0.039269524345161094, 'coef0': 1.0}","polynomial(coef0=1.0, degree=2, gamma=0.039269524345161094)",0.5625,rbf,"{'C': 1.0, 'gamma': 0.5}","{'thetas': array([0.0044, 0.0103, 0.0161, 0.0203, 0.0326, 0.0473]), 'lambdas': array([0.0044, 0.0103, 0.0161, 0.0203, 0.0326, 0.0473]), 'D_scores': array([110.7751,  45.8308,  28.4751,  22.1517,  13.1234,   8.5517])}",diff_mean_tiny_covariance_gap,1
MY-small_mu,6,sigmoid,"{'gamma': 0.039269524345161094, 'coef0': 0.0}","sigmoid(coef0=0.0, gamma=0.039269524345161094)",0.6625,rbf,"{'C': 0.5, 'gamma': 0.5}","{'thetas': array([0.0001, 0.0026, 0.0034, 0.0046, 0.0059, 0.0069]), 'lambdas': array([0.0001, 0.0026, 0.0034, 0.0046, 0.0059, 0.0069]), 'D_scores': array([6254.9572,  190.0315,  144.8389,  106.095 ,   81.2217,   69.1952])}",diff_mean_tiny_covariance_gap,1
MY-small_mu,7,linear,{},linear,0.4875,rbf,"{'C': 0.5, 'gamma': 'scale'}","{'thetas': array([0., 0., 0., 0., 0., 0., 0.]), 'lambdas': array([0., 0., 0., 0., 0., 0., 0.]), 'D_scores': array([1.0326e+10, 4.9220e+09, 3.7788e+09, 3.2616e+09, 2.2366e+09,
       2.0241e+09, 1.7300e+09])}",diff_mean_tiny_covariance_gap,1
MY-small_mu,7,rbf,{'gamma': 0.039269524345161094},rbf(gamma=0.039269524345161094),0.55,rbf,"{'C': 1.0, 'gamma': 0.5}","{'thetas': array([0.0004, 0.0014, 0.003 , 0.0041, 0.0048, 0.0099, 0.011 ]), 'lambdas': array([0.0004, 0.0014, 0.003 , 0.0041, 0.0048, 0.0099, 0.011 ]), 'D_scores': array([1362.2108,  346.5906,  166.0842,  117.5192,  101.2263,   47.9462,
         42.5149])}",diff_mean_tiny_covariance_gap,1
MY-small_mu,7,laplacian,{'gamma': 0.039269524345161094},laplacian(gamma=0.039269524345161094),0.4,rbf,"{'C': 0.5, 'gamma': 0.5}","{'thetas': array([0.0033, 0.0038, 0.0045, 0.0066, 0.008 , 0.0092, 0.0135]), 'lambdas': array([0.0033, 0.0038, 0.0045, 0.0066, 0.008 , 0.0092, 0.0135]), 'D_scores': array([147.6645, 128.7654, 107.7398,  73.0953,  59.8773,  51.4989,
        34.3905])}",diff_mean_tiny_covariance_gap,1
MY-small_mu,7,polynomial,"{'degree': 2, 'gamma': 0.039269524345161094, 'coef0': 1.0}","polynomial(coef0=1.0, degree=2, gamma=0.039269524345161094)",0.5875,rbf,"{'C': 0.5, 'gamma': 0.5}","{'thetas': array([0.0021, 0.0118, 0.0153, 0.024 , 0.0346, 0.0414, 0.0536]), 'lambdas': array([0.0021, 0.0118, 0.0153, 0.024 , 0.0346, 0.0414, 0.0536]), 'D_scores': array([233.097 ,  39.8356,  30.1302,  18.4404,  12.2728,   9.9804,
         7.3938])}",diff_mean_tiny_covariance_gap,1
MY-small_mu,7,sigmoid,"{'gamma': 0.039269524345161094, 'coef0': 0.0}","sigmoid(coef0=0.0, gamma=0.039269524345161094)",0.65,rbf,"{'C': 0.5, 'gamma': 0.5}","{'thetas': array([0.0003, 0.0031, 0.0032, 0.0039, 0.0046, 0.0058, 0.0119]), 'lambdas': array([0.0003, 0.0031, 0.0032, 0.0039, 0.0046, 0.0058, 0.0119]), 'D_scores': array([1879.4301,  158.7377,  152.1228,  123.3842,  106.1807,   83.3082,
         39.3093])}",diff_mean_tiny_covariance_gap,1
MY-small_mu,8,linear,{},linear,0.575,poly,"{'C': 1.0, 'gamma': 'scale', 'degree': 2, 'coef0': 1.0}","{'thetas': array([0., 0., 0., 0., 0., 0., 0., 0.]), 'lambdas': array([0., 0., 0., 0., 0., 0., 0., 0.]), 'D_scores': array([2.1456e+10, 1.0084e+10, 5.1174e+09, 2.7231e+09, 2.4892e+09,
       1.8587e+09, 1.6245e+09, 1.5960e+09])}",diff_mean_tiny_covariance_gap,1
MY-small_mu,8,rbf,{'gamma': 0.039269524345161094},rbf(gamma=0.039269524345161094),0.6125,rbf,"{'C': 0.5, 'gamma': 0.5}","{'thetas': array([0.001 , 0.003 , 0.0033, 0.0074, 0.0091, 0.0106, 0.0139, 0.0158]), 'lambdas': array([0.001 , 0.003 , 0.0033, 0.0074, 0.0091, 0.0106, 0.0139, 0.0158]), 'D_scores': array([500.1634, 162.4609, 146.223 ,  64.287 ,  52.3158,  44.3323,
        33.4327,  29.063 ])}",diff_mean_tiny_covariance_gap,1
MY-small_mu,8,laplacian,{'gamma': 0.039269524345161094},laplacian(gamma=0.039269524345161094),0.425,rbf,"{'C': 0.5, 'gamma': 0.5}","{'thetas': array([0.0011, 0.0045, 0.0057, 0.0064, 0.0096, 0.0116, 0.0157, 0.0191]), 'lambdas': array([0.0011, 0.0045, 0.0057, 0.0064, 0.0096, 0.0116, 0.0157, 0.0191]), 'D_scores': array([432.0348, 108.6224,  85.1399,  75.1763,  49.1619,  40.3294,
        29.3302,  23.7394])}",diff_mean_tiny_covariance_gap,1
MY-small_mu,8,polynomial,"{'degree': 2, 'gamma': 0.039269524345161094, 'coef0': 1.0}","polynomial(coef0=1.0, degree=2, gamma=0.039269524345161094)",0.575,rbf,"{'C': 1.0, 'gamma': 0.5}","{'thetas': array([      0.002 ,       0.0073,       0.0146,       0.0253,
             0.037 ,       0.0495, 1257544.1018,  869671.7848]), 'lambdas': array([      0.002 ,       0.0073,       0.0146,       0.0253,
             0.037 ,       0.0495, 1257544.1018,  869671.7848]), 'D_scores': array([241.2269,  65.9511,  31.7547,  17.4067,  11.3623,   8.1119,
         6.5224,   6.3379])}",diff_mean_tiny_covariance_gap,1
MY-small_mu,8,sigmoid,"{'gamma': 0.039269524345161094, 'coef0': 0.0}","sigmoid(coef0=0.0, gamma=0.039269524345161094)",0.65,rbf,"{'C': 2.0, 'gamma': 0.5}","{'thetas': array([0.0002, 0.0007, 0.0017, 0.0024, 0.0027, 0.0039, 0.0073, 0.0085]), 'lambdas': array([0.0002, 0.0007, 0.0017, 0.0024, 0.0027, 0.0039, 0.0073, 0.0085]), 'D_scores': array([2913.3718,  754.2255,  296.7599,  201.7956,  184.565 ,  125.2775,
         65.8878,   56.1214])}",diff_mean_tiny_covariance_gap,1
MY-small_mu,10,linear,{},linear,0.5375,poly,"{'C': 1.0, 'gamma': 'scale', 'degree': 2, 'coef0': 1.0}","{'thetas': array([0., 0., 0., 0., 0., 0., 0., 0., 0., 0.]), 'lambdas': array([0., 0., 0., 0., 0., 0., 0., 0., 0., 0.]), 'D_scores': array([7.9593e+09, 4.7415e+09, 3.2457e+09, 3.1433e+09, 2.7697e+09,
       2.2479e+09, 2.1478e+09, 1.7658e+09, 1.2746e+09, 1.1128e+09])}",diff_mean_tiny_covariance_gap,1
MY-small_mu,10,rbf,{'gamma': 0.039269524345161094},rbf(gamma=0.039269524345161094),0.6,rbf,"{'C': 2.0, 'gamma': 'scale'}","{'thetas': array([0.0008, 0.0023, 0.0028, 0.0049, 0.0076, 0.0084, 0.0124, 0.016 ,
       0.0188, 0.0238]), 'lambdas': array([0.0008, 0.0023, 0.0028, 0.0049, 0.0076, 0.0084, 0.0124, 0.016 ,
       0.0188, 0.0238]), 'D_scores': array([658.0674, 215.4092, 175.7823,  99.2148,  62.6838,  56.8541,
        37.5489,  28.6507,  24.0801,  18.6283])}",diff_mean_tiny_covariance_gap,1
MY-small_mu,10,laplacian,{'gamma': 0.039269524345161094},laplacian(gamma=0.039269524345161094),0.5125,rbf,"{'C': 1.0, 'gamma': 0.5}","{'thetas': array([0.0002, 0.0021, 0.0028, 0.0034, 0.0085, 0.0092, 0.0108, 0.0116,
       0.0154, 0.0187]), 'lambdas': array([0.0002, 0.0021, 0.0028, 0.0034, 0.0085, 0.0092, 0.0108, 0.0116,
       0.0154, 0.0187]), 'D_scores': array([2717.6211,  234.7338,  173.8834,  142.5634,   55.9145,   51.703 ,
         43.4926,   40.2822,   29.979 ,   24.295 ])}",diff_mean_tiny_covariance_gap,1
MY-small_mu,10,polynomial,"{'degree': 2, 'gamma': 0.039269524345161094, 'coef0': 1.0}","polynomial(coef0=1.0, degree=2, gamma=0.039269524345161094)",0.6125,rbf,"{'C': 0.5, 'gamma': 'scale'}","{'thetas': array([      0.0046,       0.0109,       0.0132,       0.014 ,
             0.0264,       0.03  ,       0.039 , 1356786.6846,
        630092.5129,  529850.2306]), 'lambdas': array([      0.0046,       0.0109,       0.0132,       0.014 ,
             0.0264,       0.03  ,       0.039 , 1356786.6846,
        630092.5129,  529850.2306]), 'D_scores': array([105.6786,  43.0006,  35.2187,  33.1131,  16.5949,  14.4425,
        10.7087,   6.5604,   6.1768,   6.0902])}",diff_mean_tiny_covariance_gap,1
MY-small_mu,10,sigmoid,"{'gamma': 0.039269524345161094, 'coef0': 0.0}","sigmoid(coef0=0.0, gamma=0.039269524345161094)",0.6125,rbf,"{'C': 0.5, 'gamma': 0.5}","{'thetas': array([0.0009, 0.0016, 0.0027, 0.0064, 0.0079, 0.0097, 0.012 , 0.0186,
       0.0216, 0.0234]), 'lambdas': array([0.0009, 0.0016, 0.0027, 0.0064, 0.0079, 0.0097, 0.012 , 0.0186,
       0.0216, 0.0234]), 'D_scores': array([550.7852, 317.7309, 182.773 ,  74.6236,  60.5959,  48.6763,
        39.015 ,  24.3632,  20.7205,  19.0361])}",diff_mean_tiny_covariance_gap,1
MY-small_mu,12,linear,{},linear,0.575,rbf,"{'C': 2.0, 'gamma': 'scale'}","{'thetas': array([0., 0., 0., 0., 0., 0., 0., 0., 0., 0., 0., 0.]), 'lambdas': array([0., 0., 0., 0., 0., 0., 0., 0., 0., 0., 0., 0.]), 'D_scores': array([4.4430e+10, 4.3530e+10, 5.4742e+09, 4.5084e+09, 4.3694e+09,
       2.9551e+09, 2.3364e+09, 2.1361e+09, 1.4038e+09, 1.2968e+09,
       1.1948e+09, 1.1280e+09])}",diff_mean_tiny_covariance_gap,1
MY-small_mu,12,rbf,{'gamma': 0.039269524345161094},rbf(gamma=0.039269524345161094),0.6125,rbf,"{'C': 2.0, 'gamma': 0.5}","{'thetas': array([0.0006, 0.0033, 0.0064, 0.0075, 0.0097, 0.0103, 0.0124, 0.0136,
       0.0147, 0.0201, 0.0211, 0.0262]), 'lambdas': array([0.0006, 0.0033, 0.0064, 0.0075, 0.0097, 0.0103, 0.0124, 0.0136,
       0.0147, 0.0201, 0.0211, 0.0262]), 'D_scores': array([805.6741, 147.2305,  75.3681,  63.854 ,  48.9037,  45.7355,
        37.6447,  34.0212,  31.4441,  22.4515,  21.2728,  16.7296])}",diff_mean_tiny_covariance_gap,1
MY-small_mu,12,laplacian,{'gamma': 0.039269524345161094},laplacian(gamma=0.039269524345161094),0.5875,rbf,"{'C': 0.5, 'gamma': 'scale'}","{'thetas': array([0.0039, 0.0058, 0.0063, 0.008 , 0.0086, 0.011 , 0.0182, 0.0202,
       0.0225, 0.0251, 0.0267, 0.0313]), 'lambdas': array([0.0039, 0.0058, 0.0063, 0.008 , 0.0086, 0.011 , 0.0182, 0.0202,
       0.0225, 0.0251, 0.0267, 0.0313]), 'D_scores': array([125.4435,  82.9156,  76.5169,  59.6008,  55.5624,  42.799 ,
        24.9334,  22.2689,  19.8167,  17.5992,  16.4019,  13.7733])}",diff_mean_tiny_covariance_gap,1
MY-small_mu,12,polynomial,"{'degree': 2, 'gamma': 0.039269524345161094, 'coef0': 1.0}","polynomial(coef0=1.0, degree=2, gamma=0.039269524345161094)",0.575,rbf,"{'C': 1.0, 'gamma': 'scale'}","{'thetas': array([      0.0047,       0.0116,       0.0137,       0.0273,
             0.032 ,       0.0425,       0.0513, 1416628.8182,
       1166891.864 ,       0.0603,  680912.9206,  482310.0386]), 'lambdas': array([      0.0047,       0.0116,       0.0137,       0.0273,
             0.032 ,       0.0425,       0.0513, 1416628.8182,
       1166891.864 ,       0.0603,  680912.9206,  482310.0386]), 'D_scores': array([103.3862,  40.5579,  33.9124,  16.0447,  13.418 ,   9.6836,
         7.7587,   6.5819,   6.4849,   6.3935,   6.2156,   6.0432])}",diff_mean_tiny_covariance_gap,1
MY-small_mu,12,sigmoid,"{'gamma': 0.039269524345161094, 'coef0': 0.0}","sigmoid(coef0=0.0, gamma=0.039269524345161094)",0.525,rbf,"{'C': 0.5, 'gamma': 0.5}","{'thetas': array([0.001 , 0.0022, 0.0023, 0.0028, 0.0041, 0.0052, 0.0084, 0.0087,
       0.0116, 0.0137, 0.0155, 0.0189]), 'lambdas': array([0.001 , 0.0022, 0.0023, 0.0028, 0.0041, 0.0052, 0.0084, 0.0087,
       0.0116, 0.0137, 0.0155, 0.0189]), 'D_scores': array([498.544 , 226.2034, 215.0346, 175.0798, 119.126 ,  92.3671,
        56.8056,  54.3994,  40.2448,  33.7436,  29.7462,  24.0014])}",diff_mean_tiny_covariance_gap,1
MY-small_mu,14,linear,{},linear,0.625,rbf,"{'C': 0.5, 'gamma': 'scale'}","{'thetas': array([0., 0., 0., 0., 0., 0., 0., 0., 0., 0., 0., 0., 0., 0.]), 'lambdas': array([0., 0., 0., 0., 0., 0., 0., 0., 0., 0., 0., 0., 0., 0.]), 'D_scores': array([5.1471e+09, 4.2578e+09, 4.2520e+09, 3.5681e+09, 3.1495e+09,
       2.8820e+09, 2.5900e+09, 2.2766e+09, 1.7387e+09, 1.5394e+09,
       1.4030e+09, 1.3615e+09, 1.1239e+09, 1.1056e+09])}",diff_mean_tiny_covariance_gap,1
MY-small_mu,14,rbf,{'gamma': 0.039269524345161094},rbf(gamma=0.039269524345161094),0.5875,rbf,"{'C': 0.5, 'gamma': 'scale'}","{'thetas': array([0.0004, 0.0012, 0.0031, 0.0044, 0.0058, 0.008 , 0.0131, 0.0148,
       0.0169, 0.0222, 0.0282, 0.0304, 0.0342, 0.038 ]), 'lambdas': array([0.0004, 0.0012, 0.0031, 0.0044, 0.0058, 0.008 , 0.0131, 0.0148,
       0.0169, 0.0222, 0.0282, 0.0304, 0.0342, 0.038 ]), 'D_scores': array([1205.3685,  404.99  ,  156.6551,  110.7086,   82.8472,   59.6435,
         35.4825,   31.1134,   27.0344,   20.1439,   15.444 ,   14.2119,
         12.4135,   11.0389])}",diff_mean_tiny_covariance_gap,1
MY-small_mu,14,laplacian,{'gamma': 0.039269524345161094},laplacian(gamma=0.039269524345161094),0.625,rbf,"{'C': 2.0, 'gamma': 'scale'}","{'thetas': array([0.0036, 0.006 , 0.0067, 0.0079, 0.0096, 0.012 , 0.0166, 0.0224,
       0.0253, 0.0282, 0.031 , 0.0317, 0.0388, 0.051 ]), 'lambdas': array([0.0036, 0.006 , 0.0067, 0.0079, 0.0096, 0.012 , 0.0166, 0.0224,
       0.0253, 0.0282, 0.031 , 0.0317, 0.0388, 0.051 ]), 'D_scores': array([133.9304,  79.9803,  71.4209,  60.5446,  49.1602,  38.9733,
        27.5879,  19.9372,  17.4022,  15.4531,  13.9038,  13.556 ,
        10.7649,   7.8218])}",diff_mean_tiny_covariance_gap,1
MY-small_mu,14,polynomial,"{'degree': 2, 'gamma': 0.039269524345161094, 'coef0': 1.0}","polynomial(coef0=1.0, degree=2, gamma=0.039269524345161094)",0.6,poly,"{'C': 1.0, 'gamma': 'scale', 'degree': 2, 'coef0': 1.0}","{'thetas': array([      0.0011,       0.0085,       0.0117,       0.0124,
             0.0193,       0.0261,       0.0452, 1877921.1194,
       1298088.1547,  575351.9271,  433565.1447,  353863.7894,
        273294.7256,  231692.4093]), 'lambdas': array([      0.0011,       0.0085,       0.0117,       0.0124,
             0.0193,       0.0261,       0.0452, 1877921.1194,
       1298088.1547,  575351.9271,  433565.1447,  353863.7894,
        273294.7256,  231692.4093]), 'D_scores': array([459.1269,  55.9649,  39.8925,  37.661 ,  23.3955,  16.8625,
         9.004 ,   6.723 ,   6.5383,   6.1314,   5.9899,   5.8884,
         5.7592,   5.6766])}",diff_mean_tiny_covariance_gap,1
MY-small_mu,14,sigmoid,"{'gamma': 0.039269524345161094, 'coef0': 0.0}","sigmoid(coef0=0.0, gamma=0.039269524345161094)",0.5875,rbf,"{'C': 0.5, 'gamma': 0.5}","{'thetas': array([0.0006, 0.0016, 0.002 , 0.0029, 0.0049, 0.0086, 0.011 , 0.0118,
       0.0146, 0.0152, 0.0209, 0.0224, 0.0355, 0.0531]), 'lambdas': array([0.0006, 0.0016, 0.002 , 0.0029, 0.0049, 0.0086, 0.011 , 0.0118,
       0.0146, 0.0152, 0.0209, 0.0224, 0.0355, 0.0531]), 'D_scores': array([805.3498, 304.0808, 247.169 , 166.9899,  98.286 ,  55.0321,
        42.5358,  39.6748,  31.6902,  30.2198,  21.4462,  19.9489,
        11.9328,   7.4514])}",diff_mean_tiny_covariance_gap,1
MY-small_mu,16,linear,{},linear,0.5375,rbf,"{'C': 0.5, 'gamma': 'scale'}","{'thetas': array([0., 0., 0., 0., 0., 0., 0., 0., 0., 0., 0., 0., 0., 0., 0., 0.]), 'lambdas': array([0., 0., 0., 0., 0., 0., 0., 0., 0., 0., 0., 0., 0., 0., 0., 0.]), 'D_scores': array([1.3974e+10, 6.1289e+09, 4.1551e+09, 3.6746e+09, 3.3783e+09,
       1.8857e+09, 1.5463e+09, 1.4255e+09, 1.2425e+09, 1.0930e+09,
       1.0317e+09, 8.8487e+08, 8.8398e+08, 7.0860e+08, 6.7405e+08,
       5.5071e+08])}",diff_mean_tiny_covariance_gap,1
MY-small_mu,16,rbf,{'gamma': 0.039269524345161094},rbf(gamma=0.039269524345161094),0.625,rbf,"{'C': 1.0, 'gamma': 0.5}","{'thetas': array([0.    , 0.0016, 0.0019, 0.0035, 0.0048, 0.0077, 0.0098, 0.0111,
       0.0139, 0.0215, 0.0224, 0.0258, 0.0302, 0.0339, 0.0367, 0.042 ]), 'lambdas': array([0.    , 0.0016, 0.0019, 0.0035, 0.0048, 0.0077, 0.0098, 0.0111,
       0.0139, 0.0215, 0.0224, 0.0258, 0.0302, 0.0339, 0.0367, 0.042 ]), 'D_scores': array([32771.5319,   304.8661,   258.8888,   137.9877,   102.0843,
          61.6959,    48.2594,    42.2521,    33.3974,    20.8655,
          19.8947,    17.0846,    14.3029,    12.5396,    11.48  ,
           9.808 ])}",diff_mean_tiny_covariance_gap,1
MY-small_mu,16,laplacian,{'gamma': 0.039269524345161094},laplacian(gamma=0.039269524345161094),0.575,rbf,"{'C': 2.0, 'gamma': 'scale'}","{'thetas': array([0.0006, 0.0041, 0.0049, 0.0064, 0.0079, 0.0125, 0.0161, 0.0168,
       0.02  , 0.0232, 0.0261, 0.0293, 0.0307, 0.0369, 0.0384, 0.0441]), 'lambdas': array([0.0006, 0.0041, 0.0049, 0.0064, 0.0079, 0.0125, 0.0161, 0.0168,
       0.02  , 0.0232, 0.0261, 0.0293, 0.0307, 0.0369, 0.0384, 0.0441]), 'D_scores': array([773.2471, 118.3121,  98.6684,  75.0966,  60.6802,  37.3082,
        28.4222,  27.228 ,  22.5957,  19.2195,  16.8592,  14.811 ,
        14.0369,  11.4122,  10.8881,   9.2894])}",diff_mean_tiny_covariance_gap,1
MY-small_mu,16,polynomial,"{'degree': 2, 'gamma': 0.039269524345161094, 'coef0': 1.0}","polynomial(coef0=1.0, degree=2, gamma=0.039269524345161094)",0.5875,rbf,"{'C': 1.0, 'gamma': 'scale'}","{'thetas': array([      0.0035,       0.0107,       0.012 ,       0.0213,
             0.028 ,       0.0489,       0.0564, 1807253.6959,
        648117.7899,  534567.3536,  501309.2313,  382753.5094,
        298130.629 ,  264973.7017,  239795.5147,  186272.2678]), 'lambdas': array([      0.0035,       0.0107,       0.012 ,       0.0213,
             0.028 ,       0.0489,       0.0564, 1807253.6959,
        648117.7899,  534567.3536,  501309.2313,  382753.5094,
        298130.629 ,  264973.7017,  239795.5147,  186272.2678]), 'D_scores': array([139.0732,  43.8832,  39.0005,  21.0911,  15.5885,   8.2123,
         6.9386,   6.7037,   6.1909,   6.0946,   6.0625,   5.9276,
         5.8027,   5.7437,   5.6938,   5.5675])}",diff_mean_tiny_covariance_gap,1
MY-small_mu,16,sigmoid,"{'gamma': 0.039269524345161094, 'coef0': 0.0}","sigmoid(coef0=0.0, gamma=0.039269524345161094)",0.6375,rbf,"{'C': 2.0, 'gamma': 0.5}","{'thetas': array([      0.0005,       0.0011,       0.0023,       0.0039,
             0.0066,       0.0092,       0.0107,       0.0168,
             0.021 ,       0.0238,       0.0353,       0.038 ,
             0.0528, 3459918.5442, 3077660.766 , 2239504.8512]), 'lambdas': array([      0.0005,       0.0011,       0.0023,       0.0039,
             0.0066,       0.0092,       0.0107,       0.0168,
             0.021 ,       0.0238,       0.0353,       0.038 ,
             0.0528, 3459918.5442, 3077660.766 , 2239504.8512]), 'D_scores': array([1071.6508,  440.4021,  213.2932,  124.6664,   72.7918,   51.2935,
         43.7776,   27.2221,   21.4202,   18.6485,   12.0108,   11.0341,
          7.5157,    7.0284,    6.9698,    6.8109])}",diff_mean_tiny_covariance_gap,1
MY-small_mu,20,linear,{},linear,0.675,rbf,"{'C': 1.0, 'gamma': 0.5}","{'thetas': array([0., 0., 0., 0., 0., 0., 0., 0., 0., 0., 0., 0., 0., 0., 0., 0., 0.,
       0., 0., 0.]), 'lambdas': array([0., 0., 0., 0., 0., 0., 0., 0., 0., 0., 0., 0., 0., 0., 0., 0., 0.,
       0., 0., 0.]), 'D_scores': array([5.6237e+10, 1.6616e+10, 7.5935e+09, 3.4047e+09, 2.4289e+09,
       1.6412e+09, 1.3814e+09, 1.3157e+09, 1.1584e+09, 1.1046e+09,
       1.0832e+09, 7.3799e+08, 7.0830e+08, 5.8641e+08, 5.8105e+08,
       4.1591e+08, 3.8514e+08, 3.8101e+08, 3.6329e+08, 3.4684e+08])}",diff_mean_tiny_covariance_gap,1
MY-small_mu,20,rbf,{'gamma': 0.039269524345161094},rbf(gamma=0.039269524345161094),0.6375,rbf,"{'C': 0.5, 'gamma': 'scale'}","{'thetas': array([      0.0006,       0.0031,       0.0041,       0.0064,
             0.009 ,       0.0099,       0.0124,       0.0151,
             0.0175,       0.0208,       0.023 ,       0.0264,
             0.0311,       0.0357,       0.0377,       0.0469,
       6172939.1356, 1106037.2267, 1038211.6651,  948542.6861]), 'lambdas': array([      0.0006,       0.0031,       0.0041,       0.0064,
             0.009 ,       0.0099,       0.0124,       0.0151,
             0.0175,       0.0208,       0.023 ,       0.0264,
             0.0311,       0.0357,       0.0377,       0.0469,
       6172939.1356, 1106037.2267, 1038211.6651,  948542.6861]), 'D_scores': array([787.1942, 158.7645, 120.1436,  74.6206,  52.9574,  47.5781,
        37.6343,  30.6183,  26.0733,  21.6024,  19.3277,  16.5991,
        13.8287,  11.8299,  11.1305,   8.6269,   7.3182,   6.4581,
         6.4268,   6.3815])}",diff_mean_tiny_covariance_gap,1
MY-small_mu,20,laplacian,{'gamma': 0.039269524345161094},laplacian(gamma=0.039269524345161094),0.55,rbf,"{'C': 0.5, 'gamma': 'scale'}","{'thetas': array([      0.001 ,       0.0014,       0.0048,       0.0054,
             0.0064,       0.009 ,       0.0106,       0.013 ,
             0.015 ,       0.0188,       0.0206,       0.0256,
             0.0319,       0.0372,       0.0413,       0.0421,
       2622837.1009,       0.0614,       0.0668,  167378.1679]), 'lambdas': array([      0.001 ,       0.0014,       0.0048,       0.0054,
             0.0064,       0.009 ,       0.0106,       0.013 ,
             0.015 ,       0.0188,       0.0206,       0.0256,
             0.0319,       0.0372,       0.0413,       0.0421,
       2622837.1009,       0.0614,       0.0668,  167378.1679]), 'D_scores': array([513.2227, 348.1524, 100.7809,  89.2076,  74.939 ,  52.8952,
        44.1876,  35.8545,  30.7697,  24.1254,  21.8125,  17.171 ,
        13.4639,  11.2979,  10.004 ,   9.7936,   6.8901,   6.2539,
         5.636 ,   5.5142])}",diff_mean_tiny_covariance_gap,1
MY-small_mu,20,polynomial,"{'degree': 2, 'gamma': 0.039269524345161094, 'coef0': 1.0}","polynomial(coef0=1.0, degree=2, gamma=0.039269524345161094)",0.6625,rbf,"{'C': 1.0, 'gamma': 'scale'}","{'thetas': array([      0.0002,       0.011 ,       0.0195,       0.0219,
             0.0253,       0.0397,       0.044 , 1397507.1614,
        952083.224 ,  751431.1818,  401554.4175,       0.0639,
        382461.9597,  355821.4097,  228332.7023,  207037.8941,
        178869.3068,  156972.9058,  131452.5073,  103679.7989]), 'lambdas': array([      0.0002,       0.011 ,       0.0195,       0.0219,
             0.0253,       0.0397,       0.044 , 1397507.1614,
        952083.224 ,  751431.1818,  401554.4175,       0.0639,
        382461.9597,  355821.4097,  228332.7023,  207037.8941,
        178869.3068,  156972.9058,  131452.5073,  103679.7989]), 'D_scores': array([2896.8534,   42.8825,   23.1604,   20.4432,   17.4447,   10.4825,
          9.3037,    6.5752,    6.3832,    6.2649,    5.9516,    5.9506,
          5.9272,    5.8911,    5.6693,    5.6203,    5.5472,    5.4819,
          5.3932,    5.2745])}",diff_mean_tiny_covariance_gap,1
MY-small_mu,20,sigmoid,"{'gamma': 0.039269524345161094, 'coef0': 0.0}","sigmoid(coef0=0.0, gamma=0.039269524345161094)",0.65,rbf,"{'C': 2.0, 'gamma': 'scale'}","{'thetas': array([      0.0007,       0.0031,       0.0039,       0.0075,
             0.009 ,       0.0103,       0.0163,       0.0229,
             0.0248,       0.0341,       0.0362,       0.048 ,
             0.0527, 4319828.0464, 3208446.0492, 2414115.6618,
       1855242.4777, 1306814.5018, 1014353.0395,  927804.2442]), 'lambdas': array([      0.0007,       0.0031,       0.0039,       0.0075,
             0.009 ,       0.0103,       0.0163,       0.0229,
             0.0248,       0.0341,       0.0362,       0.048 ,
             0.0527, 4319828.0464, 3208446.0492, 2414115.6618,
       1855242.4777, 1306814.5018, 1014353.0395,  927804.2442]), 'D_scores': array([741.7332, 157.9848, 126.1163,  63.4922,  53.0151,  45.7547,
        28.0496,  19.4046,  17.8214,  12.4839,  11.6693,   8.4083,
         7.5155,   7.1394,   6.9906,   6.8484,   6.7168,   6.5416,
         6.4149,   6.3703])}",diff_mean_tiny_covariance_gap,1
KFDA-1D,1,linear,{},linear,0.6125,rbf,"{'C': 1.0, 'gamma': 0.5}","{'top_lambda': 0.01592151947355302, 'd_norm': 19.12242318459158}",diff_mean_tiny_covariance_gap,2
KFDA-1D,1,rbf,{'gamma': 0.039107290261478085},rbf(gamma=0.039107290261478085),0.55,sigmoid,"{'C': 0.5, 'gamma': 'scale', 'coef0': 0.0}","{'top_lambda': 5567.6402831030355, 'd_norm': 0.27941242690219736}",diff_mean_tiny_covariance_gap,2
KFDA-1D,1,laplacian,{'gamma': 0.039107290261478085},laplacian(gamma=0.039107290261478085),0.625,linear,{'C': 0.5},"{'top_lambda': 8418.399024508448, 'd_norm': 0.19816032565688774}",diff_mean_tiny_covariance_gap,2
KFDA-1D,1,polynomial,"{'degree': 2, 'gamma': 0.039107290261478085, 'coef0': 1.0}","polynomial(coef0=1.0, degree=2, gamma=0.039107290261478085)",0.6625,linear,{'C': 0.5},"{'top_lambda': 22.56201496685783, 'd_norm': 1.7036092099867495}",diff_mean_tiny_covariance_gap,2
KFDA-1D,1,sigmoid,"{'gamma': 0.039107290261478085, 'coef0': 0.0}","sigmoid(coef0=0.0, gamma=0.039107290261478085)",0.6125,sigmoid,"{'C': 0.5, 'gamma': 'scale', 'coef0': 0.0}","{'top_lambda': 4.946131410108535, 'd_norm': 0.6805619474768569}",diff_mean_tiny_covariance_gap,2
MY-large_mu,1,linear,{},linear,0.5625,linear,{'C': 0.5},"{'thetas': array([0.]), 'lambdas': array([0.]), 'gvals': array([3.3605e+09])}",diff_mean_tiny_covariance_gap,2
MY-large_mu,1,rbf,{'gamma': 0.039107290261478085},rbf(gamma=0.039107290261478085),0.5625,linear,{'C': 0.5},"{'thetas': array([0.0009]), 'lambdas': array([0.0009]), 'gvals': array([540.0277])}",diff_mean_tiny_covariance_gap,2
MY-large_mu,1,laplacian,{'gamma': 0.039107290261478085},laplacian(gamma=0.039107290261478085),0.625,rbf,"{'C': 2.0, 'gamma': 'scale'}","{'thetas': array([0.0014]), 'lambdas': array([0.0014]), 'gvals': array([356.6528])}",diff_mean_tiny_covariance_gap,2
MY-large_mu,1,polynomial,"{'degree': 2, 'gamma': 0.039107290261478085, 'coef0': 1.0}","polynomial(coef0=1.0, degree=2, gamma=0.039107290261478085)",0.55,linear,{'C': 2.0},"{'thetas': array([0.0063]), 'lambdas': array([0.0063]), 'gvals': array([76.813])}",diff_mean_tiny_covariance_gap,2
MY-large_mu,1,sigmoid,"{'gamma': 0.039107290261478085, 'coef0': 0.0}","sigmoid(coef0=0.0, gamma=0.039107290261478085)",0.6375,linear,{'C': 2.0},"{'thetas': array([0.0007]), 'lambdas': array([0.0007]), 'gvals': array([678.5792])}",diff_mean_tiny_covariance_gap,2
MY-large_mu,2,linear,{},linear,0.5625,poly,"{'C': 1.0, 'gamma': 'scale', 'degree': 2, 'coef0': 1.0}","{'thetas': array([0., 0.]), 'lambdas': array([0., 0.]), 'gvals': array([7.6688e+09, 5.9479e+09])}",diff_mean_tiny_covariance_gap,2
MY-large_mu,2,rbf,{'gamma': 0.039107290261478085},rbf(gamma=0.039107290261478085),0.5875,rbf,"{'C': 0.5, 'gamma': 'scale'}","{'thetas': array([0.0019, 0.0045]), 'lambdas': array([0.0019, 0.0045]), 'gvals': array([258.3091, 108.347 ])}",diff_mean_tiny_covariance_gap,2
MY-large_mu,2,laplacian,{'gamma': 0.039107290261478085},laplacian(gamma=0.039107290261478085),0.625,rbf,"{'C': 0.5, 'gamma': 'scale'}","{'thetas': array([0.0021, 0.0024]), 'lambdas': array([0.0021, 0.0024]), 'gvals': array([231.3807, 206.8164])}",diff_mean_tiny_covariance_gap,2
MY-large_mu,2,polynomial,"{'degree': 2, 'gamma': 0.039107290261478085, 'coef0': 1.0}","polynomial(coef0=1.0, degree=2, gamma=0.039107290261478085)",0.5625,rbf,"{'C': 0.5, 'gamma': 'scale'}","{'thetas': array([0.0117, 0.0319]), 'lambdas': array([0.0117, 0.0319]), 'gvals': array([39.8653, 13.4564])}",diff_mean_tiny_covariance_gap,2
MY-large_mu,2,sigmoid,"{'gamma': 0.039107290261478085, 'coef0': 0.0}","sigmoid(coef0=0.0, gamma=0.039107290261478085)",0.6375,rbf,"{'C': 2.0, 'gamma': 'scale'}","{'thetas': array([0.0028, 0.0047]), 'lambdas': array([0.0028, 0.0047]), 'gvals': array([174.2406, 103.5024])}",diff_mean_tiny_covariance_gap,2
MY-large_mu,3,linear,{},linear,0.55,rbf,"{'C': 0.5, 'gamma': 'scale'}","{'thetas': array([0., 0., 0.]), 'lambdas': array([0., 0., 0.]), 'gvals': array([1.0552e+11, 6.6002e+09, 4.7720e+09])}",diff_mean_tiny_covariance_gap,2
MY-large_mu,3,rbf,{'gamma': 0.039107290261478085},rbf(gamma=0.039107290261478085),0.625,rbf,"{'C': 2.0, 'gamma': 0.5}","{'thetas': array([0.0026, 0.004 , 0.0046]), 'lambdas': array([0.0026, 0.004 , 0.0046]), 'gvals': array([189.8974, 122.6297, 106.0771])}",diff_mean_tiny_covariance_gap,2
MY-large_mu,3,laplacian,{'gamma': 0.039107290261478085},laplacian(gamma=0.039107290261478085),0.5625,rbf,"{'C': 2.0, 'gamma': 0.5}","{'thetas': array([0.0022, 0.0036, 0.0057]), 'lambdas': array([0.0022, 0.0036, 0.0057]), 'gvals': array([224.2701, 133.7267,  84.9842])}",diff_mean_tiny_covariance_gap,2
MY-large_mu,3,polynomial,"{'degree': 2, 'gamma': 0.039107290261478085, 'coef0': 1.0}","polynomial(coef0=1.0, degree=2, gamma=0.039107290261478085)",0.575,rbf,"{'C': 0.5, 'gamma': 'scale'}","{'thetas': array([0.0102, 0.0118, 0.0253]), 'lambdas': array([0.0102, 0.0118, 0.0253]), 'gvals': array([46.2356, 39.5991, 17.4419])}",diff_mean_tiny_covariance_gap,2
MY-large_mu,3,sigmoid,"{'gamma': 0.039107290261478085, 'coef0': 0.0}","sigmoid(coef0=0.0, gamma=0.039107290261478085)",0.6125,poly,"{'C': 2.0, 'gamma': 'scale', 'degree': 2, 'coef0': 1.0}","{'thetas': array([0.0011, 0.0031, 0.0064]), 'lambdas': array([0.0011, 0.0031, 0.0064]), 'gvals': array([451.691 , 155.8777,  74.5377])}",diff_mean_tiny_covariance_gap,2
MY-large_mu,4,linear,{},linear,0.5625,poly,"{'C': 0.5, 'gamma': 'scale', 'degree': 2, 'coef0': 1.0}","{'thetas': array([0., 0., 0., 0.]), 'lambdas': array([0., 0., 0., 0.]), 'gvals': array([1.7267e+10, 1.3014e+10, 6.7570e+09, 6.5303e+09])}",diff_mean_tiny_covariance_gap,2
MY-large_mu,4,rbf,{'gamma': 0.039107290261478085},rbf(gamma=0.039107290261478085),0.6125,poly,"{'C': 2.0, 'gamma': 'scale', 'degree': 2, 'coef0': 1.0}","{'thetas': array([0.0017, 0.0029, 0.0052, 0.006 ]), 'lambdas': array([0.0017, 0.0029, 0.0052, 0.006 ]), 'gvals': array([293.0502, 169.8753,  93.0539,  79.8772])}",diff_mean_tiny_covariance_gap,2
MY-large_mu,4,laplacian,{'gamma': 0.039107290261478085},laplacian(gamma=0.039107290261478085),0.5875,rbf,"{'C': 0.5, 'gamma': 'scale'}","{'thetas': array([0.0004, 0.0031, 0.0038, 0.0065]), 'lambdas': array([0.0004, 0.0031, 0.0038, 0.0065]), 'gvals': array([1136.2295,  155.8937,  127.195 ,   74.4347])}",diff_mean_tiny_covariance_gap,2
MY-large_mu,4,polynomial,"{'degree': 2, 'gamma': 0.039107290261478085, 'coef0': 1.0}","polynomial(coef0=1.0, degree=2, gamma=0.039107290261478085)",0.55,rbf,"{'C': 0.5, 'gamma': 0.5}","{'thetas': array([0.0037, 0.0056, 0.0136, 0.0256]), 'lambdas': array([0.0037, 0.0056, 0.0136, 0.0256]), 'gvals': array([133.3533,  86.7548,  34.072 ,  17.1985])}",diff_mean_tiny_covariance_gap,2
MY-large_mu,4,sigmoid,"{'gamma': 0.039107290261478085, 'coef0': 0.0}","sigmoid(coef0=0.0, gamma=0.039107290261478085)",0.725,rbf,"{'C': 0.5, 'gamma': 0.5}","{'thetas': array([0.0001, 0.0019, 0.0032, 0.004 ]), 'lambdas': array([0.0001, 0.0019, 0.0032, 0.004 ]), 'gvals': array([3717.9313,  256.9076,  151.8181,  120.5531])}",diff_mean_tiny_covariance_gap,2
MY-large_mu,5,linear,{},linear,0.625,rbf,"{'C': 0.5, 'gamma': 'scale'}","{'thetas': array([0., 0., 0., 0., 0.]), 'lambdas': array([0., 0., 0., 0., 0.]), 'gvals': array([2.6287e+10, 7.6881e+09, 2.4328e+09, 1.8591e+09, 1.5846e+09])}",diff_mean_tiny_covariance_gap,2
MY-large_mu,5,rbf,{'gamma': 0.039107290261478085},rbf(gamma=0.039107290261478085),0.5625,rbf,"{'C': 0.5, 'gamma': 0.5}","{'thetas': array([0.0003, 0.0014, 0.0039, 0.008 , 0.01  ]), 'lambdas': array([0.0003, 0.0014, 0.0039, 0.008 , 0.01  ]), 'gvals': array([1815.1989,  346.1111,  125.9088,   59.4488,   47.2872])}",diff_mean_tiny_covariance_gap,2
MY-large_mu,5,laplacian,{'gamma': 0.039107290261478085},laplacian(gamma=0.039107290261478085),0.5125,rbf,"{'C': 2.0, 'gamma': 0.5}","{'thetas': array([0.0039, 0.0056, 0.007 , 0.0086, 0.0101]), 'lambdas': array([0.0039, 0.0056, 0.007 , 0.0086, 0.0101]), 'gvals': array([123.8614,  86.542 ,  68.935 ,  54.9664,  46.5968])}",diff_mean_tiny_covariance_gap,2
MY-large_mu,5,polynomial,"{'degree': 2, 'gamma': 0.039107290261478085, 'coef0': 1.0}","polynomial(coef0=1.0, degree=2, gamma=0.039107290261478085)",0.5375,rbf,"{'C': 1.0, 'gamma': 0.5}","{'thetas': array([0.0039, 0.0151, 0.021 , 0.0234, 0.039 ]), 'lambdas': array([0.0039, 0.0151, 0.021 , 0.0234, 0.039 ]), 'gvals': array([123.5574,  30.4654,  21.4185,  19.0121,  10.7043])}",diff_mean_tiny_covariance_gap,2
MY-large_mu,5,sigmoid,"{'gamma': 0.039107290261478085, 'coef0': 0.0}","sigmoid(coef0=0.0, gamma=0.039107290261478085)",0.725,rbf,"{'C': 0.5, 'gamma': 0.5}","{'thetas': array([0.0017, 0.0034, 0.0044, 0.0073, 0.0096]), 'lambdas': array([0.0017, 0.0034, 0.0044, 0.0073, 0.0096]), 'gvals': array([298.8857, 142.8837, 110.572 ,  65.341 ,  49.2047])}",diff_mean_tiny_covariance_gap,2
MY-large_mu,6,linear,{},linear,0.6,rbf,"{'C': 1.0, 'gamma': 'scale'}","{'thetas': array([0., 0., 0., 0., 0., 0.]), 'lambdas': array([0., 0., 0., 0., 0., 0.]), 'gvals': array([1.0834e+11, 4.9085e+09, 3.7303e+09, 3.5236e+09, 2.2206e+09,
       2.0939e+09])}",diff_mean_tiny_covariance_gap,2
MY-large_mu,6,rbf,{'gamma': 0.039107290261478085},rbf(gamma=0.039107290261478085),0.55,rbf,"{'C': 2.0, 'gamma': 'scale'}","{'thetas': array([0.002 , 0.0026, 0.0043, 0.0047, 0.0102, 0.0122]), 'lambdas': array([0.002 , 0.0026, 0.0043, 0.0047, 0.0102, 0.0122]), 'gvals': array([246.9802, 191.9616, 113.7943, 103.4212,  46.3412,  38.185 ])}",diff_mean_tiny_covariance_gap,2
MY-large_mu,6,laplacian,{'gamma': 0.039107290261478085},laplacian(gamma=0.039107290261478085),0.4625,poly,"{'C': 2.0, 'gamma': 'scale', 'degree': 2, 'coef0': 1.0}","{'thetas': array([0.0011, 0.0023, 0.0058, 0.0073, 0.0083, 0.0112]), 'lambdas': array([0.0011, 0.0023, 0.0058, 0.0073, 0.0083, 0.0112]), 'gvals': array([468.0113, 210.6324,  83.1497,  65.4183,  57.6467,  42.0477])}",diff_mean_tiny_covariance_gap,2
MY-large_mu,6,polynomial,"{'degree': 2, 'gamma': 0.039107290261478085, 'coef0': 1.0}","polynomial(coef0=1.0, degree=2, gamma=0.039107290261478085)",0.55,rbf,"{'C': 0.5, 'gamma': 'scale'}","{'thetas': array([      0.004 ,       0.0147,       0.0258,       0.037 ,
       1751287.4188,  762466.6231]), 'lambdas': array([      0.004 ,       0.0147,       0.0258,       0.037 ,
       1751287.4188,  762466.6231]), 'gvals': array([121.5865,  31.4301,  17.0395,  11.3679,   6.6879,   6.2722])}",diff_mean_tiny_covariance_gap,2
MY-large_mu,6,sigmoid,"{'gamma': 0.039107290261478085, 'coef0': 0.0}","sigmoid(coef0=0.0, gamma=0.039107290261478085)",0.775,rbf,"{'C': 0.5, 'gamma': 0.5}","{'thetas': array([0.0028, 0.0052, 0.0075, 0.0094, 0.0148, 0.0193]), 'lambdas': array([0.0028, 0.0052, 0.0075, 0.0094, 0.0148, 0.0193]), 'gvals': array([175.8509,  93.1348,  63.4161,  50.5866,  31.2832,  23.4654])}",diff_mean_tiny_covariance_gap,2
MY-large_mu,7,linear,{},linear,0.5375,rbf,"{'C': 1.0, 'gamma': 0.5}","{'thetas': array([0., 0., 0., 0., 0., 0., 0.]), 'lambdas': array([0., 0., 0., 0., 0., 0., 0.]), 'gvals': array([8.5930e+09, 5.3605e+09, 3.3916e+09, 2.1657e+09, 2.1260e+09,
       1.3784e+09, 1.1047e+09])}",diff_mean_tiny_covariance_gap,2
MY-large_mu,7,rbf,{'gamma': 0.039107290261478085},rbf(gamma=0.039107290261478085),0.65,rbf,"{'C': 1.0, 'gamma': 'scale'}","{'thetas': array([0.0014, 0.003 , 0.0042, 0.0045, 0.0095, 0.0128, 0.0144]), 'lambdas': array([0.0014, 0.003 , 0.0042, 0.0045, 0.0095, 0.0128, 0.0144]), 'gvals': array([364.1424, 163.7923, 116.7756, 109.1186,  50.05  ,  36.4403,
        32.2195])}",diff_mean_tiny_covariance_gap,2
MY-large_mu,7,laplacian,{'gamma': 0.039107290261478085},laplacian(gamma=0.039107290261478085),0.5,rbf,"{'C': 0.5, 'gamma': 'scale'}","{'thetas': array([0.0004, 0.0012, 0.0032, 0.0086, 0.0094, 0.0125, 0.0141]), 'lambdas': array([0.0004, 0.0012, 0.0032, 0.0086, 0.0094, 0.0125, 0.0141]), 'gvals': array([1333.9981,  423.9068,  153.9677,   55.4979,   50.092 ,   37.2112,
         32.9184])}",diff_mean_tiny_covariance_gap,2
MY-large_mu,7,polynomial,"{'degree': 2, 'gamma': 0.039107290261478085, 'coef0': 1.0}","polynomial(coef0=1.0, degree=2, gamma=0.039107290261478085)",0.6375,rbf,"{'C': 1.0, 'gamma': 0.5}","{'thetas': array([      0.0099,       0.0211,       0.0255,       0.0289,
             0.0496, 1652931.8926,       0.0589]), 'lambdas': array([      0.0099,       0.0211,       0.0255,       0.0289,
             0.0496, 1652931.8926,       0.0589]), 'gvals': array([47.6906, 21.2964, 17.2734, 15.0265,  8.0724,  6.659 ,  6.572 ])}",diff_mean_tiny_covariance_gap,2
MY-large_mu,7,sigmoid,"{'gamma': 0.039107290261478085, 'coef0': 0.0}","sigmoid(coef0=0.0, gamma=0.039107290261478085)",0.7,rbf,"{'C': 0.5, 'gamma': 0.5}","{'thetas': array([0.0015, 0.0039, 0.0059, 0.0085, 0.0093, 0.0122, 0.0157]), 'lambdas': array([0.0015, 0.0039, 0.0059, 0.0085, 0.0093, 0.0122, 0.0157]), 'gvals': array([328.7476, 123.601 ,  82.1104,  55.8345,  51.0522,  38.272 ,
        29.2646])}",diff_mean_tiny_covariance_gap,2
MY-large_mu,8,linear,{},linear,0.6125,rbf,"{'C': 0.5, 'gamma': 'scale'}","{'thetas': array([0., 0., 0., 0., 0., 0., 0., 0.]), 'lambdas': array([0., 0., 0., 0., 0., 0., 0., 0.]), 'gvals': array([2.5459e+10, 1.1141e+10, 3.5236e+09, 3.3570e+09, 2.5683e+09,
       1.5978e+09, 1.3612e+09, 1.2681e+09])}",diff_mean_tiny_covariance_gap,2
MY-large_mu,8,rbf,{'gamma': 0.039107290261478085},rbf(gamma=0.039107290261478085),0.5875,rbf,"{'C': 0.5, 'gamma': 'scale'}","{'thetas': array([0.0004, 0.0013, 0.0027, 0.0045, 0.0054, 0.0073, 0.0125, 0.0179]), 'lambdas': array([0.0004, 0.0013, 0.0027, 0.0045, 0.0054, 0.0073, 0.0125, 0.0179]), 'gvals': array([1150.9939,  379.0429,  184.7697,  107.6723,   89.2419,   65.4596,
         37.3564,   25.4082])}",diff_mean_tiny_covariance_gap,2
MY-large_mu,8,laplacian,{'gamma': 0.039107290261478085},laplacian(gamma=0.039107290261478085),0.4875,rbf,"{'C': 2.0, 'gamma': 'scale'}","{'thetas': array([0.001 , 0.0023, 0.0034, 0.0058, 0.0064, 0.0097, 0.014 , 0.0146]), 'lambdas': array([0.001 , 0.0023, 0.0034, 0.0058, 0.0064, 0.0097, 0.014 , 0.0146]), 'gvals': array([486.0525, 211.106 , 143.4188,  83.4146,  74.8676,  48.9827,
        33.0552,  31.6071])}",diff_mean_tiny_covariance_gap,2
MY-large_mu,8,polynomial,"{'degree': 2, 'gamma': 0.039107290261478085, 'coef0': 1.0}","polynomial(coef0=1.0, degree=2, gamma=0.039107290261478085)",0.6375,rbf,"{'C': 2.0, 'gamma': 'scale'}","{'thetas': array([      0.0151,       0.0196,       0.0222,       0.0435,
       2103717.0468,  741986.6041,  728324.3508,  501441.6933]), 'lambdas': array([      0.0151,       0.0196,       0.0222,       0.0435,
       2103717.0468,  741986.6041,  728324.3508,  501441.6933]), 'gvals': array([30.5409, 23.0285, 20.1477,  9.4202,  6.7796,  6.2585,  6.2493,
        6.0626])}",diff_mean_tiny_covariance_gap,2
MY-large_mu,8,sigmoid,"{'gamma': 0.039107290261478085, 'coef0': 0.0}","sigmoid(coef0=0.0, gamma=0.039107290261478085)",0.6125,rbf,"{'C': 1.0, 'gamma': 0.5}","{'thetas': array([0.001 , 0.0038, 0.0051, 0.0084, 0.0111, 0.0157, 0.0163, 0.0181]), 'lambdas': array([0.001 , 0.0038, 0.0051, 0.0084, 0.0111, 0.0157, 0.0163, 0.0181]), 'gvals': array([520.7934, 127.9939,  95.7843,  56.6418,  42.4512,  29.3198,
        28.1935,  25.1171])}",diff_mean_tiny_covariance_gap,2
MY-large_mu,10,linear,{},linear,0.675,poly,"{'C': 1.0, 'gamma': 'scale', 'degree': 2, 'coef0': 1.0}","{'thetas': array([0., 0., 0., 0., 0., 0., 0., 0., 0., 0.]), 'lambdas': array([0., 0., 0., 0., 0., 0., 0., 0., 0., 0.]), 'gvals': array([5.6415e+09, 5.5380e+09, 4.4299e+09, 4.0835e+09, 2.7342e+09,
       2.2643e+09, 1.8387e+09, 1.5077e+09, 1.2539e+09, 1.0632e+09])}",diff_mean_tiny_covariance_gap,2
MY-large_mu,10,rbf,{'gamma': 0.039107290261478085},rbf(gamma=0.039107290261478085),0.6,rbf,"{'C': 0.5, 'gamma': 'scale'}","{'thetas': array([0.0027, 0.0045, 0.0063, 0.0087, 0.0096, 0.0125, 0.0144, 0.0177,
       0.0222, 0.0249]), 'lambdas': array([0.0027, 0.0045, 0.0063, 0.0087, 0.0096, 0.0125, 0.0144, 0.0177,
       0.0222, 0.0249]), 'gvals': array([180.2188, 107.3108,  75.86  ,  54.7347,  49.4749,  37.3745,
        32.0539,  25.7204,  20.0753,  17.6951])}",diff_mean_tiny_covariance_gap,2
MY-large_mu,10,laplacian,{'gamma': 0.039107290261478085},laplacian(gamma=0.039107290261478085),0.5625,rbf,"{'C': 2.0, 'gamma': 'scale'}","{'thetas': array([0.0015, 0.0029, 0.004 , 0.0044, 0.0081, 0.0097, 0.0138, 0.0151,
       0.0191, 0.0208]), 'lambdas': array([0.0015, 0.0029, 0.004 , 0.0044, 0.0081, 0.0097, 0.0138, 0.0151,
       0.0191, 0.0208]), 'gvals': array([336.1446, 170.1402, 120.6596, 109.9202,  59.1984,  48.8917,
        33.7143,  30.619 ,  23.6325,  21.6088])}",diff_mean_tiny_covariance_gap,2
MY-large_mu,10,polynomial,"{'degree': 2, 'gamma': 0.039107290261478085, 'coef0': 1.0}","polynomial(coef0=1.0, degree=2, gamma=0.039107290261478085)",0.5625,poly,"{'C': 0.5, 'gamma': 'scale', 'degree': 2, 'coef0': 1.0}","{'thetas': array([      0.0142,       0.0199,       0.0232,       0.0396,
             0.0446,       0.0514, 1964256.9728,  572936.0273,
        548159.1418,  417537.3265]), 'lambdas': array([      0.0142,       0.0199,       0.0232,       0.0396,
             0.0446,       0.0514, 1964256.9728,  572936.0273,
        548159.1418,  417537.3265]), 'gvals': array([32.5693, 22.6125, 19.1926, 10.5241,  9.1505,  7.7518,  6.7453,
        6.1293,  6.1072,  5.9711])}",diff_mean_tiny_covariance_gap,2
MY-large_mu,10,sigmoid,"{'gamma': 0.039107290261478085, 'coef0': 0.0}","sigmoid(coef0=0.0, gamma=0.039107290261478085)",0.75,rbf,"{'C': 0.5, 'gamma': 0.5}","{'thetas': array([0.0014, 0.0029, 0.0048, 0.0071, 0.0088, 0.0161, 0.0206, 0.0304,
       0.0366, 0.0439]), 'lambdas': array([0.0014, 0.0029, 0.0048, 0.0071, 0.0088, 0.0161, 0.0206, 0.0304,
       0.0366, 0.0439]), 'gvals': array([342.085 , 168.0901, 101.2989,  67.2792,  53.688 ,  28.508 ,
        21.8385,  14.2109,  11.5175,   9.3146])}",diff_mean_tiny_covariance_gap,2
MY-large_mu,12,linear,{},linear,0.575,rbf,"{'C': 0.5, 'gamma': 'scale'}","{'thetas': array([0., 0., 0., 0., 0., 0., 0., 0., 0., 0., 0., 0.]), 'lambdas': array([0., 0., 0., 0., 0., 0., 0., 0., 0., 0., 0., 0.]), 'gvals': array([7.1403e+09, 4.5466e+09, 3.8172e+09, 3.6454e+09, 2.6197e+09,
       1.7454e+09, 1.4673e+09, 1.2012e+09, 9.4503e+08, 8.8356e+08,
       8.5192e+08, 7.3241e+08])}",diff_mean_tiny_covariance_gap,2
MY-large_mu,12,rbf,{'gamma': 0.039107290261478085},rbf(gamma=0.039107290261478085),0.4875,rbf,"{'C': 2.0, 'gamma': 'scale'}","{'thetas': array([0.0002, 0.001 , 0.0023, 0.0031, 0.0063, 0.0072, 0.0085, 0.0096,
       0.0128, 0.0148, 0.0209, 0.0225]), 'lambdas': array([0.0002, 0.001 , 0.0023, 0.0031, 0.0063, 0.0072, 0.0085, 0.0096,
       0.0128, 0.0148, 0.0209, 0.0225]), 'gvals': array([2421.4336,  477.6036,  210.7709,  158.7511,   76.7021,   66.3873,
         56.2284,   49.4872,   36.3765,   31.1994,   21.446 ,   19.848 ])}",diff_mean_tiny_covariance_gap,2
MY-large_mu,12,laplacian,{'gamma': 0.039107290261478085},laplacian(gamma=0.039107290261478085),0.5875,rbf,"{'C': 1.0, 'gamma': 'scale'}","{'thetas': array([0.0009, 0.003 , 0.0045, 0.0053, 0.0107, 0.0136, 0.0158, 0.0182,
       0.0196, 0.0255, 0.0301, 0.0343]), 'lambdas': array([0.0009, 0.003 , 0.0045, 0.0053, 0.0107, 0.0136, 0.0158, 0.0182,
       0.0196, 0.0255, 0.0301, 0.0343]), 'gvals': array([549.2367, 163.6031, 108.7791,  92.0076,  44.1631,  34.1548,
        28.9762,  24.9379,  23.0958,  17.2366,  14.3842,  12.3785])}",diff_mean_tiny_covariance_gap,2
MY-large_mu,12,polynomial,"{'degree': 2, 'gamma': 0.039107290261478085, 'coef0': 1.0}","polynomial(coef0=1.0, degree=2, gamma=0.039107290261478085)",0.55,linear,{'C': 1.0},"{'thetas': array([      0.0027,       0.0098,       0.0155,       0.0194,
             0.0214,       0.0328,       0.0361, 1588983.8699,
             0.0598,  606526.5335,  541248.5188,  445061.4117]), 'lambdas': array([      0.0027,       0.0098,       0.0155,       0.0194,
             0.0214,       0.0328,       0.0361, 1588983.8699,
             0.0598,  606526.5335,  541248.5188,  445061.4117]), 'gvals': array([178.6015,  48.4362,  29.6914,  23.2996,  20.9228,  13.0363,
        11.6942,   6.6393,   6.4511,   6.1578,   6.1008,   6.003 ])}",diff_mean_tiny_covariance_gap,2
MY-large_mu,12,sigmoid,"{'gamma': 0.039107290261478085, 'coef0': 0.0}","sigmoid(coef0=0.0, gamma=0.039107290261478085)",0.5875,rbf,"{'C': 2.0, 'gamma': 0.5}","{'thetas': array([0.001 , 0.0016, 0.0025, 0.0049, 0.0071, 0.0102, 0.0155, 0.0184,
       0.0275, 0.0309, 0.0437, 0.0546]), 'lambdas': array([0.001 , 0.0016, 0.0025, 0.0049, 0.0071, 0.0102, 0.0155, 0.0184,
       0.0275, 0.0309, 0.0437, 0.0546]), 'gvals': array([484.3002, 308.615 , 194.887 ,  99.842 ,  67.3981,  46.1188,
        29.7504,  24.7475,  15.8746,  13.9529,   9.3654,   7.2104])}",diff_mean_tiny_covariance_gap,2
MY-large_mu,14,linear,{},linear,0.6375,poly,"{'C': 1.0, 'gamma': 'scale', 'degree': 2, 'coef0': 1.0}","{'thetas': array([0., 0., 0., 0., 0., 0., 0., 0., 0., 0., 0., 0., 0., 0.]), 'lambdas': array([0., 0., 0., 0., 0., 0., 0., 0., 0., 0., 0., 0., 0., 0.]), 'gvals': array([6.9665e+10, 1.2703e+10, 1.1370e+10, 5.4223e+09, 4.3254e+09,
       2.0012e+09, 1.9991e+09, 1.9471e+09, 1.1268e+09, 1.1024e+09,
       1.0405e+09, 9.4936e+08, 7.6366e+08, 7.4324e+08])}",diff_mean_tiny_covariance_gap,2
MY-large_mu,14,rbf,{'gamma': 0.039107290261478085},rbf(gamma=0.039107290261478085),0.6,rbf,"{'C': 0.5, 'gamma': 'scale'}","{'thetas': array([0.0011, 0.0027, 0.0049, 0.0054, 0.0076, 0.012 , 0.0155, 0.0176,
       0.0192, 0.0243, 0.0256, 0.0321, 0.0365, 0.0408]), 'lambdas': array([0.0011, 0.0027, 0.0049, 0.0054, 0.0076, 0.012 , 0.0155, 0.0176,
       0.0192, 0.0243, 0.0256, 0.0321, 0.0365, 0.0408]), 'gvals': array([454.8206, 184.9968,  98.9501,  89.3405,  63.2102,  38.7945,
        29.7388,  25.8603,  23.5488,  18.2114,  17.2344,  13.3688,
        11.5293,  10.1535])}",diff_mean_tiny_covariance_gap,2
MY-large_mu,14,laplacian,{'gamma': 0.039107290261478085},laplacian(gamma=0.039107290261478085),0.5125,rbf,"{'C': 0.5, 'gamma': 'scale'}","{'thetas': array([0.0028, 0.0046, 0.0052, 0.008 , 0.0091, 0.0152, 0.0191, 0.0207,
       0.0252, 0.0257, 0.031 , 0.0374, 0.0435, 0.049 ]), 'lambdas': array([0.0028, 0.0046, 0.0052, 0.008 , 0.0091, 0.0152, 0.0191, 0.0207,
       0.0252, 0.0257, 0.031 , 0.0374, 0.0435, 0.049 ]), 'gvals': array([176.9932, 105.0242,  93.4135,  59.5707,  52.1269,  30.2267,
        23.6715,  21.7575,  17.533 ,  17.1037,  13.9163,  11.2388,
         9.4322,   8.1995])}",diff_mean_tiny_covariance_gap,2
MY-large_mu,14,polynomial,"{'degree': 2, 'gamma': 0.039107290261478085, 'coef0': 1.0}","polynomial(coef0=1.0, degree=2, gamma=0.039107290261478085)",0.625,poly,"{'C': 2.0, 'gamma': 'scale', 'degree': 2, 'coef0': 1.0}","{'thetas': array([      0.0083,       0.0105,       0.0205,       0.0378,
             0.0452,       0.0494, 1621118.7337,       0.0618,
        637418.6785,  615343.132 ,  540156.6761,  439789.9648,
        325301.495 ,  266196.3898]), 'lambdas': array([      0.0083,       0.0105,       0.0205,       0.0378,
             0.0452,       0.0494, 1621118.7337,       0.0618,
        637418.6785,  615343.132 ,  540156.6761,  439789.9648,
        325301.495 ,  266196.3898]), 'gvals': array([57.6649, 44.6496, 21.9337, 11.0769,  9.0245,  8.1189,  6.6493,
        6.1955,  6.1826,  6.165 ,  6.0998,  5.997 ,  5.8463,  5.746 ])}",diff_mean_tiny_covariance_gap,2
MY-large_mu,14,sigmoid,"{'gamma': 0.039107290261478085, 'coef0': 0.0}","sigmoid(coef0=0.0, gamma=0.039107290261478085)",0.6875,rbf,"{'C': 2.0, 'gamma': 0.5}","{'thetas': array([      0.002 ,       0.0041,       0.005 ,       0.0076,
             0.0108,       0.0128,       0.0182,       0.0224,
             0.0279,       0.0382,       0.0506, 4695758.6949,
       3311470.1346, 3125360.4589]), 'lambdas': array([      0.002 ,       0.0041,       0.005 ,       0.0076,
             0.0108,       0.0128,       0.0182,       0.0224,
             0.0279,       0.0382,       0.0506, 4695758.6949,
       3311470.1346, 3125360.4589]), 'gvals': array([249.6648, 118.8505,  96.1821,  63.2359,  43.5676,  36.5203,
        24.9082,  19.97  ,  15.6042,  10.943 ,   7.8981,   7.1811,
         7.0065,   6.9775])}",diff_mean_tiny_covariance_gap,2
MY-large_mu,16,linear,{},linear,0.7,poly,"{'C': 1.0, 'gamma': 'scale', 'degree': 2, 'coef0': 1.0}","{'thetas': array([0., 0., 0., 0., 0., 0., 0., 0., 0., 0., 0., 0., 0., 0., 0., 0.]), 'lambdas': array([0., 0., 0., 0., 0., 0., 0., 0., 0., 0., 0., 0., 0., 0., 0., 0.]), 'gvals': array([4.6387e+10, 2.1116e+10, 7.3956e+09, 2.5366e+09, 2.1406e+09,
       1.5413e+09, 1.5295e+09, 1.3566e+09, 1.0903e+09, 9.0542e+08,
       8.2435e+08, 8.2429e+08, 7.5019e+08, 7.4128e+08, 6.2198e+08,
       5.8152e+08])}",diff_mean_tiny_covariance_gap,2
MY-large_mu,16,rbf,{'gamma': 0.039107290261478085},rbf(gamma=0.039107290261478085),0.5375,rbf,"{'C': 0.5, 'gamma': 'scale'}","{'thetas': array([      0.0028,       0.005 ,       0.0058,       0.0071,
             0.0119,       0.0141,       0.0157,       0.0199,
             0.0247,       0.0271,       0.0341,       0.0396,
             0.0508, 4660479.4527,  782869.1965,  616250.9675]), 'lambdas': array([      0.0028,       0.005 ,       0.0058,       0.0071,
             0.0119,       0.0141,       0.0157,       0.0199,
             0.0247,       0.0271,       0.0341,       0.0396,
             0.0508, 4660479.4527,  782869.1965,  616250.9675]), 'gvals': array([175.0911,  97.6842,  82.8262,  67.0371,  39.1477,  32.8558,
        29.3018,  22.6743,  17.9316,  16.1716,  12.4809,  10.5114,
         7.848 ,   7.1773,   6.2854,   6.1657])}",diff_mean_tiny_covariance_gap,2
MY-large_mu,16,laplacian,{'gamma': 0.039107290261478085},laplacian(gamma=0.039107290261478085),0.575,rbf,"{'C': 0.5, 'gamma': 'scale'}","{'thetas': array([      0.0016,       0.0029,       0.0055,       0.0073,
             0.0081,       0.0104,       0.0139,       0.0184,
             0.0219,       0.0258,       0.0356,       0.0372,
             0.0411,       0.0442,       0.0524, 1299643.0127]), 'lambdas': array([      0.0016,       0.0029,       0.0055,       0.0073,
             0.0081,       0.0104,       0.0139,       0.0184,
             0.0219,       0.0258,       0.0356,       0.0372,
             0.0411,       0.0442,       0.0524, 1299643.0127]), 'gvals': array([299.3774, 170.3849,  87.7302,  65.5766,  58.6203,  45.1762,
        33.3744,  24.6474,  20.4079,  17.02  ,  11.8705,  11.2925,
        10.0573,   9.2426,   7.5631,   6.5388])}",diff_mean_tiny_covariance_gap,2
MY-large_mu,16,polynomial,"{'degree': 2, 'gamma': 0.039107290261478085, 'coef0': 1.0}","polynomial(coef0=1.0, degree=2, gamma=0.039107290261478085)",0.55,rbf,"{'C': 1.0, 'gamma': 'scale'}","{'thetas': array([      0.0142,       0.0175,       0.029 ,       0.0364,
             0.0545, 1457575.5661,  652870.1438,  624750.9804,
        427854.1476,  336983.526 ,  267272.5521,  223091.409 ,
        193142.5726,       0.0682,  157456.5479,  111709.6401]), 'lambdas': array([      0.0142,       0.0175,       0.029 ,       0.0364,
             0.0545, 1457575.5661,  652870.1438,  624750.9804,
        427854.1476,  336983.526 ,  267272.5521,  223091.409 ,
        193142.5726,       0.0682,  157456.5479,  111709.6401]), 'gvals': array([32.6323, 26.1017, 14.9581, 11.57  ,  7.2205,  6.5961,  6.1946,
        6.1726,  5.9833,  5.8639,  5.748 ,  5.6577,  5.5856,  5.4894,
        5.4835,  5.3118])}",diff_mean_tiny_covariance_gap,2
MY-large_mu,16,sigmoid,"{'gamma': 0.039107290261478085, 'coef0': 0.0}","sigmoid(coef0=0.0, gamma=0.039107290261478085)",0.7,rbf,"{'C': 1.0, 'gamma': 'scale'}","{'thetas': array([      0.0005,       0.004 ,       0.0088,       0.0095,
             0.0134,       0.0158,       0.0173,       0.0215,
             0.0319,       0.0385,       0.0469, 4095906.9956,
             0.0553, 2984027.2279, 2460646.5261, 2344872.0284]), 'lambdas': array([      0.0005,       0.004 ,       0.0088,       0.0095,
             0.0134,       0.0158,       0.0173,       0.0215,
             0.0319,       0.0385,       0.0469, 4095906.9956,
             0.0553, 2984027.2279, 2460646.5261, 2344872.0284]), 'gvals': array([985.0635, 123.232 ,  54.2453,  49.8926,  34.7628,  29.1094,
        26.3293,  20.7888,  13.4728,  10.8718,   8.6214,   7.1127,
         7.0902,   6.9544,   6.858 ,   6.8339])}",diff_mean_tiny_covariance_gap,2
MY-large_mu,20,linear,{},linear,0.7,poly,"{'C': 1.0, 'gamma': 'scale', 'degree': 2, 'coef0': 1.0}","{'thetas': array([0., 0., 0., 0., 0., 0., 0., 0., 0., 0., 0., 0., 0., 0., 0., 0., 0.,
       0., 0., 0.]), 'lambdas': array([0., 0., 0., 0., 0., 0., 0., 0., 0., 0., 0., 0., 0., 0., 0., 0., 0.,
       0., 0., 0.]), 'gvals': array([5.0923e+10, 1.2885e+10, 6.6338e+09, 3.6940e+09, 2.7021e+09,
       2.3124e+09, 2.1743e+09, 1.5689e+09, 1.2954e+09, 1.2232e+09,
       1.1812e+09, 9.7845e+08, 8.2996e+08, 8.0028e+08, 6.0496e+08,
       5.6342e+08, 4.8787e+08, 4.4925e+08, 4.2643e+08, 4.1655e+08])}",diff_mean_tiny_covariance_gap,2
MY-large_mu,20,rbf,{'gamma': 0.039107290261478085},rbf(gamma=0.039107290261478085),0.6375,rbf,"{'C': 1.0, 'gamma': 'scale'}","{'thetas': array([      0.    ,       0.0012,       0.0019,       0.0046,
             0.0063,       0.0076,       0.0086,       0.0135,
             0.0141,       0.0157,       0.019 ,       0.0255,
             0.0268,       0.0325,       0.0371,       0.0414,
             0.0492, 3951356.6791,  976649.5707,  808101.9573]), 'lambdas': array([      0.    ,       0.0012,       0.0019,       0.0046,
             0.0063,       0.0076,       0.0086,       0.0135,
             0.0141,       0.0157,       0.019 ,       0.0255,
             0.0268,       0.0325,       0.0371,       0.0414,
             0.0492, 3951356.6791,  976649.5707,  808101.9573]), 'gvals': array([21536.7971,   396.9329,   264.5497,   106.154 ,    76.5723,
          63.2005,    54.9284,    34.4758,    32.8952,    29.2826,
          23.7971,    17.24  ,    16.3258,    13.1916,    11.3159,
           9.9843,     8.1619,     7.0948,     6.3959,     6.3012])}",diff_mean_tiny_covariance_gap,2
MY-large_mu,20,laplacian,{'gamma': 0.039107290261478085},laplacian(gamma=0.039107290261478085),0.5625,rbf,"{'C': 1.0, 'gamma': 'scale'}","{'thetas': array([      0.002 ,       0.0036,       0.0057,       0.0064,
             0.008 ,       0.0104,       0.013 ,       0.015 ,
             0.019 ,       0.0205,       0.0264,       0.0299,
             0.0352,       0.0367,       0.0395,       0.0501,
             0.0535, 1322246.2114,  179569.4589,       0.0686]), 'lambdas': array([      0.002 ,       0.0036,       0.0057,       0.0064,
             0.008 ,       0.0104,       0.013 ,       0.015 ,
             0.019 ,       0.0205,       0.0264,       0.0299,
             0.0352,       0.0367,       0.0395,       0.0501,
             0.0535, 1322246.2114,  179569.4589,       0.0686]), 'gvals': array([249.8916, 134.2475,  84.6806,  75.2623,  59.8054,  45.1008,
        35.8214,  30.6439,  23.8103,  21.8912,  16.606 ,  14.4704,
        12.0189,  11.4569,  10.5444,   7.98  ,   7.3802,   6.5474,
         5.5492,   5.4452])}",diff_mean_tiny_covariance_gap,2
MY-large_mu,20,polynomial,"{'degree': 2, 'gamma': 0.039107290261478085, 'coef0': 1.0}","polynomial(coef0=1.0, degree=2, gamma=0.039107290261478085)",0.6375,rbf,"{'C': 1.0, 'gamma': 'scale'}","{'thetas': array([      0.0079,       0.0168,       0.0269,       0.0362,
             0.0367,       0.0492, 2087922.9001,  661075.1329,
             0.062 ,  619973.7736,  477926.4215,  360065.2025,
        349856.1322,  261958.5542,  197446.7871,  188977.4422,
        157562.2079,  137259.4497,  122395.1057,  110314.0243]), 'lambdas': array([      0.0079,       0.0168,       0.0269,       0.0362,
             0.0367,       0.0492, 2087922.9001,  661075.1329,
             0.062 ,  619973.7736,  477926.4215,  360065.2025,
        349856.1322,  261958.5542,  197446.7871,  188977.4422,
        157562.2079,  137259.4497,  122395.1057,  110314.0243]), 'gvals': array([60.3177, 27.3013, 16.2853, 11.6616, 11.4806,  8.1564,  6.7758,
        6.2008,  6.171 ,  6.1687,  6.0386,  5.897 ,  5.8826,  5.738 ,
        5.5966,  5.5747,  5.4838,  5.4148,  5.3575,  5.3055])}",diff_mean_tiny_covariance_gap,2
MY-large_mu,20,sigmoid,"{'gamma': 0.039107290261478085, 'coef0': 0.0}","sigmoid(coef0=0.0, gamma=0.039107290261478085)",0.6625,poly,"{'C': 0.5, 'gamma': 'scale', 'degree': 2, 'coef0': 1.0}","{'thetas': array([      0.0023,       0.0032,       0.0036,       0.0118,
             0.0156,       0.0166,       0.0232,       0.031 ,
             0.0398,       0.0434,       0.0475,       0.0542,
       4758214.3629, 3535805.5128, 2677360.4839, 2011021.538 ,
       1507227.5393, 1239136.7181,  837019.353 ,  697409.023 ]), 'lambdas': array([      0.0023,       0.0032,       0.0036,       0.0118,
             0.0156,       0.0166,       0.0232,       0.031 ,
             0.0398,       0.0434,       0.0475,       0.0542,
       4758214.3629, 3535805.5128, 2677360.4839, 2011021.538 ,
       1507227.5393, 1239136.7181,  837019.353 ,  697409.023 ]), 'gvals': array([216.3859, 153.6004, 135.241 ,  39.6387,  29.3757,  27.5048,
        19.205 ,  13.8801,  10.4462,   9.4543,   8.5037,   7.2596,
         7.1877,   7.0392,   6.9002,   6.7571,   6.6129,   6.515 ,
         6.3188,   6.2276])}",diff_mean_tiny_covariance_gap,2
MY-small_mu,1,linear,{},linear,0.5125,linear,{'C': 0.5},"{'thetas': array([0.]), 'lambdas': array([0.]), 'D_scores': array([3.3605e+09])}",diff_mean_tiny_covariance_gap,2
MY-small_mu,1,rbf,{'gamma': 0.039107290261478085},rbf(gamma=0.039107290261478085),0.525,rbf,"{'C': 1.0, 'gamma': 'scale'}","{'thetas': array([0.0009]), 'lambdas': array([0.0009]), 'D_scores': array([540.0546])}",diff_mean_tiny_covariance_gap,2
MY-small_mu,1,laplacian,{'gamma': 0.039107290261478085},laplacian(gamma=0.039107290261478085),0.5375,rbf,"{'C': 1.0, 'gamma': 'scale'}","{'thetas': array([0.0014]), 'lambdas': array([0.0014]), 'D_scores': array([356.6528])}",diff_mean_tiny_covariance_gap,2
MY-small_mu,1,polynomial,"{'degree': 2, 'gamma': 0.039107290261478085, 'coef0': 1.0}","polynomial(coef0=1.0, degree=2, gamma=0.039107290261478085)",0.525,rbf,"{'C': 1.0, 'gamma': 'scale'}","{'thetas': array([0.0063]), 'lambdas': array([0.0063]), 'D_scores': array([76.8608])}",diff_mean_tiny_covariance_gap,2
MY-small_mu,1,sigmoid,"{'gamma': 0.039107290261478085, 'coef0': 0.0}","sigmoid(coef0=0.0, gamma=0.039107290261478085)",0.6,rbf,"{'C': 2.0, 'gamma': 'scale'}","{'thetas': array([0.0007]), 'lambdas': array([0.0007]), 'D_scores': array([678.7315])}",diff_mean_tiny_covariance_gap,2
MY-small_mu,2,linear,{},linear,0.65,rbf,"{'C': 0.5, 'gamma': 'scale'}","{'thetas': array([0., 0.]), 'lambdas': array([0., 0.]), 'D_scores': array([7.6688e+09, 5.9479e+09])}",diff_mean_tiny_covariance_gap,2
MY-small_mu,2,rbf,{'gamma': 0.039107290261478085},rbf(gamma=0.039107290261478085),0.55,rbf,"{'C': 2.0, 'gamma': 'scale'}","{'thetas': array([0.0019, 0.0045]), 'lambdas': array([0.0019, 0.0045]), 'D_scores': array([258.3219, 108.3795])}",diff_mean_tiny_covariance_gap,2
MY-small_mu,2,laplacian,{'gamma': 0.039107290261478085},laplacian(gamma=0.039107290261478085),0.5125,rbf,"{'C': 2.0, 'gamma': 'scale'}","{'thetas': array([0.0021, 0.0024]), 'lambdas': array([0.0021, 0.0024]), 'D_scores': array([231.3892, 206.8871])}",diff_mean_tiny_covariance_gap,2
MY-small_mu,2,polynomial,"{'degree': 2, 'gamma': 0.039107290261478085, 'coef0': 1.0}","polynomial(coef0=1.0, degree=2, gamma=0.039107290261478085)",0.5125,rbf,"{'C': 1.0, 'gamma': 'scale'}","{'thetas': array([0.0117, 0.0319]), 'lambdas': array([0.0117, 0.0319]), 'D_scores': array([39.8859, 13.4599])}",diff_mean_tiny_covariance_gap,2
MY-small_mu,2,sigmoid,"{'gamma': 0.039107290261478085, 'coef0': 0.0}","sigmoid(coef0=0.0, gamma=0.039107290261478085)",0.6375,rbf,"{'C': 2.0, 'gamma': 'scale'}","{'thetas': array([0.0028, 0.0047]), 'lambdas': array([0.0028, 0.0047]), 'D_scores': array([174.2428, 103.5037])}",diff_mean_tiny_covariance_gap,2
MY-small_mu,3,linear,{},linear,0.575,poly,"{'C': 1.0, 'gamma': 'scale', 'degree': 2, 'coef0': 1.0}","{'thetas': array([0., 0., 0.]), 'lambdas': array([0., 0., 0.]), 'D_scores': array([1.0552e+11, 6.6002e+09, 4.7720e+09])}",diff_mean_tiny_covariance_gap,2
MY-small_mu,3,rbf,{'gamma': 0.039107290261478085},rbf(gamma=0.039107290261478085),0.5125,rbf,"{'C': 1.0, 'gamma': 'scale'}","{'thetas': array([0.0026, 0.004 , 0.0046]), 'lambdas': array([0.0026, 0.004 , 0.0046]), 'D_scores': array([189.8975, 122.6571, 106.0826])}",diff_mean_tiny_covariance_gap,2
MY-small_mu,3,laplacian,{'gamma': 0.039107290261478085},laplacian(gamma=0.039107290261478085),0.575,rbf,"{'C': 1.0, 'gamma': 0.5}","{'thetas': array([0.0022, 0.0036, 0.0057]), 'lambdas': array([0.0022, 0.0036, 0.0057]), 'D_scores': array([224.3198, 133.7271,  84.9843])}",diff_mean_tiny_covariance_gap,2
MY-small_mu,3,polynomial,"{'degree': 2, 'gamma': 0.039107290261478085, 'coef0': 1.0}","polynomial(coef0=1.0, degree=2, gamma=0.039107290261478085)",0.5,rbf,"{'C': 0.5, 'gamma': 'scale'}","{'thetas': array([0.0102, 0.0118, 0.0253]), 'lambdas': array([0.0102, 0.0118, 0.0253]), 'D_scores': array([46.2714, 39.6094, 17.4464])}",diff_mean_tiny_covariance_gap,2
MY-small_mu,3,sigmoid,"{'gamma': 0.039107290261478085, 'coef0': 0.0}","sigmoid(coef0=0.0, gamma=0.039107290261478085)",0.575,rbf,"{'C': 1.0, 'gamma': 'scale'}","{'thetas': array([0.0011, 0.0031, 0.0064]), 'lambdas': array([0.0011, 0.0031, 0.0064]), 'D_scores': array([451.7103, 155.9456,  74.559 ])}",diff_mean_tiny_covariance_gap,2
MY-small_mu,4,linear,{},linear,0.5875,rbf,"{'C': 2.0, 'gamma': 'scale'}","{'thetas': array([0., 0., 0., 0.]), 'lambdas': array([0., 0., 0., 0.]), 'D_scores': array([1.7267e+10, 1.3014e+10, 6.7570e+09, 6.5303e+09])}",diff_mean_tiny_covariance_gap,2
MY-small_mu,4,rbf,{'gamma': 0.039107290261478085},rbf(gamma=0.039107290261478085),0.575,rbf,"{'C': 0.5, 'gamma': 0.5}","{'thetas': array([0.0017, 0.0029, 0.0052, 0.006 ]), 'lambdas': array([0.0017, 0.0029, 0.0052, 0.006 ]), 'D_scores': array([293.0512, 169.8772,  93.0667,  79.8777])}",diff_mean_tiny_covariance_gap,2
MY-small_mu,4,laplacian,{'gamma': 0.039107290261478085},laplacian(gamma=0.039107290261478085),0.5625,rbf,"{'C': 0.5, 'gamma': 0.5}","{'thetas': array([0.0004, 0.0031, 0.0038, 0.0065]), 'lambdas': array([0.0004, 0.0031, 0.0038, 0.0065]), 'D_scores': array([1136.5282,  155.9062,  127.199 ,   74.4415])}",diff_mean_tiny_covariance_gap,2
MY-small_mu,4,polynomial,"{'degree': 2, 'gamma': 0.039107290261478085, 'coef0': 1.0}","polynomial(coef0=1.0, degree=2, gamma=0.039107290261478085)",0.5875,rbf,"{'C': 0.5, 'gamma': 0.5}","{'thetas': array([0.0037, 0.0056, 0.0136, 0.0256]), 'lambdas': array([0.0037, 0.0056, 0.0136, 0.0256]), 'D_scores': array([133.4181,  86.7608,  34.0808,  17.2203])}",diff_mean_tiny_covariance_gap,2
MY-small_mu,4,sigmoid,"{'gamma': 0.039107290261478085, 'coef0': 0.0}","sigmoid(coef0=0.0, gamma=0.039107290261478085)",0.7125,rbf,"{'C': 1.0, 'gamma': 0.5}","{'thetas': array([0.0001, 0.0019, 0.0032, 0.004 ]), 'lambdas': array([0.0001, 0.0019, 0.0032, 0.004 ]), 'D_scores': array([3718.1051,  256.9106,  151.8202,  120.5557])}",diff_mean_tiny_covariance_gap,2
MY-small_mu,5,linear,{},linear,0.6375,poly,"{'C': 0.5, 'gamma': 'scale', 'degree': 2, 'coef0': 1.0}","{'thetas': array([0., 0., 0., 0., 0.]), 'lambdas': array([0., 0., 0., 0., 0.]), 'D_scores': array([2.6287e+10, 7.6881e+09, 2.4328e+09, 1.8591e+09, 1.5846e+09])}",diff_mean_tiny_covariance_gap,2
MY-small_mu,5,rbf,{'gamma': 0.039107290261478085},rbf(gamma=0.039107290261478085),0.5875,rbf,"{'C': 0.5, 'gamma': 0.5}","{'thetas': array([0.0003, 0.0014, 0.0039, 0.008 , 0.01  ]), 'lambdas': array([0.0003, 0.0014, 0.0039, 0.008 , 0.01  ]), 'D_scores': array([1815.2252,  346.1251,  125.9096,   59.4551,   47.2882])}",diff_mean_tiny_covariance_gap,2
MY-small_mu,5,laplacian,{'gamma': 0.039107290261478085},laplacian(gamma=0.039107290261478085),0.6125,rbf,"{'C': 0.5, 'gamma': 0.5}","{'thetas': array([0.0039, 0.0056, 0.007 , 0.0086, 0.0101]), 'lambdas': array([0.0039, 0.0056, 0.007 , 0.0086, 0.0101]), 'D_scores': array([123.8641,  86.5454,  68.9403,  54.9666,  46.5978])}",diff_mean_tiny_covariance_gap,2
MY-small_mu,5,polynomial,"{'degree': 2, 'gamma': 0.039107290261478085, 'coef0': 1.0}","polynomial(coef0=1.0, degree=2, gamma=0.039107290261478085)",0.5875,rbf,"{'C': 0.5, 'gamma': 'scale'}","{'thetas': array([0.0039, 0.0151, 0.021 , 0.0234, 0.039 ]), 'lambdas': array([0.0039, 0.0151, 0.021 , 0.0234, 0.039 ]), 'D_scores': array([123.5701,  30.5091,  21.4201,  19.0146,  10.7089])}",diff_mean_tiny_covariance_gap,2
MY-small_mu,5,sigmoid,"{'gamma': 0.039107290261478085, 'coef0': 0.0}","sigmoid(coef0=0.0, gamma=0.039107290261478085)",0.725,rbf,"{'C': 2.0, 'gamma': 0.5}","{'thetas': array([0.0017, 0.0034, 0.0044, 0.0073, 0.0096]), 'lambdas': array([0.0017, 0.0034, 0.0044, 0.0073, 0.0096]), 'D_scores': array([298.9823, 142.9107, 110.5774,  65.351 ,  49.2135])}",diff_mean_tiny_covariance_gap,2
MY-small_mu,6,linear,{},linear,0.65,rbf,"{'C': 0.5, 'gamma': 'scale'}","{'thetas': array([0., 0., 0., 0., 0., 0.]), 'lambdas': array([0., 0., 0., 0., 0., 0.]), 'D_scores': array([1.0834e+11, 4.9085e+09, 3.7303e+09, 3.5236e+09, 2.2206e+09,
       2.0939e+09])}",diff_mean_tiny_covariance_gap,2
MY-small_mu,6,rbf,{'gamma': 0.039107290261478085},rbf(gamma=0.039107290261478085),0.5625,rbf,"{'C': 1.0, 'gamma': 'scale'}","{'thetas': array([0.002 , 0.0026, 0.0043, 0.0047, 0.0102, 0.0122]), 'lambdas': array([0.002 , 0.0026, 0.0043, 0.0047, 0.0102, 0.0122]), 'D_scores': array([246.9834, 191.9621, 113.8362, 103.4375,  46.3546,  38.1854])}",diff_mean_tiny_covariance_gap,2
MY-small_mu,6,laplacian,{'gamma': 0.039107290261478085},laplacian(gamma=0.039107290261478085),0.4625,rbf,"{'C': 0.5, 'gamma': 'scale'}","{'thetas': array([0.0011, 0.0023, 0.0058, 0.0073, 0.0083, 0.0112]), 'lambdas': array([0.0011, 0.0023, 0.0058, 0.0073, 0.0083, 0.0112]), 'D_scores': array([468.0309, 210.6352,  83.1508,  65.4257,  57.6513,  42.0497])}",diff_mean_tiny_covariance_gap,2
MY-small_mu,6,polynomial,"{'degree': 2, 'gamma': 0.039107290261478085, 'coef0': 1.0}","polynomial(coef0=1.0, degree=2, gamma=0.039107290261478085)",0.675,rbf,"{'C': 0.5, 'gamma': 'scale'}","{'thetas': array([      0.004 ,       0.0147,       0.0258,       0.037 ,
       1751287.4188,  762466.6231]), 'lambdas': array([      0.004 ,       0.0147,       0.0258,       0.037 ,
       1751287.4188,  762466.6231]), 'D_scores': array([121.5992,  31.4691,  17.0399,  11.3808,   6.688 ,   6.2722])}",diff_mean_tiny_covariance_gap,2
MY-small_mu,6,sigmoid,"{'gamma': 0.039107290261478085, 'coef0': 0.0}","sigmoid(coef0=0.0, gamma=0.039107290261478085)",0.7375,rbf,"{'C': 1.0, 'gamma': 0.5}","{'thetas': array([0.0028, 0.0052, 0.0075, 0.0094, 0.0148, 0.0193]), 'lambdas': array([0.0028, 0.0052, 0.0075, 0.0094, 0.0148, 0.0193]), 'D_scores': array([175.8642,  93.135 ,  63.4425,  50.6197,  31.2839,  23.4667])}",diff_mean_tiny_covariance_gap,2
MY-small_mu,7,linear,{},linear,0.5,rbf,"{'C': 1.0, 'gamma': 'scale'}","{'thetas': array([0., 0., 0., 0., 0., 0., 0.]), 'lambdas': array([0., 0., 0., 0., 0., 0., 0.]), 'D_scores': array([8.5930e+09, 5.3605e+09, 3.3916e+09, 2.1657e+09, 2.1260e+09,
       1.3784e+09, 1.1047e+09])}",diff_mean_tiny_covariance_gap,2
MY-small_mu,7,rbf,{'gamma': 0.039107290261478085},rbf(gamma=0.039107290261478085),0.6,rbf,"{'C': 1.0, 'gamma': 0.5}","{'thetas': array([0.0014, 0.003 , 0.0042, 0.0045, 0.0095, 0.0128, 0.0144]), 'lambdas': array([0.0014, 0.003 , 0.0042, 0.0045, 0.0095, 0.0128, 0.0144]), 'D_scores': array([364.1561, 163.7967, 116.8789, 109.1189,  50.0507,  36.4409,
        32.2202])}",diff_mean_tiny_covariance_gap,2
MY-small_mu,7,laplacian,{'gamma': 0.039107290261478085},laplacian(gamma=0.039107290261478085),0.4875,rbf,"{'C': 0.5, 'gamma': 0.5}","{'thetas': array([0.0004, 0.0012, 0.0032, 0.0086, 0.0094, 0.0125, 0.0141]), 'lambdas': array([0.0004, 0.0012, 0.0032, 0.0086, 0.0094, 0.0125, 0.0141]), 'D_scores': array([1333.9991,  423.907 ,  153.9727,   55.4982,   50.0928,   37.2134,
         32.9213])}",diff_mean_tiny_covariance_gap,2
MY-small_mu,7,polynomial,"{'degree': 2, 'gamma': 0.039107290261478085, 'coef0': 1.0}","polynomial(coef0=1.0, degree=2, gamma=0.039107290261478085)",0.5375,rbf,"{'C': 0.5, 'gamma': 0.5}","{'thetas': array([      0.0099,       0.0211,       0.0255,       0.0289,
             0.0496, 1652931.8926,       0.0589]), 'lambdas': array([      0.0099,       0.0211,       0.0255,       0.0289,
             0.0496, 1652931.8926,       0.0589]), 'D_scores': array([47.7148, 21.321 , 17.2753, 15.0267,  8.0847,  6.6592,  6.5721])}",diff_mean_tiny_covariance_gap,2
MY-small_mu,7,sigmoid,"{'gamma': 0.039107290261478085, 'coef0': 0.0}","sigmoid(coef0=0.0, gamma=0.039107290261478085)",0.75,rbf,"{'C': 1.0, 'gamma': 0.5}","{'thetas': array([0.0015, 0.0039, 0.0059, 0.0085, 0.0093, 0.0122, 0.0157]), 'lambdas': array([0.0015, 0.0039, 0.0059, 0.0085, 0.0093, 0.0122, 0.0157]), 'D_scores': array([328.7892, 123.6098,  82.1203,  55.8446,  51.0534,  38.2965,
        29.2806])}",diff_mean_tiny_covariance_gap,2
MY-small_mu,8,linear,{},linear,0.5625,rbf,"{'C': 2.0, 'gamma': 'scale'}","{'thetas': array([0., 0., 0., 0., 0., 0., 0., 0.]), 'lambdas': array([0., 0., 0., 0., 0., 0., 0., 0.]), 'D_scores': array([2.5459e+10, 1.1141e+10, 3.5236e+09, 3.3570e+09, 2.5683e+09,
       1.5978e+09, 1.3612e+09, 1.2681e+09])}",diff_mean_tiny_covariance_gap,2
MY-small_mu,8,rbf,{'gamma': 0.039107290261478085},rbf(gamma=0.039107290261478085),0.5625,rbf,"{'C': 1.0, 'gamma': 'scale'}","{'thetas': array([0.0004, 0.0013, 0.0027, 0.0045, 0.0054, 0.0073, 0.0125, 0.0179]), 'lambdas': array([0.0004, 0.0013, 0.0027, 0.0045, 0.0054, 0.0073, 0.0125, 0.0179]), 'D_scores': array([1151.5451,  379.0593,  184.7731,  107.675 ,   89.249 ,   65.4653,
         37.3706,   25.4128])}",diff_mean_tiny_covariance_gap,2
MY-small_mu,8,laplacian,{'gamma': 0.039107290261478085},laplacian(gamma=0.039107290261478085),0.5125,rbf,"{'C': 2.0, 'gamma': 'scale'}","{'thetas': array([0.001 , 0.0023, 0.0034, 0.0058, 0.0064, 0.0097, 0.014 , 0.0146]), 'lambdas': array([0.001 , 0.0023, 0.0034, 0.0058, 0.0064, 0.0097, 0.014 , 0.0146]), 'D_scores': array([486.0672, 211.1363, 143.4543,  83.415 ,  74.8936,  48.9867,
        33.0651,  31.6151])}",diff_mean_tiny_covariance_gap,2
MY-small_mu,8,polynomial,"{'degree': 2, 'gamma': 0.039107290261478085, 'coef0': 1.0}","polynomial(coef0=1.0, degree=2, gamma=0.039107290261478085)",0.575,rbf,"{'C': 1.0, 'gamma': 'scale'}","{'thetas': array([      0.0151,       0.0196,       0.0222,       0.0435,
       2103717.0468,  741986.6041,  728324.3508,  501441.6933]), 'lambdas': array([      0.0151,       0.0196,       0.0222,       0.0435,
       2103717.0468,  741986.6041,  728324.3508,  501441.6933]), 'D_scores': array([30.5451, 23.0294, 20.161 ,  9.4254,  6.7797,  6.2586,  6.2493,
        6.0627])}",diff_mean_tiny_covariance_gap,2
MY-small_mu,8,sigmoid,"{'gamma': 0.039107290261478085, 'coef0': 0.0}","sigmoid(coef0=0.0, gamma=0.039107290261478085)",0.6,rbf,"{'C': 2.0, 'gamma': 0.5}","{'thetas': array([0.001 , 0.0038, 0.0051, 0.0084, 0.0111, 0.0157, 0.0163, 0.0181]), 'lambdas': array([0.001 , 0.0038, 0.0051, 0.0084, 0.0111, 0.0157, 0.0163, 0.0181]), 'D_scores': array([520.8903, 128.006 ,  95.7958,  56.6422,  42.4541,  29.32  ,
        28.196 ,  25.1207])}",diff_mean_tiny_covariance_gap,2
MY-small_mu,10,linear,{},linear,0.575,rbf,"{'C': 1.0, 'gamma': 'scale'}","{'thetas': array([0., 0., 0., 0., 0., 0., 0., 0., 0., 0.]), 'lambdas': array([0., 0., 0., 0., 0., 0., 0., 0., 0., 0.]), 'D_scores': array([5.6415e+09, 5.5380e+09, 4.4299e+09, 4.0835e+09, 2.7342e+09,
       2.2643e+09, 1.8387e+09, 1.5077e+09, 1.2539e+09, 1.0632e+09])}",diff_mean_tiny_covariance_gap,2
MY-small_mu,10,rbf,{'gamma': 0.039107290261478085},rbf(gamma=0.039107290261478085),0.55,rbf,"{'C': 1.0, 'gamma': 0.5}","{'thetas': array([0.0027, 0.0045, 0.0063, 0.0087, 0.0096, 0.0125, 0.0144, 0.0177,
       0.0222, 0.0249]), 'lambdas': array([0.0027, 0.0045, 0.0063, 0.0087, 0.0096, 0.0125, 0.0144, 0.0177,
       0.0222, 0.0249]), 'D_scores': array([180.2188, 107.3162,  75.8696,  54.7383,  49.477 ,  37.3808,
        32.0544,  25.7242,  20.0753,  17.6998])}",diff_mean_tiny_covariance_gap,2
MY-small_mu,10,laplacian,{'gamma': 0.039107290261478085},laplacian(gamma=0.039107290261478085),0.5625,rbf,"{'C': 2.0, 'gamma': 'scale'}","{'thetas': array([0.0015, 0.0029, 0.004 , 0.0044, 0.0081, 0.0097, 0.0138, 0.0151,
       0.0191, 0.0208]), 'lambdas': array([0.0015, 0.0029, 0.004 , 0.0044, 0.0081, 0.0097, 0.0138, 0.0151,
       0.0191, 0.0208]), 'D_scores': array([336.1659, 170.2207, 120.6675, 109.9371,  59.2033,  48.9038,
        33.7217,  30.6198,  23.6337,  21.6097])}",diff_mean_tiny_covariance_gap,2
MY-small_mu,10,polynomial,"{'degree': 2, 'gamma': 0.039107290261478085, 'coef0': 1.0}","polynomial(coef0=1.0, degree=2, gamma=0.039107290261478085)",0.7,poly,"{'C': 0.5, 'gamma': 'scale', 'degree': 2, 'coef0': 1.0}","{'thetas': array([      0.0142,       0.0199,       0.0232,       0.0396,
             0.0446,       0.0514, 1964256.9728,  572936.0273,
        548159.1418,  417537.3265]), 'lambdas': array([      0.0142,       0.0199,       0.0232,       0.0396,
             0.0446,       0.0514, 1964256.9728,  572936.0273,
        548159.1418,  417537.3265]), 'D_scores': array([32.5782, 22.6183, 19.1931, 10.5243,  9.1628,  7.7536,  6.7454,
        6.1293,  6.1072,  5.9711])}",diff_mean_tiny_covariance_gap,2
MY-small_mu,10,sigmoid,"{'gamma': 0.039107290261478085, 'coef0': 0.0}","sigmoid(coef0=0.0, gamma=0.039107290261478085)",0.675,rbf,"{'C': 0.5, 'gamma': 0.5}","{'thetas': array([0.0014, 0.0029, 0.0048, 0.0071, 0.0088, 0.0161, 0.0206, 0.0304,
       0.0366, 0.0439]), 'lambdas': array([0.0014, 0.0029, 0.0048, 0.0071, 0.0088, 0.0161, 0.0206, 0.0304,
       0.0366, 0.0439]), 'D_scores': array([342.0889, 168.1111, 101.3173,  67.3604,  53.7414,  28.5102,
        21.8392,  14.2128,  11.5176,   9.3147])}",diff_mean_tiny_covariance_gap,2
MY-small_mu,12,linear,{},linear,0.6125,poly,"{'C': 1.0, 'gamma': 'scale', 'degree': 2, 'coef0': 1.0}","{'thetas': array([0., 0., 0., 0., 0., 0., 0., 0., 0., 0., 0., 0.]), 'lambdas': array([0., 0., 0., 0., 0., 0., 0., 0., 0., 0., 0., 0.]), 'D_scores': array([7.1403e+09, 4.5466e+09, 3.8172e+09, 3.6454e+09, 2.6197e+09,
       1.7454e+09, 1.4673e+09, 1.2012e+09, 9.4503e+08, 8.8356e+08,
       8.5192e+08, 7.3241e+08])}",diff_mean_tiny_covariance_gap,2
MY-small_mu,12,rbf,{'gamma': 0.039107290261478085},rbf(gamma=0.039107290261478085),0.4625,rbf,"{'C': 1.0, 'gamma': 'scale'}","{'thetas': array([0.0002, 0.001 , 0.0023, 0.0031, 0.0063, 0.0072, 0.0085, 0.0096,
       0.0128, 0.0148, 0.0209, 0.0225]), 'lambdas': array([0.0002, 0.001 , 0.0023, 0.0031, 0.0063, 0.0072, 0.0085, 0.0096,
       0.0128, 0.0148, 0.0209, 0.0225]), 'D_scores': array([2421.7599,  477.6041,  210.8334,  158.7518,   76.7385,   66.3875,
         56.2359,   49.4872,   36.3833,   31.2226,   21.4545,   19.8513])}",diff_mean_tiny_covariance_gap,2
MY-small_mu,12,laplacian,{'gamma': 0.039107290261478085},laplacian(gamma=0.039107290261478085),0.5625,rbf,"{'C': 2.0, 'gamma': 'scale'}","{'thetas': array([0.0009, 0.003 , 0.0045, 0.0053, 0.0107, 0.0136, 0.0158, 0.0182,
       0.0196, 0.0255, 0.0301, 0.0343]), 'lambdas': array([0.0009, 0.003 , 0.0045, 0.0053, 0.0107, 0.0136, 0.0158, 0.0182,
       0.0196, 0.0255, 0.0301, 0.0343]), 'D_scores': array([549.2387, 163.6107, 108.7858,  92.0345,  44.1671,  34.1577,
        28.9762,  24.9381,  23.0999,  17.2376,  14.3845,  12.3802])}",diff_mean_tiny_covariance_gap,2
MY-small_mu,12,polynomial,"{'degree': 2, 'gamma': 0.039107290261478085, 'coef0': 1.0}","polynomial(coef0=1.0, degree=2, gamma=0.039107290261478085)",0.6,rbf,"{'C': 2.0, 'gamma': 'scale'}","{'thetas': array([      0.0027,       0.0098,       0.0155,       0.0194,
             0.0214,       0.0328,       0.0361, 1588983.8699,
             0.0598,  606526.5335,  541248.5188,  445061.4117]), 'lambdas': array([      0.0027,       0.0098,       0.0155,       0.0194,
             0.0214,       0.0328,       0.0361, 1588983.8699,
             0.0598,  606526.5335,  541248.5188,  445061.4117]), 'D_scores': array([178.6016,  48.4386,  29.7071,  23.3162,  20.925 ,  13.0493,
        11.7134,   6.6393,   6.465 ,   6.1578,   6.1008,   6.003 ])}",diff_mean_tiny_covariance_gap,2
MY-small_mu,12,sigmoid,"{'gamma': 0.039107290261478085, 'coef0': 0.0}","sigmoid(coef0=0.0, gamma=0.039107290261478085)",0.5875,rbf,"{'C': 1.0, 'gamma': 0.5}","{'thetas': array([0.001 , 0.0016, 0.0025, 0.0049, 0.0071, 0.0102, 0.0155, 0.0184,
       0.0275, 0.0309, 0.0437, 0.0546]), 'lambdas': array([0.001 , 0.0016, 0.0025, 0.0049, 0.0071, 0.0102, 0.0155, 0.0184,
       0.0275, 0.0309, 0.0437, 0.0546]), 'D_scores': array([484.3124, 308.651 , 194.8971,  99.8422,  67.3999,  46.1189,
        29.7504,  24.7475,  15.8758,  13.953 ,   9.3661,   7.2109])}",diff_mean_tiny_covariance_gap,2
MY-small_mu,14,linear,{},linear,0.5875,rbf,"{'C': 2.0, 'gamma': 0.5}","{'thetas': array([0., 0., 0., 0., 0., 0., 0., 0., 0., 0., 0., 0., 0., 0.]), 'lambdas': array([0., 0., 0., 0., 0., 0., 0., 0., 0., 0., 0., 0., 0., 0.]), 'D_scores': array([6.9665e+10, 1.2703e+10, 1.1370e+10, 5.4223e+09, 4.3254e+09,
       2.0012e+09, 1.9991e+09, 1.9471e+09, 1.1268e+09, 1.1024e+09,
       1.0405e+09, 9.4936e+08, 7.6366e+08, 7.4324e+08])}",diff_mean_tiny_covariance_gap,2
MY-small_mu,14,rbf,{'gamma': 0.039107290261478085},rbf(gamma=0.039107290261478085),0.625,rbf,"{'C': 2.0, 'gamma': 'scale'}","{'thetas': array([0.0011, 0.0027, 0.0049, 0.0054, 0.0076, 0.012 , 0.0155, 0.0176,
       0.0192, 0.0243, 0.0256, 0.0321, 0.0365, 0.0408]), 'lambdas': array([0.0011, 0.0027, 0.0049, 0.0054, 0.0076, 0.012 , 0.0155, 0.0176,
       0.0192, 0.0243, 0.0256, 0.0321, 0.0365, 0.0408]), 'D_scores': array([454.8427, 185.0312,  98.9538,  89.3406,  63.2115,  38.7962,
        29.7394,  25.8606,  23.5649,  18.2146,  17.2344,  13.3702,
        11.5295,  10.1537])}",diff_mean_tiny_covariance_gap,2
MY-small_mu,14,laplacian,{'gamma': 0.039107290261478085},laplacian(gamma=0.039107290261478085),0.5125,rbf,"{'C': 0.5, 'gamma': 'scale'}","{'thetas': array([0.0028, 0.0046, 0.0052, 0.008 , 0.0091, 0.0152, 0.0191, 0.0207,
       0.0252, 0.0257, 0.031 , 0.0374, 0.0435, 0.049 ]), 'lambdas': array([0.0028, 0.0046, 0.0052, 0.008 , 0.0091, 0.0152, 0.0191, 0.0207,
       0.0252, 0.0257, 0.031 , 0.0374, 0.0435, 0.049 ]), 'D_scores': array([177.0058, 105.0437,  93.4205,  59.5738,  52.1284,  30.2277,
        23.6718,  21.7575,  17.5336,  17.1041,  13.9177,  11.2415,
         9.4322,   8.1996])}",diff_mean_tiny_covariance_gap,2
MY-small_mu,14,polynomial,"{'degree': 2, 'gamma': 0.039107290261478085, 'coef0': 1.0}","polynomial(coef0=1.0, degree=2, gamma=0.039107290261478085)",0.6125,rbf,"{'C': 1.0, 'gamma': 'scale'}","{'thetas': array([      0.0083,       0.0105,       0.0205,       0.0378,
             0.0452,       0.0494, 1621118.7337,       0.0618,
        637418.6785,  615343.132 ,  540156.6761,  439789.9648,
        325301.495 ,  266196.3898]), 'lambdas': array([      0.0083,       0.0105,       0.0205,       0.0378,
             0.0452,       0.0494, 1621118.7337,       0.0618,
        637418.6785,  615343.132 ,  540156.6761,  439789.9648,
        325301.495 ,  266196.3898]), 'D_scores': array([57.6649, 44.6514, 21.9337, 11.0833,  9.0281,  8.1233,  6.6495,
        6.2014,  6.1826,  6.165 ,  6.0998,  5.997 ,  5.8463,  5.746 ])}",diff_mean_tiny_covariance_gap,2
MY-small_mu,14,sigmoid,"{'gamma': 0.039107290261478085, 'coef0': 0.0}","sigmoid(coef0=0.0, gamma=0.039107290261478085)",0.6625,rbf,"{'C': 1.0, 'gamma': 0.5}","{'thetas': array([      0.002 ,       0.0041,       0.005 ,       0.0076,
             0.0108,       0.0128,       0.0182,       0.0224,
             0.0279,       0.0382,       0.0506, 4695758.6949,
       3311470.1346, 3125360.4589]), 'lambdas': array([      0.002 ,       0.0041,       0.005 ,       0.0076,
             0.0108,       0.0128,       0.0182,       0.0224,
             0.0279,       0.0382,       0.0506, 4695758.6949,
       3311470.1346, 3125360.4589]), 'D_scores': array([249.6674, 118.8548,  96.1834,  63.2413,  43.5736,  36.5424,
        24.9162,  19.9706,  15.6053,  10.9485,   7.8981,   7.1811,
         7.0065,   6.9775])}",diff_mean_tiny_covariance_gap,2
MY-small_mu,16,linear,{},linear,0.6125,rbf,"{'C': 1.0, 'gamma': 'scale'}","{'thetas': array([0., 0., 0., 0., 0., 0., 0., 0., 0., 0., 0., 0., 0., 0., 0., 0.]), 'lambdas': array([0., 0., 0., 0., 0., 0., 0., 0., 0., 0., 0., 0., 0., 0., 0., 0.]), 'D_scores': array([4.6387e+10, 2.1116e+10, 7.3956e+09, 2.5366e+09, 2.1406e+09,
       1.5413e+09, 1.5295e+09, 1.3566e+09, 1.0903e+09, 9.0542e+08,
       8.2435e+08, 8.2429e+08, 7.5019e+08, 7.4128e+08, 6.2198e+08,
       5.8152e+08])}",diff_mean_tiny_covariance_gap,2
MY-small_mu,16,rbf,{'gamma': 0.039107290261478085},rbf(gamma=0.039107290261478085),0.575,linear,{'C': 0.5},"{'thetas': array([      0.0028,       0.005 ,       0.0058,       0.0071,
             0.0119,       0.0141,       0.0157,       0.0199,
             0.0247,       0.0271,       0.0341,       0.0396,
             0.0508, 4660479.4527,  782869.1965,  616250.9675]), 'lambdas': array([      0.0028,       0.005 ,       0.0058,       0.0071,
             0.0119,       0.0141,       0.0157,       0.0199,
             0.0247,       0.0271,       0.0341,       0.0396,
             0.0508, 4660479.4527,  782869.1965,  616250.9675]), 'D_scores': array([175.1097,  97.6844,  82.8279,  67.0435,  39.1478,  32.8558,
        29.302 ,  22.6768,  17.9317,  16.1767,  12.4852,  10.5115,
         7.8489,   7.1775,   6.2854,   6.1657])}",diff_mean_tiny_covariance_gap,2
MY-small_mu,16,laplacian,{'gamma': 0.039107290261478085},laplacian(gamma=0.039107290261478085),0.5625,rbf,"{'C': 0.5, 'gamma': 'scale'}","{'thetas': array([      0.0016,       0.0029,       0.0055,       0.0073,
             0.0081,       0.0104,       0.0139,       0.0184,
             0.0219,       0.0258,       0.0356,       0.0372,
             0.0411,       0.0442,       0.0524, 1299643.0127]), 'lambdas': array([      0.0016,       0.0029,       0.0055,       0.0073,
             0.0081,       0.0104,       0.0139,       0.0184,
             0.0219,       0.0258,       0.0356,       0.0372,
             0.0411,       0.0442,       0.0524, 1299643.0127]), 'D_scores': array([299.3776, 170.4016,  87.7305,  65.5794,  58.6379,  45.1966,
        33.3745,  24.6479,  20.4082,  17.0242,  11.8733,  11.2925,
        10.0573,   9.2497,   7.5631,   6.5391])}",diff_mean_tiny_covariance_gap,2
MY-small_mu,16,polynomial,"{'degree': 2, 'gamma': 0.039107290261478085, 'coef0': 1.0}","polynomial(coef0=1.0, degree=2, gamma=0.039107290261478085)",0.55,poly,"{'C': 2.0, 'gamma': 'scale', 'degree': 2, 'coef0': 1.0}","{'thetas': array([      0.0142,       0.0175,       0.029 ,       0.0364,
             0.0545, 1457575.5661,  652870.1438,  624750.9804,
        427854.1476,  336983.526 ,  267272.5521,  223091.409 ,
        193142.5726,       0.0682,  157456.5479,  111709.6401]), 'lambdas': array([      0.0142,       0.0175,       0.029 ,       0.0364,
             0.0545, 1457575.5661,  652870.1438,  624750.9804,
        427854.1476,  336983.526 ,  267272.5521,  223091.409 ,
        193142.5726,       0.0682,  157456.5479,  111709.6401]), 'D_scores': array([32.633 , 26.1029, 14.9593, 11.5705,  7.2225,  6.5962,  6.1946,
        6.1726,  5.9833,  5.8639,  5.7481,  5.6577,  5.5856,  5.4929,
        5.4835,  5.3119])}",diff_mean_tiny_covariance_gap,2
MY-small_mu,16,sigmoid,"{'gamma': 0.039107290261478085, 'coef0': 0.0}","sigmoid(coef0=0.0, gamma=0.039107290261478085)",0.6375,rbf,"{'C': 2.0, 'gamma': 0.5}","{'thetas': array([      0.0005,       0.004 ,       0.0088,       0.0095,
             0.0134,       0.0158,       0.0173,       0.0215,
             0.0319,       0.0385,       0.0469, 4095906.9956,
             0.0553, 2984027.2279, 2460646.5261, 2344872.0284]), 'lambdas': array([      0.0005,       0.004 ,       0.0088,       0.0095,
             0.0134,       0.0158,       0.0173,       0.0215,
             0.0319,       0.0385,       0.0469, 4095906.9956,
             0.0553, 2984027.2279, 2460646.5261, 2344872.0284]), 'D_scores': array([985.1047, 123.2344,  54.2456,  49.8946,  34.7689,  29.1132,
        26.3409,  20.8112,  13.4743,  10.8723,   8.6215,   7.1127,
         7.0905,   6.9544,   6.858 ,   6.8339])}",diff_mean_tiny_covariance_gap,2
MY-small_mu,20,linear,{},linear,0.75,poly,"{'C': 2.0, 'gamma': 'scale', 'degree': 2, 'coef0': 1.0}","{'thetas': array([0., 0., 0., 0., 0., 0., 0., 0., 0., 0., 0., 0., 0., 0., 0., 0., 0.,
       0., 0., 0.]), 'lambdas': array([0., 0., 0., 0., 0., 0., 0., 0., 0., 0., 0., 0., 0., 0., 0., 0., 0.,
       0., 0., 0.]), 'D_scores': array([5.0923e+10, 1.2885e+10, 6.6338e+09, 3.6940e+09, 2.7021e+09,
       2.3124e+09, 2.1743e+09, 1.5689e+09, 1.2954e+09, 1.2232e+09,
       1.1812e+09, 9.7845e+08, 8.2996e+08, 8.0028e+08, 6.0496e+08,
       5.6342e+08, 4.8787e+08, 4.4925e+08, 4.2643e+08, 4.1655e+08])}",diff_mean_tiny_covariance_gap,2
MY-small_mu,20,rbf,{'gamma': 0.039107290261478085},rbf(gamma=0.039107290261478085),0.55,rbf,"{'C': 0.5, 'gamma': 'scale'}","{'thetas': array([      0.    ,       0.0012,       0.0019,       0.0046,
             0.0063,       0.0076,       0.0086,       0.0135,
             0.0141,       0.0157,       0.019 ,       0.0255,
             0.0268,       0.0325,       0.0371,       0.0414,
             0.0492, 3951356.6791,  976649.5707,  808101.9573]), 'lambdas': array([      0.    ,       0.0012,       0.0019,       0.0046,
             0.0063,       0.0076,       0.0086,       0.0135,
             0.0141,       0.0157,       0.019 ,       0.0255,
             0.0268,       0.0325,       0.0371,       0.0414,
             0.0492, 3951356.6791,  976649.5707,  808101.9573]), 'D_scores': array([21536.8213,   397.0551,   264.6361,   106.1953,    76.6345,
          63.2007,    54.9323,    34.4782,    32.8954,    29.2846,
          23.7982,    17.2437,    16.327 ,    13.1945,    11.3171,
           9.9861,     8.1626,     7.0951,     6.396 ,     6.3012])}",diff_mean_tiny_covariance_gap,2
MY-small_mu,20,laplacian,{'gamma': 0.039107290261478085},laplacian(gamma=0.039107290261478085),0.5375,rbf,"{'C': 1.0, 'gamma': 'scale'}","{'thetas': array([      0.002 ,       0.0036,       0.0057,       0.0064,
             0.008 ,       0.0104,       0.013 ,       0.015 ,
             0.019 ,       0.0205,       0.0264,       0.0299,
             0.0352,       0.0367,       0.0395,       0.0501,
             0.0535, 1322246.2114,  179569.4589,       0.0686]), 'lambdas': array([      0.002 ,       0.0036,       0.0057,       0.0064,
             0.008 ,       0.0104,       0.013 ,       0.015 ,
             0.019 ,       0.0205,       0.0264,       0.0299,
             0.0352,       0.0367,       0.0395,       0.0501,
             0.0535, 1322246.2114,  179569.4589,       0.0686]), 'D_scores': array([249.8991, 134.2519,  84.6931,  75.2623,  59.8054,  45.1048,
        35.8219,  30.6481,  23.8105,  21.8912,  16.6104,  14.4813,
        12.0241,  11.4569,  10.545 ,   7.9821,   7.3803,   6.5477,
         5.5493,   5.4457])}",diff_mean_tiny_covariance_gap,2
MY-small_mu,20,polynomial,"{'degree': 2, 'gamma': 0.039107290261478085, 'coef0': 1.0}","polynomial(coef0=1.0, degree=2, gamma=0.039107290261478085)",0.6125,rbf,"{'C': 1.0, 'gamma': 'scale'}","{'thetas': array([      0.0079,       0.0168,       0.0269,       0.0362,
             0.0367,       0.0492, 2087922.9001,  661075.1329,
             0.062 ,  619973.7736,  477926.4215,  360065.2025,
        349856.1322,  261958.5542,  197446.7871,  188977.4422,
        157562.2079,  137259.4497,  122395.1057,  110314.0243]), 'lambdas': array([      0.0079,       0.0168,       0.0269,       0.0362,
             0.0367,       0.0492, 2087922.9001,  661075.1329,
             0.062 ,  619973.7736,  477926.4215,  360065.2025,
        349856.1322,  261958.5542,  197446.7871,  188977.4422,
        157562.2079,  137259.4497,  122395.1057,  110314.0243]), 'D_scores': array([60.3456, 27.3358, 16.2964, 11.6769, 11.4849,  8.1733,  6.7759,
        6.2009,  6.171 ,  6.1687,  6.0386,  5.8971,  5.8827,  5.7382,
        5.5966,  5.5747,  5.4838,  5.4149,  5.3576,  5.3056])}",diff_mean_tiny_covariance_gap,2
MY-small_mu,20,sigmoid,"{'gamma': 0.039107290261478085, 'coef0': 0.0}","sigmoid(coef0=0.0, gamma=0.039107290261478085)",0.775,poly,"{'C': 2.0, 'gamma': 'scale', 'degree': 2, 'coef0': 1.0}","{'thetas': array([      0.0023,       0.0032,       0.0036,       0.0118,
             0.0156,       0.0166,       0.0232,       0.031 ,
             0.0398,       0.0434,       0.0475,       0.0542,
       4758214.3629, 3535805.5128, 2677360.4839, 2011021.538 ,
       1507227.5393, 1239136.7181,  837019.353 ,  697409.023 ]), 'lambdas': array([      0.0023,       0.0032,       0.0036,       0.0118,
             0.0156,       0.0166,       0.0232,       0.031 ,
             0.0398,       0.0434,       0.0475,       0.0542,
       4758214.3629, 3535805.5128, 2677360.4839, 2011021.538 ,
       1507227.5393, 1239136.7181,  837019.353 ,  697409.023 ]), 'D_scores': array([216.3955, 153.6289, 135.241 ,  39.6402,  29.3854,  27.5054,
        19.224 ,  13.8903,  10.4464,   9.4557,   8.5047,   7.262 ,
         7.1877,   7.0392,   6.9002,   6.7571,   6.6129,   6.515 ,
         6.3188,   6.2276])}",diff_mean_tiny_covariance_gap,2
KFDA-1D,1,linear,{},linear,0.7,rbf,"{'C': 0.5, 'gamma': 'scale'}","{'top_lambda': 0.00882009302104198, 'd_norm': 12.591849781058436}",diff_mean_tiny_covariance_gap,3
KFDA-1D,1,rbf,{'gamma': 0.03954998857521292},rbf(gamma=0.03954998857521292),0.7,linear,{'C': 2.0},"{'top_lambda': 4339.5428807913295, 'd_norm': 0.23164131780753613}",diff_mean_tiny_covariance_gap,3
KFDA-1D,1,laplacian,{'gamma': 0.03954998857521292},laplacian(gamma=0.03954998857521292),0.55,linear,{'C': 1.0},"{'top_lambda': 8018.383848606026, 'd_norm': 0.16171137907214977}",diff_mean_tiny_covariance_gap,3
KFDA-1D,1,polynomial,"{'degree': 2, 'gamma': 0.03954998857521292, 'coef0': 1.0}","polynomial(coef0=1.0, degree=2, gamma=0.03954998857521292)",0.625,sigmoid,"{'C': 0.5, 'gamma': 'scale', 'coef0': 0.0}","{'top_lambda': 46.79886193444779, 'd_norm': 1.1739466653859105}",diff_mean_tiny_covariance_gap,3
KFDA-1D,1,sigmoid,"{'gamma': 0.03954998857521292, 'coef0': 0.0}","sigmoid(coef0=0.0, gamma=0.03954998857521292)",0.825,poly,"{'C': 0.5, 'gamma': 'scale', 'degree': 2, 'coef0': 1.0}","{'top_lambda': 10.145122937721018, 'd_norm': 0.4604545970668588}",diff_mean_tiny_covariance_gap,3
MY-large_mu,1,linear,{},linear,0.6125,rbf,"{'C': 2.0, 'gamma': 0.5}","{'thetas': array([0.]), 'lambdas': array([0.]), 'gvals': array([1.2178e+10])}",diff_mean_tiny_covariance_gap,3
MY-large_mu,1,rbf,{'gamma': 0.03954998857521292},rbf(gamma=0.03954998857521292),0.5875,rbf,"{'C': 0.5, 'gamma': 0.5}","{'thetas': array([0.0015]), 'lambdas': array([0.0015]), 'gvals': array([321.002])}",diff_mean_tiny_covariance_gap,3
MY-large_mu,1,laplacian,{'gamma': 0.03954998857521292},laplacian(gamma=0.03954998857521292),0.6375,poly,"{'C': 1.0, 'gamma': 'scale', 'degree': 2, 'coef0': 1.0}","{'thetas': array([0.0023]), 'lambdas': array([0.0023]), 'gvals': array([210.0399])}",diff_mean_tiny_covariance_gap,3
MY-large_mu,1,polynomial,"{'degree': 2, 'gamma': 0.03954998857521292, 'coef0': 1.0}","polynomial(coef0=1.0, degree=2, gamma=0.03954998857521292)",0.675,rbf,"{'C': 0.5, 'gamma': 0.5}","{'thetas': array([0.0042]), 'lambdas': array([0.0042]), 'gvals': array([115.4636])}",diff_mean_tiny_covariance_gap,3
MY-large_mu,1,sigmoid,"{'gamma': 0.03954998857521292, 'coef0': 0.0}","sigmoid(coef0=0.0, gamma=0.03954998857521292)",0.725,linear,{'C': 0.5},"{'thetas': array([0.0019]), 'lambdas': array([0.0019]), 'gvals': array([261.5336])}",diff_mean_tiny_covariance_gap,3
MY-large_mu,2,linear,{},linear,0.5625,linear,{'C': 0.5},"{'thetas': array([0., 0.]), 'lambdas': array([0., 0.]), 'gvals': array([3.0972e+10, 6.1554e+09])}",diff_mean_tiny_covariance_gap,3
MY-large_mu,2,rbf,{'gamma': 0.03954998857521292},rbf(gamma=0.03954998857521292),0.65,rbf,"{'C': 0.5, 'gamma': 'scale'}","{'thetas': array([0.0015, 0.0043]), 'lambdas': array([0.0015, 0.0043]), 'gvals': array([332.1044, 113.6271])}",diff_mean_tiny_covariance_gap,3
MY-large_mu,2,laplacian,{'gamma': 0.03954998857521292},laplacian(gamma=0.03954998857521292),0.5625,rbf,"{'C': 0.5, 'gamma': 'scale'}","{'thetas': array([0.0014, 0.004 ]), 'lambdas': array([0.0014, 0.004 ]), 'gvals': array([359.5433, 120.3748])}",diff_mean_tiny_covariance_gap,3
MY-large_mu,2,polynomial,"{'degree': 2, 'gamma': 0.03954998857521292, 'coef0': 1.0}","polynomial(coef0=1.0, degree=2, gamma=0.03954998857521292)",0.5875,poly,"{'C': 0.5, 'gamma': 'scale', 'degree': 2, 'coef0': 1.0}","{'thetas': array([0.009 , 0.0159]), 'lambdas': array([0.009 , 0.0159]), 'gvals': array([52.5925, 28.9028])}",diff_mean_tiny_covariance_gap,3
MY-large_mu,2,sigmoid,"{'gamma': 0.03954998857521292, 'coef0': 0.0}","sigmoid(coef0=0.0, gamma=0.03954998857521292)",0.7625,rbf,"{'C': 2.0, 'gamma': 'scale'}","{'thetas': array([0.0013, 0.003 ]), 'lambdas': array([0.0013, 0.003 ]), 'gvals': array([370.0256, 163.9249])}",diff_mean_tiny_covariance_gap,3
MY-large_mu,3,linear,{},linear,0.5625,rbf,"{'C': 0.5, 'gamma': 0.5}","{'thetas': array([0., 0., 0.]), 'lambdas': array([0., 0., 0.]), 'gvals': array([5.5270e+10, 4.4904e+10, 1.5540e+10])}",diff_mean_tiny_covariance_gap,3
MY-large_mu,3,rbf,{'gamma': 0.03954998857521292},rbf(gamma=0.03954998857521292),0.6625,rbf,"{'C': 0.5, 'gamma': 0.5}","{'thetas': array([0.0048, 0.0057, 0.0065]), 'lambdas': array([0.0048, 0.0057, 0.0065]), 'gvals': array([101.5969,  84.5179,  73.8484])}",diff_mean_tiny_covariance_gap,3
MY-large_mu,3,laplacian,{'gamma': 0.03954998857521292},laplacian(gamma=0.03954998857521292),0.5375,rbf,"{'C': 2.0, 'gamma': 0.5}","{'thetas': array([0.0002, 0.0021, 0.0035]), 'lambdas': array([0.0002, 0.0021, 0.0035]), 'gvals': array([3022.2599,  230.0099,  139.7378])}",diff_mean_tiny_covariance_gap,3
MY-large_mu,3,polynomial,"{'degree': 2, 'gamma': 0.03954998857521292, 'coef0': 1.0}","polynomial(coef0=1.0, degree=2, gamma=0.03954998857521292)",0.6,poly,"{'C': 0.5, 'gamma': 'scale', 'degree': 2, 'coef0': 1.0}","{'thetas': array([0.0146, 0.0216, 0.0276]), 'lambdas': array([0.0146, 0.0216, 0.0276]), 'gvals': array([31.7271, 20.709 , 15.8124])}",diff_mean_tiny_covariance_gap,3
MY-large_mu,3,sigmoid,"{'gamma': 0.03954998857521292, 'coef0': 0.0}","sigmoid(coef0=0.0, gamma=0.03954998857521292)",0.7,rbf,"{'C': 1.0, 'gamma': 0.5}","{'thetas': array([0.0007, 0.0026, 0.0035]), 'lambdas': array([0.0007, 0.0026, 0.0035]), 'gvals': array([714.5359, 191.6235, 140.9733])}",diff_mean_tiny_covariance_gap,3
MY-large_mu,4,linear,{},linear,0.7125,rbf,"{'C': 0.5, 'gamma': 'scale'}","{'thetas': array([0., 0., 0., 0.]), 'lambdas': array([0., 0., 0., 0.]), 'gvals': array([1.2779e+11, 1.1309e+10, 5.8957e+09, 4.0565e+09])}",diff_mean_tiny_covariance_gap,3
MY-large_mu,4,rbf,{'gamma': 0.03954998857521292},rbf(gamma=0.03954998857521292),0.5875,rbf,"{'C': 1.0, 'gamma': 0.5}","{'thetas': array([0.0009, 0.0015, 0.0023, 0.0035]), 'lambdas': array([0.0009, 0.0015, 0.0023, 0.0035]), 'gvals': array([550.4099, 332.2381, 216.8915, 137.7588])}",diff_mean_tiny_covariance_gap,3
MY-large_mu,4,laplacian,{'gamma': 0.03954998857521292},laplacian(gamma=0.03954998857521292),0.5125,rbf,"{'C': 2.0, 'gamma': 0.5}","{'thetas': array([0.0002, 0.0006, 0.0032, 0.0044]), 'lambdas': array([0.0002, 0.0006, 0.0032, 0.0044]), 'gvals': array([2902.0636,  875.5524,  151.2765,  109.3192])}",diff_mean_tiny_covariance_gap,3
MY-large_mu,4,polynomial,"{'degree': 2, 'gamma': 0.03954998857521292, 'coef0': 1.0}","polynomial(coef0=1.0, degree=2, gamma=0.03954998857521292)",0.575,rbf,"{'C': 2.0, 'gamma': 0.5}","{'thetas': array([0.0036, 0.0152, 0.0232, 0.0325]), 'lambdas': array([0.0036, 0.0152, 0.0232, 0.0325]), 'gvals': array([137.3432,  30.2499,  19.2097,  13.1849])}",diff_mean_tiny_covariance_gap,3
MY-large_mu,4,sigmoid,"{'gamma': 0.03954998857521292, 'coef0': 0.0}","sigmoid(coef0=0.0, gamma=0.03954998857521292)",0.75,rbf,"{'C': 0.5, 'gamma': 0.5}","{'thetas': array([0.0021, 0.0043, 0.0072, 0.0083]), 'lambdas': array([0.0021, 0.0043, 0.0072, 0.0083]), 'gvals': array([234.8187, 113.7129,  66.2219,  57.5757])}",diff_mean_tiny_covariance_gap,3
MY-large_mu,5,linear,{},linear,0.5375,rbf,"{'C': 0.5, 'gamma': 'scale'}","{'thetas': array([0., 0., 0., 0., 0.]), 'lambdas': array([0., 0., 0., 0., 0.]), 'gvals': array([1.0082e+10, 3.8065e+09, 2.3973e+09, 1.8152e+09, 1.7329e+09])}",diff_mean_tiny_covariance_gap,3
MY-large_mu,5,rbf,{'gamma': 0.03954998857521292},rbf(gamma=0.03954998857521292),0.5875,rbf,"{'C': 0.5, 'gamma': 'scale'}","{'thetas': array([0.0018, 0.0033, 0.0062, 0.0066, 0.0082]), 'lambdas': array([0.0018, 0.0033, 0.0062, 0.0066, 0.0082]), 'gvals': array([279.2059, 148.3031,  78.0955,  72.9096,  57.9494])}",diff_mean_tiny_covariance_gap,3
MY-large_mu,5,laplacian,{'gamma': 0.03954998857521292},laplacian(gamma=0.03954998857521292),0.525,rbf,"{'C': 2.0, 'gamma': 0.5}","{'thetas': array([0.0008, 0.002 , 0.0031, 0.0063, 0.0079]), 'lambdas': array([0.0008, 0.002 , 0.0031, 0.0063, 0.0079]), 'gvals': array([615.0943, 241.0221, 158.9565,  76.4368,  60.6374])}",diff_mean_tiny_covariance_gap,3
MY-large_mu,5,polynomial,"{'degree': 2, 'gamma': 0.03954998857521292, 'coef0': 1.0}","polynomial(coef0=1.0, degree=2, gamma=0.03954998857521292)",0.5,rbf,"{'C': 1.0, 'gamma': 0.5}","{'thetas': array([0.0062, 0.011 , 0.0282, 0.0326, 0.0485]), 'lambdas': array([0.0062, 0.011 , 0.0282, 0.0326, 0.0485]), 'gvals': array([77.5533, 42.6433, 15.4606, 13.1101,  8.3033])}",diff_mean_tiny_covariance_gap,3
MY-large_mu,5,sigmoid,"{'gamma': 0.03954998857521292, 'coef0': 0.0}","sigmoid(coef0=0.0, gamma=0.03954998857521292)",0.6375,rbf,"{'C': 1.0, 'gamma': 'scale'}","{'thetas': array([0.0013, 0.0024, 0.0032, 0.0057, 0.0062]), 'lambdas': array([0.0013, 0.0024, 0.0032, 0.0057, 0.0062]), 'gvals': array([378.1781, 206.9965, 151.5224,  83.9312,  77.6337])}",diff_mean_tiny_covariance_gap,3
MY-large_mu,6,linear,{},linear,0.6,rbf,"{'C': 0.5, 'gamma': 0.5}","{'thetas': array([0., 0., 0., 0., 0., 0.]), 'lambdas': array([0., 0., 0., 0., 0., 0.]), 'gvals': array([2.0216e+10, 9.2398e+09, 5.7737e+09, 3.0673e+09, 2.4061e+09,
       2.2460e+09])}",diff_mean_tiny_covariance_gap,3
MY-large_mu,6,rbf,{'gamma': 0.03954998857521292},rbf(gamma=0.03954998857521292),0.4875,poly,"{'C': 2.0, 'gamma': 'scale', 'degree': 2, 'coef0': 1.0}","{'thetas': array([0.002 , 0.0034, 0.0049, 0.0083, 0.0115, 0.0149]), 'lambdas': array([0.002 , 0.0034, 0.0049, 0.0083, 0.0115, 0.0149]), 'gvals': array([244.2055, 142.2   ,  98.4222,  57.3866,  40.9297,  31.0308])}",diff_mean_tiny_covariance_gap,3
MY-large_mu,6,laplacian,{'gamma': 0.03954998857521292},laplacian(gamma=0.03954998857521292),0.6125,rbf,"{'C': 2.0, 'gamma': 0.5}","{'thetas': array([0.0007, 0.0029, 0.0032, 0.0087, 0.0101, 0.0114]), 'lambdas': array([0.0007, 0.0029, 0.0032, 0.0087, 0.0101, 0.0114]), 'gvals': array([715.6289, 167.8991, 151.1064,  54.4973,  46.4871,  41.1573])}",diff_mean_tiny_covariance_gap,3
MY-large_mu,6,polynomial,"{'degree': 2, 'gamma': 0.03954998857521292, 'coef0': 1.0}","polynomial(coef0=1.0, degree=2, gamma=0.03954998857521292)",0.575,rbf,"{'C': 0.5, 'gamma': 0.5}","{'thetas': array([0.0017, 0.0189, 0.0239, 0.0264, 0.0401, 0.046 ]), 'lambdas': array([0.0017, 0.0189, 0.0239, 0.0264, 0.0401, 0.046 ]), 'gvals': array([285.0761,  23.9838,  18.5428,  16.6424,  10.3558,   8.8355])}",diff_mean_tiny_covariance_gap,3
MY-large_mu,6,sigmoid,"{'gamma': 0.03954998857521292, 'coef0': 0.0}","sigmoid(coef0=0.0, gamma=0.03954998857521292)",0.675,rbf,"{'C': 2.0, 'gamma': 0.5}","{'thetas': array([0.0011, 0.002 , 0.0039, 0.0055, 0.0079, 0.0105]), 'lambdas': array([0.0011, 0.002 , 0.0039, 0.0055, 0.0079, 0.0105]), 'gvals': array([470.7092, 247.8504, 123.4905,  87.2188,  60.6533,  45.0305])}",diff_mean_tiny_covariance_gap,3
MY-large_mu,7,linear,{},linear,0.65,poly,"{'C': 2.0, 'gamma': 'scale', 'degree': 2, 'coef0': 1.0}","{'thetas': array([0., 0., 0., 0., 0., 0., 0.]), 'lambdas': array([0., 0., 0., 0., 0., 0., 0.]), 'gvals': array([2.7672e+10, 1.0233e+10, 5.2593e+09, 4.4593e+09, 3.2558e+09,
       2.9292e+09, 2.0674e+09])}",diff_mean_tiny_covariance_gap,3
MY-large_mu,7,rbf,{'gamma': 0.03954998857521292},rbf(gamma=0.03954998857521292),0.65,rbf,"{'C': 0.5, 'gamma': 0.5}","{'thetas': array([0.0018, 0.0035, 0.0046, 0.0047, 0.0075, 0.0084, 0.0107]), 'lambdas': array([0.0018, 0.0035, 0.0046, 0.0047, 0.0075, 0.0084, 0.0107]), 'gvals': array([267.3915, 137.7878, 105.884 , 102.656 ,  63.6308,  56.7296,
        43.9719])}",diff_mean_tiny_covariance_gap,3
MY-large_mu,7,laplacian,{'gamma': 0.03954998857521292},laplacian(gamma=0.03954998857521292),0.55,rbf,"{'C': 0.5, 'gamma': 0.5}","{'thetas': array([0.0028, 0.0065, 0.0073, 0.0077, 0.013 , 0.0138, 0.0143]), 'lambdas': array([0.0028, 0.0065, 0.0073, 0.0077, 0.013 , 0.0138, 0.0143]), 'gvals': array([174.2664,  73.3497,  65.6996,  61.9105,  35.6682,  33.6693,
        32.2909])}",diff_mean_tiny_covariance_gap,3
MY-large_mu,7,polynomial,"{'degree': 2, 'gamma': 0.03954998857521292, 'coef0': 1.0}","polynomial(coef0=1.0, degree=2, gamma=0.03954998857521292)",0.525,rbf,"{'C': 1.0, 'gamma': 'scale'}","{'thetas': array([      0.0077,       0.0115,       0.0203,       0.0303,
             0.0367,       0.0434, 1970551.4435]), 'lambdas': array([      0.0077,       0.0115,       0.0203,       0.0303,
             0.0367,       0.0434, 1970551.4435]), 'gvals': array([62.2699, 40.8504, 22.2328, 14.2461, 11.4537,  9.4613,  6.7469])}",diff_mean_tiny_covariance_gap,3
MY-large_mu,7,sigmoid,"{'gamma': 0.03954998857521292, 'coef0': 0.0}","sigmoid(coef0=0.0, gamma=0.03954998857521292)",0.8,rbf,"{'C': 1.0, 'gamma': 0.5}","{'thetas': array([0.0012, 0.0023, 0.0041, 0.006 , 0.0098, 0.0113, 0.0139]), 'lambdas': array([0.0012, 0.0023, 0.0041, 0.006 , 0.0098, 0.0113, 0.0139]), 'gvals': array([397.4714, 213.5603, 119.3395,  80.8915,  48.335 ,  41.3171,
        33.4225])}",diff_mean_tiny_covariance_gap,3
MY-large_mu,8,linear,{},linear,0.5875,rbf,"{'C': 1.0, 'gamma': 'scale'}","{'thetas': array([0., 0., 0., 0., 0., 0., 0., 0.]), 'lambdas': array([0., 0., 0., 0., 0., 0., 0., 0.]), 'gvals': array([7.6453e+10, 8.2393e+09, 6.2195e+09, 3.8740e+09, 3.2956e+09,
       2.9630e+09, 2.8923e+09, 1.6314e+09])}",diff_mean_tiny_covariance_gap,3
MY-large_mu,8,rbf,{'gamma': 0.03954998857521292},rbf(gamma=0.03954998857521292),0.65,rbf,"{'C': 0.5, 'gamma': 0.5}","{'thetas': array([0.0029, 0.0042, 0.0048, 0.0055, 0.0095, 0.0132, 0.0154, 0.0185]), 'lambdas': array([0.0029, 0.0042, 0.0048, 0.0055, 0.0095, 0.0132, 0.0154, 0.0185]), 'gvals': array([170.6525, 115.1426, 100.6792,  88.3135,  49.6899,  35.1322,
        29.8611,  24.5355])}",diff_mean_tiny_covariance_gap,3
MY-large_mu,8,laplacian,{'gamma': 0.03954998857521292},laplacian(gamma=0.03954998857521292),0.7125,rbf,"{'C': 0.5, 'gamma': 0.5}","{'thetas': array([0.0015, 0.0023, 0.0041, 0.0058, 0.0063, 0.0093, 0.0123, 0.0128]), 'lambdas': array([0.0015, 0.0023, 0.0041, 0.0058, 0.0063, 0.0093, 0.0123, 0.0128]), 'gvals': array([329.696 , 214.8457, 118.0113,  82.4491,  76.6485,  50.9043,
        37.9963,  36.4448])}",diff_mean_tiny_covariance_gap,3
MY-large_mu,8,polynomial,"{'degree': 2, 'gamma': 0.03954998857521292, 'coef0': 1.0}","polynomial(coef0=1.0, degree=2, gamma=0.03954998857521292)",0.625,rbf,"{'C': 2.0, 'gamma': 'scale'}","{'thetas': array([      0.0077,       0.0167,       0.024 ,       0.0415,
             0.0584, 1145738.1561,  769627.1973,  562779.5986]), 'lambdas': array([      0.0077,       0.0167,       0.024 ,       0.0415,
             0.0584, 1145738.1561,  769627.1973,  562779.5986]), 'gvals': array([62.1316, 27.421 , 18.5098,  9.9599,  6.6397,  6.4758,  6.2768,
        6.1203])}",diff_mean_tiny_covariance_gap,3
MY-large_mu,8,sigmoid,"{'gamma': 0.03954998857521292, 'coef0': 0.0}","sigmoid(coef0=0.0, gamma=0.03954998857521292)",0.75,rbf,"{'C': 0.5, 'gamma': 0.5}","{'thetas': array([0.001 , 0.0013, 0.0038, 0.0051, 0.007 , 0.0128, 0.0164, 0.0192]), 'lambdas': array([0.001 , 0.0013, 0.0038, 0.0051, 0.007 , 0.0128, 0.0164, 0.0192]), 'gvals': array([501.0293, 377.7817, 128.6709,  94.7276,  68.5436,  36.2675,
        27.8613,  23.5713])}",diff_mean_tiny_covariance_gap,3
MY-large_mu,10,linear,{},linear,0.675,rbf,"{'C': 1.0, 'gamma': 0.5}","{'thetas': array([0., 0., 0., 0., 0., 0., 0., 0., 0., 0.]), 'lambdas': array([0., 0., 0., 0., 0., 0., 0., 0., 0., 0.]), 'gvals': array([8.4306e+10, 5.8629e+09, 4.2471e+09, 2.8425e+09, 2.0424e+09,
       1.7197e+09, 1.4803e+09, 1.2054e+09, 9.6397e+08, 8.3004e+08])}",diff_mean_tiny_covariance_gap,3
MY-large_mu,10,rbf,{'gamma': 0.03954998857521292},rbf(gamma=0.03954998857521292),0.55,rbf,"{'C': 2.0, 'gamma': 0.5}","{'thetas': array([0.0002, 0.0032, 0.0037, 0.0047, 0.0057, 0.008 , 0.0101, 0.0121,
       0.0125, 0.0159]), 'lambdas': array([0.0002, 0.0032, 0.0037, 0.0047, 0.0057, 0.008 , 0.0101, 0.0121,
       0.0125, 0.0159]), 'gvals': array([2393.1038,  153.0521,  130.8089,  103.2668,   85.3288,   59.4088,
         46.6425,   38.5751,   37.4604,   28.8566])}",diff_mean_tiny_covariance_gap,3
MY-large_mu,10,laplacian,{'gamma': 0.03954998857521292},laplacian(gamma=0.03954998857521292),0.5875,rbf,"{'C': 2.0, 'gamma': 0.5}","{'thetas': array([0.0012, 0.0031, 0.006 , 0.0088, 0.0104, 0.0146, 0.0181, 0.0223,
       0.0252, 0.0304]), 'lambdas': array([0.0012, 0.0031, 0.006 , 0.0088, 0.0104, 0.0146, 0.0181, 0.0223,
       0.0252, 0.0304]), 'gvals': array([402.1101, 159.0542,  80.3096,  54.138 ,  45.4563,  31.7141,
        25.1652,  20.0182,  17.4804,  14.2168])}",diff_mean_tiny_covariance_gap,3
MY-large_mu,10,polynomial,"{'degree': 2, 'gamma': 0.03954998857521292, 'coef0': 1.0}","polynomial(coef0=1.0, degree=2, gamma=0.03954998857521292)",0.7,rbf,"{'C': 2.0, 'gamma': 'scale'}","{'thetas': array([      0.0122,       0.0196,       0.0229,       0.0322,
             0.0456,       0.0529, 1262039.2217,  910620.4402,
             0.0615,  620433.9125]), 'lambdas': array([      0.0122,       0.0196,       0.0229,       0.0322,
             0.0456,       0.0529, 1262039.2217,  910620.4402,
             0.0615,  620433.9125]), 'gvals': array([38.4457, 23.0878, 19.4344, 13.3149,  8.9168,  7.4758,  6.5241,
        6.3609,  6.2392,  6.1691])}",diff_mean_tiny_covariance_gap,3
MY-large_mu,10,sigmoid,"{'gamma': 0.03954998857521292, 'coef0': 0.0}","sigmoid(coef0=0.0, gamma=0.03954998857521292)",0.7,rbf,"{'C': 1.0, 'gamma': 0.5}","{'thetas': array([0.0019, 0.0033, 0.005 , 0.0073, 0.0097, 0.0129, 0.0156, 0.0208,
       0.0262, 0.0272]), 'lambdas': array([0.0019, 0.0033, 0.005 , 0.0073, 0.0097, 0.0129, 0.0156, 0.0208,
       0.0262, 0.0272]), 'gvals': array([264.2778, 146.3095,  96.3522,  65.8701,  48.6717,  36.0059,
        29.4601,  21.6005,  16.7698,  16.0836])}",diff_mean_tiny_covariance_gap,3
MY-large_mu,12,linear,{},linear,0.6625,rbf,"{'C': 0.5, 'gamma': 'scale'}","{'thetas': array([0., 0., 0., 0., 0., 0., 0., 0., 0., 0., 0., 0.]), 'lambdas': array([0., 0., 0., 0., 0., 0., 0., 0., 0., 0., 0., 0.]), 'gvals': array([1.6152e+10, 1.1393e+10, 7.8585e+09, 4.5289e+09, 2.7707e+09,
       2.5237e+09, 1.8887e+09, 1.5806e+09, 1.3428e+09, 1.1553e+09,
       1.1309e+09, 9.5432e+08])}",diff_mean_tiny_covariance_gap,3
MY-large_mu,12,rbf,{'gamma': 0.03954998857521292},rbf(gamma=0.03954998857521292),0.5875,rbf,"{'C': 0.5, 'gamma': 'scale'}","{'thetas': array([0.0005, 0.0009, 0.0026, 0.005 , 0.0075, 0.0091, 0.0109, 0.011 ,
       0.0125, 0.0165, 0.0195, 0.023 ]), 'lambdas': array([0.0005, 0.0009, 0.0026, 0.005 , 0.0075, 0.0091, 0.0109, 0.011 ,
       0.0125, 0.0165, 0.0195, 0.023 ]), 'gvals': array([1022.2558,  576.4159,  190.1065,   96.645 ,   63.4332,   52.2807,
         43.1524,   42.7069,   37.2897,   27.6816,   23.2364,   19.3266])}",diff_mean_tiny_covariance_gap,3
MY-large_mu,12,laplacian,{'gamma': 0.03954998857521292},laplacian(gamma=0.03954998857521292),0.5875,rbf,"{'C': 2.0, 'gamma': 0.5}","{'thetas': array([0.0022, 0.0054, 0.0078, 0.0093, 0.0121, 0.013 , 0.0148, 0.0168,
       0.026 , 0.0265, 0.029 , 0.0325]), 'lambdas': array([0.0022, 0.0054, 0.0078, 0.0093, 0.0121, 0.013 , 0.0148, 0.0168,
       0.026 , 0.0265, 0.029 , 0.0325]), 'gvals': array([227.0621,  88.6448,  61.406 ,  50.6843,  38.7036,  35.9044,
        31.179 ,  27.2104,  16.9391,  16.5572,  14.9477,  13.1809])}",diff_mean_tiny_covariance_gap,3
MY-large_mu,12,polynomial,"{'degree': 2, 'gamma': 0.03954998857521292, 'coef0': 1.0}","polynomial(coef0=1.0, degree=2, gamma=0.03954998857521292)",0.5875,poly,"{'C': 1.0, 'gamma': 'scale', 'degree': 2, 'coef0': 1.0}","{'thetas': array([      0.0045,       0.0135,       0.0171,       0.0219,
             0.0423,       0.0465,       0.0488, 1342932.3874,
        837939.8422,  637309.4579,  496828.4837,  364927.6759]), 'lambdas': array([      0.0045,       0.0135,       0.0171,       0.0219,
             0.0423,       0.0465,       0.0488, 1342932.3874,
        837939.8422,  637309.4579,  496828.4837,  364927.6759]), 'gvals': array([107.384 ,  34.4769,  26.6477,  20.4055,   9.7342,   8.7251,
         8.2445,   6.5552,   6.3194,   6.1825,   6.058 ,   5.9037])}",diff_mean_tiny_covariance_gap,3
MY-large_mu,12,sigmoid,"{'gamma': 0.03954998857521292, 'coef0': 0.0}","sigmoid(coef0=0.0, gamma=0.03954998857521292)",0.6875,rbf,"{'C': 0.5, 'gamma': 'scale'}","{'thetas': array([0.0009, 0.0029, 0.0036, 0.0049, 0.0085, 0.0101, 0.0103, 0.0119,
       0.0154, 0.0186, 0.0365, 0.046 ]), 'lambdas': array([0.0009, 0.0029, 0.0036, 0.0049, 0.0085, 0.0101, 0.0103, 0.0119,
       0.0154, 0.0186, 0.0365, 0.046 ]), 'gvals': array([543.2979, 169.5096, 135.3689,  98.1219,  56.1825,  46.6702,
        45.5511,  39.4726,  29.9762,  24.4052,  11.5466,   8.8399])}",diff_mean_tiny_covariance_gap,3
MY-large_mu,14,linear,{},linear,0.6625,rbf,"{'C': 1.0, 'gamma': 'scale'}","{'thetas': array([0., 0., 0., 0., 0., 0., 0., 0., 0., 0., 0., 0., 0., 0.]), 'lambdas': array([0., 0., 0., 0., 0., 0., 0., 0., 0., 0., 0., 0., 0., 0.]), 'gvals': array([1.8094e+10, 1.0113e+10, 3.0716e+09, 2.3272e+09, 2.2116e+09,
       2.1882e+09, 2.0106e+09, 1.3849e+09, 1.3362e+09, 1.2489e+09,
       1.1270e+09, 9.7639e+08, 9.2386e+08, 8.7811e+08])}",diff_mean_tiny_covariance_gap,3
MY-large_mu,14,rbf,{'gamma': 0.03954998857521292},rbf(gamma=0.03954998857521292),0.5375,rbf,"{'C': 0.5, 'gamma': 'scale'}","{'thetas': array([0.0005, 0.0044, 0.0058, 0.0086, 0.011 , 0.0153, 0.0176, 0.0209,
       0.0219, 0.0257, 0.0283, 0.0348, 0.0383, 0.0496]), 'lambdas': array([0.0005, 0.0044, 0.0058, 0.0086, 0.011 , 0.0153, 0.0176, 0.0209,
       0.0219, 0.0257, 0.0283, 0.0348, 0.0383, 0.0496]), 'gvals': array([936.2342, 110.7933,  82.487 ,  55.5637,  42.6458,  30.0056,
        25.8311,  21.5167,  20.4146,  17.1562,  15.3588,  12.1979,
        10.9301,   8.0861])}",diff_mean_tiny_covariance_gap,3
MY-large_mu,14,laplacian,{'gamma': 0.03954998857521292},laplacian(gamma=0.03954998857521292),0.5625,rbf,"{'C': 2.0, 'gamma': 0.5}","{'thetas': array([0.0022, 0.0049, 0.007 , 0.0075, 0.0114, 0.0129, 0.0165, 0.0177,
       0.0211, 0.0237, 0.0303, 0.0339, 0.0365, 0.0443]), 'lambdas': array([0.0022, 0.0049, 0.007 , 0.0075, 0.0114, 0.0129, 0.0165, 0.0177,
       0.0211, 0.0237, 0.0303, 0.0339, 0.0365, 0.0443]), 'gvals': array([219.6749,  99.6172,  67.9886,  64.0135,  41.1218,  36.176 ,
        27.7389,  25.7546,  21.3106,  18.7014,  14.2354,  12.5668,
        11.5411,   9.2192])}",diff_mean_tiny_covariance_gap,3
MY-large_mu,14,polynomial,"{'degree': 2, 'gamma': 0.03954998857521292, 'coef0': 1.0}","polynomial(coef0=1.0, degree=2, gamma=0.03954998857521292)",0.6,poly,"{'C': 0.5, 'gamma': 'scale', 'degree': 2, 'coef0': 1.0}","{'thetas': array([      0.0081,       0.0177,       0.02  ,       0.0306,
             0.0363,       0.0541, 1850231.1475,  616268.7736,
        516523.2709,  442388.4255,  358357.1566,  327634.7362,
        262810.1234,  206851.5128]), 'lambdas': array([      0.0081,       0.0177,       0.02  ,       0.0306,
             0.0363,       0.0541, 1850231.1475,  616268.7736,
        516523.2709,  442388.4255,  358357.1566,  327634.7362,
        262810.1234,  206851.5128]), 'gvals': array([59.0734, 25.6957, 22.553 , 14.0722, 11.6334,  7.2853,  6.7154,
        6.1657,  6.0774,  6.    ,  5.8946,  5.8498,  5.7396,  5.6199])}",diff_mean_tiny_covariance_gap,3
MY-large_mu,14,sigmoid,"{'gamma': 0.03954998857521292, 'coef0': 0.0}","sigmoid(coef0=0.0, gamma=0.03954998857521292)",0.7625,rbf,"{'C': 2.0, 'gamma': 0.5}","{'thetas': array([      0.0017,       0.0051,       0.0066,       0.0093,
             0.0109,       0.0125,       0.0158,       0.0198,
             0.0271,       0.0353,       0.0379,       0.0531,
       3857543.9911, 2980011.6777]), 'lambdas': array([      0.0017,       0.0051,       0.0066,       0.0093,
             0.0109,       0.0125,       0.0158,       0.0198,
             0.0271,       0.0353,       0.0379,       0.0531,
       3857543.9911, 2980011.6777]), 'gvals': array([292.719 ,  94.8374,  72.4267,  50.9399,  43.2677,  37.3378,
        29.1569,  22.8239,  16.1272,  11.9739,  11.0547,   7.4552,
         7.0828,   6.9537])}",diff_mean_tiny_covariance_gap,3
MY-large_mu,16,linear,{},linear,0.6375,rbf,"{'C': 0.5, 'gamma': 'scale'}","{'thetas': array([0., 0., 0., 0., 0., 0., 0., 0., 0., 0., 0., 0., 0., 0., 0., 0.]), 'lambdas': array([0., 0., 0., 0., 0., 0., 0., 0., 0., 0., 0., 0., 0., 0., 0., 0.]), 'gvals': array([1.7992e+11, 3.9344e+10, 9.4290e+09, 5.7875e+09, 2.2875e+09,
       1.9862e+09, 1.3943e+09, 1.3665e+09, 1.0113e+09, 9.3465e+08,
       9.0578e+08, 8.3709e+08, 8.1758e+08, 6.9742e+08, 6.6829e+08,
       5.7165e+08])}",diff_mean_tiny_covariance_gap,3
MY-large_mu,16,rbf,{'gamma': 0.03954998857521292},rbf(gamma=0.03954998857521292),0.65,rbf,"{'C': 2.0, 'gamma': 'scale'}","{'thetas': array([      0.0017,       0.0031,       0.0051,       0.0069,
             0.0099,       0.0169,       0.0187,       0.0204,
             0.0216,       0.024 ,       0.033 ,       0.0356,
             0.0433,       0.0525, 4229921.1599,  998905.2123]), 'lambdas': array([      0.0017,       0.0031,       0.0051,       0.0069,
             0.0099,       0.0169,       0.0187,       0.0204,
             0.0216,       0.024 ,       0.033 ,       0.0356,
             0.0433,       0.0525, 4229921.1599,  998905.2123]), 'gvals': array([282.3317, 158.1233,  94.7141,  69.8767,  47.6637,  26.9966,
        24.3   ,  22.0871,  20.7164,  18.4812,  12.9284,  11.8646,
         9.4717,   7.5589,   7.1288,   6.4072])}",diff_mean_tiny_covariance_gap,3
MY-large_mu,16,laplacian,{'gamma': 0.03954998857521292},laplacian(gamma=0.03954998857521292),0.5,rbf,"{'C': 0.5, 'gamma': 'scale'}","{'thetas': array([0.0004, 0.0024, 0.0037, 0.0082, 0.0113, 0.0132, 0.0165, 0.0176,
       0.0244, 0.0259, 0.0298, 0.0334, 0.0353, 0.0466, 0.0518, 0.0581]), 'lambdas': array([0.0004, 0.0024, 0.0037, 0.0082, 0.0113, 0.0132, 0.0165, 0.0176,
       0.0244, 0.0259, 0.0298, 0.0334, 0.0353, 0.0466, 0.0518, 0.0581]), 'gvals': array([1262.7015,  208.9956,  131.9821,   57.8712,   41.3864,   35.1315,
         27.7524,   25.8196,   18.1691,   16.9825,   14.506 ,   12.7528,
         11.9866,    8.7069,    7.6653,    6.686 ])}",diff_mean_tiny_covariance_gap,3
MY-large_mu,16,polynomial,"{'degree': 2, 'gamma': 0.03954998857521292, 'coef0': 1.0}","polynomial(coef0=1.0, degree=2, gamma=0.03954998857521292)",0.75,poly,"{'C': 0.5, 'gamma': 'scale', 'degree': 2, 'coef0': 1.0}","{'thetas': array([      0.0074,       0.0079,       0.0192,       0.0207,
             0.0426,       0.0486, 2747604.2179,       0.0603,
        766573.2393,  547065.9284,  507700.2674,  429870.3204,
        328986.5176,  278430.9905,  261836.0951,  207943.875 ]), 'lambdas': array([      0.0074,       0.0079,       0.0192,       0.0207,
             0.0426,       0.0486, 2747604.2179,       0.0603,
        766573.2393,  547065.9284,  507700.2674,  429870.3204,
        328986.5176,  278430.9905,  261836.0951,  207943.875 ]), 'gvals': array([64.6779, 60.5666, 23.4998, 21.7098,  9.6589,  8.2768,  6.9131,
        6.3927,  6.2748,  6.1062,  6.0688,  5.9856,  5.8519,  5.7685,
        5.7377,  5.6225])}",diff_mean_tiny_covariance_gap,3
MY-large_mu,16,sigmoid,"{'gamma': 0.03954998857521292, 'coef0': 0.0}","sigmoid(coef0=0.0, gamma=0.03954998857521292)",0.775,rbf,"{'C': 1.0, 'gamma': 'scale'}","{'thetas': array([      0.0018,       0.0038,       0.0059,       0.0077,
             0.0121,       0.0135,       0.0187,       0.0232,
             0.0353,       0.0411,       0.051 , 4223544.108 ,
       3298282.9895, 2456149.3546, 2429422.9152, 1784133.1548]), 'lambdas': array([      0.0018,       0.0038,       0.0059,       0.0077,
             0.0121,       0.0135,       0.0187,       0.0232,
             0.0353,       0.0411,       0.051 , 4223544.108 ,
       3298282.9895, 2456149.3546, 2429422.9152, 1784133.1548]), 'gvals': array([267.5736, 128.1436,  82.3071,  62.1501,  38.7509,  34.5163,
        24.2323,  19.126 ,  12.0115,  10.0566,   7.82  ,   7.1281,
         7.0045,   6.8571,   6.8516,   6.6972])}",diff_mean_tiny_covariance_gap,3
MY-large_mu,20,linear,{},linear,0.625,rbf,"{'C': 1.0, 'gamma': 'scale'}","{'thetas': array([0., 0., 0., 0., 0., 0., 0., 0., 0., 0., 0., 0., 0., 0., 0., 0., 0.,
       0., 0., 0.]), 'lambdas': array([0., 0., 0., 0., 0., 0., 0., 0., 0., 0., 0., 0., 0., 0., 0., 0., 0.,
       0., 0., 0.]), 'gvals': array([2.7717e+10, 5.9891e+09, 3.6600e+09, 2.9116e+09, 2.1305e+09,
       2.1069e+09, 2.0105e+09, 1.3996e+09, 1.3060e+09, 1.1316e+09,
       9.2498e+08, 8.7288e+08, 8.6393e+08, 7.0921e+08, 6.7064e+08,
       6.3405e+08, 6.2390e+08, 5.7986e+08, 5.0322e+08, 4.4473e+08])}",diff_mean_tiny_covariance_gap,3
MY-large_mu,20,rbf,{'gamma': 0.03954998857521292},rbf(gamma=0.03954998857521292),0.5125,rbf,"{'C': 1.0, 'gamma': 'scale'}","{'thetas': array([      0.0012,       0.0027,       0.0031,       0.0061,
             0.0069,       0.0106,       0.0129,       0.0153,
             0.0167,       0.0238,       0.0239,       0.0349,
             0.0379,       0.048 ,       0.0491, 6107803.7253,
             0.058 , 1067353.8556,  943195.9246,  776112.6777]), 'lambdas': array([      0.0012,       0.0027,       0.0031,       0.0061,
             0.0069,       0.0106,       0.0129,       0.0153,
             0.0167,       0.0238,       0.0239,       0.0349,
             0.0379,       0.048 ,       0.0491, 6107803.7253,
             0.058 , 1067353.8556,  943195.9246,  776112.6777]), 'gvals': array([409.7465, 180.3924, 159.4114,  79.3104,  69.7872,  44.356 ,
        36.1654,  30.1738,  27.4293,  18.6742,  18.5808,  12.1524,
        11.0536,   8.4067,   8.1709,   7.3125,   6.6932,   6.4403,
         6.3785,   6.281 ])}",diff_mean_tiny_covariance_gap,3
MY-large_mu,20,laplacian,{'gamma': 0.03954998857521292},laplacian(gamma=0.03954998857521292),0.5875,rbf,"{'C': 2.0, 'gamma': 'scale'}","{'thetas': array([      0.0018,       0.004 ,       0.0053,       0.0057,
             0.0078,       0.0121,       0.0129,       0.0146,
             0.0242,       0.0268,       0.0287,       0.0365,
             0.0384,       0.0436,       0.0534,       0.056 ,
       2083381.2876,       0.0602,  178131.7371,  135275.7516]), 'lambdas': array([      0.0018,       0.004 ,       0.0053,       0.0057,
             0.0078,       0.0121,       0.0129,       0.0146,
             0.0242,       0.0268,       0.0287,       0.0365,
             0.0384,       0.0436,       0.0534,       0.056 ,
       2083381.2876,       0.0602,  178131.7371,  135275.7516]), 'gvals': array([277.7313, 121.6737,  90.8505,  85.1732,  61.2596,  38.7786,
        36.0476,  31.6176,  18.2605,  16.3169,  15.1682,  11.5404,
        10.8861,   9.4093,   7.4041,   6.9899,   6.7748,   6.4022,
         5.5451,   5.4075])}",diff_mean_tiny_covariance_gap,3
MY-large_mu,20,polynomial,"{'degree': 2, 'gamma': 0.03954998857521292, 'coef0': 1.0}","polynomial(coef0=1.0, degree=2, gamma=0.03954998857521292)",0.6625,poly,"{'C': 2.0, 'gamma': 'scale', 'degree': 2, 'coef0': 1.0}","{'thetas': array([      0.0072,       0.0105,       0.0236,       0.0333,
             0.0407,       0.0511, 1564364.7549,       0.0589,
        566148.8655,  486687.7969,  404840.0712,  370034.5097,
        321662.1207,  226723.821 ,  205580.818 ,  192288.1331,
        174947.0955,  141252.8482,  125943.6932,   97539.8145]), 'lambdas': array([      0.0072,       0.0105,       0.0236,       0.0333,
             0.0407,       0.0511, 1564364.7549,       0.0589,
        566148.8655,  486687.7969,  404840.0712,  370034.5097,
        321662.1207,  226723.821 ,  205580.818 ,  192288.1331,
        174947.0955,  141252.8482,  125943.6932,   97539.8145]), 'gvals': array([66.2957, 44.7944, 18.8038, 12.8109, 10.1822,  7.8039,  6.6315,
        6.5735,  6.1233,  6.0477,  5.9556,  5.9107,  5.8406,  5.6657,
        5.6168,  5.5834,  5.5361,  5.4292,  5.3718,  5.244 ])}",diff_mean_tiny_covariance_gap,3
MY-large_mu,20,sigmoid,"{'gamma': 0.03954998857521292, 'coef0': 0.0}","sigmoid(coef0=0.0, gamma=0.03954998857521292)",0.725,rbf,"{'C': 2.0, 'gamma': 'scale'}","{'thetas': array([      0.0026,       0.0033,       0.0062,       0.0084,
             0.0106,       0.0154,       0.0207,       0.026 ,
             0.0276,       0.0316,       0.0355,       0.0481,
       4839604.8677,       0.0549, 2647830.0328, 2231405.4091,
       2020252.943 , 1833089.7487, 1237436.9302, 1117076.7231]), 'lambdas': array([      0.0026,       0.0033,       0.0062,       0.0084,
             0.0106,       0.0154,       0.0207,       0.026 ,
             0.0276,       0.0316,       0.0355,       0.0481,
       4839604.8677,       0.0549, 2647830.0328, 2231405.4091,
       2020252.943 , 1833089.7487, 1237436.9302, 1117076.7231]), 'gvals': array([185.4333, 147.8808,  78.0203,  56.9829,  44.4855,  29.9735,
        21.671 ,  16.941 ,  15.8134,  13.5871,  11.9142,   8.3719,
         7.1962,   7.1531,   6.8946,   6.8091,   6.7594,   6.7108,
         6.5143,   6.4631])}",diff_mean_tiny_covariance_gap,3
MY-small_mu,1,linear,{},linear,0.4875,rbf,"{'C': 1.0, 'gamma': 'scale'}","{'thetas': array([0.]), 'lambdas': array([0.]), 'D_scores': array([1.2178e+10])}",diff_mean_tiny_covariance_gap,3
MY-small_mu,1,rbf,{'gamma': 0.03954998857521292},rbf(gamma=0.03954998857521292),0.4875,rbf,"{'C': 1.0, 'gamma': 'scale'}","{'thetas': array([0.0015]), 'lambdas': array([0.0015]), 'D_scores': array([321.0039])}",diff_mean_tiny_covariance_gap,3
MY-small_mu,1,laplacian,{'gamma': 0.03954998857521292},laplacian(gamma=0.03954998857521292),0.4125,rbf,"{'C': 1.0, 'gamma': 0.5}","{'thetas': array([0.0023]), 'lambdas': array([0.0023]), 'D_scores': array([210.0441])}",diff_mean_tiny_covariance_gap,3
MY-small_mu,1,polynomial,"{'degree': 2, 'gamma': 0.03954998857521292, 'coef0': 1.0}","polynomial(coef0=1.0, degree=2, gamma=0.03954998857521292)",0.5375,poly,"{'C': 0.5, 'gamma': 'scale', 'degree': 2, 'coef0': 1.0}","{'thetas': array([0.0042]), 'lambdas': array([0.0042]), 'D_scores': array([115.4647])}",diff_mean_tiny_covariance_gap,3
MY-small_mu,1,sigmoid,"{'gamma': 0.03954998857521292, 'coef0': 0.0}","sigmoid(coef0=0.0, gamma=0.03954998857521292)",0.6625,rbf,"{'C': 2.0, 'gamma': 'scale'}","{'thetas': array([0.0019]), 'lambdas': array([0.0019]), 'D_scores': array([261.9219])}",diff_mean_tiny_covariance_gap,3
MY-small_mu,2,linear,{},linear,0.5375,sigmoid,"{'C': 0.5, 'gamma': 'scale', 'coef0': 0.0}","{'thetas': array([0., 0.]), 'lambdas': array([0., 0.]), 'D_scores': array([3.0972e+10, 6.1554e+09])}",diff_mean_tiny_covariance_gap,3
MY-small_mu,2,rbf,{'gamma': 0.03954998857521292},rbf(gamma=0.03954998857521292),0.5,rbf,"{'C': 2.0, 'gamma': 'scale'}","{'thetas': array([0.0015, 0.0043]), 'lambdas': array([0.0015, 0.0043]), 'D_scores': array([332.1503, 113.6584])}",diff_mean_tiny_covariance_gap,3
MY-small_mu,2,laplacian,{'gamma': 0.03954998857521292},laplacian(gamma=0.03954998857521292),0.45,rbf,"{'C': 0.5, 'gamma': 'scale'}","{'thetas': array([0.0014, 0.004 ]), 'lambdas': array([0.0014, 0.004 ]), 'D_scores': array([359.5803, 120.3883])}",diff_mean_tiny_covariance_gap,3
MY-small_mu,2,polynomial,"{'degree': 2, 'gamma': 0.03954998857521292, 'coef0': 1.0}","polynomial(coef0=1.0, degree=2, gamma=0.03954998857521292)",0.5875,rbf,"{'C': 0.5, 'gamma': 'scale'}","{'thetas': array([0.009 , 0.0159]), 'lambdas': array([0.009 , 0.0159]), 'D_scores': array([52.6307, 28.9368])}",diff_mean_tiny_covariance_gap,3
MY-small_mu,2,sigmoid,"{'gamma': 0.03954998857521292, 'coef0': 0.0}","sigmoid(coef0=0.0, gamma=0.03954998857521292)",0.725,rbf,"{'C': 2.0, 'gamma': 'scale'}","{'thetas': array([0.0013, 0.003 ]), 'lambdas': array([0.0013, 0.003 ]), 'D_scores': array([370.061, 163.927])}",diff_mean_tiny_covariance_gap,3
MY-small_mu,3,linear,{},linear,0.5875,rbf,"{'C': 0.5, 'gamma': 0.5}","{'thetas': array([0., 0., 0.]), 'lambdas': array([0., 0., 0.]), 'D_scores': array([5.5270e+10, 4.4904e+10, 1.5540e+10])}",diff_mean_tiny_covariance_gap,3
MY-small_mu,3,rbf,{'gamma': 0.03954998857521292},rbf(gamma=0.03954998857521292),0.575,rbf,"{'C': 0.5, 'gamma': 0.5}","{'thetas': array([0.0048, 0.0057, 0.0065]), 'lambdas': array([0.0048, 0.0057, 0.0065]), 'D_scores': array([101.597 ,  84.5179,  73.8484])}",diff_mean_tiny_covariance_gap,3
MY-small_mu,3,laplacian,{'gamma': 0.03954998857521292},laplacian(gamma=0.03954998857521292),0.5375,rbf,"{'C': 1.0, 'gamma': 'scale'}","{'thetas': array([0.0002, 0.0021, 0.0035]), 'lambdas': array([0.0002, 0.0021, 0.0035]), 'D_scores': array([3022.3919,  230.0114,  139.7427])}",diff_mean_tiny_covariance_gap,3
MY-small_mu,3,polynomial,"{'degree': 2, 'gamma': 0.03954998857521292, 'coef0': 1.0}","polynomial(coef0=1.0, degree=2, gamma=0.03954998857521292)",0.5625,rbf,"{'C': 0.5, 'gamma': 'scale'}","{'thetas': array([0.0146, 0.0216, 0.0276]), 'lambdas': array([0.0146, 0.0216, 0.0276]), 'D_scores': array([31.7277, 20.7122, 15.8243])}",diff_mean_tiny_covariance_gap,3
MY-small_mu,3,sigmoid,"{'gamma': 0.03954998857521292, 'coef0': 0.0}","sigmoid(coef0=0.0, gamma=0.03954998857521292)",0.675,rbf,"{'C': 1.0, 'gamma': 0.5}","{'thetas': array([0.0007, 0.0026, 0.0035]), 'lambdas': array([0.0007, 0.0026, 0.0035]), 'D_scores': array([714.5436, 191.6249, 141.0042])}",diff_mean_tiny_covariance_gap,3
MY-small_mu,4,linear,{},linear,0.5875,poly,"{'C': 1.0, 'gamma': 'scale', 'degree': 2, 'coef0': 1.0}","{'thetas': array([0., 0., 0., 0.]), 'lambdas': array([0., 0., 0., 0.]), 'D_scores': array([1.2779e+11, 1.1309e+10, 5.8957e+09, 4.0565e+09])}",diff_mean_tiny_covariance_gap,3
MY-small_mu,4,rbf,{'gamma': 0.03954998857521292},rbf(gamma=0.03954998857521292),0.55,rbf,"{'C': 0.5, 'gamma': 0.5}","{'thetas': array([0.0009, 0.0015, 0.0023, 0.0035]), 'lambdas': array([0.0009, 0.0015, 0.0023, 0.0035]), 'D_scores': array([550.4103, 332.4531, 216.9084, 137.7788])}",diff_mean_tiny_covariance_gap,3
MY-small_mu,4,laplacian,{'gamma': 0.03954998857521292},laplacian(gamma=0.03954998857521292),0.5375,rbf,"{'C': 1.0, 'gamma': 0.5}","{'thetas': array([0.0002, 0.0006, 0.0032, 0.0044]), 'lambdas': array([0.0002, 0.0006, 0.0032, 0.0044]), 'D_scores': array([2902.1558,  875.5525,  151.2963,  109.32  ])}",diff_mean_tiny_covariance_gap,3
MY-small_mu,4,polynomial,"{'degree': 2, 'gamma': 0.03954998857521292, 'coef0': 1.0}","polynomial(coef0=1.0, degree=2, gamma=0.03954998857521292)",0.5125,rbf,"{'C': 1.0, 'gamma': 0.5}","{'thetas': array([0.0036, 0.0152, 0.0232, 0.0325]), 'lambdas': array([0.0036, 0.0152, 0.0232, 0.0325]), 'D_scores': array([137.3536,  30.2895,  19.2119,  13.1858])}",diff_mean_tiny_covariance_gap,3
MY-small_mu,4,sigmoid,"{'gamma': 0.03954998857521292, 'coef0': 0.0}","sigmoid(coef0=0.0, gamma=0.03954998857521292)",0.7,rbf,"{'C': 2.0, 'gamma': 0.5}","{'thetas': array([0.0021, 0.0043, 0.0072, 0.0083]), 'lambdas': array([0.0021, 0.0043, 0.0072, 0.0083]), 'D_scores': array([234.82  , 113.7584,  66.2363,  57.5758])}",diff_mean_tiny_covariance_gap,3
MY-small_mu,5,linear,{},linear,0.6625,poly,"{'C': 1.0, 'gamma': 'scale', 'degree': 2, 'coef0': 1.0}","{'thetas': array([0., 0., 0., 0., 0.]), 'lambdas': array([0., 0., 0., 0., 0.]), 'D_scores': array([1.0082e+10, 3.8065e+09, 2.3973e+09, 1.8152e+09, 1.7329e+09])}",diff_mean_tiny_covariance_gap,3
MY-small_mu,5,rbf,{'gamma': 0.03954998857521292},rbf(gamma=0.03954998857521292),0.5375,rbf,"{'C': 0.5, 'gamma': 0.5}","{'thetas': array([0.0018, 0.0033, 0.0062, 0.0066, 0.0082]), 'lambdas': array([0.0018, 0.0033, 0.0062, 0.0066, 0.0082]), 'D_scores': array([279.2199, 148.3031,  78.096 ,  72.9149,  57.9525])}",diff_mean_tiny_covariance_gap,3
MY-small_mu,5,laplacian,{'gamma': 0.03954998857521292},laplacian(gamma=0.03954998857521292),0.55,rbf,"{'C': 2.0, 'gamma': 0.5}","{'thetas': array([0.0008, 0.002 , 0.0031, 0.0063, 0.0079]), 'lambdas': array([0.0008, 0.002 , 0.0031, 0.0063, 0.0079]), 'D_scores': array([615.1313, 241.0427, 158.9735,  76.4368,  60.6425])}",diff_mean_tiny_covariance_gap,3
MY-small_mu,5,polynomial,"{'degree': 2, 'gamma': 0.03954998857521292, 'coef0': 1.0}","polynomial(coef0=1.0, degree=2, gamma=0.03954998857521292)",0.4875,rbf,"{'C': 1.0, 'gamma': 0.5}","{'thetas': array([0.0062, 0.011 , 0.0282, 0.0326, 0.0485]), 'lambdas': array([0.0062, 0.011 , 0.0282, 0.0326, 0.0485]), 'D_scores': array([77.7124, 42.6667, 15.4607, 13.1184,  8.308 ])}",diff_mean_tiny_covariance_gap,3
MY-small_mu,5,sigmoid,"{'gamma': 0.03954998857521292, 'coef0': 0.0}","sigmoid(coef0=0.0, gamma=0.03954998857521292)",0.6125,rbf,"{'C': 0.5, 'gamma': 0.5}","{'thetas': array([0.0013, 0.0024, 0.0032, 0.0057, 0.0062]), 'lambdas': array([0.0013, 0.0024, 0.0032, 0.0057, 0.0062]), 'D_scores': array([378.1785, 207.0024, 151.5235,  83.9409,  77.6529])}",diff_mean_tiny_covariance_gap,3
MY-small_mu,6,linear,{},linear,0.6625,rbf,"{'C': 2.0, 'gamma': 'scale'}","{'thetas': array([0., 0., 0., 0., 0., 0.]), 'lambdas': array([0., 0., 0., 0., 0., 0.]), 'D_scores': array([2.0216e+10, 9.2398e+09, 5.7737e+09, 3.0673e+09, 2.4061e+09,
       2.2460e+09])}",diff_mean_tiny_covariance_gap,3
MY-small_mu,6,rbf,{'gamma': 0.03954998857521292},rbf(gamma=0.03954998857521292),0.575,rbf,"{'C': 1.0, 'gamma': 0.5}","{'thetas': array([0.002 , 0.0034, 0.0049, 0.0083, 0.0115, 0.0149]), 'lambdas': array([0.002 , 0.0034, 0.0049, 0.0083, 0.0115, 0.0149]), 'D_scores': array([244.2269, 142.2228,  98.4308,  57.3903,  40.9436,  31.0313])}",diff_mean_tiny_covariance_gap,3
MY-small_mu,6,laplacian,{'gamma': 0.03954998857521292},laplacian(gamma=0.03954998857521292),0.5125,rbf,"{'C': 0.5, 'gamma': 0.5}","{'thetas': array([0.0007, 0.0029, 0.0032, 0.0087, 0.0101, 0.0114]), 'lambdas': array([0.0007, 0.0029, 0.0032, 0.0087, 0.0101, 0.0114]), 'D_scores': array([715.7141, 167.9024, 151.1289,  54.4973,  46.4875,  41.1643])}",diff_mean_tiny_covariance_gap,3
MY-small_mu,6,polynomial,"{'degree': 2, 'gamma': 0.03954998857521292, 'coef0': 1.0}","polynomial(coef0=1.0, degree=2, gamma=0.03954998857521292)",0.5875,rbf,"{'C': 0.5, 'gamma': 'scale'}","{'thetas': array([0.0017, 0.0189, 0.0239, 0.0264, 0.0401, 0.046 ]), 'lambdas': array([0.0017, 0.0189, 0.0239, 0.0264, 0.0401, 0.046 ]), 'D_scores': array([285.2507,  24.002 ,  18.5452,  16.6473,  10.3558,   8.8375])}",diff_mean_tiny_covariance_gap,3
MY-small_mu,6,sigmoid,"{'gamma': 0.03954998857521292, 'coef0': 0.0}","sigmoid(coef0=0.0, gamma=0.03954998857521292)",0.6875,rbf,"{'C': 1.0, 'gamma': 0.5}","{'thetas': array([0.0011, 0.002 , 0.0039, 0.0055, 0.0079, 0.0105]), 'lambdas': array([0.0011, 0.002 , 0.0039, 0.0055, 0.0079, 0.0105]), 'D_scores': array([470.8201, 247.8939, 123.4921,  87.2271,  60.6834,  45.0338])}",diff_mean_tiny_covariance_gap,3
MY-small_mu,7,linear,{},linear,0.575,poly,"{'C': 1.0, 'gamma': 'scale', 'degree': 2, 'coef0': 1.0}","{'thetas': array([0., 0., 0., 0., 0., 0., 0.]), 'lambdas': array([0., 0., 0., 0., 0., 0., 0.]), 'D_scores': array([2.7672e+10, 1.0233e+10, 5.2593e+09, 4.4593e+09, 3.2558e+09,
       2.9292e+09, 2.0674e+09])}",diff_mean_tiny_covariance_gap,3
MY-small_mu,7,rbf,{'gamma': 0.03954998857521292},rbf(gamma=0.03954998857521292),0.6375,rbf,"{'C': 1.0, 'gamma': 0.5}","{'thetas': array([0.0018, 0.0035, 0.0046, 0.0047, 0.0075, 0.0084, 0.0107]), 'lambdas': array([0.0018, 0.0035, 0.0046, 0.0047, 0.0075, 0.0084, 0.0107]), 'D_scores': array([267.4541, 137.7878, 105.8855, 102.6636,  63.6403,  56.7738,
        43.9742])}",diff_mean_tiny_covariance_gap,3
MY-small_mu,7,laplacian,{'gamma': 0.03954998857521292},laplacian(gamma=0.03954998857521292),0.55,rbf,"{'C': 1.0, 'gamma': 'scale'}","{'thetas': array([0.0028, 0.0065, 0.0073, 0.0077, 0.013 , 0.0138, 0.0143]), 'lambdas': array([0.0028, 0.0065, 0.0073, 0.0077, 0.013 , 0.0138, 0.0143]), 'D_scores': array([174.2798,  73.3729,  65.6996,  61.9114,  35.6807,  33.6695,
        32.2924])}",diff_mean_tiny_covariance_gap,3
MY-small_mu,7,polynomial,"{'degree': 2, 'gamma': 0.03954998857521292, 'coef0': 1.0}","polynomial(coef0=1.0, degree=2, gamma=0.03954998857521292)",0.575,rbf,"{'C': 1.0, 'gamma': 0.5}","{'thetas': array([      0.0077,       0.0115,       0.0203,       0.0303,
             0.0367,       0.0434, 1970551.4435]), 'lambdas': array([      0.0077,       0.0115,       0.0203,       0.0303,
             0.0367,       0.0434, 1970551.4435]), 'D_scores': array([62.2973, 40.8588, 22.2439, 14.2464, 11.459 ,  9.4617,  6.747 ])}",diff_mean_tiny_covariance_gap,3
MY-small_mu,7,sigmoid,"{'gamma': 0.03954998857521292, 'coef0': 0.0}","sigmoid(coef0=0.0, gamma=0.03954998857521292)",0.675,rbf,"{'C': 1.0, 'gamma': 0.5}","{'thetas': array([0.0012, 0.0023, 0.0041, 0.006 , 0.0098, 0.0113, 0.0139]), 'lambdas': array([0.0012, 0.0023, 0.0041, 0.006 , 0.0098, 0.0113, 0.0139]), 'D_scores': array([397.4745, 213.6203, 119.3946,  80.8916,  48.3355,  41.3981,
        33.4345])}",diff_mean_tiny_covariance_gap,3
MY-small_mu,8,linear,{},linear,0.575,rbf,"{'C': 1.0, 'gamma': 0.5}","{'thetas': array([0., 0., 0., 0., 0., 0., 0., 0.]), 'lambdas': array([0., 0., 0., 0., 0., 0., 0., 0.]), 'D_scores': array([7.6453e+10, 8.2393e+09, 6.2195e+09, 3.8740e+09, 3.2956e+09,
       2.9630e+09, 2.8923e+09, 1.6314e+09])}",diff_mean_tiny_covariance_gap,3
MY-small_mu,8,rbf,{'gamma': 0.03954998857521292},rbf(gamma=0.03954998857521292),0.625,rbf,"{'C': 0.5, 'gamma': 0.5}","{'thetas': array([0.0029, 0.0042, 0.0048, 0.0055, 0.0095, 0.0132, 0.0154, 0.0185]), 'lambdas': array([0.0029, 0.0042, 0.0048, 0.0055, 0.0095, 0.0132, 0.0154, 0.0185]), 'D_scores': array([170.6839, 115.1625, 100.6844,  88.3279,  49.7163,  35.1346,
        29.8641,  24.5371])}",diff_mean_tiny_covariance_gap,3
MY-small_mu,8,laplacian,{'gamma': 0.03954998857521292},laplacian(gamma=0.03954998857521292),0.6875,rbf,"{'C': 2.0, 'gamma': 'scale'}","{'thetas': array([0.0015, 0.0023, 0.0041, 0.0058, 0.0063, 0.0093, 0.0123, 0.0128]), 'lambdas': array([0.0015, 0.0023, 0.0041, 0.0058, 0.0063, 0.0093, 0.0123, 0.0128]), 'D_scores': array([329.7288, 214.8493, 118.0257,  82.4539,  76.6643,  50.9059,
        37.997 ,  36.4493])}",diff_mean_tiny_covariance_gap,3
MY-small_mu,8,polynomial,"{'degree': 2, 'gamma': 0.03954998857521292, 'coef0': 1.0}","polynomial(coef0=1.0, degree=2, gamma=0.03954998857521292)",0.5875,poly,"{'C': 2.0, 'gamma': 'scale', 'degree': 2, 'coef0': 1.0}","{'thetas': array([      0.0077,       0.0167,       0.024 ,       0.0415,
             0.0584, 1145738.1561,  769627.1973,  562779.5986]), 'lambdas': array([      0.0077,       0.0167,       0.024 ,       0.0415,
             0.0584, 1145738.1561,  769627.1973,  562779.5986]), 'D_scores': array([62.1363, 27.4649, 18.5152,  9.9611,  6.6474,  6.4759,  6.2768,
        6.1203])}",diff_mean_tiny_covariance_gap,3
MY-small_mu,8,sigmoid,"{'gamma': 0.03954998857521292, 'coef0': 0.0}","sigmoid(coef0=0.0, gamma=0.03954998857521292)",0.7,rbf,"{'C': 0.5, 'gamma': 0.5}","{'thetas': array([0.001 , 0.0013, 0.0038, 0.0051, 0.007 , 0.0128, 0.0164, 0.0192]), 'lambdas': array([0.001 , 0.0013, 0.0038, 0.0051, 0.007 , 0.0128, 0.0164, 0.0192]), 'D_scores': array([501.0347, 377.7871, 128.6806,  94.7994,  68.5438,  36.2691,
        27.8618,  23.5817])}",diff_mean_tiny_covariance_gap,3
MY-small_mu,10,linear,{},linear,0.6,rbf,"{'C': 1.0, 'gamma': 0.5}","{'thetas': array([0., 0., 0., 0., 0., 0., 0., 0., 0., 0.]), 'lambdas': array([0., 0., 0., 0., 0., 0., 0., 0., 0., 0.]), 'D_scores': array([8.4306e+10, 5.8629e+09, 4.2471e+09, 2.8425e+09, 2.0424e+09,
       1.7197e+09, 1.4803e+09, 1.2054e+09, 9.6397e+08, 8.3004e+08])}",diff_mean_tiny_covariance_gap,3
MY-small_mu,10,rbf,{'gamma': 0.03954998857521292},rbf(gamma=0.03954998857521292),0.5875,rbf,"{'C': 1.0, 'gamma': 0.5}","{'thetas': array([0.0002, 0.0032, 0.0037, 0.0047, 0.0057, 0.008 , 0.0101, 0.0121,
       0.0125, 0.0159]), 'lambdas': array([0.0002, 0.0032, 0.0037, 0.0047, 0.0057, 0.008 , 0.0101, 0.0121,
       0.0125, 0.0159]), 'D_scores': array([2393.2665,  153.0765,  130.8104,  103.2713,   85.3547,   59.4096,
         46.6475,   38.5751,   37.463 ,   28.8569])}",diff_mean_tiny_covariance_gap,3
MY-small_mu,10,laplacian,{'gamma': 0.03954998857521292},laplacian(gamma=0.03954998857521292),0.525,rbf,"{'C': 0.5, 'gamma': 0.5}","{'thetas': array([0.0012, 0.0031, 0.006 , 0.0088, 0.0104, 0.0146, 0.0181, 0.0223,
       0.0252, 0.0304]), 'lambdas': array([0.0012, 0.0031, 0.006 , 0.0088, 0.0104, 0.0146, 0.0181, 0.0223,
       0.0252, 0.0304]), 'D_scores': array([402.114 , 159.0916,  80.3375,  54.1595,  45.4636,  31.7155,
        25.1657,  20.0183,  17.4863,  14.2172])}",diff_mean_tiny_covariance_gap,3
MY-small_mu,10,polynomial,"{'degree': 2, 'gamma': 0.03954998857521292, 'coef0': 1.0}","polynomial(coef0=1.0, degree=2, gamma=0.03954998857521292)",0.675,rbf,"{'C': 2.0, 'gamma': 'scale'}","{'thetas': array([      0.0122,       0.0196,       0.0229,       0.0322,
             0.0456,       0.0529, 1262039.2217,  910620.4402,
             0.0615,  620433.9125]), 'lambdas': array([      0.0122,       0.0196,       0.0229,       0.0322,
             0.0456,       0.0529, 1262039.2217,  910620.4402,
             0.0615,  620433.9125]), 'D_scores': array([38.4463, 23.092 , 19.4642, 13.3157,  8.9285,  7.4761,  6.5243,
        6.361 ,  6.258 ,  6.1691])}",diff_mean_tiny_covariance_gap,3
MY-small_mu,10,sigmoid,"{'gamma': 0.03954998857521292, 'coef0': 0.0}","sigmoid(coef0=0.0, gamma=0.03954998857521292)",0.7,rbf,"{'C': 1.0, 'gamma': 0.5}","{'thetas': array([0.0019, 0.0033, 0.005 , 0.0073, 0.0097, 0.0129, 0.0156, 0.0208,
       0.0262, 0.0272]), 'lambdas': array([0.0019, 0.0033, 0.005 , 0.0073, 0.0097, 0.0129, 0.0156, 0.0208,
       0.0262, 0.0272]), 'D_scores': array([264.3013, 146.422 ,  96.458 ,  65.8761,  48.6717,  36.0141,
        29.5174,  21.6014,  16.7701,  16.0937])}",diff_mean_tiny_covariance_gap,3
MY-small_mu,12,linear,{},linear,0.65,poly,"{'C': 1.0, 'gamma': 'scale', 'degree': 2, 'coef0': 1.0}","{'thetas': array([0., 0., 0., 0., 0., 0., 0., 0., 0., 0., 0., 0.]), 'lambdas': array([0., 0., 0., 0., 0., 0., 0., 0., 0., 0., 0., 0.]), 'D_scores': array([1.6152e+10, 1.1393e+10, 7.8585e+09, 4.5289e+09, 2.7707e+09,
       2.5237e+09, 1.8887e+09, 1.5806e+09, 1.3428e+09, 1.1553e+09,
       1.1309e+09, 9.5432e+08])}",diff_mean_tiny_covariance_gap,3
MY-small_mu,12,rbf,{'gamma': 0.03954998857521292},rbf(gamma=0.03954998857521292),0.525,rbf,"{'C': 1.0, 'gamma': 'scale'}","{'thetas': array([0.0005, 0.0009, 0.0026, 0.005 , 0.0075, 0.0091, 0.0109, 0.011 ,
       0.0125, 0.0165, 0.0195, 0.023 ]), 'lambdas': array([0.0005, 0.0009, 0.0026, 0.005 , 0.0075, 0.0091, 0.0109, 0.011 ,
       0.0125, 0.0165, 0.0195, 0.023 ]), 'D_scores': array([1022.2649,  576.4779,  190.1637,   96.6471,   63.449 ,   52.2841,
         43.1552,   42.7272,   37.293 ,   27.683 ,   23.2374,   19.3304])}",diff_mean_tiny_covariance_gap,3
MY-small_mu,12,laplacian,{'gamma': 0.03954998857521292},laplacian(gamma=0.03954998857521292),0.575,rbf,"{'C': 0.5, 'gamma': 0.5}","{'thetas': array([0.0022, 0.0054, 0.0078, 0.0093, 0.0121, 0.013 , 0.0148, 0.0168,
       0.026 , 0.0265, 0.029 , 0.0325]), 'lambdas': array([0.0022, 0.0054, 0.0078, 0.0093, 0.0121, 0.013 , 0.0148, 0.0168,
       0.026 , 0.0265, 0.029 , 0.0325]), 'D_scores': array([227.0714,  88.6452,  61.425 ,  50.6851,  38.7037,  35.9059,
        31.1792,  27.2163,  16.9395,  16.5582,  14.948 ,  13.1809])}",diff_mean_tiny_covariance_gap,3
MY-small_mu,12,polynomial,"{'degree': 2, 'gamma': 0.03954998857521292, 'coef0': 1.0}","polynomial(coef0=1.0, degree=2, gamma=0.03954998857521292)",0.6,rbf,"{'C': 1.0, 'gamma': 'scale'}","{'thetas': array([      0.0045,       0.0135,       0.0171,       0.0219,
             0.0423,       0.0465,       0.0488, 1342932.3874,
        837939.8422,  637309.4579,  496828.4837,  364927.6759]), 'lambdas': array([      0.0045,       0.0135,       0.0171,       0.0219,
             0.0423,       0.0465,       0.0488, 1342932.3874,
        837939.8422,  637309.4579,  496828.4837,  364927.6759]), 'D_scores': array([107.4318,  34.4862,  26.6524,  20.4314,   9.7382,   8.726 ,
         8.2596,   6.5553,   6.3194,   6.1825,   6.058 ,   5.9037])}",diff_mean_tiny_covariance_gap,3
MY-small_mu,12,sigmoid,"{'gamma': 0.03954998857521292, 'coef0': 0.0}","sigmoid(coef0=0.0, gamma=0.03954998857521292)",0.675,rbf,"{'C': 0.5, 'gamma': 0.5}","{'thetas': array([0.0009, 0.0029, 0.0036, 0.0049, 0.0085, 0.0101, 0.0103, 0.0119,
       0.0154, 0.0186, 0.0365, 0.046 ]), 'lambdas': array([0.0009, 0.0029, 0.0036, 0.0049, 0.0085, 0.0101, 0.0103, 0.0119,
       0.0154, 0.0186, 0.0365, 0.046 ]), 'D_scores': array([543.4135, 169.5108, 135.4105,  98.1438,  56.1945,  46.6721,
        45.5541,  39.4826,  29.9807,  24.4056,  11.5509,   8.8439])}",diff_mean_tiny_covariance_gap,3
MY-small_mu,14,linear,{},linear,0.65,rbf,"{'C': 0.5, 'gamma': 'scale'}","{'thetas': array([0., 0., 0., 0., 0., 0., 0., 0., 0., 0., 0., 0., 0., 0.]), 'lambdas': array([0., 0., 0., 0., 0., 0., 0., 0., 0., 0., 0., 0., 0., 0.]), 'D_scores': array([1.8094e+10, 1.0113e+10, 3.0716e+09, 2.3272e+09, 2.2116e+09,
       2.1882e+09, 2.0106e+09, 1.3849e+09, 1.3362e+09, 1.2489e+09,
       1.1270e+09, 9.7639e+08, 9.2386e+08, 8.7811e+08])}",diff_mean_tiny_covariance_gap,3
MY-small_mu,14,rbf,{'gamma': 0.03954998857521292},rbf(gamma=0.03954998857521292),0.5375,rbf,"{'C': 0.5, 'gamma': 'scale'}","{'thetas': array([0.0005, 0.0044, 0.0058, 0.0086, 0.011 , 0.0153, 0.0176, 0.0209,
       0.0219, 0.0257, 0.0283, 0.0348, 0.0383, 0.0496]), 'lambdas': array([0.0005, 0.0044, 0.0058, 0.0086, 0.011 , 0.0153, 0.0176, 0.0209,
       0.0219, 0.0257, 0.0283, 0.0348, 0.0383, 0.0496]), 'D_scores': array([936.2522, 110.8307,  82.4883,  55.5792,  42.6476,  30.0149,
        25.8312,  21.5423,  20.4217,  17.1604,  15.359 ,  12.1979,
        10.9317,   8.087 ])}",diff_mean_tiny_covariance_gap,3
MY-small_mu,14,laplacian,{'gamma': 0.03954998857521292},laplacian(gamma=0.03954998857521292),0.5375,rbf,"{'C': 0.5, 'gamma': 0.5}","{'thetas': array([0.0022, 0.0049, 0.007 , 0.0075, 0.0114, 0.0129, 0.0165, 0.0177,
       0.0211, 0.0237, 0.0303, 0.0339, 0.0365, 0.0443]), 'lambdas': array([0.0022, 0.0049, 0.007 , 0.0075, 0.0114, 0.0129, 0.0165, 0.0177,
       0.0211, 0.0237, 0.0303, 0.0339, 0.0365, 0.0443]), 'D_scores': array([219.6966,  99.6384,  68.0076,  64.0154,  41.1289,  36.1763,
        27.754 ,  25.7548,  21.3109,  18.702 ,  14.2363,  12.5717,
        11.5411,   9.2197])}",diff_mean_tiny_covariance_gap,3
MY-small_mu,14,polynomial,"{'degree': 2, 'gamma': 0.03954998857521292, 'coef0': 1.0}","polynomial(coef0=1.0, degree=2, gamma=0.03954998857521292)",0.6875,rbf,"{'C': 1.0, 'gamma': 'scale'}","{'thetas': array([      0.0081,       0.0177,       0.02  ,       0.0306,
             0.0363,       0.0541, 1850231.1475,  616268.7736,
        516523.2709,  442388.4255,  358357.1566,  327634.7362,
        262810.1234,  206851.5128]), 'lambdas': array([      0.0081,       0.0177,       0.02  ,       0.0306,
             0.0363,       0.0541, 1850231.1475,  616268.7736,
        516523.2709,  442388.4255,  358357.1566,  327634.7362,
        262810.1234,  206851.5128]), 'D_scores': array([59.0753, 25.7065, 22.5581, 14.0724, 11.6406,  7.2854,  6.7155,
        6.1657,  6.0775,  6.    ,  5.8947,  5.8499,  5.7396,  5.6199])}",diff_mean_tiny_covariance_gap,3
MY-small_mu,14,sigmoid,"{'gamma': 0.03954998857521292, 'coef0': 0.0}","sigmoid(coef0=0.0, gamma=0.03954998857521292)",0.675,rbf,"{'C': 2.0, 'gamma': 0.5}","{'thetas': array([      0.0017,       0.0051,       0.0066,       0.0093,
             0.0109,       0.0125,       0.0158,       0.0198,
             0.0271,       0.0353,       0.0379,       0.0531,
       3857543.9911, 2980011.6777]), 'lambdas': array([      0.0017,       0.0051,       0.0066,       0.0093,
             0.0109,       0.0125,       0.0158,       0.0198,
             0.0271,       0.0353,       0.0379,       0.0531,
       3857543.9911, 2980011.6777]), 'D_scores': array([292.7205,  94.8394,  72.4377,  50.9521,  43.2685,  37.3378,
        29.1708,  22.8246,  16.1307,  11.9746,  11.0576,   7.4585,
         7.0828,   6.9537])}",diff_mean_tiny_covariance_gap,3
MY-small_mu,16,linear,{},linear,0.625,rbf,"{'C': 0.5, 'gamma': 'scale'}","{'thetas': array([0., 0., 0., 0., 0., 0., 0., 0., 0., 0., 0., 0., 0., 0., 0., 0.]), 'lambdas': array([0., 0., 0., 0., 0., 0., 0., 0., 0., 0., 0., 0., 0., 0., 0., 0.]), 'D_scores': array([1.7992e+11, 3.9344e+10, 9.4290e+09, 5.7875e+09, 2.2875e+09,
       1.9862e+09, 1.3943e+09, 1.3665e+09, 1.0113e+09, 9.3465e+08,
       9.0578e+08, 8.3709e+08, 8.1758e+08, 6.9742e+08, 6.6829e+08,
       5.7165e+08])}",diff_mean_tiny_covariance_gap,3
MY-small_mu,16,rbf,{'gamma': 0.03954998857521292},rbf(gamma=0.03954998857521292),0.7,rbf,"{'C': 2.0, 'gamma': 'scale'}","{'thetas': array([      0.0017,       0.0031,       0.0051,       0.0069,
             0.0099,       0.0169,       0.0187,       0.0204,
             0.0216,       0.024 ,       0.033 ,       0.0356,
             0.0433,       0.0525, 4229921.1599,  998905.2123]), 'lambdas': array([      0.0017,       0.0031,       0.0051,       0.0069,
             0.0099,       0.0169,       0.0187,       0.0204,
             0.0216,       0.024 ,       0.033 ,       0.0356,
             0.0433,       0.0525, 4229921.1599,  998905.2123]), 'D_scores': array([282.3804, 158.1315,  94.7242,  69.887 ,  47.6645,  27.0158,
        24.3072,  22.0872,  20.7216,  18.4878,  12.9291,  11.8653,
         9.4729,   7.5589,   7.1294,   6.4074])}",diff_mean_tiny_covariance_gap,3
MY-small_mu,16,laplacian,{'gamma': 0.03954998857521292},laplacian(gamma=0.03954998857521292),0.5,rbf,"{'C': 2.0, 'gamma': 0.5}","{'thetas': array([0.0004, 0.0024, 0.0037, 0.0082, 0.0113, 0.0132, 0.0165, 0.0176,
       0.0244, 0.0259, 0.0298, 0.0334, 0.0353, 0.0466, 0.0518, 0.0581]), 'lambdas': array([0.0004, 0.0024, 0.0037, 0.0082, 0.0113, 0.0132, 0.0165, 0.0176,
       0.0244, 0.0259, 0.0298, 0.0334, 0.0353, 0.0466, 0.0518, 0.0581]), 'D_scores': array([1262.7467,  209.0004,  131.9891,   57.8757,   41.3876,   35.1319,
         27.7546,   25.8204,   18.1724,   16.9831,   14.5063,   12.7542,
         11.9868,    8.7113,    7.6655,    6.6901])}",diff_mean_tiny_covariance_gap,3
MY-small_mu,16,polynomial,"{'degree': 2, 'gamma': 0.03954998857521292, 'coef0': 1.0}","polynomial(coef0=1.0, degree=2, gamma=0.03954998857521292)",0.675,rbf,"{'C': 1.0, 'gamma': 'scale'}","{'thetas': array([      0.0074,       0.0079,       0.0192,       0.0207,
             0.0426,       0.0486, 2747604.2179,       0.0603,
        766573.2393,  547065.9284,  507700.2674,  429870.3204,
        328986.5176,  278430.9905,  261836.0951,  207943.875 ]), 'lambdas': array([      0.0074,       0.0079,       0.0192,       0.0207,
             0.0426,       0.0486, 2747604.2179,       0.0603,
        766573.2393,  547065.9284,  507700.2674,  429870.3204,
        328986.5176,  278430.9905,  261836.0951,  207943.875 ]), 'D_scores': array([64.6889, 60.6424, 23.4999, 21.7103,  9.675 ,  8.2778,  6.9132,
        6.3932,  6.2748,  6.1062,  6.0688,  5.9856,  5.8519,  5.7685,
        5.7378,  5.6227])}",diff_mean_tiny_covariance_gap,3
MY-small_mu,16,sigmoid,"{'gamma': 0.03954998857521292, 'coef0': 0.0}","sigmoid(coef0=0.0, gamma=0.03954998857521292)",0.7,rbf,"{'C': 2.0, 'gamma': 'scale'}","{'thetas': array([      0.0018,       0.0038,       0.0059,       0.0077,
             0.0121,       0.0135,       0.0187,       0.0232,
             0.0353,       0.0411,       0.051 , 4223544.108 ,
       3298282.9895, 2456149.3546, 2429422.9152, 1784133.1548]), 'lambdas': array([      0.0018,       0.0038,       0.0059,       0.0077,
             0.0121,       0.0135,       0.0187,       0.0232,
             0.0353,       0.0411,       0.051 , 4223544.108 ,
       3298282.9895, 2456149.3546, 2429422.9152, 1784133.1548]), 'D_scores': array([267.5743, 128.1524,  82.3083,  62.1731,  38.7577,  34.5239,
        24.2464,  19.1306,  12.0132,  10.0603,   7.8201,   7.1281,
         7.0045,   6.8571,   6.8516,   6.6972])}",diff_mean_tiny_covariance_gap,3
MY-small_mu,20,linear,{},linear,0.65,poly,"{'C': 2.0, 'gamma': 'scale', 'degree': 2, 'coef0': 1.0}","{'thetas': array([0., 0., 0., 0., 0., 0., 0., 0., 0., 0., 0., 0., 0., 0., 0., 0., 0.,
       0., 0., 0.]), 'lambdas': array([0., 0., 0., 0., 0., 0., 0., 0., 0., 0., 0., 0., 0., 0., 0., 0., 0.,
       0., 0., 0.]), 'D_scores': array([2.7717e+10, 5.9891e+09, 3.6600e+09, 2.9116e+09, 2.1305e+09,
       2.1069e+09, 2.0105e+09, 1.3996e+09, 1.3060e+09, 1.1316e+09,
       9.2498e+08, 8.7288e+08, 8.6393e+08, 7.0921e+08, 6.7064e+08,
       6.3405e+08, 6.2390e+08, 5.7986e+08, 5.0322e+08, 4.4473e+08])}",diff_mean_tiny_covariance_gap,3
MY-small_mu,20,rbf,{'gamma': 0.03954998857521292},rbf(gamma=0.03954998857521292),0.5375,rbf,"{'C': 2.0, 'gamma': 'scale'}","{'thetas': array([      0.0012,       0.0027,       0.0031,       0.0061,
             0.0069,       0.0106,       0.0129,       0.0153,
             0.0167,       0.0238,       0.0239,       0.0349,
             0.0379,       0.048 ,       0.0491, 6107803.7253,
             0.058 , 1067353.8556,  943195.9246,  776112.6777]), 'lambdas': array([      0.0012,       0.0027,       0.0031,       0.0061,
             0.0069,       0.0106,       0.0129,       0.0153,
             0.0167,       0.0238,       0.0239,       0.0349,
             0.0379,       0.048 ,       0.0491, 6107803.7253,
             0.058 , 1067353.8556,  943195.9246,  776112.6777]), 'D_scores': array([409.818 , 180.3924, 159.4172,  79.3108,  69.7904,  44.3579,
        36.1688,  30.1757,  27.4361,  18.6755,  18.5839,  12.1527,
        11.0545,   8.4072,   8.1782,   7.313 ,   6.694 ,   6.4406,
         6.3785,   6.281 ])}",diff_mean_tiny_covariance_gap,3
MY-small_mu,20,laplacian,{'gamma': 0.03954998857521292},laplacian(gamma=0.03954998857521292),0.5875,rbf,"{'C': 2.0, 'gamma': 'scale'}","{'thetas': array([      0.0018,       0.004 ,       0.0053,       0.0057,
             0.0078,       0.0121,       0.0129,       0.0146,
             0.0242,       0.0268,       0.0287,       0.0365,
             0.0384,       0.0436,       0.0534,       0.056 ,
       2083381.2876,       0.0602,  178131.7371,  135275.7516]), 'lambdas': array([      0.0018,       0.004 ,       0.0053,       0.0057,
             0.0078,       0.0121,       0.0129,       0.0146,
             0.0242,       0.0268,       0.0287,       0.0365,
             0.0384,       0.0436,       0.0534,       0.056 ,
       2083381.2876,       0.0602,  178131.7371,  135275.7516]), 'D_scores': array([277.8001, 121.6745,  90.8565,  85.1742,  61.2629,  38.7791,
        36.0641,  31.6178,  18.262 ,  16.3176,  15.1683,  11.5404,
        10.8866,   9.4102,   7.4044,   6.9904,   6.775 ,   6.4065,
         5.5454,   5.4075])}",diff_mean_tiny_covariance_gap,3
MY-small_mu,20,polynomial,"{'degree': 2, 'gamma': 0.03954998857521292, 'coef0': 1.0}","polynomial(coef0=1.0, degree=2, gamma=0.03954998857521292)",0.675,rbf,"{'C': 1.0, 'gamma': 'scale'}","{'thetas': array([      0.0072,       0.0105,       0.0236,       0.0333,
             0.0407,       0.0511, 1564364.7549,       0.0589,
        566148.8655,  486687.7969,  404840.0712,  370034.5097,
        321662.1207,  226723.821 ,  205580.818 ,  192288.1331,
        174947.0955,  141252.8482,  125943.6932,   97539.8145]), 'lambdas': array([      0.0072,       0.0105,       0.0236,       0.0333,
             0.0407,       0.0511, 1564364.7549,       0.0589,
        566148.8655,  486687.7969,  404840.0712,  370034.5097,
        321662.1207,  226723.821 ,  205580.818 ,  192288.1331,
        174947.0955,  141252.8482,  125943.6932,   97539.8145]), 'D_scores': array([66.3111, 44.795 , 18.8103, 12.8144, 10.1893,  7.8065,  6.6315,
        6.5796,  6.1234,  6.0477,  5.9556,  5.9107,  5.8406,  5.6658,
        5.6168,  5.5834,  5.5361,  5.4292,  5.3718,  5.244 ])}",diff_mean_tiny_covariance_gap,3
MY-small_mu,20,sigmoid,"{'gamma': 0.03954998857521292, 'coef0': 0.0}","sigmoid(coef0=0.0, gamma=0.03954998857521292)",0.5875,rbf,"{'C': 2.0, 'gamma': 'scale'}","{'thetas': array([      0.0026,       0.0033,       0.0062,       0.0084,
             0.0106,       0.0154,       0.0207,       0.026 ,
             0.0276,       0.0316,       0.0355,       0.0481,
       4839604.8677,       0.0549, 2647830.0328, 2231405.4091,
       2020252.943 , 1833089.7487, 1237436.9302, 1117076.7231]), 'lambdas': array([      0.0026,       0.0033,       0.0062,       0.0084,
             0.0106,       0.0154,       0.0207,       0.026 ,
             0.0276,       0.0316,       0.0355,       0.0481,
       4839604.8677,       0.0549, 2647830.0328, 2231405.4091,
       2020252.943 , 1833089.7487, 1237436.9302, 1117076.7231]), 'D_scores': array([185.4866, 147.8923,  78.0504,  56.9871,  44.491 ,  29.9735,
        21.6722,  16.9414,  15.8288,  13.5878,  11.9158,   8.3735,
         7.1962,   7.1548,   6.8946,   6.8091,   6.7594,   6.7108,
         6.5143,   6.4631])}",diff_mean_tiny_covariance_gap,3
