variant,r,stage1_kernel,stage1_params,stage1_label,val_acc,best_svm_kernel,best_svm_params,diag,regime,repeat
KFDA-1D,1,linear,{},linear,0.6153846153846154,rbf,"{'C': 2.0, 'gamma': 0.5}","{'top_lambda': 0.11249800213199, 'd_norm': 125.09361117799237}",same_mean_diff_covariance,1
KFDA-1D,1,rbf,{'gamma': 0.0015153536519245177},rbf(gamma=0.0015153536519245177),0.46153846153846156,sigmoid,"{'C': 0.5, 'gamma': 'scale', 'coef0': 0.0}","{'top_lambda': 29740.68398797839, 'd_norm': 0.15910173341506106}",same_mean_diff_covariance,1
KFDA-1D,1,laplacian,{'gamma': 0.0015153536519245177},laplacian(gamma=0.0015153536519245177),0.6153846153846154,rbf,"{'C': 2.0, 'gamma': 0.5}","{'top_lambda': 27427.3642609038, 'd_norm': 0.11213605360772289}",same_mean_diff_covariance,1
KFDA-1D,1,polynomial,"{'degree': 2, 'gamma': 0.0015153536519245177, 'coef0': 1.0}","polynomial(coef0=1.0, degree=2, gamma=0.0015153536519245177)",0.5692307692307692,rbf,"{'C': 2.0, 'gamma': 0.5}","{'top_lambda': 17630.20960257562, 'd_norm': 0.5684099082778312}",same_mean_diff_covariance,1
KFDA-1D,1,sigmoid,"{'gamma': 0.0015153536519245177, 'coef0': 0.0}","sigmoid(coef0=0.0, gamma=0.0015153536519245177)",0.3384615384615385,sigmoid,"{'C': 0.5, 'gamma': 'scale', 'coef0': 0.0}","{'top_lambda': 0.10674728970110717, 'd_norm': 0.1566522483524195}",same_mean_diff_covariance,1
MY-large_mu,1,linear,{},linear,0.6384615384615384,rbf,"{'C': 2.0, 'gamma': 0.5}","{'thetas': array([0.]), 'lambdas': array([0.]), 'gvals': array([2.2836e+09])}",same_mean_diff_covariance,1
MY-large_mu,1,rbf,{'gamma': 0.0015153536519245177},rbf(gamma=0.0015153536519245177),0.5923076923076923,rbf,"{'C': 2.0, 'gamma': 'scale'}","{'thetas': array([0.]), 'lambdas': array([0.]), 'gvals': array([21838.9588])}",same_mean_diff_covariance,1
MY-large_mu,1,laplacian,{'gamma': 0.0015153536519245177},laplacian(gamma=0.0015153536519245177),0.5923076923076923,rbf,"{'C': 0.5, 'gamma': 'scale'}","{'thetas': array([0.]), 'lambdas': array([0.]), 'gvals': array([132450.8164])}",same_mean_diff_covariance,1
MY-large_mu,1,polynomial,"{'degree': 2, 'gamma': 0.0015153536519245177, 'coef0': 1.0}","polynomial(coef0=1.0, degree=2, gamma=0.0015153536519245177)",0.6,rbf,"{'C': 0.5, 'gamma': 'scale'}","{'thetas': array([0.0003]), 'lambdas': array([0.0003]), 'gvals': array([1788.4987])}",same_mean_diff_covariance,1
MY-large_mu,1,sigmoid,"{'gamma': 0.0015153536519245177, 'coef0': 0.0}","sigmoid(coef0=0.0, gamma=0.0015153536519245177)",0.4307692307692308,sigmoid,"{'C': 2.0, 'gamma': 'scale', 'coef0': 0.0}","{'thetas': array([0.]), 'lambdas': array([0.]), 'gvals': array([2.5906e+10])}",same_mean_diff_covariance,1
MY-large_mu,2,linear,{},linear,0.5,rbf,"{'C': 0.5, 'gamma': 'scale'}","{'thetas': array([0., 0.]), 'lambdas': array([0., 0.]), 'gvals': array([5.1688e+09, 1.4522e+09])}",same_mean_diff_covariance,1
MY-large_mu,2,rbf,{'gamma': 0.0015153536519245177},rbf(gamma=0.0015153536519245177),0.6384615384615384,poly,"{'C': 2.0, 'gamma': 'scale', 'degree': 2, 'coef0': 1.0}","{'thetas': array([0., 0.]), 'lambdas': array([0., 0.]), 'gvals': array([39136.0428, 11632.1473])}",same_mean_diff_covariance,1
MY-large_mu,2,laplacian,{'gamma': 0.0015153536519245177},laplacian(gamma=0.0015153536519245177),0.6153846153846154,rbf,"{'C': 2.0, 'gamma': 'scale'}","{'thetas': array([0.    , 0.0001]), 'lambdas': array([0.    , 0.0001]), 'gvals': array([107005.9868,   9727.7399])}",same_mean_diff_covariance,1
MY-large_mu,2,polynomial,"{'degree': 2, 'gamma': 0.0015153536519245177, 'coef0': 1.0}","polynomial(coef0=1.0, degree=2, gamma=0.0015153536519245177)",0.5923076923076923,rbf,"{'C': 1.0, 'gamma': 'scale'}","{'thetas': array([0.0003, 0.0008]), 'lambdas': array([0.0003, 0.0008]), 'gvals': array([1869.5751,  592.0217])}",same_mean_diff_covariance,1
MY-large_mu,2,sigmoid,"{'gamma': 0.0015153536519245177, 'coef0': 0.0}","sigmoid(coef0=0.0, gamma=0.0015153536519245177)",0.5384615384615384,rbf,"{'C': 1.0, 'gamma': 'scale'}","{'thetas': array([0., 0.]), 'lambdas': array([0., 0.]), 'gvals': array([1.2016e+10, 3.4899e+09])}",same_mean_diff_covariance,1
MY-large_mu,3,linear,{},linear,0.5153846153846153,rbf,"{'C': 0.5, 'gamma': 0.5}","{'thetas': array([0., 0., 0.]), 'lambdas': array([0., 0., 0.]), 'gvals': array([1.5608e+09, 9.1191e+08, 7.6889e+08])}",same_mean_diff_covariance,1
MY-large_mu,3,rbf,{'gamma': 0.0015153536519245177},rbf(gamma=0.0015153536519245177),0.6076923076923076,rbf,"{'C': 2.0, 'gamma': 0.5}","{'thetas': array([0.    , 0.    , 0.0001]), 'lambdas': array([0.    , 0.    , 0.0001]), 'gvals': array([27784.7961, 11269.3694,  4465.0194])}",same_mean_diff_covariance,1
MY-large_mu,3,laplacian,{'gamma': 0.0015153536519245177},laplacian(gamma=0.0015153536519245177),0.6076923076923076,rbf,"{'C': 1.0, 'gamma': 0.5}","{'thetas': array([0.    , 0.    , 0.0001]), 'lambdas': array([0.    , 0.    , 0.0001]), 'gvals': array([328923.7126,  12765.7611,   7419.9456])}",same_mean_diff_covariance,1
MY-large_mu,3,polynomial,"{'degree': 2, 'gamma': 0.0015153536519245177, 'coef0': 1.0}","polynomial(coef0=1.0, degree=2, gamma=0.0015153536519245177)",0.49230769230769234,rbf,"{'C': 2.0, 'gamma': 0.5}","{'thetas': array([0.0003, 0.0003, 0.0004]), 'lambdas': array([0.0003, 0.0003, 0.0004]), 'gvals': array([1694.2034, 1424.4541, 1126.5057])}",same_mean_diff_covariance,1
MY-large_mu,3,sigmoid,"{'gamma': 0.0015153536519245177, 'coef0': 0.0}","sigmoid(coef0=0.0, gamma=0.0015153536519245177)",0.6307692307692307,rbf,"{'C': 2.0, 'gamma': 0.5}","{'thetas': array([0.    , 0.0015, 0.0045]), 'lambdas': array([0.    , 0.0015, 0.0045]), 'gvals': array([7.6725e+09, 3.3225e+02, 1.0761e+02])}",same_mean_diff_covariance,1
MY-large_mu,4,linear,{},linear,0.6230769230769231,rbf,"{'C': 2.0, 'gamma': 0.5}","{'thetas': array([0.    , 0.    , 0.0007, 0.0011]), 'lambdas': array([0.    , 0.    , 0.0007, 0.0011]), 'gvals': array([9.1751e+08, 4.6888e+08, 6.7910e+02, 4.5320e+02])}",same_mean_diff_covariance,1
MY-large_mu,4,rbf,{'gamma': 0.0015153536519245177},rbf(gamma=0.0015153536519245177),0.5384615384615384,rbf,"{'C': 2.0, 'gamma': 0.5}","{'thetas': array([0.    , 0.0001, 0.0001, 0.0002]), 'lambdas': array([0.    , 0.0001, 0.0001, 0.0002]), 'gvals': array([26065.4288,  7359.5755,  4306.7526,  2014.4785])}",same_mean_diff_covariance,1
MY-large_mu,4,laplacian,{'gamma': 0.0015153536519245177},laplacian(gamma=0.0015153536519245177),0.6461538461538462,rbf,"{'C': 2.0, 'gamma': 0.5}","{'thetas': array([0.0001, 0.0001, 0.0002, 0.0002]), 'lambdas': array([0.0001, 0.0001, 0.0002, 0.0002]), 'gvals': array([7778.4644, 4317.8657, 3199.3312, 2402.2511])}",same_mean_diff_covariance,1
MY-large_mu,4,polynomial,"{'degree': 2, 'gamma': 0.0015153536519245177, 'coef0': 1.0}","polynomial(coef0=1.0, degree=2, gamma=0.0015153536519245177)",0.5769230769230769,rbf,"{'C': 2.0, 'gamma': 0.5}","{'thetas': array([0.0003, 0.0005, 0.0008, 0.0015]), 'lambdas': array([0.0003, 0.0005, 0.0008, 0.0015]), 'gvals': array([1868.8182,  905.1548,  605.2993,  339.8012])}",same_mean_diff_covariance,1
MY-large_mu,4,sigmoid,"{'gamma': 0.0015153536519245177, 'coef0': 0.0}","sigmoid(coef0=0.0, gamma=0.0015153536519245177)",0.5846153846153846,rbf,"{'C': 1.0, 'gamma': 'scale'}","{'thetas': array([0.    , 0.    , 0.0011, 0.0059]), 'lambdas': array([0.    , 0.    , 0.0011, 0.0059]), 'gvals': array([6.0988e+10, 7.6605e+08, 4.4891e+02, 8.2356e+01])}",same_mean_diff_covariance,1
MY-large_mu,5,linear,{},linear,0.7,rbf,"{'C': 0.5, 'gamma': 0.5}","{'thetas': array([0.    , 0.    , 0.    , 0.0016, 0.0022]), 'lambdas': array([0.    , 0.    , 0.    , 0.0016, 0.0022]), 'gvals': array([1.3669e+09, 1.1929e+09, 5.6260e+08, 3.1159e+02, 2.1945e+02])}",same_mean_diff_covariance,1
MY-large_mu,5,rbf,{'gamma': 0.0015153536519245177},rbf(gamma=0.0015153536519245177),0.5692307692307692,rbf,"{'C': 2.0, 'gamma': 'scale'}","{'thetas': array([0.    , 0.    , 0.0001, 0.0001, 0.0002]), 'lambdas': array([0.    , 0.    , 0.0001, 0.0001, 0.0002]), 'gvals': array([60524.3748, 16773.3309,  5235.9316,  3392.3409,  2382.8549])}",same_mean_diff_covariance,1
MY-large_mu,5,laplacian,{'gamma': 0.0015153536519245177},laplacian(gamma=0.0015153536519245177),0.6153846153846154,rbf,"{'C': 2.0, 'gamma': 0.5}","{'thetas': array([0.0001, 0.0001, 0.0002, 0.0003, 0.0004]), 'lambdas': array([0.0001, 0.0001, 0.0002, 0.0003, 0.0004]), 'gvals': array([5658.7091, 3494.6714, 2261.1795, 1710.2142, 1161.881 ])}",same_mean_diff_covariance,1
MY-large_mu,5,polynomial,"{'degree': 2, 'gamma': 0.0015153536519245177, 'coef0': 1.0}","polynomial(coef0=1.0, degree=2, gamma=0.0015153536519245177)",0.6692307692307692,rbf,"{'C': 2.0, 'gamma': 0.5}","{'thetas': array([0.0002, 0.0008, 0.0012, 0.0017, 0.0022]), 'lambdas': array([0.0002, 0.0008, 0.0012, 0.0017, 0.0022]), 'gvals': array([2666.476 ,  633.4151,  410.4032,  291.9615,  218.7846])}",same_mean_diff_covariance,1
MY-large_mu,5,sigmoid,"{'gamma': 0.0015153536519245177, 'coef0': 0.0}","sigmoid(coef0=0.0, gamma=0.0015153536519245177)",0.5538461538461539,rbf,"{'C': 0.5, 'gamma': 0.5}","{'thetas': array([0.    , 0.    , 0.    , 0.    , 0.0001]), 'lambdas': array([0.    , 0.    , 0.    , 0.    , 0.0001]), 'gvals': array([1.7285e+09, 9.4806e+08, 8.4516e+08, 5.6243e+08, 7.5499e+03])}",same_mean_diff_covariance,1
MY-large_mu,6,linear,{},linear,0.6538461538461539,rbf,"{'C': 2.0, 'gamma': 'scale'}","{'thetas': array([0.    , 0.    , 0.    , 0.001 , 0.0014, 0.0025]), 'lambdas': array([0.    , 0.    , 0.    , 0.001 , 0.0014, 0.0025]), 'gvals': array([1.4504e+09, 8.3698e+08, 3.2040e+08, 5.1227e+02, 3.5270e+02,
       1.9828e+02])}",same_mean_diff_covariance,1
MY-large_mu,6,rbf,{'gamma': 0.0015153536519245177},rbf(gamma=0.0015153536519245177),0.5384615384615384,rbf,"{'C': 2.0, 'gamma': 0.5}","{'thetas': array([0.    , 0.    , 0.    , 0.0001, 0.0002, 0.0003]), 'lambdas': array([0.    , 0.    , 0.    , 0.0001, 0.0002, 0.0003]), 'gvals': array([96498.3696, 26275.3229, 11517.1183,  3868.0077,  2615.379 ,
        1736.1558])}",same_mean_diff_covariance,1
MY-large_mu,6,laplacian,{'gamma': 0.0015153536519245177},laplacian(gamma=0.0015153536519245177),0.6076923076923076,rbf,"{'C': 2.0, 'gamma': 0.5}","{'thetas': array([0.0001, 0.0001, 0.0002, 0.0004, 0.0004, 0.0007]), 'lambdas': array([0.0001, 0.0001, 0.0002, 0.0004, 0.0004, 0.0007]), 'gvals': array([6648.5433, 3605.7934, 2056.8182, 1379.0122, 1184.9895,  754.5952])}",same_mean_diff_covariance,1
MY-large_mu,6,polynomial,"{'degree': 2, 'gamma': 0.0015153536519245177, 'coef0': 1.0}","polynomial(coef0=1.0, degree=2, gamma=0.0015153536519245177)",0.6307692307692307,rbf,"{'C': 1.0, 'gamma': 0.5}","{'thetas': array([0.0007, 0.0009, 0.0013, 0.0016, 0.0024, 0.0026]), 'lambdas': array([0.0007, 0.0009, 0.0013, 0.0016, 0.0024, 0.0026]), 'gvals': array([714.8858, 552.9692, 389.1871, 304.4813, 203.3982, 192.3967])}",same_mean_diff_covariance,1
MY-large_mu,6,sigmoid,"{'gamma': 0.0015153536519245177, 'coef0': 0.0}","sigmoid(coef0=0.0, gamma=0.0015153536519245177)",0.5538461538461539,rbf,"{'C': 2.0, 'gamma': 0.5}","{'thetas': array([0.    , 0.    , 0.    , 0.    , 0.0013, 0.0049]), 'lambdas': array([0.    , 0.    , 0.    , 0.    , 0.0013, 0.0049]), 'gvals': array([4.1857e+09, 1.2428e+09, 9.1145e+08, 6.7438e+08, 3.7093e+02,
       9.9754e+01])}",same_mean_diff_covariance,1
MY-large_mu,7,linear,{},linear,0.6153846153846154,rbf,"{'C': 2.0, 'gamma': 0.5}","{'thetas': array([0.    , 0.    , 0.    , 0.    , 0.0011, 0.0028, 0.0067]), 'lambdas': array([0.    , 0.    , 0.    , 0.    , 0.0011, 0.0028, 0.0067]), 'gvals': array([1.3897e+09, 1.0680e+09, 5.6050e+08, 2.5726e+04, 4.6848e+02,
       1.7244e+02, 7.1984e+01])}",same_mean_diff_covariance,1
MY-large_mu,7,rbf,{'gamma': 0.0015153536519245177},rbf(gamma=0.0015153536519245177),0.6076923076923076,rbf,"{'C': 2.0, 'gamma': 0.5}","{'thetas': array([0.    , 0.0001, 0.0001, 0.0002, 0.0003, 0.0004, 0.0005]), 'lambdas': array([0.    , 0.0001, 0.0001, 0.0002, 0.0003, 0.0004, 0.0005]), 'gvals': array([11589.4613,  8847.2153,  3797.1698,  2832.288 ,  1897.8318,
        1258.8277,  1040.9718])}",same_mean_diff_covariance,1
MY-large_mu,7,laplacian,{'gamma': 0.0015153536519245177},laplacian(gamma=0.0015153536519245177),0.5692307692307692,rbf,"{'C': 2.0, 'gamma': 0.5}","{'thetas': array([0.    , 0.0001, 0.0001, 0.0002, 0.0003, 0.0004, 0.0005]), 'lambdas': array([0.    , 0.0001, 0.0001, 0.0002, 0.0003, 0.0004, 0.0005]), 'gvals': array([29533.7888,  6391.7959,  4909.6953,  2565.8481,  1910.0086,
        1211.5228,   983.2545])}",same_mean_diff_covariance,1
MY-large_mu,7,polynomial,"{'degree': 2, 'gamma': 0.0015153536519245177, 'coef0': 1.0}","polynomial(coef0=1.0, degree=2, gamma=0.0015153536519245177)",0.6153846153846154,rbf,"{'C': 0.5, 'gamma': 0.5}","{'thetas': array([0.0002, 0.0007, 0.0013, 0.0017, 0.0019, 0.0037, 0.0043]), 'lambdas': array([0.0002, 0.0007, 0.0013, 0.0017, 0.0019, 0.0037, 0.0043]), 'gvals': array([2405.5389,  683.9154,  378.9842,  287.9066,  256.8413,  132.3708,
        112.0763])}",same_mean_diff_covariance,1
MY-large_mu,7,sigmoid,"{'gamma': 0.0015153536519245177, 'coef0': 0.0}","sigmoid(coef0=0.0, gamma=0.0015153536519245177)",0.6923076923076923,rbf,"{'C': 0.5, 'gamma': 'scale'}","{'thetas': array([0.    , 0.    , 0.    , 0.    , 0.0025, 0.0048, 0.0101]), 'lambdas': array([0.    , 0.    , 0.    , 0.    , 0.0025, 0.0048, 0.0101]), 'gvals': array([2.6512e+09, 1.8427e+09, 1.0767e+09, 4.6050e+08, 1.9932e+02,
       1.0114e+02, 4.6725e+01])}",same_mean_diff_covariance,1
MY-large_mu,8,linear,{},linear,0.7076923076923077,rbf,"{'C': 1.0, 'gamma': 'scale'}","{'thetas': array([0.    , 0.    , 0.    , 0.0005, 0.0011, 0.0018, 0.0028, 0.0038]), 'lambdas': array([0.    , 0.    , 0.    , 0.0005, 0.0011, 0.0018, 0.0028, 0.0038]), 'gvals': array([1.8398e+09, 7.0034e+08, 5.9510e+08, 9.9129e+02, 4.4785e+02,
       2.7623e+02, 1.7461e+02, 1.2832e+02])}",same_mean_diff_covariance,1
MY-large_mu,8,rbf,{'gamma': 0.0015153536519245177},rbf(gamma=0.0015153536519245177),0.7307692307692307,rbf,"{'C': 2.0, 'gamma': 0.5}","{'thetas': array([0.    , 0.    , 0.0001, 0.0002, 0.0002, 0.0003, 0.0003, 0.0005]), 'lambdas': array([0.    , 0.    , 0.0001, 0.0002, 0.0002, 0.0003, 0.0003, 0.0005]), 'gvals': array([126012.3732,  12000.2027,   4015.6246,   2734.868 ,   2483.5443,
         1670.5744,   1449.2699,    939.2405])}",same_mean_diff_covariance,1
MY-large_mu,8,laplacian,{'gamma': 0.0015153536519245177},laplacian(gamma=0.0015153536519245177),0.6230769230769231,rbf,"{'C': 2.0, 'gamma': 0.5}","{'thetas': array([0.0001, 0.0001, 0.0002, 0.0004, 0.0005, 0.0005, 0.0007, 0.0007]), 'lambdas': array([0.0001, 0.0001, 0.0002, 0.0004, 0.0005, 0.0005, 0.0007, 0.0007]), 'gvals': array([6348.7114, 3361.1359, 2042.4681, 1336.4083, 1029.803 ,  938.9395,
        725.6309,  670.4692])}",same_mean_diff_covariance,1
MY-large_mu,8,polynomial,"{'degree': 2, 'gamma': 0.0015153536519245177, 'coef0': 1.0}","polynomial(coef0=1.0, degree=2, gamma=0.0015153536519245177)",0.6615384615384615,rbf,"{'C': 1.0, 'gamma': 'scale'}","{'thetas': array([0.0002, 0.0006, 0.0008, 0.0011, 0.0017, 0.002 , 0.0028, 0.0039]), 'lambdas': array([0.0002, 0.0006, 0.0008, 0.0011, 0.0017, 0.002 , 0.0028, 0.0039]), 'gvals': array([2673.4993,  777.8455,  643.1437,  455.295 ,  293.6201,  245.7289,
        173.6575,  125.7071])}",same_mean_diff_covariance,1
MY-large_mu,8,sigmoid,"{'gamma': 0.0015153536519245177, 'coef0': 0.0}","sigmoid(coef0=0.0, gamma=0.0015153536519245177)",0.7384615384615385,rbf,"{'C': 0.5, 'gamma': 0.5}","{'thetas': array([0.    , 0.    , 0.0027, 0.004 , 0.01  , 0.0152, 0.0163, 0.0235]), 'lambdas': array([0.    , 0.    , 0.0027, 0.004 , 0.01  , 0.0152, 0.0163, 0.0235]), 'gvals': array([2.3996e+09, 4.1239e+08, 1.8100e+02, 1.2278e+02, 4.6973e+01,
       3.0288e+01, 2.8196e+01, 1.8888e+01])}",same_mean_diff_covariance,1
MY-large_mu,10,linear,{},linear,0.5538461538461539,rbf,"{'C': 1.0, 'gamma': 0.5}","{'thetas': array([0.    , 0.002 , 0.0025, 0.003 , 0.0042, 0.0057, 0.0064, 0.009 ,
       0.0111, 0.0131]), 'lambdas': array([0.    , 0.002 , 0.0025, 0.003 , 0.0042, 0.0057, 0.0064, 0.009 ,
       0.0111, 0.0131]), 'gvals': array([6.3588e+08, 2.4824e+02, 1.9272e+02, 1.6061e+02, 1.1594e+02,
       8.5371e+01, 7.4977e+01, 5.2623e+01, 4.2199e+01, 3.5528e+01])}",same_mean_diff_covariance,1
MY-large_mu,10,rbf,{'gamma': 0.0015153536519245177},rbf(gamma=0.0015153536519245177),0.6153846153846154,rbf,"{'C': 1.0, 'gamma': 0.5}","{'thetas': array([0.    , 0.    , 0.0001, 0.0002, 0.0003, 0.0004, 0.0005, 0.0005,
       0.0007, 0.0008]), 'lambdas': array([0.    , 0.    , 0.0001, 0.0002, 0.0003, 0.0004, 0.0005, 0.0005,
       0.0007, 0.0008]), 'gvals': array([41670.5682, 13197.9217,  7366.9425,  2248.6889,  1586.202 ,
        1423.878 ,  1046.4837,   932.9008,   748.4017,   649.7262])}",same_mean_diff_covariance,1
MY-large_mu,10,laplacian,{'gamma': 0.0015153536519245177},laplacian(gamma=0.0015153536519245177),0.6923076923076923,rbf,"{'C': 2.0, 'gamma': 0.5}","{'thetas': array([0.0001, 0.0001, 0.0002, 0.0003, 0.0003, 0.0004, 0.0006, 0.0007,
       0.0007, 0.001 ]), 'lambdas': array([0.0001, 0.0001, 0.0002, 0.0003, 0.0003, 0.0004, 0.0006, 0.0007,
       0.0007, 0.001 ]), 'gvals': array([8455.2983, 5805.8887, 2736.2405, 1712.4504, 1519.357 , 1181.7608,
        829.7085,  743.0427,  684.9012,  503.6648])}",same_mean_diff_covariance,1
MY-large_mu,10,polynomial,"{'degree': 2, 'gamma': 0.0015153536519245177, 'coef0': 1.0}","polynomial(coef0=1.0, degree=2, gamma=0.0015153536519245177)",0.5692307692307692,rbf,"{'C': 0.5, 'gamma': 0.5}","{'thetas': array([0.0004, 0.0007, 0.001 , 0.0015, 0.0022, 0.0025, 0.0033, 0.0035,
       0.005 , 0.0052]), 'lambdas': array([0.0004, 0.0007, 0.001 , 0.0015, 0.0022, 0.0025, 0.0033, 0.0035,
       0.005 , 0.0052]), 'gvals': array([1196.2222,  678.4819,  476.7335,  340.553 ,  224.8057,  197.8627,
        146.4668,  138.0985,   96.8351,   92.3759])}",same_mean_diff_covariance,1
MY-large_mu,10,sigmoid,"{'gamma': 0.0015153536519245177, 'coef0': 0.0}","sigmoid(coef0=0.0, gamma=0.0015153536519245177)",0.6076923076923076,rbf,"{'C': 0.5, 'gamma': 0.5}","{'thetas': array([0.    , 0.    , 0.    , 0.    , 0.    , 0.    , 0.0006, 0.0023,
       0.004 , 0.0081]), 'lambdas': array([0.    , 0.    , 0.    , 0.    , 0.    , 0.    , 0.0006, 0.0023,
       0.004 , 0.0081]), 'gvals': array([8.4736e+09, 1.6247e+09, 6.7545e+08, 5.9012e+08, 5.4739e+08,
       4.3058e+08, 8.0131e+02, 2.1799e+02, 1.2265e+02, 5.8507e+01])}",same_mean_diff_covariance,1
MY-large_mu,12,linear,{},linear,0.6384615384615384,rbf,"{'C': 0.5, 'gamma': 'scale'}","{'thetas': array([0.    , 0.    , 0.    , 0.0003, 0.001 , 0.0015, 0.0022, 0.0027,
       0.0051, 0.0101, 0.0106, 0.014 ]), 'lambdas': array([0.    , 0.    , 0.    , 0.0003, 0.001 , 0.0015, 0.0022, 0.0027,
       0.0051, 0.0101, 0.0106, 0.014 ]), 'gvals': array([1.0963e+10, 1.3573e+09, 3.2986e+08, 1.9539e+03, 5.0652e+02,
       3.2844e+02, 2.2186e+02, 1.8106e+02, 9.4002e+01, 4.6721e+01,
       4.4488e+01, 3.3054e+01])}",same_mean_diff_covariance,1
MY-large_mu,12,rbf,{'gamma': 0.0015153536519245177},rbf(gamma=0.0015153536519245177),0.7307692307692307,rbf,"{'C': 2.0, 'gamma': 0.5}","{'thetas': array([0.    , 0.0001, 0.0001, 0.0002, 0.0004, 0.0004, 0.0005, 0.0006,
       0.0006, 0.0009, 0.0012, 0.0014]), 'lambdas': array([0.    , 0.0001, 0.0001, 0.0002, 0.0004, 0.0004, 0.0005, 0.0006,
       0.0006, 0.0009, 0.0012, 0.0014]), 'gvals': array([19641.2312,  8059.3574,  5011.5074,  2138.6994,  1398.1979,
        1171.2257,   973.6323,   829.2332,   766.8978,   574.2725,
         425.2275,   358.6973])}",same_mean_diff_covariance,1
MY-large_mu,12,laplacian,{'gamma': 0.0015153536519245177},laplacian(gamma=0.0015153536519245177),0.6307692307692307,rbf,"{'C': 2.0, 'gamma': 0.5}","{'thetas': array([0.    , 0.0001, 0.0001, 0.0002, 0.0003, 0.0005, 0.0005, 0.0006,
       0.0006, 0.0007, 0.0009, 0.0011]), 'lambdas': array([0.    , 0.0001, 0.0001, 0.0002, 0.0003, 0.0005, 0.0005, 0.0006,
       0.0006, 0.0007, 0.0009, 0.0011]), 'gvals': array([54207.4571,  8204.662 ,  4634.9572,  3134.7012,  1941.8396,
        1085.6233,   943.0989,   875.6628,   768.7784,   726.8655,
         545.366 ,   443.1432])}",same_mean_diff_covariance,1
MY-large_mu,12,polynomial,"{'degree': 2, 'gamma': 0.0015153536519245177, 'coef0': 1.0}","polynomial(coef0=1.0, degree=2, gamma=0.0015153536519245177)",0.7923076923076923,rbf,"{'C': 2.0, 'gamma': 0.5}","{'thetas': array([0.0001, 0.0008, 0.0009, 0.0013, 0.0018, 0.0023, 0.0032, 0.0041,
       0.0045, 0.0065, 0.0074, 0.0083]), 'lambdas': array([0.0001, 0.0008, 0.0009, 0.0013, 0.0018, 0.0023, 0.0032, 0.0041,
       0.0045, 0.0065, 0.0074, 0.0083]), 'gvals': array([3413.7857,  640.9705,  557.9758,  367.8637,  278.1402,  216.5979,
        153.1863,  119.4027,  107.3873,   74.2942,   64.5288,   57.0502])}",same_mean_diff_covariance,1
MY-large_mu,12,sigmoid,"{'gamma': 0.0015153536519245177, 'coef0': 0.0}","sigmoid(coef0=0.0, gamma=0.0015153536519245177)",0.676923076923077,rbf,"{'C': 0.5, 'gamma': 0.5}","{'thetas': array([0.    , 0.    , 0.    , 0.0012, 0.0036, 0.008 , 0.0101, 0.0151,
       0.0198, 0.0252, 0.0271, 0.032 ]), 'lambdas': array([0.    , 0.    , 0.    , 0.0012, 0.0036, 0.008 , 0.0101, 0.0151,
       0.0198, 0.0252, 0.0271, 0.032 ]), 'gvals': array([2.5000e+09, 2.0895e+09, 6.8067e+08, 4.0011e+02, 1.3459e+02,
       5.9464e+01, 4.6523e+01, 3.0573e+01, 2.2834e+01, 1.7532e+01,
       1.6137e+01, 1.3390e+01])}",same_mean_diff_covariance,1
MY-large_mu,14,linear,{},linear,0.6846153846153846,rbf,"{'C': 2.0, 'gamma': 0.5}","{'thetas': array([0.    , 0.    , 0.    , 0.    , 0.    , 0.    , 0.0013, 0.0016,
       0.0036, 0.0048, 0.0067, 0.0088, 0.0131, 0.0151]), 'lambdas': array([0.    , 0.    , 0.    , 0.    , 0.    , 0.    , 0.0013, 0.0016,
       0.0036, 0.0048, 0.0067, 0.0088, 0.0131, 0.0151]), 'gvals': array([4.2439e+09, 1.4641e+09, 8.0524e+08, 5.2048e+08, 4.4753e+08,
       3.0071e+08, 3.9440e+02, 3.0483e+02, 1.3748e+02, 1.0024e+02,
       7.1636e+01, 5.4069e+01, 3.5598e+01, 3.0562e+01])}",same_mean_diff_covariance,1
MY-large_mu,14,rbf,{'gamma': 0.0015153536519245177},rbf(gamma=0.0015153536519245177),0.6307692307692307,rbf,"{'C': 2.0, 'gamma': 0.5}","{'thetas': array([0.    , 0.    , 0.0001, 0.0001, 0.0003, 0.0004, 0.0004, 0.0006,
       0.0007, 0.0009, 0.0011, 0.0013, 0.0015, 0.0019]), 'lambdas': array([0.    , 0.    , 0.0001, 0.0001, 0.0003, 0.0004, 0.0004, 0.0006,
       0.0007, 0.0009, 0.0011, 0.0013, 0.0015, 0.0019]), 'gvals': array([25528.2868, 17479.844 ,  4767.6591,  3426.3431,  1428.4456,
        1270.7513,  1237.3217,   901.6177,   751.0046,   570.5583,
         460.4301,   382.4719,   330.2349,   255.9184])}",same_mean_diff_covariance,1
MY-large_mu,14,laplacian,{'gamma': 0.0015153536519245177},laplacian(gamma=0.0015153536519245177),0.6538461538461539,rbf,"{'C': 0.5, 'gamma': 0.5}","{'thetas': array([0.    , 0.0001, 0.0001, 0.0002, 0.0003, 0.0005, 0.0006, 0.001 ,
       0.0011, 0.0013, 0.0015, 0.0018, 0.0018, 0.002 ]), 'lambdas': array([0.    , 0.0001, 0.0001, 0.0002, 0.0003, 0.0005, 0.0006, 0.001 ,
       0.0011, 0.0013, 0.0015, 0.0018, 0.0018, 0.002 ]), 'gvals': array([17625.9153,  3663.3118,  3380.1547,  2389.8704,  1462.7925,
         930.9121,   807.3896,   483.9462,   439.9542,   377.6643,
         324.4633,   278.1644,   271.8389,   244.3636])}",same_mean_diff_covariance,1
MY-large_mu,14,polynomial,"{'degree': 2, 'gamma': 0.0015153536519245177, 'coef0': 1.0}","polynomial(coef0=1.0, degree=2, gamma=0.0015153536519245177)",0.6538461538461539,rbf,"{'C': 1.0, 'gamma': 0.5}","{'thetas': array([0.0001, 0.0003, 0.0004, 0.0008, 0.001 , 0.0019, 0.0025, 0.0033,
       0.0039, 0.0055, 0.0063, 0.0092, 0.0094, 0.0104]), 'lambdas': array([0.0001, 0.0003, 0.0004, 0.0008, 0.001 , 0.0019, 0.0025, 0.0033,
       0.0039, 0.0055, 0.0063, 0.0092, 0.0094, 0.0104]), 'gvals': array([8235.3537, 1670.6616, 1175.0685,  629.369 ,  508.3203,  264.7027,
        194.1078,  147.0217,  123.6442,   88.4354,   75.9176,   51.4925,
         50.3873,   45.2251])}",same_mean_diff_covariance,1
MY-large_mu,14,sigmoid,"{'gamma': 0.0015153536519245177, 'coef0': 0.0}","sigmoid(coef0=0.0, gamma=0.0015153536519245177)",0.6076923076923076,rbf,"{'C': 1.0, 'gamma': 0.5}","{'thetas': array([0.    , 0.    , 0.    , 0.    , 0.0034, 0.0046, 0.0084, 0.0093,
       0.0151, 0.0198, 0.0223, 0.0301, 0.0355, 0.0366]), 'lambdas': array([0.    , 0.    , 0.    , 0.    , 0.0034, 0.0046, 0.0084, 0.0093,
       0.0151, 0.0198, 0.0223, 0.0301, 0.0355, 0.0366]), 'gvals': array([7.5550e+08, 6.7971e+08, 4.5275e+08, 3.8475e+08, 1.4383e+02,
       1.0589e+02, 5.6340e+01, 5.1011e+01, 3.0491e+01, 2.2851e+01,
       1.9984e+01, 1.4367e+01, 1.1903e+01, 1.1491e+01])}",same_mean_diff_covariance,1
MY-large_mu,16,linear,{},linear,0.6923076923076923,poly,"{'C': 2.0, 'gamma': 'scale', 'degree': 2, 'coef0': 1.0}","{'thetas': array([0.    , 0.    , 0.    , 0.0007, 0.0034, 0.0041, 0.0051, 0.0074,
       0.0091, 0.0111, 0.0149, 0.0152, 0.0172, 0.02  , 0.0239, 0.0264]), 'lambdas': array([0.    , 0.    , 0.    , 0.0007, 0.0034, 0.0041, 0.0051, 0.0074,
       0.0091, 0.0111, 0.0149, 0.0152, 0.0172, 0.02  , 0.0239, 0.0264]), 'gvals': array([8.4769e+09, 8.2824e+08, 6.2008e+08, 7.1593e+02, 1.4530e+02,
       1.1822e+02, 9.4268e+01, 6.4927e+01, 5.1954e+01, 4.2137e+01,
       3.1040e+01, 3.0350e+01, 2.6475e+01, 2.2522e+01, 1.8542e+01,
       1.6641e+01])}",same_mean_diff_covariance,1
MY-large_mu,16,rbf,{'gamma': 0.0015153536519245177},rbf(gamma=0.0015153536519245177),0.6153846153846154,rbf,"{'C': 0.5, 'gamma': 0.5}","{'thetas': array([0.    , 0.    , 0.0001, 0.0001, 0.0003, 0.0004, 0.0005, 0.0007,
       0.0007, 0.0009, 0.0011, 0.0012, 0.0015, 0.0016, 0.0019, 0.002 ]), 'lambdas': array([0.    , 0.    , 0.0001, 0.0001, 0.0003, 0.0004, 0.0005, 0.0007,
       0.0007, 0.0009, 0.0011, 0.0012, 0.0015, 0.0016, 0.0019, 0.002 ]), 'gvals': array([26145.3277, 17219.938 ,  9450.5658,  3683.4497,  1884.4963,
        1329.6427,  1104.0638,   741.7983,   672.5787,   534.0687,
         455.9319,   416.1718,   326.8271,   303.3588,   265.9584,
         241.8411])}",same_mean_diff_covariance,1
MY-large_mu,16,laplacian,{'gamma': 0.0015153536519245177},laplacian(gamma=0.0015153536519245177),0.6461538461538462,rbf,"{'C': 2.0, 'gamma': 0.5}","{'thetas': array([0.0001, 0.0002, 0.0002, 0.0003, 0.0005, 0.0008, 0.0008, 0.0009,
       0.0011, 0.0011, 0.0016, 0.0016, 0.0018, 0.002 , 0.0023, 0.0024]), 'lambdas': array([0.0001, 0.0002, 0.0002, 0.0003, 0.0005, 0.0008, 0.0008, 0.0009,
       0.0011, 0.0011, 0.0016, 0.0016, 0.0018, 0.002 , 0.0023, 0.0024]), 'gvals': array([6722.0627, 2750.8528, 2047.1025, 1683.0566, 1065.1014,  661.9803,
        584.3052,  579.7706,  466.873 ,  443.8252,  316.8755,  311.5745,
        269.6454,  246.2884,  211.6312,  200.7456])}",same_mean_diff_covariance,1
MY-large_mu,16,polynomial,"{'degree': 2, 'gamma': 0.0015153536519245177, 'coef0': 1.0}","polynomial(coef0=1.0, degree=2, gamma=0.0015153536519245177)",0.7,rbf,"{'C': 2.0, 'gamma': 'scale'}","{'thetas': array([0.    , 0.0009, 0.0011, 0.0013, 0.0025, 0.0029, 0.0032, 0.0036,
       0.006 , 0.0068, 0.008 , 0.009 , 0.0091, 0.0102, 0.0126, 0.0135]), 'lambdas': array([0.    , 0.0009, 0.0011, 0.0013, 0.0025, 0.0029, 0.0032, 0.0036,
       0.006 , 0.0068, 0.008 , 0.009 , 0.0091, 0.0102, 0.0126, 0.0135]), 'gvals': array([10073.4768,   551.4304,   468.2459,   368.915 ,   199.667 ,
         168.817 ,   153.684 ,   134.5892,    79.6085,    70.5191,
          59.4491,    52.9483,    52.1651,    46.0241,    37.0132,
          34.4734])}",same_mean_diff_covariance,1
MY-large_mu,16,sigmoid,"{'gamma': 0.0015153536519245177, 'coef0': 0.0}","sigmoid(coef0=0.0, gamma=0.0015153536519245177)",0.7230769230769231,rbf,"{'C': 2.0, 'gamma': 'scale'}","{'thetas': array([0.    , 0.    , 0.    , 0.    , 0.0008, 0.003 , 0.0034, 0.0059,
       0.0109, 0.0137, 0.0173, 0.0203, 0.0229, 0.0283, 0.0383, 0.0418]), 'lambdas': array([0.    , 0.    , 0.    , 0.    , 0.0008, 0.003 , 0.0034, 0.0059,
       0.0109, 0.0137, 0.0173, 0.0203, 0.0229, 0.0283, 0.0383, 0.0418]), 'gvals': array([5.7787e+09, 2.1978e+09, 5.8976e+08, 3.8096e+08, 6.1707e+02,
       1.6540e+02, 1.4506e+02, 8.1247e+01, 4.3281e+01, 3.3922e+01,
       2.6448e+01, 2.2165e+01, 1.9450e+01, 1.5361e+01, 1.0939e+01,
       9.8764e+00])}",same_mean_diff_covariance,1
MY-large_mu,20,linear,{},linear,0.6461538461538462,rbf,"{'C': 2.0, 'gamma': 'scale'}","{'thetas': array([0.    , 0.    , 0.0012, 0.0018, 0.003 , 0.0049, 0.0071, 0.0086,
       0.0102, 0.0119, 0.0126, 0.0192, 0.0228, 0.0273, 0.0305, 0.0343,
       0.0363, 0.0395, 0.0467, 0.0474]), 'lambdas': array([0.    , 0.    , 0.0012, 0.0018, 0.003 , 0.0049, 0.0071, 0.0086,
       0.0102, 0.0119, 0.0126, 0.0192, 0.0228, 0.0273, 0.0305, 0.0343,
       0.0363, 0.0395, 0.0467, 0.0474]), 'gvals': array([2.1931e+10, 1.1454e+09, 4.2343e+02, 2.7222e+02, 1.6146e+02,
       9.9234e+01, 6.7335e+01, 5.5042e+01, 4.6008e+01, 3.9350e+01,
       3.6931e+01, 2.3591e+01, 1.9499e+01, 1.6040e+01, 1.4133e+01,
       1.2375e+01, 1.1627e+01, 1.0548e+01, 8.6840e+00, 8.5299e+00])}",same_mean_diff_covariance,1
MY-large_mu,20,rbf,{'gamma': 0.0015153536519245177},rbf(gamma=0.0015153536519245177),0.6846153846153846,rbf,"{'C': 2.0, 'gamma': 0.5}","{'thetas': array([0.0001, 0.0002, 0.0002, 0.0003, 0.0005, 0.0006, 0.0006, 0.0009,
       0.001 , 0.0012, 0.0015, 0.0017, 0.0019, 0.0023, 0.0025, 0.0026,
       0.0029, 0.0032, 0.0037, 0.0043]), 'lambdas': array([0.0001, 0.0002, 0.0002, 0.0003, 0.0005, 0.0006, 0.0006, 0.0009,
       0.001 , 0.0012, 0.0015, 0.0017, 0.0019, 0.0023, 0.0025, 0.0026,
       0.0029, 0.0032, 0.0037, 0.0043]), 'gvals': array([9850.5032, 2351.7632, 2039.8479, 1796.5737, 1080.2496,  841.5167,
        786.5837,  563.6501,  488.7341,  430.1682,  339.7832,  291.9736,
        259.5533,  216.6547,  197.8878,  187.3435,  169.6538,  152.7002,
        132.8675,  112.9836])}",same_mean_diff_covariance,1
MY-large_mu,20,laplacian,{'gamma': 0.0015153536519245177},laplacian(gamma=0.0015153536519245177),0.6076923076923076,rbf,"{'C': 0.5, 'gamma': 0.5}","{'thetas': array([0.    , 0.0001, 0.0002, 0.0002, 0.0003, 0.0005, 0.0006, 0.0008,
       0.0009, 0.0011, 0.0012, 0.0014, 0.0016, 0.0017, 0.0019, 0.0023,
       0.0026, 0.003 , 0.0032, 0.0036]), 'lambdas': array([0.    , 0.0001, 0.0002, 0.0002, 0.0003, 0.0005, 0.0006, 0.0008,
       0.0009, 0.0011, 0.0012, 0.0014, 0.0016, 0.0017, 0.0019, 0.0023,
       0.0026, 0.003 , 0.0032, 0.0036]), 'gvals': array([11951.6209,  3747.0289,  2678.003 ,  2035.1161,  1516.3108,
        1081.2046,   826.3065,   589.313 ,   552.7132,   460.2287,
         400.5429,   358.516 ,   315.5806,   287.691 ,   254.3469,
         216.4202,   188.4407,   162.4897,   151.8442,   137.222 ])}",same_mean_diff_covariance,1
MY-large_mu,20,polynomial,"{'degree': 2, 'gamma': 0.0015153536519245177, 'coef0': 1.0}","polynomial(coef0=1.0, degree=2, gamma=0.0015153536519245177)",0.6230769230769231,rbf,"{'C': 2.0, 'gamma': 'scale'}","{'thetas': array([0.0002, 0.0008, 0.001 , 0.0014, 0.0019, 0.0027, 0.0035, 0.0046,
       0.0054, 0.006 , 0.0069, 0.008 , 0.0096, 0.0107, 0.0119, 0.0142,
       0.0143, 0.0167, 0.0199, 0.0212]), 'lambdas': array([0.0002, 0.0008, 0.001 , 0.0014, 0.0019, 0.0027, 0.0035, 0.0046,
       0.0054, 0.006 , 0.0069, 0.008 , 0.0096, 0.0107, 0.0119, 0.0142,
       0.0143, 0.0167, 0.0199, 0.0212]), 'gvals': array([2880.2063,  586.736 ,  484.6079,  354.0205,  253.2441,  184.9329,
        141.0041,  106.4717,   89.5134,   80.3976,   69.6126,   59.2758,
         49.1081,   43.9188,   39.1719,   32.4755,   32.2715,   27.4535,
         22.6186,   21.1174])}",same_mean_diff_covariance,1
MY-large_mu,20,sigmoid,"{'gamma': 0.0015153536519245177, 'coef0': 0.0}","sigmoid(coef0=0.0, gamma=0.0015153536519245177)",0.7923076923076923,poly,"{'C': 2.0, 'gamma': 'scale', 'degree': 2, 'coef0': 1.0}","{'thetas': array([      0.    ,       0.    ,       0.    ,       0.0018,
             0.005 ,       0.007 ,       0.0097,       0.0113,
             0.0146,       0.0225,       0.034 ,       0.0394,
             0.0417,       0.0527, 7675717.8134, 6168627.7293,
       5236957.1037, 5060391.2997, 4819329.7574, 4028454.7438]), 'lambdas': array([      0.    ,       0.    ,       0.    ,       0.0018,
             0.005 ,       0.007 ,       0.0097,       0.0113,
             0.0146,       0.0225,       0.034 ,       0.0394,
             0.0417,       0.0527, 7675717.8134, 6168627.7293,
       5236957.1037, 5060391.2997, 4819329.7574, 4028454.7438]), 'gvals': array([1.3002e+09, 5.6283e+08, 4.5173e+08, 2.6762e+02, 9.5899e+01,
       6.8589e+01, 4.8505e+01, 4.1636e+01, 3.1583e+01, 1.9856e+01,
       1.2497e+01, 1.0577e+01, 9.8921e+00, 7.5178e+00, 7.4268e+00,
       7.3175e+00, 7.2356e+00, 7.2185e+00, 7.1941e+00, 7.1044e+00])}",same_mean_diff_covariance,1
MY-large_mu,24,linear,{},linear,0.6692307692307692,rbf,"{'C': 2.0, 'gamma': 'scale'}","{'thetas': array([0.    , 0.    , 0.    , 0.    , 0.    , 0.    , 0.0004, 0.0015,
       0.0022, 0.0048, 0.0056, 0.0064, 0.0086, 0.0099, 0.0138, 0.0167,
       0.0172, 0.0216, 0.024 , 0.0294, 0.0331, 0.0372, 0.0414, 0.0465]), 'lambdas': array([0.    , 0.    , 0.    , 0.    , 0.    , 0.    , 0.0004, 0.0015,
       0.0022, 0.0048, 0.0056, 0.0064, 0.0086, 0.0099, 0.0138, 0.0167,
       0.0172, 0.0216, 0.024 , 0.0294, 0.0331, 0.0372, 0.0414, 0.0465]), 'gvals': array([7.2802e+09, 1.1456e+09, 6.9593e+08, 5.3804e+08, 5.0041e+08,
       3.1684e+08, 1.1747e+03, 3.2657e+02, 2.2020e+02, 1.0153e+02,
       8.6788e+01, 7.4629e+01, 5.5497e+01, 4.7663e+01, 3.3618e+01,
       2.7429e+01, 2.6487e+01, 2.0748e+01, 1.8470e+01, 1.4756e+01,
       1.2908e+01, 1.1302e+01, 9.9778e+00, 8.7161e+00])}",same_mean_diff_covariance,1
MY-large_mu,24,rbf,{'gamma': 0.0015153536519245177},rbf(gamma=0.0015153536519245177),0.7076923076923077,rbf,"{'C': 2.0, 'gamma': 0.5}","{'thetas': array([0.    , 0.0001, 0.0001, 0.0001, 0.0003, 0.0003, 0.0006, 0.0007,
       0.0009, 0.001 , 0.0013, 0.0014, 0.0018, 0.0022, 0.0023, 0.0027,
       0.0031, 0.0035, 0.004 , 0.0042, 0.0047, 0.0051, 0.0055, 0.0062]), 'lambdas': array([0.    , 0.0001, 0.0001, 0.0001, 0.0003, 0.0003, 0.0006, 0.0007,
       0.0009, 0.001 , 0.0013, 0.0014, 0.0018, 0.0022, 0.0023, 0.0027,
       0.0031, 0.0035, 0.004 , 0.0042, 0.0047, 0.0051, 0.0055, 0.0062]), 'gvals': array([19993.148 ,  9931.978 ,  4018.0022,  3825.1332,  1875.0659,
        1443.6157,   799.9733,   760.7018,   561.5577,   480.1591,
         384.909 ,   366.2992,   275.8955,   221.6173,   209.822 ,
         184.3429,   158.6844,   138.9086,   122.6903,   115.5961,
         102.2266,    95.5296,    88.4205,    77.4902])}",same_mean_diff_covariance,1
MY-large_mu,24,laplacian,{'gamma': 0.0015153536519245177},laplacian(gamma=0.0015153536519245177),0.676923076923077,rbf,"{'C': 2.0, 'gamma': 0.5}","{'thetas': array([0.0001, 0.0001, 0.0002, 0.0002, 0.0003, 0.0004, 0.0005, 0.0006,
       0.0007, 0.0009, 0.001 , 0.0012, 0.0014, 0.0015, 0.0015, 0.0018,
       0.0019, 0.0024, 0.003 , 0.0033, 0.0034, 0.0036, 0.0041, 0.0043]), 'lambdas': array([0.0001, 0.0001, 0.0002, 0.0002, 0.0003, 0.0004, 0.0005, 0.0006,
       0.0007, 0.0009, 0.001 , 0.0012, 0.0014, 0.0015, 0.0015, 0.0018,
       0.0019, 0.0024, 0.003 , 0.0033, 0.0034, 0.0036, 0.0041, 0.0043]), 'gvals': array([9820.4382, 5481.0818, 2903.8984, 2102.225 , 1681.7663, 1278.3698,
       1095.5519,  831.021 ,  713.7126,  531.6767,  486.0936,  412.2592,
        348.8798,  339.1896,  329.4488,  267.2115,  254.2314,  201.8878,
        164.6389,  149.0349,  143.2085,  137.2515,  118.6033,  111.8283])}",same_mean_diff_covariance,1
MY-large_mu,24,polynomial,"{'degree': 2, 'gamma': 0.0015153536519245177, 'coef0': 1.0}","polynomial(coef0=1.0, degree=2, gamma=0.0015153536519245177)",0.6384615384615384,rbf,"{'C': 1.0, 'gamma': 'scale'}","{'thetas': array([0.0002, 0.0005, 0.0011, 0.0015, 0.0027, 0.0028, 0.0032, 0.0035,
       0.0057, 0.0069, 0.0077, 0.009 , 0.0095, 0.0105, 0.0127, 0.0149,
       0.0171, 0.0199, 0.0217, 0.0232, 0.027 , 0.0285, 0.0323, 0.0338]), 'lambdas': array([0.0002, 0.0005, 0.0011, 0.0015, 0.0027, 0.0028, 0.0032, 0.0035,
       0.0057, 0.0069, 0.0077, 0.009 , 0.0095, 0.0105, 0.0127, 0.0149,
       0.0171, 0.0199, 0.0217, 0.0232, 0.027 , 0.0285, 0.0323, 0.0338]), 'gvals': array([3281.5107,  935.6271,  433.5096,  325.6823,  181.2447,  172.3344,
        154.9343,  139.4143,   84.2488,   69.8096,   62.0272,   52.8133,
         49.6291,   44.8856,   36.722 ,   31.0392,   26.7813,   22.6666,
         20.5986,   19.1523,   16.2363,   15.2745,   13.2865,   12.6019])}",same_mean_diff_covariance,1
MY-large_mu,24,sigmoid,"{'gamma': 0.0015153536519245177, 'coef0': 0.0}","sigmoid(coef0=0.0, gamma=0.0015153536519245177)",0.8153846153846154,poly,"{'C': 2.0, 'gamma': 'scale', 'degree': 2, 'coef0': 1.0}","{'thetas': array([      0.    ,       0.    ,       0.    ,       0.    ,
             0.0039,       0.0055,       0.0058,       0.0107,
             0.0128,       0.0168,       0.0212,       0.0276,
             0.0324,       0.0352,       0.0452,       0.0495,
       7559675.722 , 6929715.3371, 5535782.1259, 4606299.0022,
       4117996.6478, 3739857.1522, 3415697.3182, 3332903.0459]), 'lambdas': array([      0.    ,       0.    ,       0.    ,       0.    ,
             0.0039,       0.0055,       0.0058,       0.0107,
             0.0128,       0.0168,       0.0212,       0.0276,
             0.0324,       0.0352,       0.0452,       0.0495,
       7559675.722 , 6929715.3371, 5535782.1259, 4606299.0022,
       4117996.6478, 3739857.1522, 3415697.3182, 3332903.0459]), 'gvals': array([1.2686e+10, 3.0098e+09, 1.2591e+09, 1.0528e+09, 1.2427e+02,
       8.8533e+01, 8.2764e+01, 4.3795e+01, 3.6375e+01, 2.7158e+01,
       2.1188e+01, 1.5807e+01, 1.3230e+01, 1.2033e+01, 9.0149e+00,
       8.0952e+00, 7.4192e+00, 7.3757e+00, 7.2634e+00, 7.1715e+00,
       7.1154e+00, 7.0673e+00, 7.0219e+00, 7.0097e+00])}",same_mean_diff_covariance,1
MY-large_mu,28,linear,{},linear,0.6461538461538462,rbf,"{'C': 2.0, 'gamma': 'scale'}","{'thetas': array([      0.    ,       0.    ,       0.    ,       0.0006,
             0.0018,       0.0027,       0.0055,       0.0073,
             0.0081,       0.0098,       0.0161,       0.0174,
             0.021 ,       0.0238,       0.0267,       0.0306,
             0.034 ,       0.0381,       0.0443,       0.0483,
       7511717.8009, 6582915.1628, 5753496.1407,       0.0541,
       5082876.6337, 4604607.0379, 4244473.9948, 3634493.4269]), 'lambdas': array([      0.    ,       0.    ,       0.    ,       0.0006,
             0.0018,       0.0027,       0.0055,       0.0073,
             0.0081,       0.0098,       0.0161,       0.0174,
             0.021 ,       0.0238,       0.0267,       0.0306,
             0.034 ,       0.0381,       0.0443,       0.0483,
       7511717.8009, 6582915.1628, 5753496.1407,       0.0541,
       5082876.6337, 4604607.0379, 4244473.9948, 3634493.4269]), 'gvals': array([8.8228e+08, 7.9513e+08, 5.8248e+08, 8.3389e+02, 2.7083e+02,
       1.8183e+02, 8.7990e+01, 6.5574e+01, 5.8855e+01, 4.8036e+01,
       2.8543e+01, 2.6194e+01, 2.1362e+01, 1.8639e+01, 1.6413e+01,
       1.4094e+01, 1.2529e+01, 1.0979e+01, 9.2321e+00, 8.3416e+00,
       7.4160e+00, 7.3500e+00, 7.2827e+00, 7.2804e+00, 7.2207e+00,
       7.1713e+00, 7.1306e+00, 7.0530e+00])}",same_mean_diff_covariance,1
MY-large_mu,28,rbf,{'gamma': 0.0015153536519245177},rbf(gamma=0.0015153536519245177),0.7538461538461538,rbf,"{'C': 2.0, 'gamma': 0.5}","{'thetas': array([0.    , 0.    , 0.0001, 0.0001, 0.0002, 0.0002, 0.0005, 0.0006,
       0.0007, 0.0008, 0.0009, 0.0011, 0.0012, 0.0016, 0.0019, 0.0022,
       0.0024, 0.0027, 0.0027, 0.0033, 0.0037, 0.0044, 0.0047, 0.005 ,
       0.0055, 0.0056, 0.0059, 0.0066]), 'lambdas': array([0.    , 0.    , 0.0001, 0.0001, 0.0002, 0.0002, 0.0005, 0.0006,
       0.0007, 0.0008, 0.0009, 0.0011, 0.0012, 0.0016, 0.0019, 0.0022,
       0.0024, 0.0027, 0.0027, 0.0033, 0.0037, 0.0044, 0.0047, 0.005 ,
       0.0055, 0.0056, 0.0059, 0.0066]), 'gvals': array([115582.2571,  20994.2419,   6495.2951,   5068.2227,   2388.2338,
         2251.1598,   1074.1566,    897.1308,    764.4455,    654.0039,
          579.3356,    445.6259,    414.2676,    305.5062,    258.9718,
          225.789 ,    208.188 ,    179.4615,    179.1708,    149.3953,
          130.6481,    110.7803,    103.0294,     97.7845,     87.0938,
           85.42  ,     81.4485,     72.3572])}",same_mean_diff_covariance,1
MY-large_mu,28,laplacian,{'gamma': 0.0015153536519245177},laplacian(gamma=0.0015153536519245177),0.6461538461538462,rbf,"{'C': 1.0, 'gamma': 0.5}","{'thetas': array([0.    , 0.0001, 0.0002, 0.0002, 0.0003, 0.0004, 0.0005, 0.0006,
       0.0007, 0.0009, 0.001 , 0.0012, 0.0014, 0.0014, 0.0018, 0.0022,
       0.0023, 0.0027, 0.0029, 0.0033, 0.004 , 0.0041, 0.0046, 0.0053,
       0.0059, 0.0061, 0.0066, 0.0069]), 'lambdas': array([0.    , 0.0001, 0.0002, 0.0002, 0.0003, 0.0004, 0.0005, 0.0006,
       0.0007, 0.0009, 0.001 , 0.0012, 0.0014, 0.0014, 0.0018, 0.0022,
       0.0023, 0.0027, 0.0029, 0.0033, 0.004 , 0.0041, 0.0046, 0.0053,
       0.0059, 0.0061, 0.0066, 0.0069]), 'gvals': array([15733.0715,  6208.9978,  3189.5997,  2227.0405,  1811.2521,
        1183.6735,  1028.0764,   855.4006,   745.5108,   582.4425,
         518.5718,   429.6238,   362.489 ,   347.6657,   279.3366,
         224.8437,   213.8   ,   179.4448,   166.1165,   148.726 ,
         121.7097,   119.3753,   104.3729,    91.3532,    82.3802,
          78.6993,    72.2852,    68.9864])}",same_mean_diff_covariance,1
MY-large_mu,28,polynomial,"{'degree': 2, 'gamma': 0.0015153536519245177, 'coef0': 1.0}","polynomial(coef0=1.0, degree=2, gamma=0.0015153536519245177)",0.676923076923077,rbf,"{'C': 2.0, 'gamma': 'scale'}","{'thetas': array([0.0002, 0.0005, 0.001 , 0.0017, 0.0021, 0.0031, 0.0033, 0.0051,
       0.0057, 0.0062, 0.0067, 0.0091, 0.0112, 0.0121, 0.0148, 0.0158,
       0.0166, 0.0204, 0.0222, 0.0233, 0.0247, 0.0281, 0.0284, 0.0333,
       0.0363, 0.0387, 0.0404, 0.0476]), 'lambdas': array([0.0002, 0.0005, 0.001 , 0.0017, 0.0021, 0.0031, 0.0033, 0.0051,
       0.0057, 0.0062, 0.0067, 0.0091, 0.0112, 0.0121, 0.0148, 0.0158,
       0.0166, 0.0204, 0.0222, 0.0233, 0.0247, 0.0281, 0.0284, 0.0333,
       0.0363, 0.0387, 0.0404, 0.0476]), 'gvals': array([3206.6226,  910.2652,  493.3562,  282.838 ,  235.0357,  156.1943,
        146.371 ,   95.3328,   84.97  ,   77.7979,   71.3941,   52.0505,
         42.073 ,   38.5752,   31.1033,   29.0563,   27.6449,   22.0957,
         20.1148,   19.1145,   17.8951,   15.5323,   15.3396,   12.8275,
         11.6236,   10.7966,   10.2854,    8.4917])}",same_mean_diff_covariance,1
MY-large_mu,28,sigmoid,"{'gamma': 0.0015153536519245177, 'coef0': 0.0}","sigmoid(coef0=0.0, gamma=0.0015153536519245177)",0.8153846153846154,poly,"{'C': 2.0, 'gamma': 'scale', 'degree': 2, 'coef0': 1.0}","{'thetas': array([      0.    ,       0.    ,       0.    ,       0.    ,
             0.    ,       0.    ,       0.0031,       0.0061,
             0.0081,       0.009 ,       0.0154,       0.0211,
             0.0243,       0.0276,       0.0337,       0.0452,
             0.053 , 7477387.5545, 6567211.6121, 5328827.1727,
       4795155.0032, 4394911.0631, 4116511.1194, 3380994.4194,
       3185815.9924, 2675225.2895, 2589498.1884, 2334874.5551]), 'lambdas': array([      0.    ,       0.    ,       0.    ,       0.    ,
             0.    ,       0.    ,       0.0031,       0.0061,
             0.0081,       0.009 ,       0.0154,       0.0211,
             0.0243,       0.0276,       0.0337,       0.0452,
             0.053 , 7477387.5545, 6567211.6121, 5328827.1727,
       4795155.0032, 4394911.0631, 4116511.1194, 3380994.4194,
       3185815.9924, 2675225.2895, 2589498.1884, 2334874.5551]), 'gvals': array([1.3376e+10, 1.2665e+09, 1.0736e+09, 5.9268e+08, 4.3380e+08,
       1.7538e+08, 1.6023e+02, 7.8671e+01, 5.8536e+01, 5.2927e+01,
       2.9845e+01, 2.1311e+01, 1.8230e+01, 1.5830e+01, 1.2636e+01,
       9.0182e+00, 7.4732e+00, 7.4137e+00, 7.3488e+00, 7.2443e+00,
       7.1916e+00, 7.1480e+00, 7.1153e+00, 7.0168e+00, 6.9871e+00,
       6.8998e+00, 6.8835e+00, 6.8317e+00])}",same_mean_diff_covariance,1
MY-large_mu,32,linear,{},linear,0.6307692307692307,rbf,"{'C': 1.0, 'gamma': 'scale'}","{'thetas': array([      0.    ,       0.    ,       0.    ,       0.    ,
             0.    ,       0.0005,       0.0012,       0.0016,
             0.0031,       0.0038,       0.0063,       0.0103,
             0.0113,       0.0178,       0.0187,       0.0225,
             0.028 ,       0.0302,       0.0355,       0.0374,
             0.0445,       0.0458,       0.0489,       0.0523,
       8470638.1675, 7145590.9619, 6132493.1149, 5473331.1015,
       4915446.065 , 4230086.091 , 4129875.0558, 3859939.4865]), 'lambdas': array([      0.    ,       0.    ,       0.    ,       0.    ,
             0.    ,       0.0005,       0.0012,       0.0016,
             0.0031,       0.0038,       0.0063,       0.0103,
             0.0113,       0.0178,       0.0187,       0.0225,
             0.028 ,       0.0302,       0.0355,       0.0374,
             0.0445,       0.0458,       0.0489,       0.0523,
       8470638.1675, 7145590.9619, 6132493.1149, 5473331.1015,
       4915446.065 , 4230086.091 , 4129875.0558, 3859939.4865]), 'gvals': array([5.2198e+09, 3.0536e+09, 7.9947e+08, 5.8151e+08, 3.9313e+08,
       1.0418e+03, 4.0310e+02, 3.1468e+02, 1.5719e+02, 1.2684e+02,
       7.6784e+01, 4.5790e+01, 4.1660e+01, 2.5635e+01, 2.4182e+01,
       1.9801e+01, 1.5576e+01, 1.4324e+01, 1.1927e+01, 1.1232e+01,
       9.1826e+00, 8.8837e+00, 8.2073e+00, 7.5825e+00, 7.4761e+00,
       7.3910e+00, 7.3146e+00, 7.2577e+00, 7.2039e+00, 7.1289e+00,
       7.1169e+00, 7.0831e+00])}",same_mean_diff_covariance,1
MY-large_mu,32,rbf,{'gamma': 0.0015153536519245177},rbf(gamma=0.0015153536519245177),0.6615384615384615,rbf,"{'C': 2.0, 'gamma': 0.5}","{'thetas': array([0.    , 0.0001, 0.0001, 0.0002, 0.0003, 0.0004, 0.0005, 0.0005,
       0.0007, 0.0007, 0.0008, 0.0013, 0.0015, 0.0016, 0.0017, 0.0019,
       0.0024, 0.0027, 0.0028, 0.003 , 0.0037, 0.0042, 0.0046, 0.005 ,
       0.0052, 0.0058, 0.0062, 0.0067, 0.0074, 0.0083, 0.0087, 0.0093]), 'lambdas': array([0.    , 0.0001, 0.0001, 0.0002, 0.0003, 0.0004, 0.0005, 0.0005,
       0.0007, 0.0007, 0.0008, 0.0013, 0.0015, 0.0016, 0.0017, 0.0019,
       0.0024, 0.0027, 0.0028, 0.003 , 0.0037, 0.0042, 0.0046, 0.005 ,
       0.0052, 0.0058, 0.0062, 0.0067, 0.0074, 0.0083, 0.0087, 0.0093]), 'gvals': array([31309.025 ,  8989.1382,  4196.2274,  2883.3266,  1535.4263,
        1419.8366,  1036.5626,   981.2486,   730.6976,   675.8401,
         595.8219,   383.9995,   340.5667,   306.1888,   286.6362,
         258.8964,   203.2094,   180.156 ,   176.9153,   164.2083,
         133.5662,   116.6671,   105.4275,    97.4926,    93.8783,
          82.7731,    77.2311,    71.1554,    65.0696,    57.5618,
          54.6085,    50.9897])}",same_mean_diff_covariance,1
MY-large_mu,32,laplacian,{'gamma': 0.0015153536519245177},laplacian(gamma=0.0015153536519245177),0.676923076923077,rbf,"{'C': 2.0, 'gamma': 0.5}","{'thetas': array([0.0001, 0.0001, 0.0002, 0.0002, 0.0003, 0.0004, 0.0006, 0.0008,
       0.0009, 0.001 , 0.0011, 0.0012, 0.0013, 0.0017, 0.0018, 0.0021,
       0.0023, 0.0027, 0.0028, 0.0033, 0.0035, 0.0041, 0.0049, 0.0051,
       0.0054, 0.006 , 0.0063, 0.0066, 0.0076, 0.0083, 0.0085, 0.0089]), 'lambdas': array([0.0001, 0.0001, 0.0002, 0.0002, 0.0003, 0.0004, 0.0006, 0.0008,
       0.0009, 0.001 , 0.0011, 0.0012, 0.0013, 0.0017, 0.0018, 0.0021,
       0.0023, 0.0027, 0.0028, 0.0033, 0.0035, 0.0041, 0.0049, 0.0051,
       0.0054, 0.006 , 0.0063, 0.0066, 0.0076, 0.0083, 0.0085, 0.0089]), 'gvals': array([8379.1522, 4830.3855, 3079.2988, 2151.5918, 1525.1628, 1279.0028,
        843.9914,  587.198 ,  561.855 ,  499.8221,  436.8437,  422.4333,
        368.9907,  299.1777,  273.0174,  239.6462,  209.9901,  181.9693,
        176.8678,  147.0558,  138.0867,  118.5217,   98.1936,   95.0123,
         89.6972,   80.1457,   76.2884,   72.3063,   62.4817,   57.6676,
         56.0198,   53.4355])}",same_mean_diff_covariance,1
MY-large_mu,32,polynomial,"{'degree': 2, 'gamma': 0.0015153536519245177, 'coef0': 1.0}","polynomial(coef0=1.0, degree=2, gamma=0.0015153536519245177)",0.6461538461538462,rbf,"{'C': 1.0, 'gamma': 'scale'}","{'thetas': array([      0.0005,       0.0005,       0.0011,       0.0015,
             0.002 ,       0.0026,       0.003 ,       0.0043,
             0.0059,       0.0065,       0.0079,       0.0084,
             0.0095,       0.0114,       0.0125,       0.0152,
             0.0176,       0.0183,       0.0199,       0.0211,
             0.0226,       0.0237,       0.0283,       0.0315,
             0.0348,       0.0373,       0.0413,       0.0462,
             0.0478,       0.0493,       0.0543, 1771008.2011]), 'lambdas': array([      0.0005,       0.0005,       0.0011,       0.0015,
             0.002 ,       0.0026,       0.003 ,       0.0043,
             0.0059,       0.0065,       0.0079,       0.0084,
             0.0095,       0.0114,       0.0125,       0.0152,
             0.0176,       0.0183,       0.0199,       0.0211,
             0.0226,       0.0237,       0.0283,       0.0315,
             0.0348,       0.0373,       0.0413,       0.0462,
             0.0478,       0.0493,       0.0543, 1771008.2011]), 'gvals': array([992.4465, 912.7857, 453.1416, 322.7464, 250.9203, 186.8856,
       165.8661, 114.3908,  81.6299,  73.8353,  60.3017,  56.7892,
        49.5355,  41.0717,  37.3135,  30.2385,  25.8435,  24.7754,
        22.6911,  21.2931,  19.7672,  18.7391,  15.4142,  13.6282,
        12.1974,  11.2467,  10.0251,   8.7903,   8.4457,   8.1398,
         7.2452,   6.6935])}",same_mean_diff_covariance,1
MY-large_mu,32,sigmoid,"{'gamma': 0.0015153536519245177, 'coef0': 0.0}","sigmoid(coef0=0.0, gamma=0.0015153536519245177)",0.8461538461538461,rbf,"{'C': 2.0, 'gamma': 'scale'}","{'thetas': array([      0.    ,       0.0035,       0.0097,       0.0111,
             0.0174,       0.0223,       0.0269,       0.0305,
             0.0457, 7963790.7588, 6497036.2601, 5088112.3687,
       4899763.2462, 4391535.4186, 3734119.5232, 3605150.4395,
       3494372.1222,       0.0558, 2826692.4814, 2689950.7687,
       2582867.0499, 2417393.3594, 2076613.9623, 1852940.538 ,
       1735275.2089, 1570667.0671, 1487113.9266, 1388542.9313,
       1319207.4346, 1279772.0955, 1181680.1932,       0.0596]), 'lambdas': array([      0.    ,       0.0035,       0.0097,       0.0111,
             0.0174,       0.0223,       0.0269,       0.0305,
             0.0457, 7963790.7588, 6497036.2601, 5088112.3687,
       4899763.2462, 4391535.4186, 3734119.5232, 3605150.4395,
       3494372.1222,       0.0558, 2826692.4814, 2689950.7687,
       2582867.0499, 2417393.3594, 2076613.9623, 1852940.538 ,
       1735275.2089, 1570667.0671, 1487113.9266, 1388542.9313,
       1319207.4346, 1279772.0955, 1181680.1932,       0.0596]), 'gvals': array([1.6154e+09, 1.3770e+02, 4.8813e+01, 4.2096e+01, 2.6214e+01,
       1.9983e+01, 1.6267e+01, 1.4148e+01, 8.8891e+00, 7.4452e+00,
       7.3434e+00, 7.2212e+00, 7.2023e+00, 7.1476e+00, 7.0665e+00,
       7.0489e+00, 7.0333e+00, 7.0164e+00, 6.9273e+00, 6.9025e+00,
       6.8822e+00, 6.8491e+00, 6.7731e+00, 6.7161e+00, 6.6833e+00,
       6.6335e+00, 6.6062e+00, 6.5719e+00, 6.5463e+00, 6.5311e+00,
       6.4912e+00, 6.4736e+00])}",same_mean_diff_covariance,1
MY-small_mu,1,linear,{},linear,0.6153846153846154,rbf,"{'C': 2.0, 'gamma': 'scale'}","{'thetas': array([0.]), 'lambdas': array([0.]), 'D_scores': array([2.2836e+09])}",same_mean_diff_covariance,1
MY-small_mu,1,rbf,{'gamma': 0.0015153536519245177},rbf(gamma=0.0015153536519245177),0.5384615384615384,rbf,"{'C': 2.0, 'gamma': 'scale'}","{'thetas': array([0.]), 'lambdas': array([0.]), 'D_scores': array([21838.9589])}",same_mean_diff_covariance,1
MY-small_mu,1,laplacian,{'gamma': 0.0015153536519245177},laplacian(gamma=0.0015153536519245177),0.5461538461538461,rbf,"{'C': 2.0, 'gamma': 'scale'}","{'thetas': array([0.]), 'lambdas': array([0.]), 'D_scores': array([132455.3416])}",same_mean_diff_covariance,1
MY-small_mu,1,polynomial,"{'degree': 2, 'gamma': 0.0015153536519245177, 'coef0': 1.0}","polynomial(coef0=1.0, degree=2, gamma=0.0015153536519245177)",0.6461538461538462,rbf,"{'C': 2.0, 'gamma': 'scale'}","{'thetas': array([0.0003]), 'lambdas': array([0.0003]), 'D_scores': array([1788.5243])}",same_mean_diff_covariance,1
MY-small_mu,1,sigmoid,"{'gamma': 0.0015153536519245177, 'coef0': 0.0}","sigmoid(coef0=0.0, gamma=0.0015153536519245177)",0.6076923076923076,rbf,"{'C': 0.5, 'gamma': 0.5}","{'thetas': array([0.]), 'lambdas': array([0.]), 'D_scores': array([2.5906e+10])}",same_mean_diff_covariance,1
MY-small_mu,2,linear,{},linear,0.5923076923076923,rbf,"{'C': 2.0, 'gamma': 'scale'}","{'thetas': array([0., 0.]), 'lambdas': array([0., 0.]), 'D_scores': array([5.1688e+09, 1.4522e+09])}",same_mean_diff_covariance,1
MY-small_mu,2,rbf,{'gamma': 0.0015153536519245177},rbf(gamma=0.0015153536519245177),0.5076923076923077,rbf,"{'C': 2.0, 'gamma': 'scale'}","{'thetas': array([0., 0.]), 'lambdas': array([0., 0.]), 'D_scores': array([39136.3675, 11632.1845])}",same_mean_diff_covariance,1
MY-small_mu,2,laplacian,{'gamma': 0.0015153536519245177},laplacian(gamma=0.0015153536519245177),0.5384615384615384,rbf,"{'C': 2.0, 'gamma': 'scale'}","{'thetas': array([0.    , 0.0001]), 'lambdas': array([0.    , 0.0001]), 'D_scores': array([107006.1436,   9727.7429])}",same_mean_diff_covariance,1
MY-small_mu,2,polynomial,"{'degree': 2, 'gamma': 0.0015153536519245177, 'coef0': 1.0}","polynomial(coef0=1.0, degree=2, gamma=0.0015153536519245177)",0.5615384615384615,rbf,"{'C': 0.5, 'gamma': 'scale'}","{'thetas': array([0.0003, 0.0008]), 'lambdas': array([0.0003, 0.0008]), 'D_scores': array([1869.5943,  592.0445])}",same_mean_diff_covariance,1
MY-small_mu,2,sigmoid,"{'gamma': 0.0015153536519245177, 'coef0': 0.0}","sigmoid(coef0=0.0, gamma=0.0015153536519245177)",0.5615384615384615,rbf,"{'C': 2.0, 'gamma': 'scale'}","{'thetas': array([0., 0.]), 'lambdas': array([0., 0.]), 'D_scores': array([1.2016e+10, 3.4899e+09])}",same_mean_diff_covariance,1
MY-small_mu,3,linear,{},linear,0.5307692307692308,rbf,"{'C': 0.5, 'gamma': 0.5}","{'thetas': array([0., 0., 0.]), 'lambdas': array([0., 0., 0.]), 'D_scores': array([1.5608e+09, 9.1191e+08, 7.6889e+08])}",same_mean_diff_covariance,1
MY-small_mu,3,rbf,{'gamma': 0.0015153536519245177},rbf(gamma=0.0015153536519245177),0.6461538461538462,rbf,"{'C': 2.0, 'gamma': 0.5}","{'thetas': array([0.    , 0.    , 0.0001]), 'lambdas': array([0.    , 0.    , 0.0001]), 'D_scores': array([27785.0643, 11269.6278,  4465.0263])}",same_mean_diff_covariance,1
MY-small_mu,3,laplacian,{'gamma': 0.0015153536519245177},laplacian(gamma=0.0015153536519245177),0.5846153846153846,rbf,"{'C': 1.0, 'gamma': 0.5}","{'thetas': array([0.    , 0.    , 0.0001]), 'lambdas': array([0.    , 0.    , 0.0001]), 'D_scores': array([328925.7231,  12765.7887,   7420.0638])}",same_mean_diff_covariance,1
MY-small_mu,3,polynomial,"{'degree': 2, 'gamma': 0.0015153536519245177, 'coef0': 1.0}","polynomial(coef0=1.0, degree=2, gamma=0.0015153536519245177)",0.6076923076923076,rbf,"{'C': 0.5, 'gamma': 'scale'}","{'thetas': array([0.0003, 0.0003, 0.0004]), 'lambdas': array([0.0003, 0.0003, 0.0004]), 'D_scores': array([1694.2564, 1424.5052, 1126.572 ])}",same_mean_diff_covariance,1
MY-small_mu,3,sigmoid,"{'gamma': 0.0015153536519245177, 'coef0': 0.0}","sigmoid(coef0=0.0, gamma=0.0015153536519245177)",0.6384615384615384,rbf,"{'C': 0.5, 'gamma': 0.5}","{'thetas': array([0.    , 0.0015, 0.0045]), 'lambdas': array([0.    , 0.0015, 0.0045]), 'D_scores': array([7.6725e+09, 3.3232e+02, 1.0764e+02])}",same_mean_diff_covariance,1
MY-small_mu,4,linear,{},linear,0.7153846153846154,rbf,"{'C': 2.0, 'gamma': 0.5}","{'thetas': array([0.    , 0.    , 0.0007, 0.0011]), 'lambdas': array([0.    , 0.    , 0.0007, 0.0011]), 'D_scores': array([9.1751e+08, 4.6888e+08, 6.7912e+02, 4.5321e+02])}",same_mean_diff_covariance,1
MY-small_mu,4,rbf,{'gamma': 0.0015153536519245177},rbf(gamma=0.0015153536519245177),0.6,rbf,"{'C': 2.0, 'gamma': 0.5}","{'thetas': array([0.    , 0.0001, 0.0001, 0.0002]), 'lambdas': array([0.    , 0.0001, 0.0001, 0.0002]), 'D_scores': array([26065.7497,  7359.809 ,  4306.7717,  2014.4797])}",same_mean_diff_covariance,1
MY-small_mu,4,laplacian,{'gamma': 0.0015153536519245177},laplacian(gamma=0.0015153536519245177),0.6615384615384615,rbf,"{'C': 2.0, 'gamma': 0.5}","{'thetas': array([0.0001, 0.0001, 0.0002, 0.0002]), 'lambdas': array([0.0001, 0.0001, 0.0002, 0.0002]), 'D_scores': array([7778.4854, 4317.8657, 3199.3644, 2402.2598])}",same_mean_diff_covariance,1
MY-small_mu,4,polynomial,"{'degree': 2, 'gamma': 0.0015153536519245177, 'coef0': 1.0}","polynomial(coef0=1.0, degree=2, gamma=0.0015153536519245177)",0.5769230769230769,rbf,"{'C': 0.5, 'gamma': 0.5}","{'thetas': array([0.0003, 0.0005, 0.0008, 0.0015]), 'lambdas': array([0.0003, 0.0005, 0.0008, 0.0015]), 'D_scores': array([1868.8197,  905.1551,  605.3294,  339.8024])}",same_mean_diff_covariance,1
MY-small_mu,4,sigmoid,"{'gamma': 0.0015153536519245177, 'coef0': 0.0}","sigmoid(coef0=0.0, gamma=0.0015153536519245177)",0.6384615384615384,rbf,"{'C': 0.5, 'gamma': 'scale'}","{'thetas': array([0.    , 0.    , 0.0011, 0.0059]), 'lambdas': array([0.    , 0.    , 0.0011, 0.0059]), 'D_scores': array([6.0988e+10, 7.6605e+08, 4.4897e+02, 8.2365e+01])}",same_mean_diff_covariance,1
MY-small_mu,5,linear,{},linear,0.6230769230769231,rbf,"{'C': 1.0, 'gamma': 'scale'}","{'thetas': array([0.    , 0.    , 0.    , 0.0016, 0.0022]), 'lambdas': array([0.    , 0.    , 0.    , 0.0016, 0.0022]), 'D_scores': array([1.3669e+09, 1.1929e+09, 5.6260e+08, 3.1160e+02, 2.1947e+02])}",same_mean_diff_covariance,1
MY-small_mu,5,rbf,{'gamma': 0.0015153536519245177},rbf(gamma=0.0015153536519245177),0.6153846153846154,rbf,"{'C': 2.0, 'gamma': 0.5}","{'thetas': array([0.    , 0.    , 0.0001, 0.0001, 0.0002]), 'lambdas': array([0.    , 0.    , 0.0001, 0.0001, 0.0002]), 'D_scores': array([60524.4422, 16773.6712,  5235.967 ,  3392.5696,  2382.8555])}",same_mean_diff_covariance,1
MY-small_mu,5,laplacian,{'gamma': 0.0015153536519245177},laplacian(gamma=0.0015153536519245177),0.6153846153846154,rbf,"{'C': 2.0, 'gamma': 0.5}","{'thetas': array([0.0001, 0.0001, 0.0002, 0.0003, 0.0004]), 'lambdas': array([0.0001, 0.0001, 0.0002, 0.0003, 0.0004]), 'D_scores': array([5658.7848, 3494.6922, 2261.1943, 1710.2368, 1161.9005])}",same_mean_diff_covariance,1
MY-small_mu,5,polynomial,"{'degree': 2, 'gamma': 0.0015153536519245177, 'coef0': 1.0}","polynomial(coef0=1.0, degree=2, gamma=0.0015153536519245177)",0.6384615384615384,rbf,"{'C': 2.0, 'gamma': 'scale'}","{'thetas': array([0.0002, 0.0008, 0.0012, 0.0017, 0.0022]), 'lambdas': array([0.0002, 0.0008, 0.0012, 0.0017, 0.0022]), 'D_scores': array([2666.4781,  633.4415,  410.4083,  291.9625,  218.7847])}",same_mean_diff_covariance,1
MY-small_mu,5,sigmoid,"{'gamma': 0.0015153536519245177, 'coef0': 0.0}","sigmoid(coef0=0.0, gamma=0.0015153536519245177)",0.5615384615384615,rbf,"{'C': 0.5, 'gamma': 0.5}","{'thetas': array([0.    , 0.    , 0.    , 0.    , 0.0001]), 'lambdas': array([0.    , 0.    , 0.    , 0.    , 0.0001]), 'D_scores': array([1.7285e+09, 9.4806e+08, 8.4516e+08, 5.6243e+08, 7.5500e+03])}",same_mean_diff_covariance,1
MY-small_mu,6,linear,{},linear,0.6384615384615384,rbf,"{'C': 1.0, 'gamma': 'scale'}","{'thetas': array([0.    , 0.    , 0.    , 0.001 , 0.0014, 0.0025]), 'lambdas': array([0.    , 0.    , 0.    , 0.001 , 0.0014, 0.0025]), 'D_scores': array([1.4504e+09, 8.3698e+08, 3.2040e+08, 5.1240e+02, 3.5273e+02,
       1.9830e+02])}",same_mean_diff_covariance,1
MY-small_mu,6,rbf,{'gamma': 0.0015153536519245177},rbf(gamma=0.0015153536519245177),0.4846153846153846,rbf,"{'C': 2.0, 'gamma': 0.5}","{'thetas': array([0.    , 0.    , 0.    , 0.0001, 0.0002, 0.0003]), 'lambdas': array([0.    , 0.    , 0.    , 0.0001, 0.0002, 0.0003]), 'D_scores': array([96498.4573, 26275.3528, 11517.1321,  3868.01  ,  2615.4147,
        1736.1635])}",same_mean_diff_covariance,1
MY-small_mu,6,laplacian,{'gamma': 0.0015153536519245177},laplacian(gamma=0.0015153536519245177),0.6230769230769231,rbf,"{'C': 1.0, 'gamma': 0.5}","{'thetas': array([0.0001, 0.0001, 0.0002, 0.0004, 0.0004, 0.0007]), 'lambdas': array([0.0001, 0.0001, 0.0002, 0.0004, 0.0004, 0.0007]), 'D_scores': array([6648.546 , 3605.8252, 2056.8237, 1379.0138, 1184.9968,  754.5994])}",same_mean_diff_covariance,1
MY-small_mu,6,polynomial,"{'degree': 2, 'gamma': 0.0015153536519245177, 'coef0': 1.0}","polynomial(coef0=1.0, degree=2, gamma=0.0015153536519245177)",0.6307692307692307,rbf,"{'C': 2.0, 'gamma': 0.5}","{'thetas': array([0.0007, 0.0009, 0.0013, 0.0016, 0.0024, 0.0026]), 'lambdas': array([0.0007, 0.0009, 0.0013, 0.0016, 0.0024, 0.0026]), 'D_scores': array([714.8895, 552.9773, 389.2148, 304.4958, 203.4004, 192.3967])}",same_mean_diff_covariance,1
MY-small_mu,6,sigmoid,"{'gamma': 0.0015153536519245177, 'coef0': 0.0}","sigmoid(coef0=0.0, gamma=0.0015153536519245177)",0.5923076923076923,rbf,"{'C': 2.0, 'gamma': 'scale'}","{'thetas': array([0.    , 0.    , 0.    , 0.    , 0.0013, 0.0049]), 'lambdas': array([0.    , 0.    , 0.    , 0.    , 0.0013, 0.0049]), 'D_scores': array([4.1857e+09, 1.2428e+09, 9.1145e+08, 6.7438e+08, 3.7098e+02,
       9.9754e+01])}",same_mean_diff_covariance,1
MY-small_mu,7,linear,{},linear,0.6230769230769231,rbf,"{'C': 2.0, 'gamma': 0.5}","{'thetas': array([0.    , 0.    , 0.    , 0.    , 0.0011, 0.0028, 0.0067]), 'lambdas': array([0.    , 0.    , 0.    , 0.    , 0.0011, 0.0028, 0.0067]), 'D_scores': array([1.3897e+09, 1.0680e+09, 5.6050e+08, 2.5729e+04, 4.6889e+02,
       1.7245e+02, 7.1993e+01])}",same_mean_diff_covariance,1
MY-small_mu,7,rbf,{'gamma': 0.0015153536519245177},rbf(gamma=0.0015153536519245177),0.6230769230769231,rbf,"{'C': 1.0, 'gamma': 0.5}","{'thetas': array([0.    , 0.0001, 0.0001, 0.0002, 0.0003, 0.0004, 0.0005]), 'lambdas': array([0.    , 0.0001, 0.0001, 0.0002, 0.0003, 0.0004, 0.0005]), 'D_scores': array([11589.5169,  8847.2153,  3797.2311,  2832.3025,  1897.8318,
        1258.8345,  1040.9819])}",same_mean_diff_covariance,1
MY-small_mu,7,laplacian,{'gamma': 0.0015153536519245177},laplacian(gamma=0.0015153536519245177),0.6,rbf,"{'C': 2.0, 'gamma': 0.5}","{'thetas': array([0.    , 0.0001, 0.0001, 0.0002, 0.0003, 0.0004, 0.0005]), 'lambdas': array([0.    , 0.0001, 0.0001, 0.0002, 0.0003, 0.0004, 0.0005]), 'D_scores': array([29534.0057,  6391.8875,  4909.7523,  2565.8622,  1910.0214,
        1211.5228,   983.259 ])}",same_mean_diff_covariance,1
MY-small_mu,7,polynomial,"{'degree': 2, 'gamma': 0.0015153536519245177, 'coef0': 1.0}","polynomial(coef0=1.0, degree=2, gamma=0.0015153536519245177)",0.6384615384615384,rbf,"{'C': 0.5, 'gamma': 0.5}","{'thetas': array([0.0002, 0.0007, 0.0013, 0.0017, 0.0019, 0.0037, 0.0043]), 'lambdas': array([0.0002, 0.0007, 0.0013, 0.0017, 0.0019, 0.0037, 0.0043]), 'D_scores': array([2405.6171,  683.9475,  379.0077,  287.9251,  256.8454,  132.373 ,
        112.0881])}",same_mean_diff_covariance,1
MY-small_mu,7,sigmoid,"{'gamma': 0.0015153536519245177, 'coef0': 0.0}","sigmoid(coef0=0.0, gamma=0.0015153536519245177)",0.7230769230769231,rbf,"{'C': 1.0, 'gamma': 'scale'}","{'thetas': array([0.    , 0.    , 0.    , 0.    , 0.0025, 0.0048, 0.0101]), 'lambdas': array([0.    , 0.    , 0.    , 0.    , 0.0025, 0.0048, 0.0101]), 'D_scores': array([2.6512e+09, 1.8427e+09, 1.0767e+09, 4.6050e+08, 1.9932e+02,
       1.0115e+02, 4.6729e+01])}",same_mean_diff_covariance,1
MY-small_mu,8,linear,{},linear,0.6923076923076923,rbf,"{'C': 2.0, 'gamma': 'scale'}","{'thetas': array([0.    , 0.    , 0.    , 0.0005, 0.0011, 0.0018, 0.0028, 0.0038]), 'lambdas': array([0.    , 0.    , 0.    , 0.0005, 0.0011, 0.0018, 0.0028, 0.0038]), 'D_scores': array([1.8398e+09, 7.0034e+08, 5.9510e+08, 9.9142e+02, 4.4786e+02,
       2.7632e+02, 1.7464e+02, 1.2837e+02])}",same_mean_diff_covariance,1
MY-small_mu,8,rbf,{'gamma': 0.0015153536519245177},rbf(gamma=0.0015153536519245177),0.7153846153846154,rbf,"{'C': 1.0, 'gamma': 0.5}","{'thetas': array([0.    , 0.    , 0.0001, 0.0002, 0.0002, 0.0003, 0.0003, 0.0005]), 'lambdas': array([0.    , 0.    , 0.0001, 0.0002, 0.0002, 0.0003, 0.0003, 0.0005]), 'D_scores': array([126012.4477,  12000.2105,   4015.6275,   2734.8692,   2483.5586,
         1670.5879,   1449.3026,    939.2425])}",same_mean_diff_covariance,1
MY-small_mu,8,laplacian,{'gamma': 0.0015153536519245177},laplacian(gamma=0.0015153536519245177),0.6,rbf,"{'C': 2.0, 'gamma': 0.5}","{'thetas': array([0.0001, 0.0001, 0.0002, 0.0004, 0.0005, 0.0005, 0.0007, 0.0007]), 'lambdas': array([0.0001, 0.0001, 0.0002, 0.0004, 0.0005, 0.0005, 0.0007, 0.0007]), 'D_scores': array([6348.7156, 3361.1613, 2042.4889, 1336.4116, 1029.8034,  938.9418,
        725.6393,  670.4885])}",same_mean_diff_covariance,1
MY-small_mu,8,polynomial,"{'degree': 2, 'gamma': 0.0015153536519245177, 'coef0': 1.0}","polynomial(coef0=1.0, degree=2, gamma=0.0015153536519245177)",0.7307692307692307,rbf,"{'C': 2.0, 'gamma': 'scale'}","{'thetas': array([0.0002, 0.0006, 0.0008, 0.0011, 0.0017, 0.002 , 0.0028, 0.0039]), 'lambdas': array([0.0002, 0.0006, 0.0008, 0.0011, 0.0017, 0.002 , 0.0028, 0.0039]), 'D_scores': array([2673.9526,  777.8496,  643.1524,  455.2995,  293.6224,  245.7309,
        173.6576,  125.7146])}",same_mean_diff_covariance,1
MY-small_mu,8,sigmoid,"{'gamma': 0.0015153536519245177, 'coef0': 0.0}","sigmoid(coef0=0.0, gamma=0.0015153536519245177)",0.6692307692307692,rbf,"{'C': 0.5, 'gamma': 0.5}","{'thetas': array([0.    , 0.    , 0.0027, 0.004 , 0.01  , 0.0152, 0.0163, 0.0235]), 'lambdas': array([0.    , 0.    , 0.0027, 0.004 , 0.01  , 0.0152, 0.0163, 0.0235]), 'D_scores': array([2.3996e+09, 4.1239e+08, 1.8121e+02, 1.2279e+02, 4.6979e+01,
       3.0295e+01, 2.8200e+01, 1.8888e+01])}",same_mean_diff_covariance,1
MY-small_mu,10,linear,{},linear,0.6384615384615384,rbf,"{'C': 1.0, 'gamma': 0.5}","{'thetas': array([0.    , 0.002 , 0.0025, 0.003 , 0.0042, 0.0057, 0.0064, 0.009 ,
       0.0111, 0.0131]), 'lambdas': array([0.    , 0.002 , 0.0025, 0.003 , 0.0042, 0.0057, 0.0064, 0.009 ,
       0.0111, 0.0131]), 'D_scores': array([6.3588e+08, 2.4825e+02, 1.9288e+02, 1.6062e+02, 1.1594e+02,
       8.5396e+01, 7.5023e+01, 5.2625e+01, 4.2205e+01, 3.5532e+01])}",same_mean_diff_covariance,1
MY-small_mu,10,rbf,{'gamma': 0.0015153536519245177},rbf(gamma=0.0015153536519245177),0.5615384615384615,rbf,"{'C': 0.5, 'gamma': 0.5}","{'thetas': array([0.    , 0.    , 0.0001, 0.0002, 0.0003, 0.0004, 0.0005, 0.0005,
       0.0007, 0.0008]), 'lambdas': array([0.    , 0.    , 0.0001, 0.0002, 0.0003, 0.0004, 0.0005, 0.0005,
       0.0007, 0.0008]), 'D_scores': array([41670.9753, 13197.9897,  7366.9858,  2248.7008,  1586.202 ,
        1423.8926,  1046.4911,   932.9104,   748.402 ,   649.7267])}",same_mean_diff_covariance,1
MY-small_mu,10,laplacian,{'gamma': 0.0015153536519245177},laplacian(gamma=0.0015153536519245177),0.6538461538461539,rbf,"{'C': 1.0, 'gamma': 0.5}","{'thetas': array([0.0001, 0.0001, 0.0002, 0.0003, 0.0003, 0.0004, 0.0006, 0.0007,
       0.0007, 0.001 ]), 'lambdas': array([0.0001, 0.0001, 0.0002, 0.0003, 0.0003, 0.0004, 0.0006, 0.0007,
       0.0007, 0.001 ]), 'D_scores': array([8455.4854, 5806.0344, 2736.2728, 1712.4566, 1519.3577, 1181.7615,
        829.7157,  743.049 ,  684.9015,  503.6649])}",same_mean_diff_covariance,1
MY-small_mu,10,polynomial,"{'degree': 2, 'gamma': 0.0015153536519245177, 'coef0': 1.0}","polynomial(coef0=1.0, degree=2, gamma=0.0015153536519245177)",0.5846153846153846,rbf,"{'C': 0.5, 'gamma': 0.5}","{'thetas': array([0.0004, 0.0007, 0.001 , 0.0015, 0.0022, 0.0025, 0.0033, 0.0035,
       0.005 , 0.0052]), 'lambdas': array([0.0004, 0.0007, 0.001 , 0.0015, 0.0022, 0.0025, 0.0033, 0.0035,
       0.005 , 0.0052]), 'D_scores': array([1196.3195,  678.4864,  476.7453,  340.5848,  224.8062,  197.8627,
        146.4765,  138.1101,   96.8443,   92.3868])}",same_mean_diff_covariance,1
MY-small_mu,10,sigmoid,"{'gamma': 0.0015153536519245177, 'coef0': 0.0}","sigmoid(coef0=0.0, gamma=0.0015153536519245177)",0.5923076923076923,rbf,"{'C': 0.5, 'gamma': 0.5}","{'thetas': array([0.    , 0.    , 0.    , 0.    , 0.    , 0.    , 0.0006, 0.0023,
       0.004 , 0.0081]), 'lambdas': array([0.    , 0.    , 0.    , 0.    , 0.    , 0.    , 0.0006, 0.0023,
       0.004 , 0.0081]), 'D_scores': array([8.4736e+09, 1.6247e+09, 6.7545e+08, 5.9012e+08, 5.4739e+08,
       4.3058e+08, 8.0132e+02, 2.1801e+02, 1.2266e+02, 5.8508e+01])}",same_mean_diff_covariance,1
MY-small_mu,12,linear,{},linear,0.6538461538461539,rbf,"{'C': 1.0, 'gamma': 0.5}","{'thetas': array([0.    , 0.    , 0.    , 0.0003, 0.001 , 0.0015, 0.0022, 0.0027,
       0.0051, 0.0101, 0.0106, 0.014 ]), 'lambdas': array([0.    , 0.    , 0.    , 0.0003, 0.001 , 0.0015, 0.0022, 0.0027,
       0.0051, 0.0101, 0.0106, 0.014 ]), 'D_scores': array([1.0963e+10, 1.3573e+09, 3.2986e+08, 1.9560e+03, 5.0674e+02,
       3.2867e+02, 2.2189e+02, 1.8113e+02, 9.4017e+01, 4.6738e+01,
       4.4503e+01, 3.3059e+01])}",same_mean_diff_covariance,1
MY-small_mu,12,rbf,{'gamma': 0.0015153536519245177},rbf(gamma=0.0015153536519245177),0.6846153846153846,rbf,"{'C': 1.0, 'gamma': 0.5}","{'thetas': array([0.    , 0.0001, 0.0001, 0.0002, 0.0004, 0.0004, 0.0005, 0.0006,
       0.0006, 0.0009, 0.0012, 0.0014]), 'lambdas': array([0.    , 0.0001, 0.0001, 0.0002, 0.0004, 0.0004, 0.0005, 0.0006,
       0.0006, 0.0009, 0.0012, 0.0014]), 'D_scores': array([19641.3584,  8059.3956,  5011.5155,  2138.7365,  1398.2022,
        1171.2258,   973.633 ,   829.237 ,   766.8982,   574.2742,
         425.2277,   358.698 ])}",same_mean_diff_covariance,1
MY-small_mu,12,laplacian,{'gamma': 0.0015153536519245177},laplacian(gamma=0.0015153536519245177),0.7,rbf,"{'C': 1.0, 'gamma': 0.5}","{'thetas': array([0.    , 0.0001, 0.0001, 0.0002, 0.0003, 0.0005, 0.0005, 0.0006,
       0.0006, 0.0007, 0.0009, 0.0011]), 'lambdas': array([0.    , 0.0001, 0.0001, 0.0002, 0.0003, 0.0005, 0.0005, 0.0006,
       0.0006, 0.0007, 0.0009, 0.0011]), 'D_scores': array([54207.5271,  8204.9326,  4634.9593,  3134.7169,  1941.9029,
        1085.6476,   943.1058,   875.6687,   768.7957,   726.8659,
         545.3731,   443.1436])}",same_mean_diff_covariance,1
MY-small_mu,12,polynomial,"{'degree': 2, 'gamma': 0.0015153536519245177, 'coef0': 1.0}","polynomial(coef0=1.0, degree=2, gamma=0.0015153536519245177)",0.676923076923077,rbf,"{'C': 2.0, 'gamma': 'scale'}","{'thetas': array([0.0001, 0.0008, 0.0009, 0.0013, 0.0018, 0.0023, 0.0032, 0.0041,
       0.0045, 0.0065, 0.0074, 0.0083]), 'lambdas': array([0.0001, 0.0008, 0.0009, 0.0013, 0.0018, 0.0023, 0.0032, 0.0041,
       0.0045, 0.0065, 0.0074, 0.0083]), 'D_scores': array([3413.7982,  640.9807,  557.9871,  367.8661,  278.1427,  216.5997,
        153.1867,  119.403 ,  107.3873,   74.2994,   64.5299,   57.0515])}",same_mean_diff_covariance,1
MY-small_mu,12,sigmoid,"{'gamma': 0.0015153536519245177, 'coef0': 0.0}","sigmoid(coef0=0.0, gamma=0.0015153536519245177)",0.6384615384615384,rbf,"{'C': 1.0, 'gamma': 0.5}","{'thetas': array([0.    , 0.    , 0.    , 0.0012, 0.0036, 0.008 , 0.0101, 0.0151,
       0.0198, 0.0252, 0.0271, 0.032 ]), 'lambdas': array([0.    , 0.    , 0.    , 0.0012, 0.0036, 0.008 , 0.0101, 0.0151,
       0.0198, 0.0252, 0.0271, 0.032 ]), 'D_scores': array([2.5000e+09, 2.0895e+09, 6.8067e+08, 4.0024e+02, 1.3478e+02,
       5.9470e+01, 4.6532e+01, 3.0577e+01, 2.2840e+01, 1.7535e+01,
       1.6137e+01, 1.3396e+01])}",same_mean_diff_covariance,1
MY-small_mu,14,linear,{},linear,0.6923076923076923,rbf,"{'C': 2.0, 'gamma': 0.5}","{'thetas': array([0.    , 0.    , 0.    , 0.    , 0.    , 0.    , 0.0013, 0.0016,
       0.0036, 0.0048, 0.0067, 0.0088, 0.0131, 0.0151]), 'lambdas': array([0.    , 0.    , 0.    , 0.    , 0.    , 0.    , 0.0013, 0.0016,
       0.0036, 0.0048, 0.0067, 0.0088, 0.0131, 0.0151]), 'D_scores': array([4.2439e+09, 1.4641e+09, 8.0524e+08, 5.2048e+08, 4.4753e+08,
       3.0071e+08, 3.9441e+02, 3.0486e+02, 1.3750e+02, 1.0024e+02,
       7.1638e+01, 5.4121e+01, 3.5598e+01, 3.0584e+01])}",same_mean_diff_covariance,1
MY-small_mu,14,rbf,{'gamma': 0.0015153536519245177},rbf(gamma=0.0015153536519245177),0.6230769230769231,rbf,"{'C': 1.0, 'gamma': 0.5}","{'thetas': array([0.    , 0.    , 0.0001, 0.0001, 0.0003, 0.0004, 0.0004, 0.0006,
       0.0007, 0.0009, 0.0011, 0.0013, 0.0015, 0.0019]), 'lambdas': array([0.    , 0.    , 0.0001, 0.0001, 0.0003, 0.0004, 0.0004, 0.0006,
       0.0007, 0.0009, 0.0011, 0.0013, 0.0015, 0.0019]), 'D_scores': array([25528.2915, 17480.0243,  4767.6642,  3426.3439,  1428.4459,
        1270.7723,  1237.3252,   901.6254,   751.0084,   570.5618,
         460.4305,   382.4744,   330.239 ,   255.9205])}",same_mean_diff_covariance,1
MY-small_mu,14,laplacian,{'gamma': 0.0015153536519245177},laplacian(gamma=0.0015153536519245177),0.6230769230769231,rbf,"{'C': 1.0, 'gamma': 0.5}","{'thetas': array([0.    , 0.0001, 0.0001, 0.0002, 0.0003, 0.0005, 0.0006, 0.001 ,
       0.0011, 0.0013, 0.0015, 0.0018, 0.0018, 0.002 ]), 'lambdas': array([0.    , 0.0001, 0.0001, 0.0002, 0.0003, 0.0005, 0.0006, 0.001 ,
       0.0011, 0.0013, 0.0015, 0.0018, 0.0018, 0.002 ]), 'D_scores': array([17626.0021,  3663.3169,  3380.2019,  2389.8975,  1462.8383,
         930.9133,   807.393 ,   483.9483,   439.9549,   377.6643,
         324.4635,   278.166 ,   271.8389,   244.3646])}",same_mean_diff_covariance,1
MY-small_mu,14,polynomial,"{'degree': 2, 'gamma': 0.0015153536519245177, 'coef0': 1.0}","polynomial(coef0=1.0, degree=2, gamma=0.0015153536519245177)",0.7076923076923077,rbf,"{'C': 2.0, 'gamma': 0.5}","{'thetas': array([0.0001, 0.0003, 0.0004, 0.0008, 0.001 , 0.0019, 0.0025, 0.0033,
       0.0039, 0.0055, 0.0063, 0.0092, 0.0094, 0.0104]), 'lambdas': array([0.0001, 0.0003, 0.0004, 0.0008, 0.001 , 0.0019, 0.0025, 0.0033,
       0.0039, 0.0055, 0.0063, 0.0092, 0.0094, 0.0104]), 'D_scores': array([8235.6787, 1670.7364, 1175.1593,  629.3712,  508.3214,  264.7027,
        194.111 ,  147.0226,  123.6443,   88.4369,   75.9221,   51.4938,
         50.3888,   45.2252])}",same_mean_diff_covariance,1
MY-small_mu,14,sigmoid,"{'gamma': 0.0015153536519245177, 'coef0': 0.0}","sigmoid(coef0=0.0, gamma=0.0015153536519245177)",0.6076923076923076,rbf,"{'C': 2.0, 'gamma': 'scale'}","{'thetas': array([0.    , 0.    , 0.    , 0.    , 0.0034, 0.0046, 0.0084, 0.0093,
       0.0151, 0.0198, 0.0223, 0.0301, 0.0355, 0.0366]), 'lambdas': array([0.    , 0.    , 0.    , 0.    , 0.0034, 0.0046, 0.0084, 0.0093,
       0.0151, 0.0198, 0.0223, 0.0301, 0.0355, 0.0366]), 'D_scores': array([7.5550e+08, 6.7971e+08, 4.5275e+08, 3.8475e+08, 1.4385e+02,
       1.0590e+02, 5.6342e+01, 5.1067e+01, 3.0495e+01, 2.2858e+01,
       1.9989e+01, 1.4368e+01, 1.1905e+01, 1.1493e+01])}",same_mean_diff_covariance,1
MY-small_mu,16,linear,{},linear,0.7230769230769231,rbf,"{'C': 2.0, 'gamma': 'scale'}","{'thetas': array([0.    , 0.    , 0.    , 0.0007, 0.0034, 0.0041, 0.0051, 0.0074,
       0.0091, 0.0111, 0.0149, 0.0152, 0.0172, 0.02  , 0.0239, 0.0264]), 'lambdas': array([0.    , 0.    , 0.    , 0.0007, 0.0034, 0.0041, 0.0051, 0.0074,
       0.0091, 0.0111, 0.0149, 0.0152, 0.0172, 0.02  , 0.0239, 0.0264]), 'D_scores': array([8.4769e+09, 8.2824e+08, 6.2008e+08, 7.1647e+02, 1.4530e+02,
       1.1827e+02, 9.4280e+01, 6.4957e+01, 5.1955e+01, 4.2152e+01,
       3.1043e+01, 3.0356e+01, 2.6476e+01, 2.2526e+01, 1.8542e+01,
       1.6654e+01])}",same_mean_diff_covariance,1
MY-small_mu,16,rbf,{'gamma': 0.0015153536519245177},rbf(gamma=0.0015153536519245177),0.6384615384615384,rbf,"{'C': 0.5, 'gamma': 0.5}","{'thetas': array([0.    , 0.    , 0.0001, 0.0001, 0.0003, 0.0004, 0.0005, 0.0007,
       0.0007, 0.0009, 0.0011, 0.0012, 0.0015, 0.0016, 0.0019, 0.002 ]), 'lambdas': array([0.    , 0.    , 0.0001, 0.0001, 0.0003, 0.0004, 0.0005, 0.0007,
       0.0007, 0.0009, 0.0011, 0.0012, 0.0015, 0.0016, 0.0019, 0.002 ]), 'D_scores': array([26145.367 , 17219.9672,  9450.5662,  3683.8036,  1884.5058,
        1329.644 ,  1104.0809,   741.7983,   672.5855,   534.0699,
         455.9469,   416.1726,   326.8293,   303.3595,   265.9589,
         241.8412])}",same_mean_diff_covariance,1
MY-small_mu,16,laplacian,{'gamma': 0.0015153536519245177},laplacian(gamma=0.0015153536519245177),0.6384615384615384,rbf,"{'C': 1.0, 'gamma': 0.5}","{'thetas': array([0.0001, 0.0002, 0.0002, 0.0003, 0.0005, 0.0008, 0.0008, 0.0009,
       0.0011, 0.0011, 0.0016, 0.0016, 0.0018, 0.002 , 0.0023, 0.0024]), 'lambdas': array([0.0001, 0.0002, 0.0002, 0.0003, 0.0005, 0.0008, 0.0008, 0.0009,
       0.0011, 0.0011, 0.0016, 0.0016, 0.0018, 0.002 , 0.0023, 0.0024]), 'D_scores': array([6722.1474, 2750.8528, 2047.1065, 1683.057 , 1065.1014,  661.9827,
        584.3178,  579.7719,  466.8755,  443.8268,  316.8821,  311.5837,
        269.6468,  246.2886,  211.6319,  200.7457])}",same_mean_diff_covariance,1
MY-small_mu,16,polynomial,"{'degree': 2, 'gamma': 0.0015153536519245177, 'coef0': 1.0}","polynomial(coef0=1.0, degree=2, gamma=0.0015153536519245177)",0.5846153846153846,rbf,"{'C': 1.0, 'gamma': 'scale'}","{'thetas': array([0.    , 0.0009, 0.0011, 0.0013, 0.0025, 0.0029, 0.0032, 0.0036,
       0.006 , 0.0068, 0.008 , 0.009 , 0.0091, 0.0102, 0.0126, 0.0135]), 'lambdas': array([0.    , 0.0009, 0.0011, 0.0013, 0.0025, 0.0029, 0.0032, 0.0036,
       0.006 , 0.0068, 0.008 , 0.009 , 0.0091, 0.0102, 0.0126, 0.0135]), 'D_scores': array([10073.5767,   551.46  ,   468.2521,   368.9281,   199.6678,
         168.8176,   153.6943,   134.59  ,    79.6092,    70.5192,
          59.4495,    52.9493,    52.1662,    46.0271,    37.0133,
          34.4744])}",same_mean_diff_covariance,1
MY-small_mu,16,sigmoid,"{'gamma': 0.0015153536519245177, 'coef0': 0.0}","sigmoid(coef0=0.0, gamma=0.0015153536519245177)",0.7769230769230769,rbf,"{'C': 2.0, 'gamma': 'scale'}","{'thetas': array([0.    , 0.    , 0.    , 0.    , 0.0008, 0.003 , 0.0034, 0.0059,
       0.0109, 0.0137, 0.0173, 0.0203, 0.0229, 0.0283, 0.0383, 0.0418]), 'lambdas': array([0.    , 0.    , 0.    , 0.    , 0.0008, 0.003 , 0.0034, 0.0059,
       0.0109, 0.0137, 0.0173, 0.0203, 0.0229, 0.0283, 0.0383, 0.0418]), 'D_scores': array([5.7787e+09, 2.1978e+09, 5.8976e+08, 3.8096e+08, 6.1745e+02,
       1.6540e+02, 1.4521e+02, 8.1313e+01, 4.3291e+01, 3.3929e+01,
       2.6460e+01, 2.2168e+01, 1.9452e+01, 1.5362e+01, 1.0947e+01,
       9.8871e+00])}",same_mean_diff_covariance,1
MY-small_mu,20,linear,{},linear,0.6692307692307692,rbf,"{'C': 2.0, 'gamma': 'scale'}","{'thetas': array([0.    , 0.    , 0.0012, 0.0018, 0.003 , 0.0049, 0.0071, 0.0086,
       0.0102, 0.0119, 0.0126, 0.0192, 0.0228, 0.0273, 0.0305, 0.0343,
       0.0363, 0.0395, 0.0467, 0.0474]), 'lambdas': array([0.    , 0.    , 0.0012, 0.0018, 0.003 , 0.0049, 0.0071, 0.0086,
       0.0102, 0.0119, 0.0126, 0.0192, 0.0228, 0.0273, 0.0305, 0.0343,
       0.0363, 0.0395, 0.0467, 0.0474]), 'D_scores': array([2.1931e+10, 1.1454e+09, 4.2344e+02, 2.7224e+02, 1.6150e+02,
       9.9266e+01, 6.7335e+01, 5.5043e+01, 4.6014e+01, 3.9350e+01,
       3.6935e+01, 2.3606e+01, 1.9502e+01, 1.6047e+01, 1.4135e+01,
       1.2378e+01, 1.1640e+01, 1.0557e+01, 8.6857e+00, 8.5305e+00])}",same_mean_diff_covariance,1
MY-small_mu,20,rbf,{'gamma': 0.0015153536519245177},rbf(gamma=0.0015153536519245177),0.6692307692307692,rbf,"{'C': 1.0, 'gamma': 0.5}","{'thetas': array([0.0001, 0.0002, 0.0002, 0.0003, 0.0005, 0.0006, 0.0006, 0.0009,
       0.001 , 0.0012, 0.0015, 0.0017, 0.0019, 0.0023, 0.0025, 0.0026,
       0.0029, 0.0032, 0.0037, 0.0043]), 'lambdas': array([0.0001, 0.0002, 0.0002, 0.0003, 0.0005, 0.0006, 0.0006, 0.0009,
       0.001 , 0.0012, 0.0015, 0.0017, 0.0019, 0.0023, 0.0025, 0.0026,
       0.0029, 0.0032, 0.0037, 0.0043]), 'D_scores': array([9850.5131, 2351.7688, 2039.8489, 1796.5826, 1080.2501,  841.5288,
        786.589 ,  563.6501,  488.7358,  430.1683,  339.7834,  291.9787,
        259.5624,  216.658 ,  197.8894,  187.344 ,  169.6574,  152.7026,
        132.8683,  112.9843])}",same_mean_diff_covariance,1
MY-small_mu,20,laplacian,{'gamma': 0.0015153536519245177},laplacian(gamma=0.0015153536519245177),0.6307692307692307,rbf,"{'C': 0.5, 'gamma': 0.5}","{'thetas': array([0.    , 0.0001, 0.0002, 0.0002, 0.0003, 0.0005, 0.0006, 0.0008,
       0.0009, 0.0011, 0.0012, 0.0014, 0.0016, 0.0017, 0.0019, 0.0023,
       0.0026, 0.003 , 0.0032, 0.0036]), 'lambdas': array([0.    , 0.0001, 0.0002, 0.0002, 0.0003, 0.0005, 0.0006, 0.0008,
       0.0009, 0.0011, 0.0012, 0.0014, 0.0016, 0.0017, 0.0019, 0.0023,
       0.0026, 0.003 , 0.0032, 0.0036]), 'D_scores': array([11951.7487,  3747.1577,  2678.021 ,  2035.1161,  1516.3136,
        1081.2085,   826.3112,   589.3141,   552.7151,   460.2304,
         400.5437,   358.5161,   315.5812,   287.6945,   254.3494,
         216.4209,   188.4437,   162.4905,   151.8455,   137.2224])}",same_mean_diff_covariance,1
MY-small_mu,20,polynomial,"{'degree': 2, 'gamma': 0.0015153536519245177, 'coef0': 1.0}","polynomial(coef0=1.0, degree=2, gamma=0.0015153536519245177)",0.6538461538461539,rbf,"{'C': 2.0, 'gamma': 0.5}","{'thetas': array([0.0002, 0.0008, 0.001 , 0.0014, 0.0019, 0.0027, 0.0035, 0.0046,
       0.0054, 0.006 , 0.0069, 0.008 , 0.0096, 0.0107, 0.0119, 0.0142,
       0.0143, 0.0167, 0.0199, 0.0212]), 'lambdas': array([0.0002, 0.0008, 0.001 , 0.0014, 0.0019, 0.0027, 0.0035, 0.0046,
       0.0054, 0.006 , 0.0069, 0.008 , 0.0096, 0.0107, 0.0119, 0.0142,
       0.0143, 0.0167, 0.0199, 0.0212]), 'D_scores': array([2880.2163,  586.7568,  484.6197,  354.0292,  253.2441,  184.9361,
        141.0042,  106.4731,   89.5142,   80.4011,   69.6163,   59.2762,
         49.1089,   43.9213,   39.1741,   32.4758,   32.2718,   27.4541,
         22.6186,   21.1188])}",same_mean_diff_covariance,1
MY-small_mu,20,sigmoid,"{'gamma': 0.0015153536519245177, 'coef0': 0.0}","sigmoid(coef0=0.0, gamma=0.0015153536519245177)",0.8153846153846154,poly,"{'C': 2.0, 'gamma': 'scale', 'degree': 2, 'coef0': 1.0}","{'thetas': array([      0.    ,       0.    ,       0.    ,       0.0018,
             0.005 ,       0.007 ,       0.0097,       0.0113,
             0.0146,       0.0225,       0.034 ,       0.0394,
             0.0417,       0.0527, 7675717.8134, 6168627.7293,
       5236957.1037, 5060391.2997, 4819329.7574, 4028454.7438]), 'lambdas': array([      0.    ,       0.    ,       0.    ,       0.0018,
             0.005 ,       0.007 ,       0.0097,       0.0113,
             0.0146,       0.0225,       0.034 ,       0.0394,
             0.0417,       0.0527, 7675717.8134, 6168627.7293,
       5236957.1037, 5060391.2997, 4819329.7574, 4028454.7438]), 'D_scores': array([1.3002e+09, 5.6283e+08, 4.5173e+08, 2.6763e+02, 9.5901e+01,
       6.8592e+01, 4.8515e+01, 4.1642e+01, 3.1588e+01, 1.9862e+01,
       1.2498e+01, 1.0587e+01, 9.9029e+00, 7.5204e+00, 7.4268e+00,
       7.3175e+00, 7.2356e+00, 7.2185e+00, 7.1941e+00, 7.1045e+00])}",same_mean_diff_covariance,1
MY-small_mu,24,linear,{},linear,0.6923076923076923,rbf,"{'C': 2.0, 'gamma': 'scale'}","{'thetas': array([0.    , 0.    , 0.    , 0.    , 0.    , 0.    , 0.0004, 0.0015,
       0.0022, 0.0048, 0.0056, 0.0064, 0.0086, 0.0099, 0.0138, 0.0167,
       0.0172, 0.0216, 0.024 , 0.0294, 0.0331, 0.0372, 0.0414, 0.0465]), 'lambdas': array([0.    , 0.    , 0.    , 0.    , 0.    , 0.    , 0.0004, 0.0015,
       0.0022, 0.0048, 0.0056, 0.0064, 0.0086, 0.0099, 0.0138, 0.0167,
       0.0172, 0.0216, 0.024 , 0.0294, 0.0331, 0.0372, 0.0414, 0.0465]), 'D_scores': array([7.2802e+09, 1.1456e+09, 6.9593e+08, 5.3804e+08, 5.0041e+08,
       3.1684e+08, 1.1747e+03, 3.2691e+02, 2.2044e+02, 1.0154e+02,
       8.6807e+01, 7.4632e+01, 5.5498e+01, 4.7664e+01, 3.3630e+01,
       2.7435e+01, 2.6504e+01, 2.0763e+01, 1.8470e+01, 1.4758e+01,
       1.2916e+01, 1.1303e+01, 9.9802e+00, 8.7175e+00])}",same_mean_diff_covariance,1
MY-small_mu,24,rbf,{'gamma': 0.0015153536519245177},rbf(gamma=0.0015153536519245177),0.7384615384615385,rbf,"{'C': 2.0, 'gamma': 0.5}","{'thetas': array([0.    , 0.0001, 0.0001, 0.0001, 0.0003, 0.0003, 0.0006, 0.0007,
       0.0009, 0.001 , 0.0013, 0.0014, 0.0018, 0.0022, 0.0023, 0.0027,
       0.0031, 0.0035, 0.004 , 0.0042, 0.0047, 0.0051, 0.0055, 0.0062]), 'lambdas': array([0.    , 0.0001, 0.0001, 0.0001, 0.0003, 0.0003, 0.0006, 0.0007,
       0.0009, 0.001 , 0.0013, 0.0014, 0.0018, 0.0022, 0.0023, 0.0027,
       0.0031, 0.0035, 0.004 , 0.0042, 0.0047, 0.0051, 0.0055, 0.0062]), 'D_scores': array([19993.1647,  9932.0043,  4018.0365,  3825.141 ,  1875.1141,
        1443.6159,   799.9735,   760.7112,   561.5608,   480.1629,
         384.9095,   366.3016,   275.8965,   221.6216,   209.8256,
         184.345 ,   158.6859,   138.9086,   122.6903,   115.5974,
         102.2278,    95.53  ,    88.4207,    77.4904])}",same_mean_diff_covariance,1
MY-small_mu,24,laplacian,{'gamma': 0.0015153536519245177},laplacian(gamma=0.0015153536519245177),0.676923076923077,rbf,"{'C': 0.5, 'gamma': 0.5}","{'thetas': array([0.0001, 0.0001, 0.0002, 0.0002, 0.0003, 0.0004, 0.0005, 0.0006,
       0.0007, 0.0009, 0.001 , 0.0012, 0.0014, 0.0015, 0.0015, 0.0018,
       0.0019, 0.0024, 0.003 , 0.0033, 0.0034, 0.0036, 0.0041, 0.0043]), 'lambdas': array([0.0001, 0.0001, 0.0002, 0.0002, 0.0003, 0.0004, 0.0005, 0.0006,
       0.0007, 0.0009, 0.001 , 0.0012, 0.0014, 0.0015, 0.0015, 0.0018,
       0.0019, 0.0024, 0.003 , 0.0033, 0.0034, 0.0036, 0.0041, 0.0043]), 'D_scores': array([9820.4901, 5481.0835, 2903.972 , 2102.2655, 1681.7674, 1278.3708,
       1095.5522,  831.0225,  713.7135,  531.6826,  486.0983,  412.2617,
        348.8864,  339.1896,  329.4568,  267.2125,  254.2316,  201.8889,
        164.6393,  149.0457,  143.2088,  137.252 ,  118.6052,  111.8288])}",same_mean_diff_covariance,1
MY-small_mu,24,polynomial,"{'degree': 2, 'gamma': 0.0015153536519245177, 'coef0': 1.0}","polynomial(coef0=1.0, degree=2, gamma=0.0015153536519245177)",0.6692307692307692,rbf,"{'C': 2.0, 'gamma': 'scale'}","{'thetas': array([0.0002, 0.0005, 0.0011, 0.0015, 0.0027, 0.0028, 0.0032, 0.0035,
       0.0057, 0.0069, 0.0077, 0.009 , 0.0095, 0.0105, 0.0127, 0.0149,
       0.0171, 0.0199, 0.0217, 0.0232, 0.027 , 0.0285, 0.0323, 0.0338]), 'lambdas': array([0.0002, 0.0005, 0.0011, 0.0015, 0.0027, 0.0028, 0.0032, 0.0035,
       0.0057, 0.0069, 0.0077, 0.009 , 0.0095, 0.0105, 0.0127, 0.0149,
       0.0171, 0.0199, 0.0217, 0.0232, 0.027 , 0.0285, 0.0323, 0.0338]), 'D_scores': array([3281.9802,  935.6428,  433.5105,  325.6999,  181.2449,  172.3344,
        154.9467,  139.4143,   84.249 ,   69.8149,   62.0279,   52.8137,
         49.6297,   44.8871,   36.7227,   31.0393,   26.7813,   22.6667,
         20.5988,   19.1526,   16.2373,   15.2746,   13.2865,   12.6028])}",same_mean_diff_covariance,1
MY-small_mu,24,sigmoid,"{'gamma': 0.0015153536519245177, 'coef0': 0.0}","sigmoid(coef0=0.0, gamma=0.0015153536519245177)",0.7153846153846154,rbf,"{'C': 2.0, 'gamma': 'scale'}","{'thetas': array([      0.    ,       0.    ,       0.    ,       0.    ,
             0.0039,       0.0055,       0.0058,       0.0107,
             0.0128,       0.0168,       0.0212,       0.0276,
             0.0324,       0.0352,       0.0452,       0.0495,
       7559675.722 , 6929715.3371, 5535782.1259, 4606299.0022,
       4117996.6478, 3739857.1522, 3415697.3182, 3332903.0459]), 'lambdas': array([      0.    ,       0.    ,       0.    ,       0.    ,
             0.0039,       0.0055,       0.0058,       0.0107,
             0.0128,       0.0168,       0.0212,       0.0276,
             0.0324,       0.0352,       0.0452,       0.0495,
       7559675.722 , 6929715.3371, 5535782.1259, 4606299.0022,
       4117996.6478, 3739857.1522, 3415697.3182, 3332903.0459]), 'D_scores': array([1.2686e+10, 3.0098e+09, 1.2591e+09, 1.0528e+09, 1.2432e+02,
       8.8543e+01, 8.2764e+01, 4.3795e+01, 3.6376e+01, 2.7163e+01,
       2.1200e+01, 1.5821e+01, 1.3231e+01, 1.2034e+01, 9.0150e+00,
       8.0952e+00, 7.4192e+00, 7.3757e+00, 7.2634e+00, 7.1715e+00,
       7.1156e+00, 7.0673e+00, 7.0223e+00, 7.0097e+00])}",same_mean_diff_covariance,1
MY-small_mu,28,linear,{},linear,0.6,rbf,"{'C': 1.0, 'gamma': 'scale'}","{'thetas': array([      0.    ,       0.    ,       0.    ,       0.0006,
             0.0018,       0.0027,       0.0055,       0.0073,
             0.0081,       0.0098,       0.0161,       0.0174,
             0.021 ,       0.0238,       0.0267,       0.0306,
             0.034 ,       0.0381,       0.0443,       0.0483,
       7511717.8009, 6582915.1628, 5753496.1407,       0.0541,
       5082876.6337, 4604607.0379, 4244473.9948, 3634493.4269]), 'lambdas': array([      0.    ,       0.    ,       0.    ,       0.0006,
             0.0018,       0.0027,       0.0055,       0.0073,
             0.0081,       0.0098,       0.0161,       0.0174,
             0.021 ,       0.0238,       0.0267,       0.0306,
             0.034 ,       0.0381,       0.0443,       0.0483,
       7511717.8009, 6582915.1628, 5753496.1407,       0.0541,
       5082876.6337, 4604607.0379, 4244473.9948, 3634493.4269]), 'D_scores': array([8.8228e+08, 7.9513e+08, 5.8248e+08, 8.3389e+02, 2.7083e+02,
       1.8188e+02, 8.7992e+01, 6.5599e+01, 5.8867e+01, 4.8041e+01,
       2.8545e+01, 2.6195e+01, 2.1388e+01, 1.8641e+01, 1.6414e+01,
       1.4095e+01, 1.2534e+01, 1.0979e+01, 9.2389e+00, 8.3461e+00,
       7.4160e+00, 7.3500e+00, 7.2828e+00, 7.2806e+00, 7.2207e+00,
       7.1715e+00, 7.1306e+00, 7.0530e+00])}",same_mean_diff_covariance,1
MY-small_mu,28,rbf,{'gamma': 0.0015153536519245177},rbf(gamma=0.0015153536519245177),0.7384615384615385,rbf,"{'C': 2.0, 'gamma': 0.5}","{'thetas': array([0.    , 0.    , 0.0001, 0.0001, 0.0002, 0.0002, 0.0005, 0.0006,
       0.0007, 0.0008, 0.0009, 0.0011, 0.0012, 0.0016, 0.0019, 0.0022,
       0.0024, 0.0027, 0.0027, 0.0033, 0.0037, 0.0044, 0.0047, 0.005 ,
       0.0055, 0.0056, 0.0059, 0.0066]), 'lambdas': array([0.    , 0.    , 0.0001, 0.0001, 0.0002, 0.0002, 0.0005, 0.0006,
       0.0007, 0.0008, 0.0009, 0.0011, 0.0012, 0.0016, 0.0019, 0.0022,
       0.0024, 0.0027, 0.0027, 0.0033, 0.0037, 0.0044, 0.0047, 0.005 ,
       0.0055, 0.0056, 0.0059, 0.0066]), 'D_scores': array([115582.5912,  20994.2479,   6495.3008,   5068.2271,   2388.2747,
         2251.1783,   1074.1662,    897.1384,    764.4543,    654.0044,
          579.3512,    445.6271,    414.2688,    305.5068,    258.978 ,
          225.789 ,    208.1883,    179.4683,    179.1717,    149.396 ,
          130.6482,    110.7805,    103.0303,     97.7845,     87.0938,
           85.4246,     81.4489,     72.3593])}",same_mean_diff_covariance,1
MY-small_mu,28,laplacian,{'gamma': 0.0015153536519245177},laplacian(gamma=0.0015153536519245177),0.6846153846153846,rbf,"{'C': 2.0, 'gamma': 0.5}","{'thetas': array([0.    , 0.0001, 0.0002, 0.0002, 0.0003, 0.0004, 0.0005, 0.0006,
       0.0007, 0.0009, 0.001 , 0.0012, 0.0014, 0.0014, 0.0018, 0.0022,
       0.0023, 0.0027, 0.0029, 0.0033, 0.004 , 0.0041, 0.0046, 0.0053,
       0.0059, 0.0061, 0.0066, 0.0069]), 'lambdas': array([0.    , 0.0001, 0.0002, 0.0002, 0.0003, 0.0004, 0.0005, 0.0006,
       0.0007, 0.0009, 0.001 , 0.0012, 0.0014, 0.0014, 0.0018, 0.0022,
       0.0023, 0.0027, 0.0029, 0.0033, 0.004 , 0.0041, 0.0046, 0.0053,
       0.0059, 0.0061, 0.0066, 0.0069]), 'D_scores': array([15733.082 ,  6209.0286,  3189.6039,  2227.0413,  1811.2556,
        1183.674 ,  1028.0771,   855.4008,   745.5393,   582.4441,
         518.5878,   429.6439,   362.4916,   347.6665,   279.3397,
         224.846 ,   213.8024,   179.4476,   166.1201,   148.729 ,
         121.711 ,   119.3753,   104.3729,    91.3534,    82.3818,
          78.7012,    72.2856,    68.9866])}",same_mean_diff_covariance,1
MY-small_mu,28,polynomial,"{'degree': 2, 'gamma': 0.0015153536519245177, 'coef0': 1.0}","polynomial(coef0=1.0, degree=2, gamma=0.0015153536519245177)",0.6923076923076923,rbf,"{'C': 2.0, 'gamma': 'scale'}","{'thetas': array([0.0002, 0.0005, 0.001 , 0.0017, 0.0021, 0.0031, 0.0033, 0.0051,
       0.0057, 0.0062, 0.0067, 0.0091, 0.0112, 0.0121, 0.0148, 0.0158,
       0.0166, 0.0204, 0.0222, 0.0233, 0.0247, 0.0281, 0.0284, 0.0333,
       0.0363, 0.0387, 0.0404, 0.0476]), 'lambdas': array([0.0002, 0.0005, 0.001 , 0.0017, 0.0021, 0.0031, 0.0033, 0.0051,
       0.0057, 0.0062, 0.0067, 0.0091, 0.0112, 0.0121, 0.0148, 0.0158,
       0.0166, 0.0204, 0.0222, 0.0233, 0.0247, 0.0281, 0.0284, 0.0333,
       0.0363, 0.0387, 0.0404, 0.0476]), 'D_scores': array([3206.6637,  910.333 ,  493.4071,  282.8461,  235.0442,  156.1943,
        146.3742,   95.3421,   84.9739,   77.8016,   71.3943,   52.0515,
         42.0733,   38.576 ,   31.1035,   29.0563,   27.6449,   22.0959,
         20.1152,   19.1149,   17.8953,   15.5327,   15.3396,   12.8277,
         11.6238,   10.798 ,   10.2854,    8.4919])}",same_mean_diff_covariance,1
MY-small_mu,28,sigmoid,"{'gamma': 0.0015153536519245177, 'coef0': 0.0}","sigmoid(coef0=0.0, gamma=0.0015153536519245177)",0.823076923076923,rbf,"{'C': 2.0, 'gamma': 'scale'}","{'thetas': array([      0.    ,       0.    ,       0.    ,       0.    ,
             0.    ,       0.    ,       0.0031,       0.0061,
             0.0081,       0.009 ,       0.0154,       0.0211,
             0.0243,       0.0276,       0.0337,       0.0452,
             0.053 , 7477387.5545, 6567211.6121, 5328827.1727,
       4795155.0032, 4394911.0631, 4116511.1194, 3380994.4194,
       3185815.9924, 2675225.2895, 2589498.1884, 2334874.5551]), 'lambdas': array([      0.    ,       0.    ,       0.    ,       0.    ,
             0.    ,       0.    ,       0.0031,       0.0061,
             0.0081,       0.009 ,       0.0154,       0.0211,
             0.0243,       0.0276,       0.0337,       0.0452,
             0.053 , 7477387.5545, 6567211.6121, 5328827.1727,
       4795155.0032, 4394911.0631, 4116511.1194, 3380994.4194,
       3185815.9924, 2675225.2895, 2589498.1884, 2334874.5551]), 'D_scores': array([1.3376e+10, 1.2665e+09, 1.0736e+09, 5.9268e+08, 4.3380e+08,
       1.7538e+08, 1.6023e+02, 7.8690e+01, 5.8536e+01, 5.2994e+01,
       2.9853e+01, 2.1314e+01, 1.8235e+01, 1.5845e+01, 1.2644e+01,
       9.0199e+00, 7.4740e+00, 7.4137e+00, 7.3488e+00, 7.2445e+00,
       7.1916e+00, 7.1481e+00, 7.1153e+00, 7.0169e+00, 6.9871e+00,
       6.9003e+00, 6.8836e+00, 6.8317e+00])}",same_mean_diff_covariance,1
MY-small_mu,32,linear,{},linear,0.6384615384615384,rbf,"{'C': 1.0, 'gamma': 'scale'}","{'thetas': array([      0.    ,       0.    ,       0.    ,       0.    ,
             0.    ,       0.0005,       0.0012,       0.0016,
             0.0031,       0.0038,       0.0063,       0.0103,
             0.0113,       0.0178,       0.0187,       0.0225,
             0.028 ,       0.0302,       0.0355,       0.0374,
             0.0445,       0.0458,       0.0489,       0.0523,
       8470638.1675, 7145590.9619, 6132493.1149, 5473331.1015,
       4915446.065 , 4230086.091 , 4129875.0558, 3859939.4865]), 'lambdas': array([      0.    ,       0.    ,       0.    ,       0.    ,
             0.    ,       0.0005,       0.0012,       0.0016,
             0.0031,       0.0038,       0.0063,       0.0103,
             0.0113,       0.0178,       0.0187,       0.0225,
             0.028 ,       0.0302,       0.0355,       0.0374,
             0.0445,       0.0458,       0.0489,       0.0523,
       8470638.1675, 7145590.9619, 6132493.1149, 5473331.1015,
       4915446.065 , 4230086.091 , 4129875.0558, 3859939.4865]), 'D_scores': array([5.2198e+09, 3.0536e+09, 7.9947e+08, 5.8151e+08, 3.9313e+08,
       1.0420e+03, 4.0310e+02, 3.1469e+02, 1.5720e+02, 1.2684e+02,
       7.6873e+01, 4.5790e+01, 4.1673e+01, 2.5637e+01, 2.4191e+01,
       1.9802e+01, 1.5576e+01, 1.4327e+01, 1.1940e+01, 1.1238e+01,
       9.1826e+00, 8.8856e+00, 8.2080e+00, 7.5831e+00, 7.4761e+00,
       7.3910e+00, 7.3147e+00, 7.2578e+00, 7.2040e+00, 7.1289e+00,
       7.1172e+00, 7.0831e+00])}",same_mean_diff_covariance,1
MY-small_mu,32,rbf,{'gamma': 0.0015153536519245177},rbf(gamma=0.0015153536519245177),0.6692307692307692,rbf,"{'C': 2.0, 'gamma': 0.5}","{'thetas': array([0.    , 0.0001, 0.0001, 0.0002, 0.0003, 0.0004, 0.0005, 0.0005,
       0.0007, 0.0007, 0.0008, 0.0013, 0.0015, 0.0016, 0.0017, 0.0019,
       0.0024, 0.0027, 0.0028, 0.003 , 0.0037, 0.0042, 0.0046, 0.005 ,
       0.0052, 0.0058, 0.0062, 0.0067, 0.0074, 0.0083, 0.0087, 0.0093]), 'lambdas': array([0.    , 0.0001, 0.0001, 0.0002, 0.0003, 0.0004, 0.0005, 0.0005,
       0.0007, 0.0007, 0.0008, 0.0013, 0.0015, 0.0016, 0.0017, 0.0019,
       0.0024, 0.0027, 0.0028, 0.003 , 0.0037, 0.0042, 0.0046, 0.005 ,
       0.0052, 0.0058, 0.0062, 0.0067, 0.0074, 0.0083, 0.0087, 0.0093]), 'D_scores': array([31309.0257,  8989.2217,  4196.2282,  2883.3275,  1535.4297,
        1419.8367,  1036.5631,   981.2517,   730.7023,   675.8453,
         595.8245,   384.0011,   340.5678,   306.1902,   286.6379,
         258.8974,   203.2198,   180.1561,   176.9156,   164.2098,
         133.5666,   116.6672,   105.43  ,    97.4936,    93.8793,
          82.775 ,    77.2313,    71.1559,    65.0702,    57.564 ,
          54.6085,    50.99  ])}",same_mean_diff_covariance,1
MY-small_mu,32,laplacian,{'gamma': 0.0015153536519245177},laplacian(gamma=0.0015153536519245177),0.6461538461538462,rbf,"{'C': 0.5, 'gamma': 0.5}","{'thetas': array([0.0001, 0.0001, 0.0002, 0.0002, 0.0003, 0.0004, 0.0006, 0.0008,
       0.0009, 0.001 , 0.0011, 0.0012, 0.0013, 0.0017, 0.0018, 0.0021,
       0.0023, 0.0027, 0.0028, 0.0033, 0.0035, 0.0041, 0.0049, 0.0051,
       0.0054, 0.006 , 0.0063, 0.0066, 0.0076, 0.0083, 0.0085, 0.0089]), 'lambdas': array([0.0001, 0.0001, 0.0002, 0.0002, 0.0003, 0.0004, 0.0006, 0.0008,
       0.0009, 0.001 , 0.0011, 0.0012, 0.0013, 0.0017, 0.0018, 0.0021,
       0.0023, 0.0027, 0.0028, 0.0033, 0.0035, 0.0041, 0.0049, 0.0051,
       0.0054, 0.006 , 0.0063, 0.0066, 0.0076, 0.0083, 0.0085, 0.0089]), 'D_scores': array([8379.3688, 4830.3985, 3079.2994, 2151.5954, 1525.1648, 1279.0449,
        843.9945,  587.1998,  561.856 ,  499.8312,  436.8442,  422.4349,
        368.9916,  299.1785,  273.0195,  239.6462,  209.9916,  181.9714,
        176.8679,  147.0571,  138.0943,  118.5245,   98.1951,   95.0132,
         89.6988,   80.1461,   76.2888,   72.3068,   62.4819,   57.6681,
         56.0199,   53.4364])}",same_mean_diff_covariance,1
MY-small_mu,32,polynomial,"{'degree': 2, 'gamma': 0.0015153536519245177, 'coef0': 1.0}","polynomial(coef0=1.0, degree=2, gamma=0.0015153536519245177)",0.6846153846153846,rbf,"{'C': 2.0, 'gamma': 'scale'}","{'thetas': array([      0.0005,       0.0005,       0.0011,       0.0015,
             0.002 ,       0.0026,       0.003 ,       0.0043,
             0.0059,       0.0065,       0.0079,       0.0084,
             0.0095,       0.0114,       0.0125,       0.0152,
             0.0176,       0.0183,       0.0199,       0.0211,
             0.0226,       0.0237,       0.0283,       0.0315,
             0.0348,       0.0373,       0.0413,       0.0462,
             0.0478,       0.0493,       0.0543, 1771008.2011]), 'lambdas': array([      0.0005,       0.0005,       0.0011,       0.0015,
             0.002 ,       0.0026,       0.003 ,       0.0043,
             0.0059,       0.0065,       0.0079,       0.0084,
             0.0095,       0.0114,       0.0125,       0.0152,
             0.0176,       0.0183,       0.0199,       0.0211,
             0.0226,       0.0237,       0.0283,       0.0315,
             0.0348,       0.0373,       0.0413,       0.0462,
             0.0478,       0.0493,       0.0543, 1771008.2011]), 'D_scores': array([992.4764, 912.8128, 453.1441, 322.7533, 250.921 , 186.8866,
       165.8708, 114.3909,  81.6312,  73.8353,  60.3044,  56.7898,
        49.541 ,  41.073 ,  37.3135,  30.2388,  25.8444,  24.7757,
        22.6952,  21.2934,  19.7682,  18.7394,  15.4142,  13.6284,
        12.1974,  11.2469,  10.0251,   8.7908,   8.446 ,   8.1398,
         7.2455,   6.6946])}",same_mean_diff_covariance,1
MY-small_mu,32,sigmoid,"{'gamma': 0.0015153536519245177, 'coef0': 0.0}","sigmoid(coef0=0.0, gamma=0.0015153536519245177)",0.8615384615384616,rbf,"{'C': 2.0, 'gamma': 'scale'}","{'thetas': array([      0.    ,       0.0035,       0.0097,       0.0111,
             0.0174,       0.0223,       0.0269,       0.0305,
             0.0457, 7963790.7588, 6497036.2601, 5088112.3687,
       4899763.2462, 4391535.4186, 3734119.5232, 3605150.4395,
       3494372.1222,       0.0558, 2826692.4814, 2689950.7687,
       2582867.0499, 2417393.3594, 2076613.9623, 1852940.538 ,
       1735275.2089, 1570667.0671, 1487113.9266, 1388542.9313,
       1319207.4346, 1279772.0955, 1181680.1932,       0.0596]), 'lambdas': array([      0.    ,       0.0035,       0.0097,       0.0111,
             0.0174,       0.0223,       0.0269,       0.0305,
             0.0457, 7963790.7588, 6497036.2601, 5088112.3687,
       4899763.2462, 4391535.4186, 3734119.5232, 3605150.4395,
       3494372.1222,       0.0558, 2826692.4814, 2689950.7687,
       2582867.0499, 2417393.3594, 2076613.9623, 1852940.538 ,
       1735275.2089, 1570667.0671, 1487113.9266, 1388542.9313,
       1319207.4346, 1279772.0955, 1181680.1932,       0.0596]), 'D_scores': array([1.6154e+09, 1.3770e+02, 4.8819e+01, 4.2096e+01, 2.6214e+01,
       1.9989e+01, 1.6273e+01, 1.4149e+01, 8.8896e+00, 7.4452e+00,
       7.3435e+00, 7.2212e+00, 7.2026e+00, 7.1477e+00, 7.0666e+00,
       7.0489e+00, 7.0335e+00, 7.0185e+00, 6.9273e+00, 6.9028e+00,
       6.8823e+00, 6.8491e+00, 6.7733e+00, 6.7164e+00, 6.6834e+00,
       6.6335e+00, 6.6062e+00, 6.5719e+00, 6.5464e+00, 6.5312e+00,
       6.4913e+00, 6.4813e+00])}",same_mean_diff_covariance,1
KFDA-1D,1,linear,{},linear,0.6153846153846154,rbf,"{'C': 2.0, 'gamma': 'scale'}","{'top_lambda': 0.10059378273589817, 'd_norm': 122.13638492546232}",same_mean_diff_covariance,2
KFDA-1D,1,rbf,{'gamma': 0.00152749548677943},rbf(gamma=0.00152749548677943),0.5384615384615384,rbf,"{'C': 2.0, 'gamma': 'scale'}","{'top_lambda': 30289.496230487723, 'd_norm': 0.15944755312793887}",same_mean_diff_covariance,2
KFDA-1D,1,laplacian,{'gamma': 0.00152749548677943},laplacian(gamma=0.00152749548677943),0.5923076923076923,rbf,"{'C': 0.5, 'gamma': 'scale'}","{'top_lambda': 27119.64300172282, 'd_norm': 0.11260656575914359}",same_mean_diff_covariance,2
KFDA-1D,1,polynomial,"{'degree': 2, 'gamma': 0.00152749548677943, 'coef0': 1.0}","polynomial(coef0=1.0, degree=2, gamma=0.00152749548677943)",0.5153846153846153,rbf,"{'C': 2.0, 'gamma': 0.5}","{'top_lambda': 18370.518897741767, 'd_norm': 0.5679309037259254}",same_mean_diff_covariance,2
KFDA-1D,1,sigmoid,"{'gamma': 0.00152749548677943, 'coef0': 0.0}","sigmoid(coef0=0.0, gamma=0.00152749548677943)",0.35384615384615387,rbf,"{'C': 2.0, 'gamma': 'scale'}","{'top_lambda': 0.10043061412081374, 'd_norm': 0.15317238685862108}",same_mean_diff_covariance,2
MY-large_mu,1,linear,{},linear,0.6923076923076923,rbf,"{'C': 1.0, 'gamma': 0.5}","{'thetas': array([0.]), 'lambdas': array([0.]), 'gvals': array([8.5156e+09])}",same_mean_diff_covariance,2
MY-large_mu,1,rbf,{'gamma': 0.00152749548677943},rbf(gamma=0.00152749548677943),0.6076923076923076,rbf,"{'C': 2.0, 'gamma': 'scale'}","{'thetas': array([0.]), 'lambdas': array([0.]), 'gvals': array([13328.5396])}",same_mean_diff_covariance,2
MY-large_mu,1,laplacian,{'gamma': 0.00152749548677943},laplacian(gamma=0.00152749548677943),0.5538461538461539,rbf,"{'C': 1.0, 'gamma': 'scale'}","{'thetas': array([0.]), 'lambdas': array([0.]), 'gvals': array([18905.8476])}",same_mean_diff_covariance,2
MY-large_mu,1,polynomial,"{'degree': 2, 'gamma': 0.00152749548677943, 'coef0': 1.0}","polynomial(coef0=1.0, degree=2, gamma=0.00152749548677943)",0.6,rbf,"{'C': 1.0, 'gamma': 0.5}","{'thetas': array([0.0002]), 'lambdas': array([0.0002]), 'gvals': array([3274.7587])}",same_mean_diff_covariance,2
MY-large_mu,1,sigmoid,"{'gamma': 0.00152749548677943, 'coef0': 0.0}","sigmoid(coef0=0.0, gamma=0.00152749548677943)",0.5230769230769231,poly,"{'C': 0.5, 'gamma': 'scale', 'degree': 2, 'coef0': 1.0}","{'thetas': array([0.]), 'lambdas': array([0.]), 'gvals': array([1.285e+09])}",same_mean_diff_covariance,2
MY-large_mu,2,linear,{},linear,0.5615384615384615,rbf,"{'C': 0.5, 'gamma': 'scale'}","{'thetas': array([0., 0.]), 'lambdas': array([0., 0.]), 'gvals': array([9.2526e+09, 1.3132e+09])}",same_mean_diff_covariance,2
MY-large_mu,2,rbf,{'gamma': 0.00152749548677943},rbf(gamma=0.00152749548677943),0.5846153846153846,rbf,"{'C': 2.0, 'gamma': 'scale'}","{'thetas': array([0.0001, 0.0001]), 'lambdas': array([0.0001, 0.0001]), 'gvals': array([7123.7993, 4164.075 ])}",same_mean_diff_covariance,2
MY-large_mu,2,laplacian,{'gamma': 0.00152749548677943},laplacian(gamma=0.00152749548677943),0.5769230769230769,rbf,"{'C': 1.0, 'gamma': 'scale'}","{'thetas': array([0.    , 0.0001]), 'lambdas': array([0.    , 0.0001]), 'gvals': array([105068.661 ,   7172.4629])}",same_mean_diff_covariance,2
MY-large_mu,2,polynomial,"{'degree': 2, 'gamma': 0.00152749548677943, 'coef0': 1.0}","polynomial(coef0=1.0, degree=2, gamma=0.00152749548677943)",0.6076923076923076,rbf,"{'C': 2.0, 'gamma': 'scale'}","{'thetas': array([0.0001, 0.0005]), 'lambdas': array([0.0001, 0.0005]), 'gvals': array([3359.8067,  906.6213])}",same_mean_diff_covariance,2
MY-large_mu,2,sigmoid,"{'gamma': 0.00152749548677943, 'coef0': 0.0}","sigmoid(coef0=0.0, gamma=0.00152749548677943)",0.6615384615384615,rbf,"{'C': 2.0, 'gamma': 'scale'}","{'thetas': array([0., 0.]), 'lambdas': array([0., 0.]), 'gvals': array([2.4625e+09, 1.2073e+09])}",same_mean_diff_covariance,2
MY-large_mu,3,linear,{},linear,0.6384615384615384,poly,"{'C': 0.5, 'gamma': 'scale', 'degree': 2, 'coef0': 1.0}","{'thetas': array([0.    , 0.0002, 0.0021]), 'lambdas': array([0.    , 0.0002, 0.0021]), 'gvals': array([3.8389e+08, 2.0378e+03, 2.3633e+02])}",same_mean_diff_covariance,2
MY-large_mu,3,rbf,{'gamma': 0.00152749548677943},rbf(gamma=0.00152749548677943),0.6538461538461539,rbf,"{'C': 2.0, 'gamma': 0.5}","{'thetas': array([0., 0., 0.]), 'lambdas': array([0., 0., 0.]), 'gvals': array([181111.7145, 117347.3837,  14390.9211])}",same_mean_diff_covariance,2
MY-large_mu,3,laplacian,{'gamma': 0.00152749548677943},laplacian(gamma=0.00152749548677943),0.5846153846153846,rbf,"{'C': 2.0, 'gamma': 0.5}","{'thetas': array([0.    , 0.0001, 0.0002]), 'lambdas': array([0.    , 0.0001, 0.0002]), 'gvals': array([58524.4677,  3338.6825,  3114.7072])}",same_mean_diff_covariance,2
MY-large_mu,3,polynomial,"{'degree': 2, 'gamma': 0.00152749548677943, 'coef0': 1.0}","polynomial(coef0=1.0, degree=2, gamma=0.00152749548677943)",0.6,rbf,"{'C': 0.5, 'gamma': 0.5}","{'thetas': array([0.0001, 0.0003, 0.0009]), 'lambdas': array([0.0001, 0.0003, 0.0009]), 'gvals': array([5596.3711, 1925.2294,  562.5219])}",same_mean_diff_covariance,2
MY-large_mu,3,sigmoid,"{'gamma': 0.00152749548677943, 'coef0': 0.0}","sigmoid(coef0=0.0, gamma=0.00152749548677943)",0.6307692307692307,rbf,"{'C': 1.0, 'gamma': 'scale'}","{'thetas': array([0., 0., 0.]), 'lambdas': array([0., 0., 0.]), 'gvals': array([2.7666e+10, 1.5548e+09, 4.5040e+08])}",same_mean_diff_covariance,2
MY-large_mu,4,linear,{},linear,0.6307692307692307,rbf,"{'C': 2.0, 'gamma': 0.5}","{'thetas': array([0.    , 0.    , 0.    , 0.0014]), 'lambdas': array([0.    , 0.    , 0.    , 0.0014]), 'gvals': array([2.2746e+09, 6.7132e+08, 2.4707e+08, 3.4736e+02])}",same_mean_diff_covariance,2
MY-large_mu,4,rbf,{'gamma': 0.00152749548677943},rbf(gamma=0.00152749548677943),0.5461538461538461,rbf,"{'C': 2.0, 'gamma': 0.5}","{'thetas': array([0.    , 0.    , 0.0001, 0.0001]), 'lambdas': array([0.    , 0.    , 0.0001, 0.0001]), 'gvals': array([5444134.0206,   19861.9845,    4609.7158,    3991.88  ])}",same_mean_diff_covariance,2
MY-large_mu,4,laplacian,{'gamma': 0.00152749548677943},laplacian(gamma=0.00152749548677943),0.6461538461538462,rbf,"{'C': 2.0, 'gamma': 0.5}","{'thetas': array([0.    , 0.0001, 0.0002, 0.0002]), 'lambdas': array([0.    , 0.0001, 0.0002, 0.0002]), 'gvals': array([26224.462 ,  8527.3132,  3170.0646,  2566.0393])}",same_mean_diff_covariance,2
MY-large_mu,4,polynomial,"{'degree': 2, 'gamma': 0.00152749548677943, 'coef0': 1.0}","polynomial(coef0=1.0, degree=2, gamma=0.00152749548677943)",0.6538461538461539,rbf,"{'C': 1.0, 'gamma': 0.5}","{'thetas': array([0.0001, 0.0002, 0.0006, 0.001 ]), 'lambdas': array([0.0001, 0.0002, 0.0006, 0.001 ]), 'gvals': array([5416.0835, 2009.5602,  805.8979,  507.3055])}",same_mean_diff_covariance,2
MY-large_mu,4,sigmoid,"{'gamma': 0.00152749548677943, 'coef0': 0.0}","sigmoid(coef0=0.0, gamma=0.00152749548677943)",0.6384615384615384,rbf,"{'C': 0.5, 'gamma': 0.5}","{'thetas': array([0.    , 0.    , 0.    , 0.0006]), 'lambdas': array([0.    , 0.    , 0.    , 0.0006]), 'gvals': array([1.8958e+09, 1.0227e+09, 4.1714e+08, 7.6717e+02])}",same_mean_diff_covariance,2
MY-large_mu,5,linear,{},linear,0.6384615384615384,rbf,"{'C': 0.5, 'gamma': 0.5}","{'thetas': array([0.    , 0.    , 0.    , 0.    , 0.0004]), 'lambdas': array([0.    , 0.    , 0.    , 0.    , 0.0004]), 'gvals': array([5.2901e+09, 6.4056e+08, 5.7983e+08, 4.1380e+08, 1.3288e+03])}",same_mean_diff_covariance,2
MY-large_mu,5,rbf,{'gamma': 0.00152749548677943},rbf(gamma=0.00152749548677943),0.5923076923076923,rbf,"{'C': 1.0, 'gamma': 0.5}","{'thetas': array([0.0001, 0.0001, 0.0002, 0.0003, 0.0004]), 'lambdas': array([0.0001, 0.0001, 0.0002, 0.0003, 0.0004]), 'gvals': array([7013.2505, 4113.9223, 2719.7198, 1655.5702, 1159.9568])}",same_mean_diff_covariance,2
MY-large_mu,5,laplacian,{'gamma': 0.00152749548677943},laplacian(gamma=0.00152749548677943),0.5307692307692308,rbf,"{'C': 0.5, 'gamma': 0.5}","{'thetas': array([0.    , 0.0001, 0.0001, 0.0002, 0.0002]), 'lambdas': array([0.    , 0.0001, 0.0001, 0.0002, 0.0002]), 'gvals': array([19317.0179,  5232.4308,  4277.9824,  3180.3848,  2705.23  ])}",same_mean_diff_covariance,2
MY-large_mu,5,polynomial,"{'degree': 2, 'gamma': 0.00152749548677943, 'coef0': 1.0}","polynomial(coef0=1.0, degree=2, gamma=0.00152749548677943)",0.6615384615384615,rbf,"{'C': 2.0, 'gamma': 'scale'}","{'thetas': array([0.    , 0.0006, 0.0008, 0.0017, 0.0021]), 'lambdas': array([0.    , 0.0006, 0.0008, 0.0017, 0.0021]), 'gvals': array([12828.7835,   860.1836,   650.3549,   287.7091,   237.8125])}",same_mean_diff_covariance,2
MY-large_mu,5,sigmoid,"{'gamma': 0.00152749548677943, 'coef0': 0.0}","sigmoid(coef0=0.0, gamma=0.00152749548677943)",0.7,rbf,"{'C': 0.5, 'gamma': 0.5}","{'thetas': array([0.    , 0.    , 0.    , 0.0018, 0.0032]), 'lambdas': array([0.    , 0.    , 0.    , 0.0018, 0.0032]), 'gvals': array([2.7311e+10, 8.3833e+08, 3.4874e+08, 2.6963e+02, 1.5322e+02])}",same_mean_diff_covariance,2
MY-large_mu,6,linear,{},linear,0.5923076923076923,poly,"{'C': 2.0, 'gamma': 'scale', 'degree': 2, 'coef0': 1.0}","{'thetas': array([0.    , 0.    , 0.    , 0.    , 0.001 , 0.0028]), 'lambdas': array([0.    , 0.    , 0.    , 0.    , 0.001 , 0.0028]), 'gvals': array([3.5618e+10, 1.6718e+09, 1.4972e+09, 7.6688e+08, 4.7933e+02,
       1.7458e+02])}",same_mean_diff_covariance,2
MY-large_mu,6,rbf,{'gamma': 0.00152749548677943},rbf(gamma=0.00152749548677943),0.5384615384615384,rbf,"{'C': 2.0, 'gamma': 0.5}","{'thetas': array([0.    , 0.    , 0.0001, 0.0001, 0.0002, 0.0003]), 'lambdas': array([0.    , 0.    , 0.0001, 0.0001, 0.0002, 0.0003]), 'gvals': array([49593.9999, 13650.0515,  7591.6375,  5223.8895,  2775.03  ,
        1659.3594])}",same_mean_diff_covariance,2
MY-large_mu,6,laplacian,{'gamma': 0.00152749548677943},laplacian(gamma=0.00152749548677943),0.5923076923076923,rbf,"{'C': 2.0, 'gamma': 0.5}","{'thetas': array([0.    , 0.0001, 0.0002, 0.0003, 0.0004, 0.0005]), 'lambdas': array([0.    , 0.0001, 0.0002, 0.0003, 0.0004, 0.0005]), 'gvals': array([14744.3504,  4935.5955,  2602.0806,  1846.9729,  1246.7362,
         950.2688])}",same_mean_diff_covariance,2
MY-large_mu,6,polynomial,"{'degree': 2, 'gamma': 0.00152749548677943, 'coef0': 1.0}","polynomial(coef0=1.0, degree=2, gamma=0.00152749548677943)",0.5923076923076923,rbf,"{'C': 1.0, 'gamma': 'scale'}","{'thetas': array([0.0003, 0.001 , 0.0012, 0.002 , 0.0026, 0.0042]), 'lambdas': array([0.0003, 0.001 , 0.0012, 0.002 , 0.0026, 0.0042]), 'gvals': array([1486.387 ,  487.3139,  430.004 ,  249.4236,  190.9201,  114.4833])}",same_mean_diff_covariance,2
MY-large_mu,6,sigmoid,"{'gamma': 0.00152749548677943, 'coef0': 0.0}","sigmoid(coef0=0.0, gamma=0.00152749548677943)",0.6461538461538462,rbf,"{'C': 0.5, 'gamma': 'scale'}","{'thetas': array([0.    , 0.0043, 0.0062, 0.009 , 0.0152, 0.0205]), 'lambdas': array([0.    , 0.0043, 0.0062, 0.009 , 0.0152, 0.0205]), 'gvals': array([1.9341e+09, 1.1209e+02, 7.8010e+01, 5.2562e+01, 3.0224e+01,
       2.1938e+01])}",same_mean_diff_covariance,2
MY-large_mu,7,linear,{},linear,0.6384615384615384,rbf,"{'C': 0.5, 'gamma': 0.5}","{'thetas': array([0.    , 0.    , 0.    , 0.001 , 0.003 , 0.0037, 0.0068]), 'lambdas': array([0.    , 0.    , 0.    , 0.001 , 0.003 , 0.0037, 0.0068]), 'gvals': array([5.5021e+09, 7.8201e+08, 3.1740e+08, 4.9575e+02, 1.6464e+02,
       1.3023e+02, 7.0729e+01])}",same_mean_diff_covariance,2
MY-large_mu,7,rbf,{'gamma': 0.00152749548677943},rbf(gamma=0.00152749548677943),0.5538461538461539,rbf,"{'C': 0.5, 'gamma': 0.5}","{'thetas': array([0.    , 0.0001, 0.0001, 0.0002, 0.0003, 0.0004, 0.0007]), 'lambdas': array([0.    , 0.0001, 0.0001, 0.0002, 0.0003, 0.0004, 0.0007]), 'gvals': array([10636.9067,  5319.051 ,  4559.2806,  2808.951 ,  1603.043 ,
        1212.9368,   737.7231])}",same_mean_diff_covariance,2
MY-large_mu,7,laplacian,{'gamma': 0.00152749548677943},laplacian(gamma=0.00152749548677943),0.5,rbf,"{'C': 2.0, 'gamma': 0.5}","{'thetas': array([0.    , 0.    , 0.0001, 0.0002, 0.0004, 0.0005, 0.0007]), 'lambdas': array([0.    , 0.    , 0.0001, 0.0002, 0.0004, 0.0005, 0.0007]), 'gvals': array([121816.8278,  15296.6161,   3972.9216,   2308.1418,   1348.0822,
         1015.1957,    741.651 ])}",same_mean_diff_covariance,2
MY-large_mu,7,polynomial,"{'degree': 2, 'gamma': 0.00152749548677943, 'coef0': 1.0}","polynomial(coef0=1.0, degree=2, gamma=0.00152749548677943)",0.5769230769230769,rbf,"{'C': 2.0, 'gamma': 0.5}","{'thetas': array([0.0001, 0.0013, 0.0017, 0.0018, 0.0026, 0.0032, 0.0052]), 'lambdas': array([0.0001, 0.0013, 0.0017, 0.0018, 0.0026, 0.0032, 0.0052]), 'gvals': array([3419.2198,  372.6458,  296.9006,  279.6001,  189.2173,  154.5909,
         93.9134])}",same_mean_diff_covariance,2
MY-large_mu,7,sigmoid,"{'gamma': 0.00152749548677943, 'coef0': 0.0}","sigmoid(coef0=0.0, gamma=0.00152749548677943)",0.5615384615384615,rbf,"{'C': 0.5, 'gamma': 'scale'}","{'thetas': array([0.    , 0.    , 0.    , 0.    , 0.0035, 0.005 , 0.0126]), 'lambdas': array([0.    , 0.    , 0.    , 0.    , 0.0035, 0.005 , 0.0126]), 'gvals': array([7.7073e+09, 2.0202e+09, 1.1264e+09, 1.9197e+08, 1.3783e+02,
       9.6663e+01, 3.6943e+01])}",same_mean_diff_covariance,2
MY-large_mu,8,linear,{},linear,0.6615384615384615,rbf,"{'C': 2.0, 'gamma': 0.5}","{'thetas': array([0.    , 0.    , 0.    , 0.0012, 0.0026, 0.0041, 0.0074, 0.0083]), 'lambdas': array([0.    , 0.    , 0.    , 0.0012, 0.0026, 0.0041, 0.0074, 0.0083]), 'gvals': array([1.7867e+10, 1.4180e+09, 7.0535e+08, 4.0332e+02, 1.9055e+02,
       1.1789e+02, 6.4826e+01, 5.7299e+01])}",same_mean_diff_covariance,2
MY-large_mu,8,rbf,{'gamma': 0.00152749548677943},rbf(gamma=0.00152749548677943),0.6076923076923076,rbf,"{'C': 2.0, 'gamma': 0.5}","{'thetas': array([0.    , 0.0001, 0.0001, 0.0002, 0.0002, 0.0004, 0.0004, 0.0005]), 'lambdas': array([0.    , 0.0001, 0.0001, 0.0002, 0.0002, 0.0004, 0.0004, 0.0005]), 'gvals': array([10376.6673,  8007.5828,  4656.4576,  2904.6434,  2187.8073,
        1234.6269,  1147.11  ,   953.2783])}",same_mean_diff_covariance,2
MY-large_mu,8,laplacian,{'gamma': 0.00152749548677943},laplacian(gamma=0.00152749548677943),0.5230769230769231,rbf,"{'C': 2.0, 'gamma': 0.5}","{'thetas': array([0.    , 0.0001, 0.0001, 0.0003, 0.0003, 0.0006, 0.0006, 0.0008]), 'lambdas': array([0.    , 0.0001, 0.0001, 0.0003, 0.0003, 0.0006, 0.0006, 0.0008]), 'gvals': array([16048.6985,  6338.3429,  3811.4309,  1630.5807,  1499.7035,
         879.4924,   797.0177,   658.9386])}",same_mean_diff_covariance,2
MY-large_mu,8,polynomial,"{'degree': 2, 'gamma': 0.00152749548677943, 'coef0': 1.0}","polynomial(coef0=1.0, degree=2, gamma=0.00152749548677943)",0.5846153846153846,rbf,"{'C': 0.5, 'gamma': 0.5}","{'thetas': array([0.0003, 0.0004, 0.0008, 0.0014, 0.0018, 0.0027, 0.0041, 0.0041]), 'lambdas': array([0.0003, 0.0004, 0.0008, 0.0014, 0.0018, 0.0027, 0.0041, 0.0041]), 'gvals': array([1606.1761, 1225.7016,  595.8921,  358.0674,  274.3827,  183.684 ,
        119.6173,  117.756 ])}",same_mean_diff_covariance,2
MY-large_mu,8,sigmoid,"{'gamma': 0.00152749548677943, 'coef0': 0.0}","sigmoid(coef0=0.0, gamma=0.00152749548677943)",0.5692307692307692,rbf,"{'C': 1.0, 'gamma': 'scale'}","{'thetas': array([0.    , 0.    , 0.    , 0.    , 0.0015, 0.0055, 0.0098, 0.0122]), 'lambdas': array([0.    , 0.    , 0.    , 0.    , 0.0015, 0.0055, 0.0098, 0.0122]), 'gvals': array([3.8407e+09, 2.2183e+09, 6.4758e+08, 6.3291e+08, 3.3171e+02,
       8.7845e+01, 4.8207e+01, 3.8242e+01])}",same_mean_diff_covariance,2
MY-large_mu,10,linear,{},linear,0.7230769230769231,rbf,"{'C': 0.5, 'gamma': 0.5}","{'thetas': array([0.    , 0.    , 0.    , 0.    , 0.001 , 0.0011, 0.0029, 0.0047,
       0.0074, 0.0104]), 'lambdas': array([0.    , 0.    , 0.    , 0.    , 0.001 , 0.0011, 0.0029, 0.0047,
       0.0074, 0.0104]), 'gvals': array([2.6189e+09, 8.9283e+08, 6.5646e+08, 5.0136e+08, 4.9303e+02,
       4.4993e+02, 1.6838e+02, 1.0423e+02, 6.4864e+01, 4.5385e+01])}",same_mean_diff_covariance,2
MY-large_mu,10,rbf,{'gamma': 0.00152749548677943},rbf(gamma=0.00152749548677943),0.6538461538461539,rbf,"{'C': 1.0, 'gamma': 0.5}","{'thetas': array([0.0001, 0.0001, 0.0001, 0.0002, 0.0002, 0.0003, 0.0005, 0.0007,
       0.0009, 0.0011]), 'lambdas': array([0.0001, 0.0001, 0.0001, 0.0002, 0.0002, 0.0003, 0.0005, 0.0007,
       0.0009, 0.0011]), 'gvals': array([8827.9193, 6255.2223, 3688.4728, 2519.9779, 2237.8949, 1529.088 ,
        996.3189,  729.2571,  576.2557,  463.0094])}",same_mean_diff_covariance,2
MY-large_mu,10,laplacian,{'gamma': 0.00152749548677943},laplacian(gamma=0.00152749548677943),0.6692307692307692,rbf,"{'C': 2.0, 'gamma': 0.5}","{'thetas': array([0.    , 0.0001, 0.0002, 0.0003, 0.0005, 0.0006, 0.0006, 0.0007,
       0.0007, 0.0011]), 'lambdas': array([0.    , 0.0001, 0.0002, 0.0003, 0.0005, 0.0006, 0.0006, 0.0007,
       0.0007, 0.0011]), 'gvals': array([60768.2256,  5655.538 ,  2820.3969,  1690.4366,  1011.7493,
         891.8576,   805.7655,   744.0094,   701.1368,   466.2244])}",same_mean_diff_covariance,2
MY-large_mu,10,polynomial,"{'degree': 2, 'gamma': 0.00152749548677943, 'coef0': 1.0}","polynomial(coef0=1.0, degree=2, gamma=0.00152749548677943)",0.7230769230769231,rbf,"{'C': 2.0, 'gamma': 0.5}","{'thetas': array([0.    , 0.0003, 0.0007, 0.0012, 0.0017, 0.0029, 0.0037, 0.0047,
       0.0065, 0.0074]), 'lambdas': array([0.    , 0.0003, 0.0007, 0.0012, 0.0017, 0.0029, 0.0037, 0.0047,
       0.0065, 0.0074]), 'gvals': array([17439.5493,  1429.9461,   700.4867,   423.8776,   292.7852,
         171.1991,   130.4985,   102.7046,    73.455 ,    64.3992])}",same_mean_diff_covariance,2
MY-large_mu,10,sigmoid,"{'gamma': 0.00152749548677943, 'coef0': 0.0}","sigmoid(coef0=0.0, gamma=0.00152749548677943)",0.6692307692307692,rbf,"{'C': 0.5, 'gamma': 0.5}","{'thetas': array([0.    , 0.    , 0.    , 0.    , 0.    , 0.0008, 0.001 , 0.0017,
       0.0071, 0.012 ]), 'lambdas': array([0.    , 0.    , 0.    , 0.    , 0.    , 0.0008, 0.001 , 0.0017,
       0.0071, 0.012 ]), 'gvals': array([7.4701e+09, 4.1763e+09, 2.0059e+09, 6.2886e+08, 2.3321e+08,
       6.3017e+02, 4.7614e+02, 2.9614e+02, 6.7076e+01, 3.9085e+01])}",same_mean_diff_covariance,2
MY-large_mu,12,linear,{},linear,0.5769230769230769,rbf,"{'C': 2.0, 'gamma': 'scale'}","{'thetas': array([0.    , 0.    , 0.0001, 0.0017, 0.0039, 0.0066, 0.0084, 0.0087,
       0.0118, 0.0126, 0.017 , 0.0184]), 'lambdas': array([0.    , 0.    , 0.0001, 0.0017, 0.0039, 0.0066, 0.0084, 0.0087,
       0.0118, 0.0126, 0.017 , 0.0184]), 'gvals': array([1.1560e+09, 5.5066e+08, 3.4324e+03, 2.8324e+02, 1.2645e+02,
       7.2374e+01, 5.6966e+01, 5.4765e+01, 3.9762e+01, 3.6870e+01,
       2.6853e+01, 2.4651e+01])}",same_mean_diff_covariance,2
MY-large_mu,12,rbf,{'gamma': 0.00152749548677943},rbf(gamma=0.00152749548677943),0.676923076923077,rbf,"{'C': 2.0, 'gamma': 0.5}","{'thetas': array([0.    , 0.0001, 0.0001, 0.0002, 0.0003, 0.0004, 0.0005, 0.0006,
       0.0007, 0.0011, 0.0014, 0.0015]), 'lambdas': array([0.    , 0.0001, 0.0001, 0.0002, 0.0003, 0.0004, 0.0005, 0.0006,
       0.0007, 0.0011, 0.0014, 0.0015]), 'gvals': array([12003.0485,  7693.991 ,  3563.2299,  2149.1838,  1637.7897,
        1183.0069,   992.291 ,   816.1949,   727.3844,   443.3398,
         365.7505,   340.7077])}",same_mean_diff_covariance,2
MY-large_mu,12,laplacian,{'gamma': 0.00152749548677943},laplacian(gamma=0.00152749548677943),0.6461538461538462,rbf,"{'C': 0.5, 'gamma': 0.5}","{'thetas': array([0.    , 0.0001, 0.0001, 0.0002, 0.0002, 0.0003, 0.0005, 0.0006,
       0.0008, 0.0008, 0.0009, 0.0013]), 'lambdas': array([0.    , 0.0001, 0.0001, 0.0002, 0.0002, 0.0003, 0.0005, 0.0006,
       0.0008, 0.0008, 0.0009, 0.0013]), 'gvals': array([17923.1665,  9549.3694,  4166.5467,  2662.3834,  2097.7425,
        1452.3551,  1008.4262,   827.3514,   655.5175,   599.188 ,
         528.7153,   390.0373])}",same_mean_diff_covariance,2
MY-large_mu,12,polynomial,"{'degree': 2, 'gamma': 0.00152749548677943, 'coef0': 1.0}","polynomial(coef0=1.0, degree=2, gamma=0.00152749548677943)",0.6153846153846154,rbf,"{'C': 1.0, 'gamma': 0.5}","{'thetas': array([0.0001, 0.0002, 0.0008, 0.0016, 0.0018, 0.0026, 0.0034, 0.0048,
       0.0053, 0.0069, 0.008 , 0.0087]), 'lambdas': array([0.0001, 0.0002, 0.0008, 0.0016, 0.0018, 0.0026, 0.0034, 0.0048,
       0.0053, 0.0069, 0.008 , 0.0087]), 'gvals': array([6310.0082, 2080.9972,  660.4629,  304.3878,  274.6234,  189.015 ,
        145.8058,   99.9934,   90.7854,   69.6293,   59.6893,   54.637 ])}",same_mean_diff_covariance,2
MY-large_mu,12,sigmoid,"{'gamma': 0.00152749548677943, 'coef0': 0.0}","sigmoid(coef0=0.0, gamma=0.00152749548677943)",0.676923076923077,rbf,"{'C': 2.0, 'gamma': 'scale'}","{'thetas': array([0.0022, 0.0053, 0.0065, 0.009 , 0.0113, 0.0195, 0.0206, 0.0263,
       0.0312, 0.0368, 0.0446, 0.0523]), 'lambdas': array([0.0022, 0.0053, 0.0065, 0.009 , 0.0113, 0.0195, 0.0206, 0.0263,
       0.0312, 0.0368, 0.0446, 0.0523]), 'gvals': array([227.4261,  91.4629,  73.3263,  52.622 ,  41.5936,  23.1309,
        21.8071,  16.6936,  13.784 ,  11.4446,   9.1569,   7.5924])}",same_mean_diff_covariance,2
MY-large_mu,14,linear,{},linear,0.6615384615384615,rbf,"{'C': 2.0, 'gamma': 'scale'}","{'thetas': array([0.    , 0.    , 0.    , 0.0013, 0.0024, 0.0039, 0.0056, 0.0097,
       0.0125, 0.013 , 0.0139, 0.0175, 0.0216, 0.0244]), 'lambdas': array([0.    , 0.    , 0.    , 0.0013, 0.0024, 0.0039, 0.0056, 0.0097,
       0.0125, 0.013 , 0.0139, 0.0175, 0.0216, 0.0244]), 'gvals': array([2.0030e+09, 8.3674e+08, 6.4902e+08, 3.8123e+02, 2.0794e+02,
       1.2388e+02, 8.6012e+01, 4.8721e+01, 3.7192e+01, 3.5657e+01,
       3.3403e+01, 2.6068e+01, 2.0778e+01, 1.8143e+01])}",same_mean_diff_covariance,2
MY-large_mu,14,rbf,{'gamma': 0.00152749548677943},rbf(gamma=0.00152749548677943),0.6307692307692307,rbf,"{'C': 2.0, 'gamma': 0.5}","{'thetas': array([0.    , 0.    , 0.0001, 0.0001, 0.0002, 0.0002, 0.0003, 0.0005,
       0.0006, 0.0007, 0.0011, 0.0011, 0.0013, 0.0015]), 'lambdas': array([0.    , 0.    , 0.0001, 0.0001, 0.0002, 0.0002, 0.0003, 0.0005,
       0.0006, 0.0007, 0.0011, 0.0011, 0.0013, 0.0015]), 'gvals': array([106296.5278,  12726.234 ,   5560.4251,   5059.02  ,   2624.6323,
         2075.0364,   1436.6963,   1004.154 ,    802.5409,    674.1991,
          451.6045,    444.8958,    387.0961,    323.6972])}",same_mean_diff_covariance,2
MY-large_mu,14,laplacian,{'gamma': 0.00152749548677943},laplacian(gamma=0.00152749548677943),0.6615384615384615,rbf,"{'C': 2.0, 'gamma': 0.5}","{'thetas': array([0.    , 0.    , 0.0001, 0.0001, 0.0003, 0.0003, 0.0003, 0.0005,
       0.0007, 0.0009, 0.0012, 0.0013, 0.0014, 0.0015]), 'lambdas': array([0.    , 0.    , 0.0001, 0.0001, 0.0003, 0.0003, 0.0003, 0.0005,
       0.0007, 0.0009, 0.0012, 0.0013, 0.0014, 0.0015]), 'gvals': array([167112.5827,  15752.1371,   7758.5306,   4361.9658,   1946.9015,
         1602.0592,   1443.9726,   1062.3187,    716.6923,    578.5842,
          425.0968,    394.0825,    363.9595,    334.6018])}",same_mean_diff_covariance,2
MY-large_mu,14,polynomial,"{'degree': 2, 'gamma': 0.00152749548677943, 'coef0': 1.0}","polynomial(coef0=1.0, degree=2, gamma=0.00152749548677943)",0.676923076923077,rbf,"{'C': 1.0, 'gamma': 0.5}","{'thetas': array([0.0001, 0.0004, 0.001 , 0.0016, 0.0034, 0.0037, 0.0048, 0.0055,
       0.0064, 0.0072, 0.0081, 0.0092, 0.0116, 0.0128]), 'lambdas': array([0.0001, 0.0004, 0.001 , 0.0016, 0.0034, 0.0037, 0.0048, 0.0055,
       0.0064, 0.0072, 0.0081, 0.0092, 0.0116, 0.0128]), 'gvals': array([6190.695 , 1291.9842,  487.1904,  303.5451,  143.4689,  132.7242,
        101.9707,   87.6866,   75.546 ,   66.3716,   58.8968,   51.2579,
         40.4129,   36.3281])}",same_mean_diff_covariance,2
MY-large_mu,14,sigmoid,"{'gamma': 0.00152749548677943, 'coef0': 0.0}","sigmoid(coef0=0.0, gamma=0.00152749548677943)",0.6307692307692307,rbf,"{'C': 0.5, 'gamma': 'scale'}","{'thetas': array([0.    , 0.    , 0.    , 0.001 , 0.0078, 0.0112, 0.0147, 0.0199,
       0.0228, 0.0267, 0.0354, 0.0403, 0.0434, 0.0482]), 'lambdas': array([0.    , 0.    , 0.    , 0.001 , 0.0078, 0.0112, 0.0147, 0.0199,
       0.0228, 0.0267, 0.0354, 0.0403, 0.0434, 0.0482]), 'gvals': array([8.1833e+09, 1.3275e+09, 4.8039e+08, 5.0391e+02, 6.1183e+01,
       4.1720e+01, 3.1428e+01, 2.2711e+01, 1.9531e+01, 1.6416e+01,
       1.1960e+01, 1.0312e+01, 9.4644e+00, 8.3629e+00])}",same_mean_diff_covariance,2
MY-large_mu,16,linear,{},linear,0.6846153846153846,rbf,"{'C': 2.0, 'gamma': 'scale'}","{'thetas': array([0.    , 0.0005, 0.0016, 0.0025, 0.0042, 0.0059, 0.0086, 0.0096,
       0.0109, 0.0149, 0.0159, 0.0171, 0.0232, 0.0276, 0.0319, 0.0348]), 'lambdas': array([0.    , 0.0005, 0.0016, 0.0025, 0.0042, 0.0059, 0.0086, 0.0096,
       0.0109, 0.0149, 0.0159, 0.0171, 0.0232, 0.0276, 0.0319, 0.0348]), 'gvals': array([5.6400e+09, 9.8208e+02, 3.1603e+02, 1.9430e+02, 1.1503e+02,
       8.1381e+01, 5.4975e+01, 4.9036e+01, 4.3138e+01, 3.1047e+01,
       2.8825e+01, 2.6648e+01, 1.9186e+01, 1.5814e+01, 1.3457e+01,
       1.2196e+01])}",same_mean_diff_covariance,2
MY-large_mu,16,rbf,{'gamma': 0.00152749548677943},rbf(gamma=0.00152749548677943),0.7076923076923077,rbf,"{'C': 1.0, 'gamma': 0.5}","{'thetas': array([0.    , 0.0001, 0.0001, 0.0002, 0.0004, 0.0004, 0.0006, 0.0007,
       0.0008, 0.001 , 0.001 , 0.0011, 0.0015, 0.002 , 0.0021, 0.0023]), 'lambdas': array([0.    , 0.0001, 0.0001, 0.0002, 0.0004, 0.0004, 0.0006, 0.0007,
       0.0008, 0.001 , 0.001 , 0.0011, 0.0015, 0.002 , 0.0021, 0.0023]), 'gvals': array([23292.1123,  8252.0081,  3505.5917,  2714.3115,  1190.2585,
        1182.9696,   814.32  ,   699.1608,   599.1586,   517.0152,
         475.6091,   434.986 ,   324.1455,   251.0486,   231.6807,
         218.1264])}",same_mean_diff_covariance,2
MY-large_mu,16,laplacian,{'gamma': 0.00152749548677943},laplacian(gamma=0.00152749548677943),0.6461538461538462,rbf,"{'C': 0.5, 'gamma': 0.5}","{'thetas': array([0.0001, 0.0001, 0.0002, 0.0004, 0.0004, 0.0005, 0.0006, 0.0008,
       0.0009, 0.0011, 0.0012, 0.0013, 0.0015, 0.0017, 0.002 , 0.0021]), 'lambdas': array([0.0001, 0.0001, 0.0002, 0.0004, 0.0004, 0.0005, 0.0006, 0.0008,
       0.0009, 0.0011, 0.0012, 0.0013, 0.0015, 0.0017, 0.002 , 0.0021]), 'gvals': array([5354.4228, 3341.0349, 2123.1479, 1367.7582, 1322.7033,  961.9401,
        827.3215,  624.079 ,  553.0385,  437.0893,  419.3818,  368.4814,
        320.5204,  282.0715,  251.1966,  231.0532])}",same_mean_diff_covariance,2
MY-large_mu,16,polynomial,"{'degree': 2, 'gamma': 0.00152749548677943, 'coef0': 1.0}","polynomial(coef0=1.0, degree=2, gamma=0.00152749548677943)",0.6230769230769231,rbf,"{'C': 2.0, 'gamma': 'scale'}","{'thetas': array([0.0005, 0.0009, 0.0014, 0.0019, 0.0028, 0.0034, 0.0035, 0.0044,
       0.0058, 0.007 , 0.0074, 0.0097, 0.0101, 0.0119, 0.0145, 0.0165]), 'lambdas': array([0.0005, 0.0009, 0.0014, 0.0019, 0.0028, 0.0034, 0.0035, 0.0044,
       0.0058, 0.007 , 0.0074, 0.0097, 0.0101, 0.0119, 0.0145, 0.0165]), 'gvals': array([1029.255 ,  550.8721,  352.962 ,  259.9575,  172.4992,  145.4336,
        139.0365,  109.3141,   83.0348,   67.9542,   64.3813,   48.8808,
         46.6637,   39.339 ,   31.8399,   27.6731])}",same_mean_diff_covariance,2
MY-large_mu,16,sigmoid,"{'gamma': 0.00152749548677943, 'coef0': 0.0}","sigmoid(coef0=0.0, gamma=0.00152749548677943)",0.676923076923077,poly,"{'C': 2.0, 'gamma': 'scale', 'degree': 2, 'coef0': 1.0}","{'thetas': array([      0.    ,       0.    ,       0.0017,       0.0062,
             0.0112,       0.0157,       0.0222,       0.0227,
             0.0313,       0.0379,       0.0401,       0.0474,
       7395984.9412, 5990446.6098, 5267210.7865, 4758607.383 ]), 'lambdas': array([      0.    ,       0.    ,       0.0017,       0.0062,
             0.0112,       0.0157,       0.0222,       0.0227,
             0.0313,       0.0379,       0.0401,       0.0474,
       7395984.9412, 5990446.6098, 5267210.7865, 4758607.383 ]), 'gvals': array([2.5983e+09, 6.7156e+08, 2.9487e+02, 7.7903e+01, 4.1810e+01,
       2.9191e+01, 2.0158e+01, 1.9661e+01, 1.3748e+01, 1.1054e+01,
       1.0358e+01, 8.5219e+00, 7.4082e+00, 7.3028e+00, 7.2385e+00,
       7.1877e+00])}",same_mean_diff_covariance,2
MY-large_mu,20,linear,{},linear,0.6615384615384615,rbf,"{'C': 2.0, 'gamma': 'scale'}","{'thetas': array([      0.    ,       0.0009,       0.0018,       0.0034,
             0.0043,       0.0056,       0.0083,       0.0105,
             0.0129,       0.0146,       0.0164,       0.019 ,
             0.022 ,       0.0286,       0.0319,       0.0376,
             0.0383,       0.0446,       0.0525, 7312514.4834]), 'lambdas': array([      0.    ,       0.0009,       0.0018,       0.0034,
             0.0043,       0.0056,       0.0083,       0.0105,
             0.0129,       0.0146,       0.0164,       0.019 ,
             0.022 ,       0.0286,       0.0319,       0.0376,
             0.0383,       0.0446,       0.0525, 7312514.4834]), 'gvals': array([2.3492e+09, 5.4353e+02, 2.7948e+02, 1.4240e+02, 1.1386e+02,
       8.5825e+01, 5.7099e+01, 4.5053e+01, 3.6034e+01, 3.1615e+01,
       2.7871e+01, 2.3823e+01, 2.0338e+01, 1.5201e+01, 1.3442e+01,
       1.1169e+01, 1.0924e+01, 9.1575e+00, 7.5456e+00, 7.4025e+00])}",same_mean_diff_covariance,2
MY-large_mu,20,rbf,{'gamma': 0.00152749548677943},rbf(gamma=0.00152749548677943),0.6846153846153846,rbf,"{'C': 2.0, 'gamma': 0.5}","{'thetas': array([0.    , 0.0001, 0.0002, 0.0002, 0.0003, 0.0004, 0.0005, 0.0006,
       0.0007, 0.0008, 0.0009, 0.0013, 0.0015, 0.0016, 0.0019, 0.0022,
       0.0023, 0.0025, 0.0027, 0.0032]), 'lambdas': array([0.    , 0.0001, 0.0002, 0.0002, 0.0003, 0.0004, 0.0005, 0.0006,
       0.0007, 0.0008, 0.0009, 0.0013, 0.0015, 0.0016, 0.0019, 0.0022,
       0.0023, 0.0025, 0.0027, 0.0032]), 'gvals': array([17058.7458,  6891.6469,  3313.8609,  2075.1431,  1813.5535,
        1360.1015,   931.6136,   831.5328,   700.7245,   600.3508,
         572.5266,   384.4238,   326.0791,   304.7859,   255.0189,
         225.1013,   209.4518,   196.7053,   182.7381,   154.8337])}",same_mean_diff_covariance,2
MY-large_mu,20,laplacian,{'gamma': 0.00152749548677943},laplacian(gamma=0.00152749548677943),0.7384615384615385,rbf,"{'C': 2.0, 'gamma': 0.5}","{'thetas': array([0.0001, 0.0001, 0.0001, 0.0002, 0.0003, 0.0005, 0.0006, 0.0008,
       0.0008, 0.001 , 0.0014, 0.0015, 0.0016, 0.0018, 0.0019, 0.0023,
       0.0025, 0.0026, 0.0029, 0.0032]), 'lambdas': array([0.0001, 0.0001, 0.0001, 0.0002, 0.0003, 0.0005, 0.0006, 0.0008,
       0.0008, 0.001 , 0.0014, 0.0015, 0.0016, 0.0018, 0.0019, 0.0023,
       0.0025, 0.0026, 0.0029, 0.0032]), 'gvals': array([9309.4174, 6969.7404, 4932.6047, 2323.0984, 1583.8602, 1017.1456,
        860.3527,  640.1345,  623.8389,  514.7243,  351.1595,  337.0326,
        313.5694,  277.1971,  264.5222,  215.6531,  197.922 ,  185.9448,
        169.4503,  154.6993])}",same_mean_diff_covariance,2
MY-large_mu,20,polynomial,"{'degree': 2, 'gamma': 0.00152749548677943, 'coef0': 1.0}","polynomial(coef0=1.0, degree=2, gamma=0.00152749548677943)",0.7,rbf,"{'C': 2.0, 'gamma': 0.5}","{'thetas': array([0.0003, 0.0005, 0.0007, 0.001 , 0.0023, 0.003 , 0.0034, 0.0046,
       0.0048, 0.0065, 0.0077, 0.0082, 0.0091, 0.0101, 0.0119, 0.0145,
       0.0149, 0.0168, 0.0175, 0.019 ]), 'lambdas': array([0.0003, 0.0005, 0.0007, 0.001 , 0.0023, 0.003 , 0.0034, 0.0046,
       0.0048, 0.0065, 0.0077, 0.0082, 0.0091, 0.0101, 0.0119, 0.0145,
       0.0149, 0.0168, 0.0175, 0.019 ]), 'gvals': array([1887.7127,  924.4464,  702.4736,  507.5524,  218.2075,  163.4054,
        144.7351,  104.5915,  100.6693,   73.8603,   61.766 ,   58.275 ,
         52.2277,   46.7739,   39.1779,   31.8298,   30.96  ,   27.2528,
         26.06  ,   23.7825])}",same_mean_diff_covariance,2
MY-large_mu,20,sigmoid,"{'gamma': 0.00152749548677943, 'coef0': 0.0}","sigmoid(coef0=0.0, gamma=0.00152749548677943)",0.8,poly,"{'C': 2.0, 'gamma': 'scale', 'degree': 2, 'coef0': 1.0}","{'thetas': array([      0.    ,       0.    ,       0.001 ,       0.0022,
             0.0061,       0.0111,       0.014 ,       0.02  ,
             0.0217,       0.029 ,       0.0367,       0.0421,
       6818545.1834,       0.0539, 5926668.4074, 5033605.8393,
       4267022.6504, 4135514.5593, 3696128.985 , 3341521.4573]), 'lambdas': array([      0.    ,       0.    ,       0.001 ,       0.0022,
             0.0061,       0.0111,       0.014 ,       0.02  ,
             0.0217,       0.029 ,       0.0367,       0.0421,
       6818545.1834,       0.0539, 5926668.4074, 5033605.8393,
       4267022.6504, 4135514.5593, 3696128.985 , 3341521.4573]), 'gvals': array([1.3832e+09, 8.0465e+08, 4.8489e+02, 2.2781e+02, 7.8573e+01,
       4.2133e+01, 3.3095e+01, 2.2592e+01, 2.0637e+01, 1.4997e+01,
       1.1484e+01, 9.7905e+00, 7.3676e+00, 7.3187e+00, 7.2975e+00,
       7.2158e+00, 7.1332e+00, 7.1176e+00, 7.0614e+00, 7.0110e+00])}",same_mean_diff_covariance,2
MY-large_mu,24,linear,{},linear,0.6461538461538462,rbf,"{'C': 2.0, 'gamma': 'scale'}","{'thetas': array([      0.    ,       0.    ,       0.0014,       0.0024,
             0.003 ,       0.0041,       0.006 ,       0.0088,
             0.0096,       0.0112,       0.0124,       0.0146,
             0.0167,       0.0201,       0.0239,       0.0257,
             0.0319,       0.0354,       0.0417,       0.0489,
       7054593.8132, 6230651.3992,       0.0546, 4587693.8493]), 'lambdas': array([      0.    ,       0.    ,       0.0014,       0.0024,
             0.003 ,       0.0041,       0.006 ,       0.0088,
             0.0096,       0.0112,       0.0124,       0.0146,
             0.0167,       0.0201,       0.0239,       0.0257,
             0.0319,       0.0354,       0.0417,       0.0489,
       7054593.8132, 6230651.3992,       0.0546, 4587693.8493]), 'gvals': array([1.3896e+09, 1.6373e+04, 3.4221e+02, 2.0285e+02, 1.6320e+02,
       1.1817e+02, 8.0303e+01, 5.4092e+01, 4.9482e+01, 4.2005e+01,
       3.7692e+01, 3.1541e+01, 2.7428e+01, 2.2363e+01, 1.8546e+01,
       1.7129e+01, 1.3448e+01, 1.1948e+01, 9.8990e+00, 8.2120e+00,
       7.3846e+00, 7.3225e+00, 7.2075e+00, 7.1694e+00])}",same_mean_diff_covariance,2
MY-large_mu,24,rbf,{'gamma': 0.00152749548677943},rbf(gamma=0.00152749548677943),0.6615384615384615,rbf,"{'C': 2.0, 'gamma': 0.5}","{'thetas': array([0.0001, 0.0001, 0.0002, 0.0003, 0.0005, 0.0007, 0.0008, 0.0009,
       0.0012, 0.0013, 0.0015, 0.0016, 0.0019, 0.0023, 0.0025, 0.0029,
       0.003 , 0.0034, 0.0037, 0.0042, 0.0045, 0.0049, 0.0055, 0.0056]), 'lambdas': array([0.0001, 0.0001, 0.0002, 0.0003, 0.0005, 0.0007, 0.0008, 0.0009,
       0.0012, 0.0013, 0.0015, 0.0016, 0.0019, 0.0023, 0.0025, 0.0029,
       0.003 , 0.0034, 0.0037, 0.0042, 0.0045, 0.0049, 0.0055, 0.0056]), 'gvals': array([6406.4063, 3995.5308, 3252.0697, 1662.8827,  957.0896,  743.9365,
        610.0605,  573.2899,  414.792 ,  372.8097,  340.0948,  317.1772,
        265.1945,  209.2984,  194.4997,  170.9112,  162.415 ,  142.8179,
        131.8701,  117.0333,  107.3907,   98.808 ,   87.2171,   86.063 ])}",same_mean_diff_covariance,2
MY-large_mu,24,laplacian,{'gamma': 0.00152749548677943},laplacian(gamma=0.00152749548677943),0.6153846153846154,rbf,"{'C': 1.0, 'gamma': 0.5}","{'thetas': array([0.    , 0.0001, 0.0002, 0.0003, 0.0004, 0.0005, 0.0006, 0.0009,
       0.0011, 0.0012, 0.0014, 0.0014, 0.0017, 0.0021, 0.0023, 0.0027,
       0.0028, 0.0031, 0.0035, 0.004 , 0.004 , 0.0048, 0.0051, 0.0054]), 'lambdas': array([0.    , 0.0001, 0.0002, 0.0003, 0.0004, 0.0005, 0.0006, 0.0009,
       0.0011, 0.0012, 0.0014, 0.0014, 0.0017, 0.0021, 0.0023, 0.0027,
       0.0028, 0.0031, 0.0035, 0.004 , 0.004 , 0.0048, 0.0051, 0.0054]), 'gvals': array([12436.7998,  5283.6812,  2962.6972,  1839.513 ,  1317.409 ,
        1104.1942,   806.82  ,   536.6823,   450.9625,   430.7993,
         364.1778,   341.1757,   282.7259,   233.2067,   217.4271,
         181.1495,   173.279 ,   159.3225,   141.3615,   122.6574,
         121.5146,   101.6685,    94.3984,    88.8689])}",same_mean_diff_covariance,2
MY-large_mu,24,polynomial,"{'degree': 2, 'gamma': 0.00152749548677943, 'coef0': 1.0}","polynomial(coef0=1.0, degree=2, gamma=0.00152749548677943)",0.6307692307692307,rbf,"{'C': 2.0, 'gamma': 0.5}","{'thetas': array([0.    , 0.0004, 0.0016, 0.0029, 0.0032, 0.0037, 0.0039, 0.0056,
       0.0059, 0.0064, 0.0076, 0.009 , 0.0105, 0.0115, 0.0136, 0.0148,
       0.0155, 0.0187, 0.022 , 0.0225, 0.0231, 0.025 , 0.0286, 0.0316]), 'lambdas': array([0.    , 0.0004, 0.0016, 0.0029, 0.0032, 0.0037, 0.0039, 0.0056,
       0.0059, 0.0064, 0.0076, 0.009 , 0.0105, 0.0115, 0.0136, 0.0148,
       0.0155, 0.0187, 0.022 , 0.0225, 0.0231, 0.025 , 0.0286, 0.0316]), 'gvals': array([90178.608 ,  1385.965 ,   308.3643,   169.8406,   154.4486,
         132.1399,   125.532 ,    86.5089,    81.1074,    75.6202,
          62.8134,    52.7711,    44.9385,    40.903 ,    34.0644,
          31.2712,    29.6952,    24.2556,    20.3133,    19.7989,
          19.235 ,    17.6649,    15.2262,    13.599 ])}",same_mean_diff_covariance,2
MY-large_mu,24,sigmoid,"{'gamma': 0.00152749548677943, 'coef0': 0.0}","sigmoid(coef0=0.0, gamma=0.00152749548677943)",0.8384615384615385,rbf,"{'C': 2.0, 'gamma': 'scale'}","{'thetas': array([      0.    ,       0.0064,       0.0086,       0.0108,
             0.0134,       0.0216,       0.0243,       0.0259,
             0.0324,       0.0397,       0.049 ,       0.0535,
       6728010.657 , 5694468.308 , 4756974.0585, 3885967.8004,
       3502120.9839, 3363272.7797, 3131709.9127, 2727789.8208,
       2357501.5262, 2301574.958 , 2045696.3102, 1823757.3986]), 'lambdas': array([      0.    ,       0.0064,       0.0086,       0.0108,
             0.0134,       0.0216,       0.0243,       0.0259,
             0.0324,       0.0397,       0.049 ,       0.0535,
       6728010.657 , 5694468.308 , 4756974.0585, 3885967.8004,
       3502120.9839, 3363272.7797, 3131709.9127, 2727789.8208,
       2357501.5262, 2301574.958 , 2045696.3102, 1823757.3986]), 'gvals': array([1.5703e+09, 7.5263e+01, 5.5379e+01, 4.3575e+01, 3.4657e+01,
       2.0756e+01, 1.8215e+01, 1.6944e+01, 1.3231e+01, 1.0489e+01,
       8.1902e+00, 7.3864e+00, 7.3609e+00, 7.2775e+00, 7.1876e+00,
       7.0864e+00, 7.0344e+00, 7.0142e+00, 6.9785e+00, 6.9095e+00,
       6.8366e+00, 6.8246e+00, 6.7656e+00, 6.7082e+00])}",same_mean_diff_covariance,2
MY-large_mu,28,linear,{},linear,0.6384615384615384,poly,"{'C': 2.0, 'gamma': 'scale', 'degree': 2, 'coef0': 1.0}","{'thetas': array([      0.    ,       0.    ,       0.    ,       0.0002,
             0.001 ,       0.0017,       0.0022,       0.0032,
             0.0063,       0.0088,       0.0106,       0.0113,
             0.0129,       0.0156,       0.0176,       0.0204,
             0.0266,       0.03  ,       0.0322,       0.0384,
             0.0395,       0.0469,       0.0496, 7507843.4589,
       6749030.3188, 5502074.6785, 5396222.5671, 4843671.4164]), 'lambdas': array([      0.    ,       0.    ,       0.    ,       0.0002,
             0.001 ,       0.0017,       0.0022,       0.0032,
             0.0063,       0.0088,       0.0106,       0.0113,
             0.0129,       0.0156,       0.0176,       0.0204,
             0.0266,       0.03  ,       0.0322,       0.0384,
             0.0395,       0.0469,       0.0496, 7507843.4589,
       6749030.3188, 5502074.6785, 5396222.5671, 4843671.4164]), 'gvals': array([1.8833e+09, 1.3654e+09, 4.7652e+08, 3.1167e+03, 4.8097e+02,
       2.8660e+02, 2.2165e+02, 1.5407e+02, 7.6183e+01, 5.4226e+01,
       4.4372e+01, 4.1454e+01, 3.6017e+01, 2.9448e+01, 2.5837e+01,
       2.2030e+01, 1.6468e+01, 1.4410e+01, 1.3287e+01, 1.0888e+01,
       1.0541e+01, 8.6411e+00, 8.0767e+00, 7.4157e+00, 7.3625e+00,
       7.2603e+00, 7.2506e+00, 7.1966e+00])}",same_mean_diff_covariance,2
MY-large_mu,28,rbf,{'gamma': 0.00152749548677943},rbf(gamma=0.00152749548677943),0.6692307692307692,rbf,"{'C': 2.0, 'gamma': 0.5}","{'thetas': array([0.    , 0.0001, 0.0001, 0.0002, 0.0003, 0.0004, 0.0005, 0.0006,
       0.0007, 0.0008, 0.0011, 0.0015, 0.0015, 0.0016, 0.002 , 0.0021,
       0.0023, 0.0027, 0.0033, 0.0035, 0.0042, 0.0046, 0.0052, 0.0054,
       0.0058, 0.0063, 0.0068, 0.0075]), 'lambdas': array([0.    , 0.0001, 0.0001, 0.0002, 0.0003, 0.0004, 0.0005, 0.0006,
       0.0007, 0.0008, 0.0011, 0.0015, 0.0015, 0.0016, 0.002 , 0.0021,
       0.0023, 0.0027, 0.0033, 0.0035, 0.0042, 0.0046, 0.0052, 0.0054,
       0.0058, 0.0063, 0.0068, 0.0075]), 'gvals': array([25194.0674,  6364.2278,  3608.6144,  2860.1094,  1844.7148,
        1199.2527,   934.0107,   807.3968,   733.8936,   635.6863,
         441.8017,   340.8927,   321.2667,   299.7793,   249.922 ,
         229.4438,   214.6416,   179.5748,   148.2306,   138.8485,
         114.5705,   106.6039,    92.678 ,    89.0416,    83.2007,
          75.8462,    70.9946,    63.6568])}",same_mean_diff_covariance,2
MY-large_mu,28,laplacian,{'gamma': 0.00152749548677943},laplacian(gamma=0.00152749548677943),0.6,rbf,"{'C': 0.5, 'gamma': 0.5}","{'thetas': array([0.    , 0.0001, 0.0002, 0.0002, 0.0003, 0.0006, 0.0006, 0.0007,
       0.0008, 0.001 , 0.0011, 0.0015, 0.0016, 0.002 , 0.0021, 0.0024,
       0.0025, 0.0027, 0.0032, 0.0036, 0.0037, 0.0043, 0.0046, 0.0051,
       0.0056, 0.0057, 0.0061, 0.0069]), 'lambdas': array([0.    , 0.0001, 0.0002, 0.0002, 0.0003, 0.0006, 0.0006, 0.0007,
       0.0008, 0.001 , 0.0011, 0.0015, 0.0016, 0.002 , 0.0021, 0.0024,
       0.0025, 0.0027, 0.0032, 0.0036, 0.0037, 0.0043, 0.0046, 0.0051,
       0.0056, 0.0057, 0.0061, 0.0069]), 'gvals': array([10976.4679,  4832.4421,  2555.957 ,  2452.2118,  1497.8802,
         863.8955,   820.9073,   686.9993,   590.4095,   493.3159,
         451.8424,   327.2232,   302.5781,   240.8809,   235.2319,
         200.9259,   193.3813,   181.7176,   152.4752,   135.1884,
         133.1674,   114.0294,   104.9693,    95.6328,    86.4271,
          85.3202,    78.558 ,    69.548 ])}",same_mean_diff_covariance,2
MY-large_mu,28,polynomial,"{'degree': 2, 'gamma': 0.00152749548677943, 'coef0': 1.0}","polynomial(coef0=1.0, degree=2, gamma=0.00152749548677943)",0.6384615384615384,rbf,"{'C': 2.0, 'gamma': 0.5}","{'thetas': array([0.    , 0.0002, 0.0004, 0.0013, 0.0018, 0.0021, 0.0026, 0.0046,
       0.0046, 0.0061, 0.0063, 0.0082, 0.0089, 0.0095, 0.0105, 0.0125,
       0.0148, 0.0163, 0.0172, 0.0204, 0.0218, 0.0252, 0.0255, 0.0318,
       0.0335, 0.0362, 0.0371, 0.0425]), 'lambdas': array([0.    , 0.0002, 0.0004, 0.0013, 0.0018, 0.0021, 0.0026, 0.0046,
       0.0046, 0.0061, 0.0063, 0.0082, 0.0089, 0.0095, 0.0105, 0.0125,
       0.0148, 0.0163, 0.0172, 0.0204, 0.0218, 0.0252, 0.0255, 0.0318,
       0.0335, 0.0362, 0.0371, 0.0425]), 'gvals': array([10060.1917,  2193.847 ,  1180.6876,   374.6606,   276.9811,
         236.0543,   185.9052,   105.9099,   105.1416,    79.5287,
          76.5477,    57.9934,    53.6233,    50.0749,    44.8776,
          37.2177,    31.2023,    28.0818,    26.5251,    22.0918,
          20.5678,    17.5314,    17.3013,    13.5113,    12.7306,
          11.6699,    11.3351,     9.6753])}",same_mean_diff_covariance,2
MY-large_mu,28,sigmoid,"{'gamma': 0.00152749548677943, 'coef0': 0.0}","sigmoid(coef0=0.0, gamma=0.00152749548677943)",0.7692307692307693,rbf,"{'C': 2.0, 'gamma': 'scale'}","{'thetas': array([      0.    ,       0.    ,       0.    ,       0.0026,
             0.0046,       0.0081,       0.0103,       0.012 ,
             0.0143,       0.021 ,       0.0234,       0.0282,
             0.0373,       0.0433,       0.0506, 6908593.7626,
       6471616.6715, 5417276.0054, 5101194.9253, 4387772.2268,
       3813471.3733, 3607071.4729, 3170251.3747, 2939191.3866,
       2840121.1133,       0.0564, 2491758.9838, 2472006.5619]), 'lambdas': array([      0.    ,       0.    ,       0.    ,       0.0026,
             0.0046,       0.0081,       0.0103,       0.012 ,
             0.0143,       0.021 ,       0.0234,       0.0282,
             0.0373,       0.0433,       0.0506, 6908593.7626,
       6471616.6715, 5417276.0054, 5101194.9253, 4387772.2268,
       3813471.3733, 3607071.4729, 3170251.3747, 2939191.3866,
       2840121.1133,       0.0564, 2491758.9838, 2472006.5619]), 'gvals': array([3.1858e+09, 2.6743e+09, 3.9242e+08, 1.8632e+02, 1.0460e+02,
       5.8845e+01, 4.5805e+01, 3.8923e+01, 3.2256e+01, 2.1334e+01,
       1.8971e+01, 1.5475e+01, 1.1263e+01, 9.4713e+00, 7.8986e+00,
       7.3741e+00, 7.3415e+00, 7.2526e+00, 7.2225e+00, 7.1472e+00,
       7.0770e+00, 7.0492e+00, 6.9847e+00, 6.9468e+00, 6.9297e+00,
       6.9235e+00, 6.8642e+00, 6.8603e+00])}",same_mean_diff_covariance,2
MY-large_mu,32,linear,{},linear,0.7076923076923077,rbf,"{'C': 1.0, 'gamma': 'scale'}","{'thetas': array([      0.    ,       0.    ,       0.    ,       0.0013,
             0.0023,       0.0026,       0.0061,       0.0065,
             0.0102,       0.0124,       0.0159,       0.0177,
             0.0186,       0.0231,       0.0241,       0.0268,
             0.0315,       0.0337,       0.0407,       0.0446,
             0.0495, 7408649.5599, 5517534.1953, 5033833.8686,
       4637135.7579, 4390831.0773, 3686095.9393, 3360494.3593,
       3103347.2978, 2629306.5478, 2509209.5873, 2488512.5218]), 'lambdas': array([      0.    ,       0.    ,       0.    ,       0.0013,
             0.0023,       0.0026,       0.0061,       0.0065,
             0.0102,       0.0124,       0.0159,       0.0177,
             0.0186,       0.0231,       0.0241,       0.0268,
             0.0315,       0.0337,       0.0407,       0.0446,
             0.0495, 7408649.5599, 5517534.1953, 5033833.8686,
       4637135.7579, 4390831.0773, 3686095.9393, 3360494.3593,
       3103347.2978, 2629306.5478, 2509209.5873, 2488512.5218]), 'gvals': array([1.4455e+09, 1.1771e+09, 7.3203e+08, 3.7056e+02, 2.1438e+02,
       1.8528e+02, 7.9203e+01, 7.3592e+01, 4.6382e+01, 3.7662e+01,
       2.8850e+01, 2.5776e+01, 2.4434e+01, 1.9244e+01, 1.8409e+01,
       1.6339e+01, 1.3633e+01, 1.2656e+01, 1.0189e+01, 9.1570e+00,
       8.1076e+00, 7.4091e+00, 7.2617e+00, 7.2158e+00, 7.1748e+00,
       7.1475e+00, 7.0600e+00, 7.0138e+00, 6.9740e+00, 6.8911e+00,
       6.8677e+00, 6.8636e+00])}",same_mean_diff_covariance,2
MY-large_mu,32,rbf,{'gamma': 0.00152749548677943},rbf(gamma=0.00152749548677943),0.6384615384615384,rbf,"{'C': 2.0, 'gamma': 0.5}","{'thetas': array([0.    , 0.0001, 0.0002, 0.0002, 0.0003, 0.0004, 0.0006, 0.0007,
       0.0008, 0.0009, 0.0014, 0.0015, 0.0019, 0.0022, 0.0025, 0.0027,
       0.0029, 0.003 , 0.0035, 0.0043, 0.0044, 0.0047, 0.0053, 0.0057,
       0.0062, 0.0065, 0.0069, 0.0078, 0.0085, 0.0098, 0.0105, 0.012 ]), 'lambdas': array([0.    , 0.0001, 0.0002, 0.0002, 0.0003, 0.0004, 0.0006, 0.0007,
       0.0008, 0.0009, 0.0014, 0.0015, 0.0019, 0.0022, 0.0025, 0.0027,
       0.0029, 0.003 , 0.0035, 0.0043, 0.0044, 0.0047, 0.0053, 0.0057,
       0.0062, 0.0065, 0.0069, 0.0078, 0.0085, 0.0098, 0.0105, 0.012 ]), 'gvals': array([14431.7195,  5281.4743,  2579.4512,  2155.8044,  1740.1548,
        1286.3186,   849.2365,   684.7343,   619.6294,   545.0932,
         342.2348,   326.8429,   263.4008,   225.1876,   196.4829,
         182.4411,   169.7165,   165.4756,   137.5365,   113.7747,
         109.72  ,   102.198 ,    91.3874,    84.5719,    77.2218,
          73.4992,    68.9818,    61.1519,    56.2546,    48.1961,
          44.6235,    38.853 ])}",same_mean_diff_covariance,2
MY-large_mu,32,laplacian,{'gamma': 0.00152749548677943},laplacian(gamma=0.00152749548677943),0.7076923076923077,rbf,"{'C': 2.0, 'gamma': 0.5}","{'thetas': array([0.    , 0.0001, 0.0002, 0.0003, 0.0005, 0.0006, 0.0007, 0.0009,
       0.0012, 0.0014, 0.0015, 0.0017, 0.0021, 0.0022, 0.0023, 0.0026,
       0.0026, 0.0027, 0.0031, 0.0036, 0.0042, 0.0048, 0.0051, 0.0057,
       0.0065, 0.0067, 0.0069, 0.0074, 0.0081, 0.009 , 0.0097, 0.0108]), 'lambdas': array([0.    , 0.0001, 0.0002, 0.0003, 0.0005, 0.0006, 0.0007, 0.0009,
       0.0012, 0.0014, 0.0015, 0.0017, 0.0021, 0.0022, 0.0023, 0.0026,
       0.0026, 0.0027, 0.0031, 0.0036, 0.0042, 0.0048, 0.0051, 0.0057,
       0.0065, 0.0067, 0.0069, 0.0074, 0.0081, 0.009 , 0.0097, 0.0108]), 'gvals': array([11175.6359,  5895.1931,  3307.5161,  1886.4673,   926.2441,
         847.1554,   663.8891,   522.8011,   415.5552,   345.9095,
         329.6268,   285.7542,   240.0425,   226.6459,   214.0105,
         190.7248,   188.9629,   182.1122,   160.5301,   137.2382,
         115.834 ,   102.0751,    94.9281,    84.1195,    74.072 ,
          71.3762,    69.8676,    64.2284,    58.95  ,    52.6529,
          48.6097,    43.6404])}",same_mean_diff_covariance,2
MY-large_mu,32,polynomial,"{'degree': 2, 'gamma': 0.00152749548677943, 'coef0': 1.0}","polynomial(coef0=1.0, degree=2, gamma=0.00152749548677943)",0.6538461538461539,rbf,"{'C': 2.0, 'gamma': 'scale'}","{'thetas': array([      0.0006,       0.001 ,       0.0014,       0.0023,
             0.0025,       0.0038,       0.0041,       0.0054,
             0.0072,       0.0084,       0.0105,       0.0112,
             0.0119,       0.0122,       0.0131,       0.0158,
             0.0184,       0.0197,       0.0212,       0.0232,
             0.0244,       0.0285,       0.0311,       0.0372,
             0.0404,       0.0428,       0.0439,       0.0507,
       1561816.1976,       0.0586,       0.0607,  470601.5975]), 'lambdas': array([      0.0006,       0.001 ,       0.0014,       0.0023,
             0.0025,       0.0038,       0.0041,       0.0054,
             0.0072,       0.0084,       0.0105,       0.0112,
             0.0119,       0.0122,       0.0131,       0.0158,
             0.0184,       0.0197,       0.0212,       0.0232,
             0.0244,       0.0285,       0.0311,       0.0372,
             0.0404,       0.0428,       0.0439,       0.0507,
       1561816.1976,       0.0586,       0.0607,  470601.5975]), 'gvals': array([780.7568, 480.8371, 364.8154, 213.8609, 193.9315, 126.8869,
       120.1267,  90.2091,  66.6944,  56.92  ,  45.0127,  42.0026,
        39.2192,  38.1312,  35.4827,  29.0886,  24.7082,  22.9085,
        21.1442,  19.1488,  18.0981,  15.2754,  13.8363,  11.3037,
        10.2724,   9.6186,   9.3269,   7.8683,   6.6307,   6.6206,
         6.3394,   6.0309])}",same_mean_diff_covariance,2
MY-large_mu,32,sigmoid,"{'gamma': 0.00152749548677943, 'coef0': 0.0}","sigmoid(coef0=0.0, gamma=0.00152749548677943)",0.8923076923076924,poly,"{'C': 2.0, 'gamma': 'scale', 'degree': 2, 'coef0': 1.0}","{'thetas': array([      0.    ,       0.    ,       0.0031,       0.0095,
             0.0151,       0.0171,       0.0203,       0.0232,
             0.0289,       0.0316,       0.0387,       0.0427,
             0.0464, 7466930.8965, 5517588.9942, 4781199.1386,
       4549189.4225, 4079453.9232, 3683584.0449, 3241373.8074,
       2598149.2416, 2540051.484 , 2321136.2188, 2268820.3521,
       1983956.2927, 1760943.9851, 1649975.6242, 1517584.0754,
       1371380.2949, 1298940.7811, 1280147.2376, 1260810.6099]), 'lambdas': array([      0.    ,       0.    ,       0.0031,       0.0095,
             0.0151,       0.0171,       0.0203,       0.0232,
             0.0289,       0.0316,       0.0387,       0.0427,
             0.0464, 7466930.8965, 5517588.9942, 4781199.1386,
       4549189.4225, 4079453.9232, 3683584.0449, 3241373.8074,
       2598149.2416, 2540051.484 , 2321136.2188, 2268820.3521,
       1983956.2927, 1760943.9851, 1649975.6242, 1517584.0754,
       1371380.2949, 1298940.7811, 1280147.2376, 1260810.6099]), 'gvals': array([3.5873e+09, 1.1255e+09, 1.5735e+02, 4.9887e+01, 3.0465e+01,
       2.6657e+01, 2.2241e+01, 1.9127e+01, 1.5017e+01, 1.3583e+01,
       1.0780e+01, 9.6407e+00, 8.7506e+00, 7.4130e+00, 7.2617e+00,
       7.1901e+00, 7.1652e+00, 7.1107e+00, 7.0597e+00, 6.9958e+00,
       6.8852e+00, 6.8738e+00, 6.8288e+00, 6.8174e+00, 6.7503e+00,
       6.6907e+00, 6.6581e+00, 6.6163e+00, 6.5657e+00, 6.5385e+00,
       6.5312e+00, 6.5236e+00])}",same_mean_diff_covariance,2
MY-small_mu,1,linear,{},linear,0.6384615384615384,rbf,"{'C': 2.0, 'gamma': 'scale'}","{'thetas': array([0.]), 'lambdas': array([0.]), 'D_scores': array([8.5156e+09])}",same_mean_diff_covariance,2
MY-small_mu,1,rbf,{'gamma': 0.00152749548677943},rbf(gamma=0.00152749548677943),0.5538461538461539,rbf,"{'C': 2.0, 'gamma': 'scale'}","{'thetas': array([0.]), 'lambdas': array([0.]), 'D_scores': array([13328.6627])}",same_mean_diff_covariance,2
MY-small_mu,1,laplacian,{'gamma': 0.00152749548677943},laplacian(gamma=0.00152749548677943),0.5,rbf,"{'C': 0.5, 'gamma': 'scale'}","{'thetas': array([0.]), 'lambdas': array([0.]), 'D_scores': array([18905.8776])}",same_mean_diff_covariance,2
MY-small_mu,1,polynomial,"{'degree': 2, 'gamma': 0.00152749548677943, 'coef0': 1.0}","polynomial(coef0=1.0, degree=2, gamma=0.00152749548677943)",0.5615384615384615,rbf,"{'C': 2.0, 'gamma': 0.5}","{'thetas': array([0.0002]), 'lambdas': array([0.0002]), 'D_scores': array([3274.8543])}",same_mean_diff_covariance,2
MY-small_mu,1,sigmoid,"{'gamma': 0.00152749548677943, 'coef0': 0.0}","sigmoid(coef0=0.0, gamma=0.00152749548677943)",0.6538461538461539,rbf,"{'C': 0.5, 'gamma': 'scale'}","{'thetas': array([0.]), 'lambdas': array([0.]), 'D_scores': array([1.285e+09])}",same_mean_diff_covariance,2
MY-small_mu,2,linear,{},linear,0.5615384615384615,rbf,"{'C': 0.5, 'gamma': 'scale'}","{'thetas': array([0., 0.]), 'lambdas': array([0., 0.]), 'D_scores': array([9.2526e+09, 1.3132e+09])}",same_mean_diff_covariance,2
MY-small_mu,2,rbf,{'gamma': 0.00152749548677943},rbf(gamma=0.00152749548677943),0.5769230769230769,rbf,"{'C': 2.0, 'gamma': 'scale'}","{'thetas': array([0.0001, 0.0001]), 'lambdas': array([0.0001, 0.0001]), 'D_scores': array([7123.8008, 4164.0762])}",same_mean_diff_covariance,2
MY-small_mu,2,laplacian,{'gamma': 0.00152749548677943},laplacian(gamma=0.00152749548677943),0.6,rbf,"{'C': 2.0, 'gamma': 'scale'}","{'thetas': array([0.    , 0.0001]), 'lambdas': array([0.    , 0.0001]), 'D_scores': array([105068.7744,   7172.555 ])}",same_mean_diff_covariance,2
MY-small_mu,2,polynomial,"{'degree': 2, 'gamma': 0.00152749548677943, 'coef0': 1.0}","polynomial(coef0=1.0, degree=2, gamma=0.00152749548677943)",0.5615384615384615,rbf,"{'C': 1.0, 'gamma': 'scale'}","{'thetas': array([0.0001, 0.0005]), 'lambdas': array([0.0001, 0.0005]), 'D_scores': array([3359.8696,  906.6565])}",same_mean_diff_covariance,2
MY-small_mu,2,sigmoid,"{'gamma': 0.00152749548677943, 'coef0': 0.0}","sigmoid(coef0=0.0, gamma=0.00152749548677943)",0.6230769230769231,rbf,"{'C': 0.5, 'gamma': 'scale'}","{'thetas': array([0., 0.]), 'lambdas': array([0., 0.]), 'D_scores': array([2.4625e+09, 1.2073e+09])}",same_mean_diff_covariance,2
MY-small_mu,3,linear,{},linear,0.7076923076923077,rbf,"{'C': 0.5, 'gamma': 'scale'}","{'thetas': array([0.    , 0.0002, 0.0021]), 'lambdas': array([0.    , 0.0002, 0.0021]), 'D_scores': array([3.8389e+08, 2.0379e+03, 2.3633e+02])}",same_mean_diff_covariance,2
MY-small_mu,3,rbf,{'gamma': 0.00152749548677943},rbf(gamma=0.00152749548677943),0.5846153846153846,rbf,"{'C': 2.0, 'gamma': 0.5}","{'thetas': array([0., 0., 0.]), 'lambdas': array([0., 0., 0.]), 'D_scores': array([181113.5859, 117347.3957,  14391.6405])}",same_mean_diff_covariance,2
MY-small_mu,3,laplacian,{'gamma': 0.00152749548677943},laplacian(gamma=0.00152749548677943),0.5769230769230769,rbf,"{'C': 2.0, 'gamma': 0.5}","{'thetas': array([0.    , 0.0001, 0.0002]), 'lambdas': array([0.    , 0.0001, 0.0002]), 'D_scores': array([58524.5481,  3338.6913,  3114.7136])}",same_mean_diff_covariance,2
MY-small_mu,3,polynomial,"{'degree': 2, 'gamma': 0.00152749548677943, 'coef0': 1.0}","polynomial(coef0=1.0, degree=2, gamma=0.00152749548677943)",0.5769230769230769,poly,"{'C': 2.0, 'gamma': 'scale', 'degree': 2, 'coef0': 1.0}","{'thetas': array([0.0001, 0.0003, 0.0009]), 'lambdas': array([0.0001, 0.0003, 0.0009]), 'D_scores': array([5596.4671, 1925.4438,  562.5232])}",same_mean_diff_covariance,2
MY-small_mu,3,sigmoid,"{'gamma': 0.00152749548677943, 'coef0': 0.0}","sigmoid(coef0=0.0, gamma=0.00152749548677943)",0.6307692307692307,rbf,"{'C': 0.5, 'gamma': 'scale'}","{'thetas': array([0., 0., 0.]), 'lambdas': array([0., 0., 0.]), 'D_scores': array([2.7666e+10, 1.5548e+09, 4.5040e+08])}",same_mean_diff_covariance,2
MY-small_mu,4,linear,{},linear,0.6384615384615384,rbf,"{'C': 2.0, 'gamma': 0.5}","{'thetas': array([0.    , 0.    , 0.    , 0.0014]), 'lambdas': array([0.    , 0.    , 0.    , 0.0014]), 'D_scores': array([2.2746e+09, 6.7132e+08, 2.4707e+08, 3.4736e+02])}",same_mean_diff_covariance,2
MY-small_mu,4,rbf,{'gamma': 0.00152749548677943},rbf(gamma=0.00152749548677943),0.5769230769230769,rbf,"{'C': 2.0, 'gamma': 0.5}","{'thetas': array([0.    , 0.    , 0.0001, 0.0001]), 'lambdas': array([0.    , 0.    , 0.0001, 0.0001]), 'D_scores': array([5444161.8203,   19862.0228,    4609.7288,    3991.8856])}",same_mean_diff_covariance,2
MY-small_mu,4,laplacian,{'gamma': 0.00152749548677943},laplacian(gamma=0.00152749548677943),0.5923076923076923,rbf,"{'C': 2.0, 'gamma': 'scale'}","{'thetas': array([0.    , 0.0001, 0.0002, 0.0002]), 'lambdas': array([0.    , 0.0001, 0.0002, 0.0002]), 'D_scores': array([26224.9947,  8527.3825,  3170.0659,  2566.0589])}",same_mean_diff_covariance,2
MY-small_mu,4,polynomial,"{'degree': 2, 'gamma': 0.00152749548677943, 'coef0': 1.0}","polynomial(coef0=1.0, degree=2, gamma=0.00152749548677943)",0.6923076923076923,rbf,"{'C': 0.5, 'gamma': 0.5}","{'thetas': array([0.0001, 0.0002, 0.0006, 0.001 ]), 'lambdas': array([0.0001, 0.0002, 0.0006, 0.001 ]), 'D_scores': array([5416.0881, 2009.6194,  805.9087,  507.3086])}",same_mean_diff_covariance,2
MY-small_mu,4,sigmoid,"{'gamma': 0.00152749548677943, 'coef0': 0.0}","sigmoid(coef0=0.0, gamma=0.00152749548677943)",0.6307692307692307,rbf,"{'C': 0.5, 'gamma': 'scale'}","{'thetas': array([0.    , 0.    , 0.    , 0.0006]), 'lambdas': array([0.    , 0.    , 0.    , 0.0006]), 'D_scores': array([1.8958e+09, 1.0227e+09, 4.1714e+08, 7.6717e+02])}",same_mean_diff_covariance,2
MY-small_mu,5,linear,{},linear,0.6461538461538462,rbf,"{'C': 0.5, 'gamma': 'scale'}","{'thetas': array([0.    , 0.    , 0.    , 0.    , 0.0004]), 'lambdas': array([0.    , 0.    , 0.    , 0.    , 0.0004]), 'D_scores': array([5.2901e+09, 6.4056e+08, 5.7983e+08, 4.1380e+08, 1.3289e+03])}",same_mean_diff_covariance,2
MY-small_mu,5,rbf,{'gamma': 0.00152749548677943},rbf(gamma=0.00152749548677943),0.6538461538461539,rbf,"{'C': 2.0, 'gamma': 0.5}","{'thetas': array([0.0001, 0.0001, 0.0002, 0.0003, 0.0004]), 'lambdas': array([0.0001, 0.0001, 0.0002, 0.0003, 0.0004]), 'D_scores': array([7013.2533, 4113.9952, 2719.7315, 1655.6063, 1159.9579])}",same_mean_diff_covariance,2
MY-small_mu,5,laplacian,{'gamma': 0.00152749548677943},laplacian(gamma=0.00152749548677943),0.5461538461538461,rbf,"{'C': 1.0, 'gamma': 0.5}","{'thetas': array([0.    , 0.0001, 0.0001, 0.0002, 0.0002]), 'lambdas': array([0.    , 0.0001, 0.0001, 0.0002, 0.0002]), 'D_scores': array([19317.3508,  5232.4519,  4277.9836,  3180.3849,  2705.2303])}",same_mean_diff_covariance,2
MY-small_mu,5,polynomial,"{'degree': 2, 'gamma': 0.00152749548677943, 'coef0': 1.0}","polynomial(coef0=1.0, degree=2, gamma=0.00152749548677943)",0.6076923076923076,poly,"{'C': 2.0, 'gamma': 'scale', 'degree': 2, 'coef0': 1.0}","{'thetas': array([0.    , 0.0006, 0.0008, 0.0017, 0.0021]), 'lambdas': array([0.    , 0.0006, 0.0008, 0.0017, 0.0021]), 'D_scores': array([12829.2124,   860.2066,   650.3566,   287.712 ,   237.8203])}",same_mean_diff_covariance,2
MY-small_mu,5,sigmoid,"{'gamma': 0.00152749548677943, 'coef0': 0.0}","sigmoid(coef0=0.0, gamma=0.00152749548677943)",0.7,rbf,"{'C': 0.5, 'gamma': 0.5}","{'thetas': array([0.    , 0.    , 0.    , 0.0018, 0.0032]), 'lambdas': array([0.    , 0.    , 0.    , 0.0018, 0.0032]), 'D_scores': array([2.7311e+10, 8.3833e+08, 3.4874e+08, 2.6977e+02, 1.5323e+02])}",same_mean_diff_covariance,2
MY-small_mu,6,linear,{},linear,0.5153846153846153,rbf,"{'C': 0.5, 'gamma': 0.5}","{'thetas': array([0.    , 0.    , 0.    , 0.    , 0.001 , 0.0028]), 'lambdas': array([0.    , 0.    , 0.    , 0.    , 0.001 , 0.0028]), 'D_scores': array([3.5618e+10, 1.6718e+09, 1.4972e+09, 7.6688e+08, 4.7933e+02,
       1.7459e+02])}",same_mean_diff_covariance,2
MY-small_mu,6,rbf,{'gamma': 0.00152749548677943},rbf(gamma=0.00152749548677943),0.5538461538461539,rbf,"{'C': 2.0, 'gamma': 0.5}","{'thetas': array([0.    , 0.    , 0.0001, 0.0001, 0.0002, 0.0003]), 'lambdas': array([0.    , 0.    , 0.0001, 0.0001, 0.0002, 0.0003]), 'D_scores': array([49594.1084, 13650.0519,  7591.6756,  5223.9269,  2775.0721,
        1659.3914])}",same_mean_diff_covariance,2
MY-small_mu,6,laplacian,{'gamma': 0.00152749548677943},laplacian(gamma=0.00152749548677943),0.5538461538461539,rbf,"{'C': 2.0, 'gamma': 0.5}","{'thetas': array([0.    , 0.0001, 0.0002, 0.0003, 0.0004, 0.0005]), 'lambdas': array([0.    , 0.0001, 0.0002, 0.0003, 0.0004, 0.0005]), 'D_scores': array([14744.5956,  4935.6602,  2602.0806,  1846.973 ,  1246.7672,
         950.2698])}",same_mean_diff_covariance,2
MY-small_mu,6,polynomial,"{'degree': 2, 'gamma': 0.00152749548677943, 'coef0': 1.0}","polynomial(coef0=1.0, degree=2, gamma=0.00152749548677943)",0.5923076923076923,rbf,"{'C': 0.5, 'gamma': 'scale'}","{'thetas': array([0.0003, 0.001 , 0.0012, 0.002 , 0.0026, 0.0042]), 'lambdas': array([0.0003, 0.001 , 0.0012, 0.002 , 0.0026, 0.0042]), 'D_scores': array([1486.3949,  487.3139,  430.0073,  249.425 ,  190.9216,  114.4879])}",same_mean_diff_covariance,2
MY-small_mu,6,sigmoid,"{'gamma': 0.00152749548677943, 'coef0': 0.0}","sigmoid(coef0=0.0, gamma=0.00152749548677943)",0.6230769230769231,rbf,"{'C': 1.0, 'gamma': 'scale'}","{'thetas': array([0.    , 0.0043, 0.0062, 0.009 , 0.0152, 0.0205]), 'lambdas': array([0.    , 0.0043, 0.0062, 0.009 , 0.0152, 0.0205]), 'D_scores': array([1.9341e+09, 1.1209e+02, 7.8073e+01, 5.2562e+01, 3.0228e+01,
       2.1939e+01])}",same_mean_diff_covariance,2
MY-small_mu,7,linear,{},linear,0.6538461538461539,rbf,"{'C': 0.5, 'gamma': 0.5}","{'thetas': array([0.    , 0.    , 0.    , 0.001 , 0.003 , 0.0037, 0.0068]), 'lambdas': array([0.    , 0.    , 0.    , 0.001 , 0.003 , 0.0037, 0.0068]), 'D_scores': array([5.5021e+09, 7.8201e+08, 3.1740e+08, 4.9576e+02, 1.6480e+02,
       1.3023e+02, 7.0742e+01])}",same_mean_diff_covariance,2
MY-small_mu,7,rbf,{'gamma': 0.00152749548677943},rbf(gamma=0.00152749548677943),0.6461538461538462,rbf,"{'C': 0.5, 'gamma': 0.5}","{'thetas': array([0.    , 0.0001, 0.0001, 0.0002, 0.0003, 0.0004, 0.0007]), 'lambdas': array([0.    , 0.0001, 0.0001, 0.0002, 0.0003, 0.0004, 0.0007]), 'D_scores': array([10637.2587,  5319.0514,  4559.5145,  2808.9512,  1603.0453,
        1212.9804,   737.7233])}",same_mean_diff_covariance,2
MY-small_mu,7,laplacian,{'gamma': 0.00152749548677943},laplacian(gamma=0.00152749548677943),0.5153846153846153,rbf,"{'C': 2.0, 'gamma': 0.5}","{'thetas': array([0.    , 0.    , 0.0001, 0.0002, 0.0004, 0.0005, 0.0007]), 'lambdas': array([0.    , 0.    , 0.0001, 0.0002, 0.0004, 0.0005, 0.0007]), 'D_scores': array([121816.841 ,  15296.6496,   3972.9957,   2308.1484,   1348.0823,
         1015.1958,    741.6547])}",same_mean_diff_covariance,2
MY-small_mu,7,polynomial,"{'degree': 2, 'gamma': 0.00152749548677943, 'coef0': 1.0}","polynomial(coef0=1.0, degree=2, gamma=0.00152749548677943)",0.5538461538461539,rbf,"{'C': 2.0, 'gamma': 0.5}","{'thetas': array([0.0001, 0.0013, 0.0017, 0.0018, 0.0026, 0.0032, 0.0052]), 'lambdas': array([0.0001, 0.0013, 0.0017, 0.0018, 0.0026, 0.0032, 0.0052]), 'D_scores': array([3419.3106,  372.6705,  296.9145,  279.6128,  189.2188,  154.5927,
         93.914 ])}",same_mean_diff_covariance,2
MY-small_mu,7,sigmoid,"{'gamma': 0.00152749548677943, 'coef0': 0.0}","sigmoid(coef0=0.0, gamma=0.00152749548677943)",0.5538461538461539,rbf,"{'C': 0.5, 'gamma': 'scale'}","{'thetas': array([0.    , 0.    , 0.    , 0.    , 0.0035, 0.005 , 0.0126]), 'lambdas': array([0.    , 0.    , 0.    , 0.    , 0.0035, 0.005 , 0.0126]), 'D_scores': array([7.7073e+09, 2.0202e+09, 1.1264e+09, 1.9197e+08, 1.3786e+02,
       9.6666e+01, 3.6975e+01])}",same_mean_diff_covariance,2
MY-small_mu,8,linear,{},linear,0.5923076923076923,rbf,"{'C': 0.5, 'gamma': 'scale'}","{'thetas': array([0.    , 0.    , 0.    , 0.0012, 0.0026, 0.0041, 0.0074, 0.0083]), 'lambdas': array([0.    , 0.    , 0.    , 0.0012, 0.0026, 0.0041, 0.0074, 0.0083]), 'D_scores': array([1.7867e+10, 1.4180e+09, 7.0535e+08, 4.0339e+02, 1.9059e+02,
       1.1789e+02, 6.4826e+01, 5.7300e+01])}",same_mean_diff_covariance,2
MY-small_mu,8,rbf,{'gamma': 0.00152749548677943},rbf(gamma=0.00152749548677943),0.676923076923077,rbf,"{'C': 2.0, 'gamma': 0.5}","{'thetas': array([0.    , 0.0001, 0.0001, 0.0002, 0.0002, 0.0004, 0.0004, 0.0005]), 'lambdas': array([0.    , 0.0001, 0.0001, 0.0002, 0.0002, 0.0004, 0.0004, 0.0005]), 'D_scores': array([10376.8807,  8007.5835,  4656.4576,  2904.6438,  2187.8101,
        1234.627 ,  1147.1292,   953.287 ])}",same_mean_diff_covariance,2
MY-small_mu,8,laplacian,{'gamma': 0.00152749548677943},laplacian(gamma=0.00152749548677943),0.5384615384615384,rbf,"{'C': 0.5, 'gamma': 0.5}","{'thetas': array([0.    , 0.0001, 0.0001, 0.0003, 0.0003, 0.0006, 0.0006, 0.0008]), 'lambdas': array([0.    , 0.0001, 0.0001, 0.0003, 0.0003, 0.0006, 0.0006, 0.0008]), 'D_scores': array([16049.1626,  6338.3461,  3811.4339,  1630.6011,  1499.7647,
         879.4926,   797.0179,   658.9387])}",same_mean_diff_covariance,2
MY-small_mu,8,polynomial,"{'degree': 2, 'gamma': 0.00152749548677943, 'coef0': 1.0}","polynomial(coef0=1.0, degree=2, gamma=0.00152749548677943)",0.6076923076923076,rbf,"{'C': 1.0, 'gamma': 'scale'}","{'thetas': array([0.0003, 0.0004, 0.0008, 0.0014, 0.0018, 0.0027, 0.0041, 0.0041]), 'lambdas': array([0.0003, 0.0004, 0.0008, 0.0014, 0.0018, 0.0027, 0.0041, 0.0041]), 'D_scores': array([1606.2045, 1225.7171,  595.9024,  358.0936,  274.3866,  183.6866,
        119.6174,  117.7589])}",same_mean_diff_covariance,2
MY-small_mu,8,sigmoid,"{'gamma': 0.00152749548677943, 'coef0': 0.0}","sigmoid(coef0=0.0, gamma=0.00152749548677943)",0.5923076923076923,rbf,"{'C': 2.0, 'gamma': 'scale'}","{'thetas': array([0.    , 0.    , 0.    , 0.    , 0.0015, 0.0055, 0.0098, 0.0122]), 'lambdas': array([0.    , 0.    , 0.    , 0.    , 0.0015, 0.0055, 0.0098, 0.0122]), 'D_scores': array([3.8407e+09, 2.2183e+09, 6.4758e+08, 6.3291e+08, 3.3171e+02,
       8.7850e+01, 4.8208e+01, 3.8244e+01])}",same_mean_diff_covariance,2
MY-small_mu,10,linear,{},linear,0.7538461538461538,rbf,"{'C': 0.5, 'gamma': 0.5}","{'thetas': array([0.    , 0.    , 0.    , 0.    , 0.001 , 0.0011, 0.0029, 0.0047,
       0.0074, 0.0104]), 'lambdas': array([0.    , 0.    , 0.    , 0.    , 0.001 , 0.0011, 0.0029, 0.0047,
       0.0074, 0.0104]), 'D_scores': array([2.6189e+09, 8.9283e+08, 6.5646e+08, 5.0136e+08, 4.9306e+02,
       4.5016e+02, 1.6838e+02, 1.0423e+02, 6.4892e+01, 4.5386e+01])}",same_mean_diff_covariance,2
MY-small_mu,10,rbf,{'gamma': 0.00152749548677943},rbf(gamma=0.00152749548677943),0.6384615384615384,rbf,"{'C': 1.0, 'gamma': 0.5}","{'thetas': array([0.0001, 0.0001, 0.0001, 0.0002, 0.0002, 0.0003, 0.0005, 0.0007,
       0.0009, 0.0011]), 'lambdas': array([0.0001, 0.0001, 0.0001, 0.0002, 0.0002, 0.0003, 0.0005, 0.0007,
       0.0009, 0.0011]), 'D_scores': array([8828.0283, 6255.228 , 3688.4878, 2519.9818, 2237.8965, 1529.1038,
        996.3189,  729.2626,  576.2917,  463.011 ])}",same_mean_diff_covariance,2
MY-small_mu,10,laplacian,{'gamma': 0.00152749548677943},laplacian(gamma=0.00152749548677943),0.6538461538461539,rbf,"{'C': 2.0, 'gamma': 0.5}","{'thetas': array([0.    , 0.0001, 0.0002, 0.0003, 0.0005, 0.0006, 0.0006, 0.0007,
       0.0007, 0.0011]), 'lambdas': array([0.    , 0.0001, 0.0002, 0.0003, 0.0005, 0.0006, 0.0006, 0.0007,
       0.0007, 0.0011]), 'D_scores': array([60768.473 ,  5655.5709,  2820.3969,  1690.437 ,  1011.845 ,
         891.8625,   805.7792,   744.0219,   701.1443,   466.2255])}",same_mean_diff_covariance,2
MY-small_mu,10,polynomial,"{'degree': 2, 'gamma': 0.00152749548677943, 'coef0': 1.0}","polynomial(coef0=1.0, degree=2, gamma=0.00152749548677943)",0.7461538461538462,rbf,"{'C': 1.0, 'gamma': 0.5}","{'thetas': array([0.    , 0.0003, 0.0007, 0.0012, 0.0017, 0.0029, 0.0037, 0.0047,
       0.0065, 0.0074]), 'lambdas': array([0.    , 0.0003, 0.0007, 0.0012, 0.0017, 0.0029, 0.0037, 0.0047,
       0.0065, 0.0074]), 'D_scores': array([17440.1168,  1429.9465,   700.5345,   423.8781,   292.7853,
         171.1991,   130.5328,   102.7061,    73.4733,    64.3995])}",same_mean_diff_covariance,2
MY-small_mu,10,sigmoid,"{'gamma': 0.00152749548677943, 'coef0': 0.0}","sigmoid(coef0=0.0, gamma=0.00152749548677943)",0.6846153846153846,rbf,"{'C': 1.0, 'gamma': 0.5}","{'thetas': array([0.    , 0.    , 0.    , 0.    , 0.    , 0.0008, 0.001 , 0.0017,
       0.0071, 0.012 ]), 'lambdas': array([0.    , 0.    , 0.    , 0.    , 0.    , 0.0008, 0.001 , 0.0017,
       0.0071, 0.012 ]), 'D_scores': array([7.4701e+09, 4.1763e+09, 2.0059e+09, 6.2886e+08, 2.3321e+08,
       6.3025e+02, 4.7622e+02, 2.9617e+02, 6.7080e+01, 3.9087e+01])}",same_mean_diff_covariance,2
MY-small_mu,12,linear,{},linear,0.6076923076923076,rbf,"{'C': 2.0, 'gamma': 0.5}","{'thetas': array([0.    , 0.    , 0.0001, 0.0017, 0.0039, 0.0066, 0.0084, 0.0087,
       0.0118, 0.0126, 0.017 , 0.0184]), 'lambdas': array([0.    , 0.    , 0.0001, 0.0017, 0.0039, 0.0066, 0.0084, 0.0087,
       0.0118, 0.0126, 0.017 , 0.0184]), 'D_scores': array([1.1560e+09, 5.5066e+08, 3.4324e+03, 2.8326e+02, 1.2649e+02,
       7.2396e+01, 5.6967e+01, 5.4779e+01, 3.9783e+01, 3.6879e+01,
       2.6863e+01, 2.4652e+01])}",same_mean_diff_covariance,2
MY-small_mu,12,rbf,{'gamma': 0.00152749548677943},rbf(gamma=0.00152749548677943),0.6692307692307692,rbf,"{'C': 1.0, 'gamma': 0.5}","{'thetas': array([0.    , 0.0001, 0.0001, 0.0002, 0.0003, 0.0004, 0.0005, 0.0006,
       0.0007, 0.0011, 0.0014, 0.0015]), 'lambdas': array([0.    , 0.0001, 0.0001, 0.0002, 0.0003, 0.0004, 0.0005, 0.0006,
       0.0007, 0.0011, 0.0014, 0.0015]), 'D_scores': array([12003.142 ,  7693.9911,  3563.2325,  2149.188 ,  1637.7925,
        1183.0069,   992.2927,   816.1949,   727.3959,   443.341 ,
         365.7556,   340.7079])}",same_mean_diff_covariance,2
MY-small_mu,12,laplacian,{'gamma': 0.00152749548677943},laplacian(gamma=0.00152749548677943),0.6307692307692307,rbf,"{'C': 0.5, 'gamma': 0.5}","{'thetas': array([0.    , 0.0001, 0.0001, 0.0002, 0.0002, 0.0003, 0.0005, 0.0006,
       0.0008, 0.0008, 0.0009, 0.0013]), 'lambdas': array([0.    , 0.0001, 0.0001, 0.0002, 0.0002, 0.0003, 0.0005, 0.0006,
       0.0008, 0.0008, 0.0009, 0.0013]), 'D_scores': array([17923.2011,  9549.3859,  4166.621 ,  2662.3834,  2097.7446,
        1452.3605,  1008.4266,   827.3517,   655.5203,   599.1987,
         528.7228,   390.0395])}",same_mean_diff_covariance,2
MY-small_mu,12,polynomial,"{'degree': 2, 'gamma': 0.00152749548677943, 'coef0': 1.0}","polynomial(coef0=1.0, degree=2, gamma=0.00152749548677943)",0.6307692307692307,rbf,"{'C': 1.0, 'gamma': 0.5}","{'thetas': array([0.0001, 0.0002, 0.0008, 0.0016, 0.0018, 0.0026, 0.0034, 0.0048,
       0.0053, 0.0069, 0.008 , 0.0087]), 'lambdas': array([0.0001, 0.0002, 0.0008, 0.0016, 0.0018, 0.0026, 0.0034, 0.0048,
       0.0053, 0.0069, 0.008 , 0.0087]), 'D_scores': array([6310.0134, 2081.0121,  660.4674,  304.3878,  274.6276,  189.0241,
        145.8141,   99.9954,   90.7855,   69.6294,   59.6915,   54.6407])}",same_mean_diff_covariance,2
MY-small_mu,12,sigmoid,"{'gamma': 0.00152749548677943, 'coef0': 0.0}","sigmoid(coef0=0.0, gamma=0.00152749548677943)",0.6461538461538462,rbf,"{'C': 2.0, 'gamma': 'scale'}","{'thetas': array([0.0022, 0.0053, 0.0065, 0.009 , 0.0113, 0.0195, 0.0206, 0.0263,
       0.0312, 0.0368, 0.0446, 0.0523]), 'lambdas': array([0.0022, 0.0053, 0.0065, 0.009 , 0.0113, 0.0195, 0.0206, 0.0263,
       0.0312, 0.0368, 0.0446, 0.0523]), 'D_scores': array([227.5973,  91.4629,  73.3292,  52.6243,  41.6094,  23.1318,
        21.8202,  16.7109,  13.7853,  11.4453,   9.1671,   7.594 ])}",same_mean_diff_covariance,2
MY-small_mu,14,linear,{},linear,0.6230769230769231,rbf,"{'C': 1.0, 'gamma': 0.5}","{'thetas': array([0.    , 0.    , 0.    , 0.0013, 0.0024, 0.0039, 0.0056, 0.0097,
       0.0125, 0.013 , 0.0139, 0.0175, 0.0216, 0.0244]), 'lambdas': array([0.    , 0.    , 0.    , 0.0013, 0.0024, 0.0039, 0.0056, 0.0097,
       0.0125, 0.013 , 0.0139, 0.0175, 0.0216, 0.0244]), 'D_scores': array([2.0030e+09, 8.3674e+08, 6.4902e+08, 3.8125e+02, 2.0794e+02,
       1.2388e+02, 8.6023e+01, 4.8722e+01, 3.7195e+01, 3.5667e+01,
       3.3409e+01, 2.6068e+01, 2.0795e+01, 1.8143e+01])}",same_mean_diff_covariance,2
MY-small_mu,14,rbf,{'gamma': 0.00152749548677943},rbf(gamma=0.00152749548677943),0.6538461538461539,rbf,"{'C': 2.0, 'gamma': 0.5}","{'thetas': array([0.    , 0.    , 0.0001, 0.0001, 0.0002, 0.0002, 0.0003, 0.0005,
       0.0006, 0.0007, 0.0011, 0.0011, 0.0013, 0.0015]), 'lambdas': array([0.    , 0.    , 0.0001, 0.0001, 0.0002, 0.0002, 0.0003, 0.0005,
       0.0006, 0.0007, 0.0011, 0.0011, 0.0013, 0.0015]), 'D_scores': array([106296.8241,  12726.2445,   5560.5851,   5059.0411,   2624.7482,
         2075.0364,   1436.6963,   1004.157 ,    802.5415,    674.21  ,
          451.6045,    444.8958,    387.097 ,    323.6972])}",same_mean_diff_covariance,2
MY-small_mu,14,laplacian,{'gamma': 0.00152749548677943},laplacian(gamma=0.00152749548677943),0.6846153846153846,rbf,"{'C': 2.0, 'gamma': 0.5}","{'thetas': array([0.    , 0.    , 0.0001, 0.0001, 0.0003, 0.0003, 0.0003, 0.0005,
       0.0007, 0.0009, 0.0012, 0.0013, 0.0014, 0.0015]), 'lambdas': array([0.    , 0.    , 0.0001, 0.0001, 0.0003, 0.0003, 0.0003, 0.0005,
       0.0007, 0.0009, 0.0012, 0.0013, 0.0014, 0.0015]), 'D_scores': array([167112.6015,  15752.1373,   7758.5333,   4361.9662,   1946.912 ,
         1602.0628,   1443.9747,   1062.3293,    716.6923,    578.5845,
          425.1097,    394.0828,    363.9689,    334.6058])}",same_mean_diff_covariance,2
MY-small_mu,14,polynomial,"{'degree': 2, 'gamma': 0.00152749548677943, 'coef0': 1.0}","polynomial(coef0=1.0, degree=2, gamma=0.00152749548677943)",0.6846153846153846,rbf,"{'C': 0.5, 'gamma': 0.5}","{'thetas': array([0.0001, 0.0004, 0.001 , 0.0016, 0.0034, 0.0037, 0.0048, 0.0055,
       0.0064, 0.0072, 0.0081, 0.0092, 0.0116, 0.0128]), 'lambdas': array([0.0001, 0.0004, 0.001 , 0.0016, 0.0034, 0.0037, 0.0048, 0.0055,
       0.0064, 0.0072, 0.0081, 0.0092, 0.0116, 0.0128]), 'D_scores': array([6190.783 , 1291.9847,  487.1966,  303.5459,  143.469 ,  132.7269,
        101.9714,   87.7053,   75.5464,   66.3771,   58.8969,   51.2579,
         40.4152,   36.3281])}",same_mean_diff_covariance,2
MY-small_mu,14,sigmoid,"{'gamma': 0.00152749548677943, 'coef0': 0.0}","sigmoid(coef0=0.0, gamma=0.00152749548677943)",0.7076923076923077,rbf,"{'C': 1.0, 'gamma': 'scale'}","{'thetas': array([0.    , 0.    , 0.    , 0.001 , 0.0078, 0.0112, 0.0147, 0.0199,
       0.0228, 0.0267, 0.0354, 0.0403, 0.0434, 0.0482]), 'lambdas': array([0.    , 0.    , 0.    , 0.001 , 0.0078, 0.0112, 0.0147, 0.0199,
       0.0228, 0.0267, 0.0354, 0.0403, 0.0434, 0.0482]), 'D_scores': array([8.1833e+09, 1.3275e+09, 4.8039e+08, 5.0398e+02, 6.1185e+01,
       4.1722e+01, 3.1430e+01, 2.2721e+01, 1.9532e+01, 1.6430e+01,
       1.1961e+01, 1.0321e+01, 9.4801e+00, 8.3678e+00])}",same_mean_diff_covariance,2
MY-small_mu,16,linear,{},linear,0.6692307692307692,rbf,"{'C': 2.0, 'gamma': 'scale'}","{'thetas': array([0.    , 0.0005, 0.0016, 0.0025, 0.0042, 0.0059, 0.0086, 0.0096,
       0.0109, 0.0149, 0.0159, 0.0171, 0.0232, 0.0276, 0.0319, 0.0348]), 'lambdas': array([0.    , 0.0005, 0.0016, 0.0025, 0.0042, 0.0059, 0.0086, 0.0096,
       0.0109, 0.0149, 0.0159, 0.0171, 0.0232, 0.0276, 0.0319, 0.0348]), 'D_scores': array([5.6400e+09, 9.8208e+02, 3.1605e+02, 1.9434e+02, 1.1503e+02,
       8.1383e+01, 5.4991e+01, 4.9080e+01, 4.3138e+01, 3.1085e+01,
       2.8826e+01, 2.6652e+01, 1.9198e+01, 1.5815e+01, 1.3458e+01,
       1.2201e+01])}",same_mean_diff_covariance,2
MY-small_mu,16,rbf,{'gamma': 0.00152749548677943},rbf(gamma=0.00152749548677943),0.6846153846153846,rbf,"{'C': 0.5, 'gamma': 0.5}","{'thetas': array([0.    , 0.0001, 0.0001, 0.0002, 0.0004, 0.0004, 0.0006, 0.0007,
       0.0008, 0.001 , 0.001 , 0.0011, 0.0015, 0.002 , 0.0021, 0.0023]), 'lambdas': array([0.    , 0.0001, 0.0001, 0.0002, 0.0004, 0.0004, 0.0006, 0.0007,
       0.0008, 0.001 , 0.001 , 0.0011, 0.0015, 0.002 , 0.0021, 0.0023]), 'D_scores': array([23292.117 ,  8252.0089,  3505.6453,  2714.3121,  1190.2686,
        1182.9699,   814.3209,   699.1609,   599.159 ,   517.0166,
         475.6096,   434.986 ,   324.146 ,   251.0489,   231.6812,
         218.1264])}",same_mean_diff_covariance,2
MY-small_mu,16,laplacian,{'gamma': 0.00152749548677943},laplacian(gamma=0.00152749548677943),0.6230769230769231,rbf,"{'C': 0.5, 'gamma': 0.5}","{'thetas': array([0.0001, 0.0001, 0.0002, 0.0004, 0.0004, 0.0005, 0.0006, 0.0008,
       0.0009, 0.0011, 0.0012, 0.0013, 0.0015, 0.0017, 0.002 , 0.0021]), 'lambdas': array([0.0001, 0.0001, 0.0002, 0.0004, 0.0004, 0.0005, 0.0006, 0.0008,
       0.0009, 0.0011, 0.0012, 0.0013, 0.0015, 0.0017, 0.002 , 0.0021]), 'D_scores': array([5354.47  , 3341.0461, 2123.1947, 1367.7602, 1322.7047,  961.9401,
        827.3234,  624.0802,  553.0412,  437.0988,  419.3819,  368.4864,
        320.5205,  282.0761,  251.1967,  231.0534])}",same_mean_diff_covariance,2
MY-small_mu,16,polynomial,"{'degree': 2, 'gamma': 0.00152749548677943, 'coef0': 1.0}","polynomial(coef0=1.0, degree=2, gamma=0.00152749548677943)",0.676923076923077,rbf,"{'C': 1.0, 'gamma': 0.5}","{'thetas': array([0.0005, 0.0009, 0.0014, 0.0019, 0.0028, 0.0034, 0.0035, 0.0044,
       0.0058, 0.007 , 0.0074, 0.0097, 0.0101, 0.0119, 0.0145, 0.0165]), 'lambdas': array([0.0005, 0.0009, 0.0014, 0.0019, 0.0028, 0.0034, 0.0035, 0.0044,
       0.0058, 0.007 , 0.0074, 0.0097, 0.0101, 0.0119, 0.0145, 0.0165]), 'D_scores': array([1029.2753,  550.8794,  352.9664,  259.9598,  172.4993,  145.435 ,
        139.0392,  109.3243,   83.0373,   67.9567,   64.3814,   48.8814,
         46.6639,   39.3393,   31.8429,   27.6733])}",same_mean_diff_covariance,2
MY-small_mu,16,sigmoid,"{'gamma': 0.00152749548677943, 'coef0': 0.0}","sigmoid(coef0=0.0, gamma=0.00152749548677943)",0.7538461538461538,poly,"{'C': 2.0, 'gamma': 'scale', 'degree': 2, 'coef0': 1.0}","{'thetas': array([      0.    ,       0.    ,       0.0017,       0.0062,
             0.0112,       0.0157,       0.0222,       0.0227,
             0.0313,       0.0379,       0.0401,       0.0474,
       7395984.9412, 5990446.6098, 5267210.7865, 4758607.383 ]), 'lambdas': array([      0.    ,       0.    ,       0.0017,       0.0062,
             0.0112,       0.0157,       0.0222,       0.0227,
             0.0313,       0.0379,       0.0401,       0.0474,
       7395984.9412, 5990446.6098, 5267210.7865, 4758607.383 ]), 'D_scores': array([2.5983e+09, 6.7156e+08, 2.9489e+02, 7.7919e+01, 4.1814e+01,
       2.9206e+01, 2.0163e+01, 1.9693e+01, 1.3757e+01, 1.1060e+01,
       1.0358e+01, 8.5221e+00, 7.4082e+00, 7.3029e+00, 7.2386e+00,
       7.1877e+00])}",same_mean_diff_covariance,2
MY-small_mu,20,linear,{},linear,0.6923076923076923,rbf,"{'C': 2.0, 'gamma': 'scale'}","{'thetas': array([      0.    ,       0.0009,       0.0018,       0.0034,
             0.0043,       0.0056,       0.0083,       0.0105,
             0.0129,       0.0146,       0.0164,       0.019 ,
             0.022 ,       0.0286,       0.0319,       0.0376,
             0.0383,       0.0446,       0.0525, 7312514.4834]), 'lambdas': array([      0.    ,       0.0009,       0.0018,       0.0034,
             0.0043,       0.0056,       0.0083,       0.0105,
             0.0129,       0.0146,       0.0164,       0.019 ,
             0.022 ,       0.0286,       0.0319,       0.0376,
             0.0383,       0.0446,       0.0525, 7312514.4834]), 'D_scores': array([2.3492e+09, 5.4353e+02, 2.7951e+02, 1.4240e+02, 1.1386e+02,
       8.5908e+01, 5.7102e+01, 4.5059e+01, 3.6042e+01, 3.1645e+01,
       2.7902e+01, 2.3826e+01, 2.0339e+01, 1.5208e+01, 1.3442e+01,
       1.1172e+01, 1.0924e+01, 9.1581e+00, 7.5504e+00, 7.4027e+00])}",same_mean_diff_covariance,2
MY-small_mu,20,rbf,{'gamma': 0.00152749548677943},rbf(gamma=0.00152749548677943),0.7076923076923077,rbf,"{'C': 2.0, 'gamma': 0.5}","{'thetas': array([0.    , 0.0001, 0.0002, 0.0002, 0.0003, 0.0004, 0.0005, 0.0006,
       0.0007, 0.0008, 0.0009, 0.0013, 0.0015, 0.0016, 0.0019, 0.0022,
       0.0023, 0.0025, 0.0027, 0.0032]), 'lambdas': array([0.    , 0.0001, 0.0002, 0.0002, 0.0003, 0.0004, 0.0005, 0.0006,
       0.0007, 0.0008, 0.0009, 0.0013, 0.0015, 0.0016, 0.0019, 0.0022,
       0.0023, 0.0025, 0.0027, 0.0032]), 'D_scores': array([17058.8511,  6891.6845,  3313.9073,  2075.1565,  1813.6126,
        1360.1036,   931.6138,   831.5329,   700.7428,   600.3603,
         572.5587,   384.4239,   326.0823,   304.7864,   255.0198,
         225.1014,   209.4521,   196.7061,   182.7393,   154.8338])}",same_mean_diff_covariance,2
MY-small_mu,20,laplacian,{'gamma': 0.00152749548677943},laplacian(gamma=0.00152749548677943),0.6461538461538462,rbf,"{'C': 0.5, 'gamma': 0.5}","{'thetas': array([0.0001, 0.0001, 0.0001, 0.0002, 0.0003, 0.0005, 0.0006, 0.0008,
       0.0008, 0.001 , 0.0014, 0.0015, 0.0016, 0.0018, 0.0019, 0.0023,
       0.0025, 0.0026, 0.0029, 0.0032]), 'lambdas': array([0.0001, 0.0001, 0.0001, 0.0002, 0.0003, 0.0005, 0.0006, 0.0008,
       0.0008, 0.001 , 0.0014, 0.0015, 0.0016, 0.0018, 0.0019, 0.0023,
       0.0025, 0.0026, 0.0029, 0.0032]), 'D_scores': array([9309.4329, 6969.7496, 4932.845 , 2323.1223, 1583.8662, 1017.146 ,
        860.3544,  640.1419,  623.8391,  514.7328,  351.1599,  337.0328,
        313.5747,  277.2073,  264.5244,  215.6583,  197.9263,  185.9465,
        169.4503,  154.7   ])}",same_mean_diff_covariance,2
MY-small_mu,20,polynomial,"{'degree': 2, 'gamma': 0.00152749548677943, 'coef0': 1.0}","polynomial(coef0=1.0, degree=2, gamma=0.00152749548677943)",0.6538461538461539,rbf,"{'C': 2.0, 'gamma': 'scale'}","{'thetas': array([0.0003, 0.0005, 0.0007, 0.001 , 0.0023, 0.003 , 0.0034, 0.0046,
       0.0048, 0.0065, 0.0077, 0.0082, 0.0091, 0.0101, 0.0119, 0.0145,
       0.0149, 0.0168, 0.0175, 0.019 ]), 'lambdas': array([0.0003, 0.0005, 0.0007, 0.001 , 0.0023, 0.003 , 0.0034, 0.0046,
       0.0048, 0.0065, 0.0077, 0.0082, 0.0091, 0.0101, 0.0119, 0.0145,
       0.0149, 0.0168, 0.0175, 0.019 ]), 'D_scores': array([1887.7543,  924.4498,  702.4764,  507.5555,  218.2122,  163.4066,
        144.736 ,  104.6019,  100.6693,   73.8615,   61.7669,   58.2762,
         52.2283,   46.7748,   39.1785,   31.8308,   30.9608,   27.2533,
         26.0616,   23.7836])}",same_mean_diff_covariance,2
MY-small_mu,20,sigmoid,"{'gamma': 0.00152749548677943, 'coef0': 0.0}","sigmoid(coef0=0.0, gamma=0.00152749548677943)",0.7538461538461538,poly,"{'C': 1.0, 'gamma': 'scale', 'degree': 2, 'coef0': 1.0}","{'thetas': array([      0.    ,       0.    ,       0.001 ,       0.0022,
             0.0061,       0.0111,       0.014 ,       0.02  ,
             0.0217,       0.029 ,       0.0367,       0.0421,
       6818545.1834,       0.0539, 5926668.4074, 5033605.8393,
       4267022.6504, 4135514.5593, 3696128.985 , 3341521.4573]), 'lambdas': array([      0.    ,       0.    ,       0.001 ,       0.0022,
             0.0061,       0.0111,       0.014 ,       0.02  ,
             0.0217,       0.029 ,       0.0367,       0.0421,
       6818545.1834,       0.0539, 5926668.4074, 5033605.8393,
       4267022.6504, 4135514.5593, 3696128.985 , 3341521.4573]), 'D_scores': array([1.3832e+09, 8.0465e+08, 4.8489e+02, 2.2781e+02, 7.8587e+01,
       4.2155e+01, 3.3141e+01, 2.2592e+01, 2.0644e+01, 1.5006e+01,
       1.1488e+01, 9.7948e+00, 7.3678e+00, 7.3199e+00, 7.2975e+00,
       7.2159e+00, 7.1332e+00, 7.1176e+00, 7.0616e+00, 7.0110e+00])}",same_mean_diff_covariance,2
MY-small_mu,24,linear,{},linear,0.6384615384615384,rbf,"{'C': 2.0, 'gamma': 'scale'}","{'thetas': array([      0.    ,       0.    ,       0.0014,       0.0024,
             0.003 ,       0.0041,       0.006 ,       0.0088,
             0.0096,       0.0112,       0.0124,       0.0146,
             0.0167,       0.0201,       0.0239,       0.0257,
             0.0319,       0.0354,       0.0417,       0.0489,
       7054593.8132, 6230651.3992,       0.0546, 4587693.8493]), 'lambdas': array([      0.    ,       0.    ,       0.0014,       0.0024,
             0.003 ,       0.0041,       0.006 ,       0.0088,
             0.0096,       0.0112,       0.0124,       0.0146,
             0.0167,       0.0201,       0.0239,       0.0257,
             0.0319,       0.0354,       0.0417,       0.0489,
       7054593.8132, 6230651.3992,       0.0546, 4587693.8493]), 'D_scores': array([1.3896e+09, 1.6375e+04, 3.4221e+02, 2.0287e+02, 1.6320e+02,
       1.1817e+02, 8.0362e+01, 5.4093e+01, 4.9505e+01, 4.2026e+01,
       3.7693e+01, 3.1542e+01, 2.7431e+01, 2.2370e+01, 1.8551e+01,
       1.7130e+01, 1.3470e+01, 1.1950e+01, 9.9022e+00, 8.2120e+00,
       7.3847e+00, 7.3227e+00, 7.2141e+00, 7.1695e+00])}",same_mean_diff_covariance,2
MY-small_mu,24,rbf,{'gamma': 0.00152749548677943},rbf(gamma=0.00152749548677943),0.6153846153846154,rbf,"{'C': 0.5, 'gamma': 0.5}","{'thetas': array([0.0001, 0.0001, 0.0002, 0.0003, 0.0005, 0.0007, 0.0008, 0.0009,
       0.0012, 0.0013, 0.0015, 0.0016, 0.0019, 0.0023, 0.0025, 0.0029,
       0.003 , 0.0034, 0.0037, 0.0042, 0.0045, 0.0049, 0.0055, 0.0056]), 'lambdas': array([0.0001, 0.0001, 0.0002, 0.0003, 0.0005, 0.0007, 0.0008, 0.0009,
       0.0012, 0.0013, 0.0015, 0.0016, 0.0019, 0.0023, 0.0025, 0.0029,
       0.003 , 0.0034, 0.0037, 0.0042, 0.0045, 0.0049, 0.0055, 0.0056]), 'D_scores': array([6406.4065, 3995.5408, 3252.0712, 1662.9039,  957.0936,  743.9394,
        610.0607,  573.2908,  414.7933,  372.8098,  340.0948,  317.1773,
        265.2036,  209.3008,  194.4998,  170.9113,  162.4159,  142.8239,
        131.8713,  117.0333,  107.391 ,   98.8085,   87.218 ,   86.0636])}",same_mean_diff_covariance,2
MY-small_mu,24,laplacian,{'gamma': 0.00152749548677943},laplacian(gamma=0.00152749548677943),0.6615384615384615,rbf,"{'C': 2.0, 'gamma': 0.5}","{'thetas': array([0.    , 0.0001, 0.0002, 0.0003, 0.0004, 0.0005, 0.0006, 0.0009,
       0.0011, 0.0012, 0.0014, 0.0014, 0.0017, 0.0021, 0.0023, 0.0027,
       0.0028, 0.0031, 0.0035, 0.004 , 0.004 , 0.0048, 0.0051, 0.0054]), 'lambdas': array([0.    , 0.0001, 0.0002, 0.0003, 0.0004, 0.0005, 0.0006, 0.0009,
       0.0011, 0.0012, 0.0014, 0.0014, 0.0017, 0.0021, 0.0023, 0.0027,
       0.0028, 0.0031, 0.0035, 0.004 , 0.004 , 0.0048, 0.0051, 0.0054]), 'D_scores': array([12436.8592,  5283.7052,  2962.7117,  1839.5554,  1317.4113,
        1104.1944,   806.822 ,   536.6827,   450.9628,   430.8027,
         364.1827,   341.1843,   282.7265,   233.207 ,   217.4273,
         181.1497,   173.28  ,   159.3228,   141.3619,   122.6593,
         121.5162,   101.6688,    94.3984,    88.8689])}",same_mean_diff_covariance,2
MY-small_mu,24,polynomial,"{'degree': 2, 'gamma': 0.00152749548677943, 'coef0': 1.0}","polynomial(coef0=1.0, degree=2, gamma=0.00152749548677943)",0.6384615384615384,rbf,"{'C': 1.0, 'gamma': 0.5}","{'thetas': array([0.    , 0.0004, 0.0016, 0.0029, 0.0032, 0.0037, 0.0039, 0.0056,
       0.0059, 0.0064, 0.0076, 0.009 , 0.0105, 0.0115, 0.0136, 0.0148,
       0.0155, 0.0187, 0.022 , 0.0225, 0.0231, 0.025 , 0.0286, 0.0316]), 'lambdas': array([0.    , 0.0004, 0.0016, 0.0029, 0.0032, 0.0037, 0.0039, 0.0056,
       0.0059, 0.0064, 0.0076, 0.009 , 0.0105, 0.0115, 0.0136, 0.0148,
       0.0155, 0.0187, 0.022 , 0.0225, 0.0231, 0.025 , 0.0286, 0.0316]), 'D_scores': array([90180.8261,  1385.9652,   308.3649,   169.8409,   154.458 ,
         132.14  ,   125.532 ,    86.509 ,    81.109 ,    75.6235,
          62.8143,    52.7711,    44.9394,    40.9041,    34.0651,
          31.2735,    29.6952,    24.2556,    20.3133,    19.7993,
          19.2361,    17.6652,    15.2262,    13.6003])}",same_mean_diff_covariance,2
MY-small_mu,24,sigmoid,"{'gamma': 0.00152749548677943, 'coef0': 0.0}","sigmoid(coef0=0.0, gamma=0.00152749548677943)",0.8076923076923077,rbf,"{'C': 2.0, 'gamma': 'scale'}","{'thetas': array([      0.    ,       0.0064,       0.0086,       0.0108,
             0.0134,       0.0216,       0.0243,       0.0259,
             0.0324,       0.0397,       0.049 ,       0.0535,
       6728010.657 , 5694468.308 , 4756974.0585, 3885967.8004,
       3502120.9839, 3363272.7797, 3131709.9127, 2727789.8208,
       2357501.5262, 2301574.958 , 2045696.3102, 1823757.3986]), 'lambdas': array([      0.    ,       0.0064,       0.0086,       0.0108,
             0.0134,       0.0216,       0.0243,       0.0259,
             0.0324,       0.0397,       0.049 ,       0.0535,
       6728010.657 , 5694468.308 , 4756974.0585, 3885967.8004,
       3502120.9839, 3363272.7797, 3131709.9127, 2727789.8208,
       2357501.5262, 2301574.958 , 2045696.3102, 1823757.3986]), 'D_scores': array([1.5703e+09, 7.5271e+01, 5.5417e+01, 4.3576e+01, 3.4662e+01,
       2.0757e+01, 1.8220e+01, 1.6944e+01, 1.3231e+01, 1.0496e+01,
       8.1902e+00, 7.3864e+00, 7.3610e+00, 7.2777e+00, 7.1876e+00,
       7.0868e+00, 7.0344e+00, 7.0142e+00, 6.9788e+00, 6.9095e+00,
       6.8368e+00, 6.8246e+00, 6.7657e+00, 6.7082e+00])}",same_mean_diff_covariance,2
MY-small_mu,28,linear,{},linear,0.6307692307692307,poly,"{'C': 2.0, 'gamma': 'scale', 'degree': 2, 'coef0': 1.0}","{'thetas': array([      0.    ,       0.    ,       0.    ,       0.0002,
             0.001 ,       0.0017,       0.0022,       0.0032,
             0.0063,       0.0088,       0.0106,       0.0113,
             0.0129,       0.0156,       0.0176,       0.0204,
             0.0266,       0.03  ,       0.0322,       0.0384,
             0.0395,       0.0469,       0.0496, 7507843.4589,
       6749030.3188, 5502074.6785, 5396222.5671, 4843671.4164]), 'lambdas': array([      0.    ,       0.    ,       0.    ,       0.0002,
             0.001 ,       0.0017,       0.0022,       0.0032,
             0.0063,       0.0088,       0.0106,       0.0113,
             0.0129,       0.0156,       0.0176,       0.0204,
             0.0266,       0.03  ,       0.0322,       0.0384,
             0.0395,       0.0469,       0.0496, 7507843.4589,
       6749030.3188, 5502074.6785, 5396222.5671, 4843671.4164]), 'D_scores': array([1.8833e+09, 1.3654e+09, 4.7652e+08, 3.1167e+03, 4.8125e+02,
       2.8669e+02, 2.2165e+02, 1.5408e+02, 7.6203e+01, 5.4227e+01,
       4.4376e+01, 4.1455e+01, 3.6019e+01, 2.9452e+01, 2.5842e+01,
       2.2035e+01, 1.6469e+01, 1.4422e+01, 1.3289e+01, 1.0893e+01,
       1.0541e+01, 8.6420e+00, 8.0776e+00, 7.4157e+00, 7.3625e+00,
       7.2605e+00, 7.2507e+00, 7.1966e+00])}",same_mean_diff_covariance,2
MY-small_mu,28,rbf,{'gamma': 0.00152749548677943},rbf(gamma=0.00152749548677943),0.6153846153846154,rbf,"{'C': 0.5, 'gamma': 0.5}","{'thetas': array([0.    , 0.0001, 0.0001, 0.0002, 0.0003, 0.0004, 0.0005, 0.0006,
       0.0007, 0.0008, 0.0011, 0.0015, 0.0015, 0.0016, 0.002 , 0.0021,
       0.0023, 0.0027, 0.0033, 0.0035, 0.0042, 0.0046, 0.0052, 0.0054,
       0.0058, 0.0063, 0.0068, 0.0075]), 'lambdas': array([0.    , 0.0001, 0.0001, 0.0002, 0.0003, 0.0004, 0.0005, 0.0006,
       0.0007, 0.0008, 0.0011, 0.0015, 0.0015, 0.0016, 0.002 , 0.0021,
       0.0023, 0.0027, 0.0033, 0.0035, 0.0042, 0.0046, 0.0052, 0.0054,
       0.0058, 0.0063, 0.0068, 0.0075]), 'D_scores': array([25194.4059,  6364.2315,  3608.6154,  2860.1387,  1844.7226,
        1199.2564,   934.0256,   807.3995,   733.8982,   635.6906,
         441.8018,   340.8928,   321.2718,   299.7793,   249.9258,
         229.4442,   214.6462,   179.5779,   148.2331,   138.8499,
         114.5711,   106.6039,    92.6786,    89.0434,    83.2009,
          75.8465,    70.9953,    63.6572])}",same_mean_diff_covariance,2
MY-small_mu,28,laplacian,{'gamma': 0.00152749548677943},laplacian(gamma=0.00152749548677943),0.6461538461538462,rbf,"{'C': 2.0, 'gamma': 0.5}","{'thetas': array([0.    , 0.0001, 0.0002, 0.0002, 0.0003, 0.0006, 0.0006, 0.0007,
       0.0008, 0.001 , 0.0011, 0.0015, 0.0016, 0.002 , 0.0021, 0.0024,
       0.0025, 0.0027, 0.0032, 0.0036, 0.0037, 0.0043, 0.0046, 0.0051,
       0.0056, 0.0057, 0.0061, 0.0069]), 'lambdas': array([0.    , 0.0001, 0.0002, 0.0002, 0.0003, 0.0006, 0.0006, 0.0007,
       0.0008, 0.001 , 0.0011, 0.0015, 0.0016, 0.002 , 0.0021, 0.0024,
       0.0025, 0.0027, 0.0032, 0.0036, 0.0037, 0.0043, 0.0046, 0.0051,
       0.0056, 0.0057, 0.0061, 0.0069]), 'D_scores': array([10976.7051,  4832.4788,  2555.9696,  2452.2556,  1497.884 ,
         863.8959,   820.9091,   687.0006,   590.4155,   493.3165,
         451.8425,   327.2273,   302.5782,   240.8826,   235.2333,
         200.9272,   193.3815,   181.7244,   152.4789,   135.1885,
         133.1676,   114.0299,   104.9699,    95.6351,    86.4276,
          85.3203,    78.5597,    69.5481])}",same_mean_diff_covariance,2
MY-small_mu,28,polynomial,"{'degree': 2, 'gamma': 0.00152749548677943, 'coef0': 1.0}","polynomial(coef0=1.0, degree=2, gamma=0.00152749548677943)",0.6,rbf,"{'C': 2.0, 'gamma': 'scale'}","{'thetas': array([0.    , 0.0002, 0.0004, 0.0013, 0.0018, 0.0021, 0.0026, 0.0046,
       0.0046, 0.0061, 0.0063, 0.0082, 0.0089, 0.0095, 0.0105, 0.0125,
       0.0148, 0.0163, 0.0172, 0.0204, 0.0218, 0.0252, 0.0255, 0.0318,
       0.0335, 0.0362, 0.0371, 0.0425]), 'lambdas': array([0.    , 0.0002, 0.0004, 0.0013, 0.0018, 0.0021, 0.0026, 0.0046,
       0.0046, 0.0061, 0.0063, 0.0082, 0.0089, 0.0095, 0.0105, 0.0125,
       0.0148, 0.0163, 0.0172, 0.0204, 0.0218, 0.0252, 0.0255, 0.0318,
       0.0335, 0.0362, 0.0371, 0.0425]), 'D_scores': array([10060.2675,  2193.8757,  1180.6947,   374.6664,   276.9811,
         236.0565,   185.9128,   105.9121,   105.1431,    79.5292,
          76.5482,    57.9939,    53.628 ,    50.0749,    44.8776,
          37.2178,    31.2033,    28.084 ,    26.5262,    22.0937,
          20.5679,    17.5314,    17.3017,    13.5114,    12.7307,
          11.6699,    11.3352,     9.6759])}",same_mean_diff_covariance,2
MY-small_mu,28,sigmoid,"{'gamma': 0.00152749548677943, 'coef0': 0.0}","sigmoid(coef0=0.0, gamma=0.00152749548677943)",0.7461538461538462,poly,"{'C': 0.5, 'gamma': 'scale', 'degree': 2, 'coef0': 1.0}","{'thetas': array([      0.    ,       0.    ,       0.    ,       0.0026,
             0.0046,       0.0081,       0.0103,       0.012 ,
             0.0143,       0.021 ,       0.0234,       0.0282,
             0.0373,       0.0433,       0.0506, 6908593.7626,
       6471616.6715, 5417276.0054, 5101194.9253, 4387772.2268,
       3813471.3733, 3607071.4729, 3170251.3747, 2939191.3866,
       2840121.1133,       0.0564, 2491758.9838, 2472006.5619]), 'lambdas': array([      0.    ,       0.    ,       0.    ,       0.0026,
             0.0046,       0.0081,       0.0103,       0.012 ,
             0.0143,       0.021 ,       0.0234,       0.0282,
             0.0373,       0.0433,       0.0506, 6908593.7626,
       6471616.6715, 5417276.0054, 5101194.9253, 4387772.2268,
       3813471.3733, 3607071.4729, 3170251.3747, 2939191.3866,
       2840121.1133,       0.0564, 2491758.9838, 2472006.5619]), 'D_scores': array([3.1858e+09, 2.6743e+09, 3.9242e+08, 1.8632e+02, 1.0463e+02,
       5.8848e+01, 4.5810e+01, 3.8944e+01, 3.2257e+01, 2.1337e+01,
       1.8977e+01, 1.5476e+01, 1.1265e+01, 9.4761e+00, 7.8987e+00,
       7.3742e+00, 7.3415e+00, 7.2527e+00, 7.2226e+00, 7.1475e+00,
       7.0773e+00, 7.0492e+00, 6.9847e+00, 6.9470e+00, 6.9297e+00,
       6.9289e+00, 6.8643e+00, 6.8603e+00])}",same_mean_diff_covariance,2
MY-small_mu,32,linear,{},linear,0.7384615384615385,rbf,"{'C': 2.0, 'gamma': 'scale'}","{'thetas': array([      0.    ,       0.    ,       0.    ,       0.0013,
             0.0023,       0.0026,       0.0061,       0.0065,
             0.0102,       0.0124,       0.0159,       0.0177,
             0.0186,       0.0231,       0.0241,       0.0268,
             0.0315,       0.0337,       0.0407,       0.0446,
             0.0495, 7408649.5599, 5517534.1953, 5033833.8686,
       4637135.7579, 4390831.0773, 3686095.9393, 3360494.3593,
       3103347.2978, 2629306.5478, 2509209.5873, 2488512.5218]), 'lambdas': array([      0.    ,       0.    ,       0.    ,       0.0013,
             0.0023,       0.0026,       0.0061,       0.0065,
             0.0102,       0.0124,       0.0159,       0.0177,
             0.0186,       0.0231,       0.0241,       0.0268,
             0.0315,       0.0337,       0.0407,       0.0446,
             0.0495, 7408649.5599, 5517534.1953, 5033833.8686,
       4637135.7579, 4390831.0773, 3686095.9393, 3360494.3593,
       3103347.2978, 2629306.5478, 2509209.5873, 2488512.5218]), 'D_scores': array([1.4455e+09, 1.1771e+09, 7.3203e+08, 3.7056e+02, 2.1459e+02,
       1.8529e+02, 7.9204e+01, 7.3592e+01, 4.6405e+01, 3.7662e+01,
       2.8864e+01, 2.5776e+01, 2.4434e+01, 1.9246e+01, 1.8409e+01,
       1.6343e+01, 1.3633e+01, 1.2668e+01, 1.0191e+01, 9.1576e+00,
       8.1084e+00, 7.4091e+00, 7.2618e+00, 7.2159e+00, 7.1748e+00,
       7.1475e+00, 7.0601e+00, 7.0140e+00, 6.9740e+00, 6.8911e+00,
       6.8678e+00, 6.8636e+00])}",same_mean_diff_covariance,2
MY-small_mu,32,rbf,{'gamma': 0.00152749548677943},rbf(gamma=0.00152749548677943),0.7,rbf,"{'C': 2.0, 'gamma': 0.5}","{'thetas': array([0.    , 0.0001, 0.0002, 0.0002, 0.0003, 0.0004, 0.0006, 0.0007,
       0.0008, 0.0009, 0.0014, 0.0015, 0.0019, 0.0022, 0.0025, 0.0027,
       0.0029, 0.003 , 0.0035, 0.0043, 0.0044, 0.0047, 0.0053, 0.0057,
       0.0062, 0.0065, 0.0069, 0.0078, 0.0085, 0.0098, 0.0105, 0.012 ]), 'lambdas': array([0.    , 0.0001, 0.0002, 0.0002, 0.0003, 0.0004, 0.0006, 0.0007,
       0.0008, 0.0009, 0.0014, 0.0015, 0.0019, 0.0022, 0.0025, 0.0027,
       0.0029, 0.003 , 0.0035, 0.0043, 0.0044, 0.0047, 0.0053, 0.0057,
       0.0062, 0.0065, 0.0069, 0.0078, 0.0085, 0.0098, 0.0105, 0.012 ]), 'D_scores': array([14431.7621,  5281.5878,  2579.4669,  2155.8068,  1740.1637,
        1286.425 ,   849.2636,   684.7381,   619.6449,   545.0988,
         342.2349,   326.8438,   263.4008,   225.1876,   196.4838,
         182.4411,   169.7165,   165.4768,   137.5417,   113.7755,
         109.7226,   102.1999,    91.391 ,    84.575 ,    77.2218,
          73.501 ,    68.9818,    61.152 ,    56.2546,    48.1963,
          44.6235,    38.8536])}",same_mean_diff_covariance,2
MY-small_mu,32,laplacian,{'gamma': 0.00152749548677943},laplacian(gamma=0.00152749548677943),0.676923076923077,rbf,"{'C': 2.0, 'gamma': 0.5}","{'thetas': array([0.    , 0.0001, 0.0002, 0.0003, 0.0005, 0.0006, 0.0007, 0.0009,
       0.0012, 0.0014, 0.0015, 0.0017, 0.0021, 0.0022, 0.0023, 0.0026,
       0.0026, 0.0027, 0.0031, 0.0036, 0.0042, 0.0048, 0.0051, 0.0057,
       0.0065, 0.0067, 0.0069, 0.0074, 0.0081, 0.009 , 0.0097, 0.0108]), 'lambdas': array([0.    , 0.0001, 0.0002, 0.0003, 0.0005, 0.0006, 0.0007, 0.0009,
       0.0012, 0.0014, 0.0015, 0.0017, 0.0021, 0.0022, 0.0023, 0.0026,
       0.0026, 0.0027, 0.0031, 0.0036, 0.0042, 0.0048, 0.0051, 0.0057,
       0.0065, 0.0067, 0.0069, 0.0074, 0.0081, 0.009 , 0.0097, 0.0108]), 'D_scores': array([11175.6528,  5895.4815,  3307.5186,  1886.4881,   926.2522,
         847.1902,   663.8892,   522.8064,   415.5552,   345.914 ,
         329.6269,   285.7544,   240.0474,   226.6459,   214.0113,
         190.7269,   188.9629,   182.1123,   160.5336,   137.2383,
         115.8376,   102.077 ,    94.9301,    84.1199,    74.0771,
          71.3763,    69.8682,    64.2303,    58.9501,    52.6529,
          48.6102,    43.6404])}",same_mean_diff_covariance,2
MY-small_mu,32,polynomial,"{'degree': 2, 'gamma': 0.00152749548677943, 'coef0': 1.0}","polynomial(coef0=1.0, degree=2, gamma=0.00152749548677943)",0.6230769230769231,rbf,"{'C': 2.0, 'gamma': 'scale'}","{'thetas': array([      0.0006,       0.001 ,       0.0014,       0.0023,
             0.0025,       0.0038,       0.0041,       0.0054,
             0.0072,       0.0084,       0.0105,       0.0112,
             0.0119,       0.0122,       0.0131,       0.0158,
             0.0184,       0.0197,       0.0212,       0.0232,
             0.0244,       0.0285,       0.0311,       0.0372,
             0.0404,       0.0428,       0.0439,       0.0507,
       1561816.1976,       0.0586,       0.0607,  470601.5975]), 'lambdas': array([      0.0006,       0.001 ,       0.0014,       0.0023,
             0.0025,       0.0038,       0.0041,       0.0054,
             0.0072,       0.0084,       0.0105,       0.0112,
             0.0119,       0.0122,       0.0131,       0.0158,
             0.0184,       0.0197,       0.0212,       0.0232,
             0.0244,       0.0285,       0.0311,       0.0372,
             0.0404,       0.0428,       0.0439,       0.0507,
       1561816.1976,       0.0586,       0.0607,  470601.5975]), 'D_scores': array([780.8414, 480.8373, 364.8349, 213.8896, 193.9409, 126.8873,
       120.1268,  90.2093,  66.6946,  56.921 ,  45.0142,  42.0026,
        39.2194,  38.1314,  35.484 ,  29.0916,  24.709 ,  22.912 ,
        21.1473,  19.1495,  18.0982,  15.2761,  13.8367,  11.3038,
        10.2724,   9.6187,   9.327 ,   7.8684,   6.6317,   6.6207,
         6.3395,   6.0309])}",same_mean_diff_covariance,2
MY-small_mu,32,sigmoid,"{'gamma': 0.00152749548677943, 'coef0': 0.0}","sigmoid(coef0=0.0, gamma=0.00152749548677943)",0.8692307692307693,poly,"{'C': 2.0, 'gamma': 'scale', 'degree': 2, 'coef0': 1.0}","{'thetas': array([      0.    ,       0.    ,       0.0031,       0.0095,
             0.0151,       0.0171,       0.0203,       0.0232,
             0.0289,       0.0316,       0.0387,       0.0427,
             0.0464, 7466930.8965, 5517588.9942, 4781199.1386,
       4549189.4225, 4079453.9232, 3683584.0449, 3241373.8074,
       2598149.2416, 2540051.484 , 2321136.2188, 2268820.3521,
       1983956.2927, 1760943.9851, 1649975.6242, 1517584.0754,
       1371380.2949, 1298940.7811, 1280147.2376, 1260810.6099]), 'lambdas': array([      0.    ,       0.    ,       0.0031,       0.0095,
             0.0151,       0.0171,       0.0203,       0.0232,
             0.0289,       0.0316,       0.0387,       0.0427,
             0.0464, 7466930.8965, 5517588.9942, 4781199.1386,
       4549189.4225, 4079453.9232, 3683584.0449, 3241373.8074,
       2598149.2416, 2540051.484 , 2321136.2188, 2268820.3521,
       1983956.2927, 1760943.9851, 1649975.6242, 1517584.0754,
       1371380.2949, 1298940.7811, 1280147.2376, 1260810.6099]), 'D_scores': array([3.5873e+09, 1.1255e+09, 1.5743e+02, 4.9907e+01, 3.0482e+01,
       2.6658e+01, 2.2242e+01, 1.9130e+01, 1.5018e+01, 1.3584e+01,
       1.0781e+01, 9.6438e+00, 8.7512e+00, 7.4130e+00, 7.2618e+00,
       7.1902e+00, 7.1652e+00, 7.1107e+00, 7.0599e+00, 6.9958e+00,
       6.8852e+00, 6.8738e+00, 6.8288e+00, 6.8174e+00, 6.7505e+00,
       6.6912e+00, 6.6582e+00, 6.6166e+00, 6.5657e+00, 6.5386e+00,
       6.5313e+00, 6.5240e+00])}",same_mean_diff_covariance,2
KFDA-1D,1,linear,{},linear,0.6923076923076923,rbf,"{'C': 1.0, 'gamma': 0.5}","{'top_lambda': 0.09364955195802582, 'd_norm': 129.9317134020658}",same_mean_diff_covariance,3
KFDA-1D,1,rbf,{'gamma': 0.001517371612859597},rbf(gamma=0.001517371612859597),0.5692307692307692,rbf,"{'C': 1.0, 'gamma': 'scale'}","{'top_lambda': 31344.900640418156, 'd_norm': 0.16263425035072593}",same_mean_diff_covariance,3
KFDA-1D,1,laplacian,{'gamma': 0.001517371612859597},laplacian(gamma=0.001517371612859597),0.6307692307692307,rbf,"{'C': 1.0, 'gamma': 'scale'}","{'top_lambda': 29570.593229021822, 'd_norm': 0.11649098027835367}",same_mean_diff_covariance,3
KFDA-1D,1,polynomial,"{'degree': 2, 'gamma': 0.001517371612859597, 'coef0': 1.0}","polynomial(coef0=1.0, degree=2, gamma=0.001517371612859597)",0.5076923076923077,poly,"{'C': 0.5, 'gamma': 'scale', 'degree': 2, 'coef0': 1.0}","{'top_lambda': 19528.880384826803, 'd_norm': 0.5852953524416656}",same_mean_diff_covariance,3
KFDA-1D,1,sigmoid,"{'gamma': 0.001517371612859597, 'coef0': 0.0}","sigmoid(coef0=0.0, gamma=0.001517371612859597)",0.3769230769230769,rbf,"{'C': 1.0, 'gamma': 'scale'}","{'top_lambda': 0.09348545004373318, 'd_norm': 0.1642340311649073}",same_mean_diff_covariance,3
MY-large_mu,1,linear,{},linear,0.6384615384615384,rbf,"{'C': 0.5, 'gamma': 'scale'}","{'thetas': array([0.]), 'lambdas': array([0.]), 'gvals': array([3.2999e+09])}",same_mean_diff_covariance,3
MY-large_mu,1,rbf,{'gamma': 0.001517371612859597},rbf(gamma=0.001517371612859597),0.5769230769230769,rbf,"{'C': 0.5, 'gamma': 'scale'}","{'thetas': array([0.]), 'lambdas': array([0.]), 'gvals': array([81802.3871])}",same_mean_diff_covariance,3
MY-large_mu,1,laplacian,{'gamma': 0.001517371612859597},laplacian(gamma=0.001517371612859597),0.5846153846153846,rbf,"{'C': 2.0, 'gamma': 'scale'}","{'thetas': array([0.]), 'lambdas': array([0.]), 'gvals': array([66893.3639])}",same_mean_diff_covariance,3
MY-large_mu,1,polynomial,"{'degree': 2, 'gamma': 0.001517371612859597, 'coef0': 1.0}","polynomial(coef0=1.0, degree=2, gamma=0.001517371612859597)",0.5923076923076923,rbf,"{'C': 2.0, 'gamma': 0.5}","{'thetas': array([0.0001]), 'lambdas': array([0.0001]), 'gvals': array([3352.1893])}",same_mean_diff_covariance,3
MY-large_mu,1,sigmoid,"{'gamma': 0.001517371612859597, 'coef0': 0.0}","sigmoid(coef0=0.0, gamma=0.001517371612859597)",0.6461538461538462,rbf,"{'C': 2.0, 'gamma': 'scale'}","{'thetas': array([0.]), 'lambdas': array([0.]), 'gvals': array([5.0039e+09])}",same_mean_diff_covariance,3
MY-large_mu,2,linear,{},linear,0.7461538461538462,rbf,"{'C': 2.0, 'gamma': 'scale'}","{'thetas': array([0., 0.]), 'lambdas': array([0., 0.]), 'gvals': array([2.2198e+09, 1.0980e+09])}",same_mean_diff_covariance,3
MY-large_mu,2,rbf,{'gamma': 0.001517371612859597},rbf(gamma=0.001517371612859597),0.6538461538461539,rbf,"{'C': 2.0, 'gamma': 'scale'}","{'thetas': array([0.    , 0.0001]), 'lambdas': array([0.    , 0.0001]), 'gvals': array([124173.4299,   4386.6037])}",same_mean_diff_covariance,3
MY-large_mu,2,laplacian,{'gamma': 0.001517371612859597},laplacian(gamma=0.001517371612859597),0.6153846153846154,rbf,"{'C': 2.0, 'gamma': 'scale'}","{'thetas': array([0.0001, 0.0002]), 'lambdas': array([0.0001, 0.0002]), 'gvals': array([7822.3708, 3271.8781])}",same_mean_diff_covariance,3
MY-large_mu,2,polynomial,"{'degree': 2, 'gamma': 0.001517371612859597, 'coef0': 1.0}","polynomial(coef0=1.0, degree=2, gamma=0.001517371612859597)",0.6,poly,"{'C': 0.5, 'gamma': 'scale', 'degree': 2, 'coef0': 1.0}","{'thetas': array([0.0001, 0.0006]), 'lambdas': array([0.0001, 0.0006]), 'gvals': array([3344.7174,  779.4547])}",same_mean_diff_covariance,3
MY-large_mu,2,sigmoid,"{'gamma': 0.001517371612859597, 'coef0': 0.0}","sigmoid(coef0=0.0, gamma=0.001517371612859597)",0.6384615384615384,poly,"{'C': 0.5, 'gamma': 'scale', 'degree': 2, 'coef0': 1.0}","{'thetas': array([0., 0.]), 'lambdas': array([0., 0.]), 'gvals': array([1.2543e+10, 1.4111e+09])}",same_mean_diff_covariance,3
MY-large_mu,3,linear,{},linear,0.6,rbf,"{'C': 0.5, 'gamma': 0.5}","{'thetas': array([0.    , 0.0008, 0.0026]), 'lambdas': array([0.    , 0.0008, 0.0026]), 'gvals': array([8.9557e+08, 6.5664e+02, 1.8797e+02])}",same_mean_diff_covariance,3
MY-large_mu,3,rbf,{'gamma': 0.001517371612859597},rbf(gamma=0.001517371612859597),0.6615384615384615,rbf,"{'C': 2.0, 'gamma': 0.5}","{'thetas': array([0.    , 0.0001, 0.0003]), 'lambdas': array([0.    , 0.0001, 0.0003]), 'gvals': array([49113.5808,  5777.6198,  1626.2975])}",same_mean_diff_covariance,3
MY-large_mu,3,laplacian,{'gamma': 0.001517371612859597},laplacian(gamma=0.001517371612859597),0.5538461538461539,rbf,"{'C': 1.0, 'gamma': 0.5}","{'thetas': array([0.    , 0.0001, 0.0001]), 'lambdas': array([0.    , 0.0001, 0.0001]), 'gvals': array([13863.5127,  8839.8177,  4650.9144])}",same_mean_diff_covariance,3
MY-large_mu,3,polynomial,"{'degree': 2, 'gamma': 0.001517371612859597, 'coef0': 1.0}","polynomial(coef0=1.0, degree=2, gamma=0.001517371612859597)",0.6384615384615384,rbf,"{'C': 1.0, 'gamma': 0.5}","{'thetas': array([0.0002, 0.0007, 0.0008]), 'lambdas': array([0.0002, 0.0007, 0.0008]), 'gvals': array([3199.8387,  722.063 ,  586.0862])}",same_mean_diff_covariance,3
MY-large_mu,3,sigmoid,"{'gamma': 0.001517371612859597, 'coef0': 0.0}","sigmoid(coef0=0.0, gamma=0.001517371612859597)",0.6384615384615384,rbf,"{'C': 1.0, 'gamma': 0.5}","{'thetas': array([0.    , 0.003 , 0.0052]), 'lambdas': array([0.    , 0.003 , 0.0052]), 'gvals': array([3.5795e+08, 1.6317e+02, 9.3397e+01])}",same_mean_diff_covariance,3
MY-large_mu,4,linear,{},linear,0.7153846153846154,rbf,"{'C': 1.0, 'gamma': 0.5}","{'thetas': array([0., 0., 0., 0.]), 'lambdas': array([0., 0., 0., 0.]), 'gvals': array([1.6144e+09, 9.1119e+08, 6.0809e+08, 3.7417e+08])}",same_mean_diff_covariance,3
MY-large_mu,4,rbf,{'gamma': 0.001517371612859597},rbf(gamma=0.001517371612859597),0.5615384615384615,rbf,"{'C': 2.0, 'gamma': 0.5}","{'thetas': array([0.    , 0.    , 0.0001, 0.0001]), 'lambdas': array([0.    , 0.    , 0.0001, 0.0001]), 'gvals': array([32115.1865, 10333.2155,  7053.3686,  6400.442 ])}",same_mean_diff_covariance,3
MY-large_mu,4,laplacian,{'gamma': 0.001517371612859597},laplacian(gamma=0.001517371612859597),0.5538461538461539,rbf,"{'C': 2.0, 'gamma': 0.5}","{'thetas': array([0.    , 0.0001, 0.0001, 0.0003]), 'lambdas': array([0.    , 0.0001, 0.0001, 0.0003]), 'gvals': array([29788.3326,  7093.6735,  3744.2561,  1614.7568])}",same_mean_diff_covariance,3
MY-large_mu,4,polynomial,"{'degree': 2, 'gamma': 0.001517371612859597, 'coef0': 1.0}","polynomial(coef0=1.0, degree=2, gamma=0.001517371612859597)",0.7076923076923077,rbf,"{'C': 1.0, 'gamma': 'scale'}","{'thetas': array([0.0005, 0.001 , 0.0015, 0.0021]), 'lambdas': array([0.0005, 0.001 , 0.0015, 0.0021]), 'gvals': array([1100.048 ,  493.46  ,  335.5873,  239.6464])}",same_mean_diff_covariance,3
MY-large_mu,4,sigmoid,"{'gamma': 0.001517371612859597, 'coef0': 0.0}","sigmoid(coef0=0.0, gamma=0.001517371612859597)",0.5692307692307692,rbf,"{'C': 0.5, 'gamma': 0.5}","{'thetas': array([0., 0., 0., 0.]), 'lambdas': array([0., 0., 0., 0.]), 'gvals': array([5.0587e+09, 3.0029e+09, 2.0424e+09, 1.1595e+09])}",same_mean_diff_covariance,3
MY-large_mu,5,linear,{},linear,0.6230769230769231,rbf,"{'C': 0.5, 'gamma': 0.5}","{'thetas': array([0.    , 0.    , 0.    , 0.0006, 0.0016]), 'lambdas': array([0.    , 0.    , 0.    , 0.0006, 0.0016]), 'gvals': array([6.9191e+08, 4.9322e+08, 4.8137e+08, 8.8780e+02, 3.1304e+02])}",same_mean_diff_covariance,3
MY-large_mu,5,rbf,{'gamma': 0.001517371612859597},rbf(gamma=0.001517371612859597),0.5769230769230769,rbf,"{'C': 2.0, 'gamma': 0.5}","{'thetas': array([0.    , 0.    , 0.0001, 0.0002, 0.0002]), 'lambdas': array([0.    , 0.    , 0.0001, 0.0002, 0.0002]), 'gvals': array([30209.4834, 16313.7102,  5601.1739,  2815.2274,  2493.6872])}",same_mean_diff_covariance,3
MY-large_mu,5,laplacian,{'gamma': 0.001517371612859597},laplacian(gamma=0.001517371612859597),0.5846153846153846,rbf,"{'C': 2.0, 'gamma': 0.5}","{'thetas': array([0.    , 0.0002, 0.0002, 0.0003, 0.0004]), 'lambdas': array([0.    , 0.0002, 0.0002, 0.0003, 0.0004]), 'gvals': array([12729.1913,  2900.2302,  2322.8094,  1681.7531,  1242.2024])}",same_mean_diff_covariance,3
MY-large_mu,5,polynomial,"{'degree': 2, 'gamma': 0.001517371612859597, 'coef0': 1.0}","polynomial(coef0=1.0, degree=2, gamma=0.001517371612859597)",0.6307692307692307,rbf,"{'C': 0.5, 'gamma': 0.5}","{'thetas': array([0.0003, 0.0006, 0.0007, 0.0015, 0.0018]), 'lambdas': array([0.0003, 0.0006, 0.0007, 0.0015, 0.0018]), 'gvals': array([1616.5681,  813.8434,  680.0917,  330.2633,  272.9704])}",same_mean_diff_covariance,3
MY-large_mu,5,sigmoid,"{'gamma': 0.001517371612859597, 'coef0': 0.0}","sigmoid(coef0=0.0, gamma=0.001517371612859597)",0.6692307692307692,rbf,"{'C': 0.5, 'gamma': 0.5}","{'thetas': array([0.    , 0.    , 0.0003, 0.0054, 0.0081]), 'lambdas': array([0.    , 0.    , 0.0003, 0.0054, 0.0081]), 'gvals': array([3.5623e+09, 9.4219e+08, 1.4545e+03, 9.0059e+01, 5.8814e+01])}",same_mean_diff_covariance,3
MY-large_mu,6,linear,{},linear,0.5769230769230769,rbf,"{'C': 0.5, 'gamma': 'scale'}","{'thetas': array([0.    , 0.    , 0.    , 0.    , 0.0011, 0.0016]), 'lambdas': array([0.    , 0.    , 0.    , 0.    , 0.0011, 0.0016]), 'gvals': array([1.4726e+09, 6.2299e+08, 6.0395e+08, 2.9739e+08, 4.6595e+02,
       3.1785e+02])}",same_mean_diff_covariance,3
MY-large_mu,6,rbf,{'gamma': 0.001517371612859597},rbf(gamma=0.001517371612859597),0.5769230769230769,rbf,"{'C': 2.0, 'gamma': 0.5}","{'thetas': array([0.    , 0.    , 0.0001, 0.0001, 0.0002, 0.0002]), 'lambdas': array([0.    , 0.    , 0.0001, 0.0001, 0.0002, 0.0002]), 'gvals': array([101112.8013,  26326.2769,   7833.5506,   4211.1507,   2492.9107,
         2078.2749])}",same_mean_diff_covariance,3
MY-large_mu,6,laplacian,{'gamma': 0.001517371612859597},laplacian(gamma=0.001517371612859597),0.5923076923076923,rbf,"{'C': 2.0, 'gamma': 0.5}","{'thetas': array([0.    , 0.0001, 0.0001, 0.0002, 0.0003, 0.0005]), 'lambdas': array([0.    , 0.0001, 0.0001, 0.0002, 0.0003, 0.0005]), 'gvals': array([10285.7107,  5790.2547,  3739.5936,  2673.5622,  1762.7388,
        1089.1824])}",same_mean_diff_covariance,3
MY-large_mu,6,polynomial,"{'degree': 2, 'gamma': 0.001517371612859597, 'coef0': 1.0}","polynomial(coef0=1.0, degree=2, gamma=0.001517371612859597)",0.6384615384615384,rbf,"{'C': 2.0, 'gamma': 0.5}","{'thetas': array([0.0003, 0.0015, 0.0016, 0.002 , 0.0026, 0.0033]), 'lambdas': array([0.0003, 0.0015, 0.0016, 0.002 , 0.0026, 0.0033]), 'gvals': array([1705.4768,  330.8241,  313.5019,  247.3316,  191.1105,  149.2228])}",same_mean_diff_covariance,3
MY-large_mu,6,sigmoid,"{'gamma': 0.001517371612859597, 'coef0': 0.0}","sigmoid(coef0=0.0, gamma=0.001517371612859597)",0.5923076923076923,rbf,"{'C': 0.5, 'gamma': 0.5}","{'thetas': array([0.    , 0.    , 0.    , 0.    , 0.0006, 0.004 ]), 'lambdas': array([0.    , 0.    , 0.    , 0.    , 0.0006, 0.004 ]), 'gvals': array([1.6672e+09, 1.5013e+09, 2.5912e+08, 1.6273e+08, 8.1931e+02,
       1.2043e+02])}",same_mean_diff_covariance,3
MY-large_mu,7,linear,{},linear,0.6076923076923076,rbf,"{'C': 0.5, 'gamma': 'scale'}","{'thetas': array([0.    , 0.    , 0.0012, 0.0014, 0.0026, 0.0042, 0.0055]), 'lambdas': array([0.    , 0.    , 0.0012, 0.0014, 0.0026, 0.0042, 0.0055]), 'gvals': array([2.6526e+09, 3.4544e+08, 4.0841e+02, 3.5269e+02, 1.9159e+02,
       1.1682e+02, 8.8254e+01])}",same_mean_diff_covariance,3
MY-large_mu,7,rbf,{'gamma': 0.001517371612859597},rbf(gamma=0.001517371612859597),0.5846153846153846,rbf,"{'C': 2.0, 'gamma': 0.5}","{'thetas': array([0.    , 0.0001, 0.0002, 0.0003, 0.0004, 0.0005, 0.0006]), 'lambdas': array([0.    , 0.0001, 0.0002, 0.0003, 0.0004, 0.0005, 0.0006]), 'gvals': array([24999.3199,  8637.6821,  3054.7901,  1651.7867,  1399.2914,
         934.8571,   789.863 ])}",same_mean_diff_covariance,3
MY-large_mu,7,laplacian,{'gamma': 0.001517371612859597},laplacian(gamma=0.001517371612859597),0.5923076923076923,rbf,"{'C': 2.0, 'gamma': 0.5}","{'thetas': array([0.0001, 0.0002, 0.0003, 0.0003, 0.0004, 0.0006, 0.0007]), 'lambdas': array([0.0001, 0.0002, 0.0003, 0.0003, 0.0004, 0.0006, 0.0007]), 'gvals': array([3977.5203, 2349.8843, 1830.1179, 1649.7153, 1362.1997,  898.8028,
        755.0217])}",same_mean_diff_covariance,3
MY-large_mu,7,polynomial,"{'degree': 2, 'gamma': 0.001517371612859597, 'coef0': 1.0}","polynomial(coef0=1.0, degree=2, gamma=0.001517371612859597)",0.6538461538461539,rbf,"{'C': 2.0, 'gamma': 0.5}","{'thetas': array([0.0001, 0.0004, 0.001 , 0.0015, 0.0022, 0.0025, 0.0028]), 'lambdas': array([0.0001, 0.0004, 0.001 , 0.0015, 0.0022, 0.0025, 0.0028]), 'gvals': array([3903.5771, 1383.2882,  514.8665,  327.8828,  225.0071,  197.8736,
        172.3413])}",same_mean_diff_covariance,3
MY-large_mu,7,sigmoid,"{'gamma': 0.001517371612859597, 'coef0': 0.0}","sigmoid(coef0=0.0, gamma=0.001517371612859597)",0.6076923076923076,rbf,"{'C': 2.0, 'gamma': 0.5}","{'thetas': array([0.    , 0.    , 0.    , 0.    , 0.    , 0.    , 0.0028]), 'lambdas': array([0.    , 0.    , 0.    , 0.    , 0.    , 0.    , 0.0028]), 'gvals': array([1.3007e+10, 9.2111e+08, 6.8127e+08, 6.7401e+08, 6.3795e+08,
       5.2193e+08, 1.7662e+02])}",same_mean_diff_covariance,3
MY-large_mu,8,linear,{},linear,0.6923076923076923,rbf,"{'C': 0.5, 'gamma': 'scale'}","{'thetas': array([0.    , 0.    , 0.    , 0.0001, 0.0014, 0.0027, 0.0047, 0.0058]), 'lambdas': array([0.    , 0.    , 0.    , 0.0001, 0.0014, 0.0027, 0.0047, 0.0058]), 'gvals': array([9.1633e+08, 4.9807e+08, 3.3005e+08, 3.6581e+03, 3.5179e+02,
       1.8415e+02, 1.0250e+02, 8.3627e+01])}",same_mean_diff_covariance,3
MY-large_mu,8,rbf,{'gamma': 0.001517371612859597},rbf(gamma=0.001517371612859597),0.6461538461538462,rbf,"{'C': 2.0, 'gamma': 0.5}","{'thetas': array([0.    , 0.0002, 0.0003, 0.0003, 0.0004, 0.0005, 0.0007, 0.0008]), 'lambdas': array([0.    , 0.0002, 0.0003, 0.0003, 0.0004, 0.0005, 0.0007, 0.0008]), 'gvals': array([74085.245 ,  3128.0851,  1835.0963,  1658.6866,  1242.288 ,
        1009.1896,   699.4507,   647.7674])}",same_mean_diff_covariance,3
MY-large_mu,8,laplacian,{'gamma': 0.001517371612859597},laplacian(gamma=0.001517371612859597),0.6846153846153846,rbf,"{'C': 2.0, 'gamma': 0.5}","{'thetas': array([0.    , 0.0001, 0.0001, 0.0002, 0.0004, 0.0005, 0.0005, 0.0006]), 'lambdas': array([0.    , 0.0001, 0.0001, 0.0002, 0.0004, 0.0005, 0.0005, 0.0006]), 'gvals': array([58272.8258,  4517.9955,  4078.7965,  2864.1372,  1154.7906,
        1076.7107,   961.3525,   782.4239])}",same_mean_diff_covariance,3
MY-large_mu,8,polynomial,"{'degree': 2, 'gamma': 0.001517371612859597, 'coef0': 1.0}","polynomial(coef0=1.0, degree=2, gamma=0.001517371612859597)",0.7,rbf,"{'C': 2.0, 'gamma': 'scale'}","{'thetas': array([0.    , 0.0005, 0.0013, 0.0016, 0.0025, 0.0029, 0.0042, 0.0047]), 'lambdas': array([0.    , 0.0005, 0.0013, 0.0016, 0.0025, 0.0029, 0.0042, 0.0047]), 'gvals': array([135082.5152,   1082.94  ,    391.8314,    303.5004,    195.2518,
          168.2539,    116.2285,    103.0909])}",same_mean_diff_covariance,3
MY-large_mu,8,sigmoid,"{'gamma': 0.001517371612859597, 'coef0': 0.0}","sigmoid(coef0=0.0, gamma=0.001517371612859597)",0.6846153846153846,rbf,"{'C': 1.0, 'gamma': 0.5}","{'thetas': array([0.    , 0.    , 0.    , 0.0042, 0.0059, 0.0089, 0.0116, 0.0172]), 'lambdas': array([0.    , 0.    , 0.    , 0.0042, 0.0059, 0.0089, 0.0116, 0.0172]), 'gvals': array([2.4507e+09, 1.9937e+09, 1.1684e+09, 1.1564e+02, 8.2208e+01,
       5.3181e+01, 4.0510e+01, 2.6583e+01])}",same_mean_diff_covariance,3
MY-large_mu,10,linear,{},linear,0.7307692307692307,rbf,"{'C': 2.0, 'gamma': 'scale'}","{'thetas': array([0.    , 0.0003, 0.0018, 0.0036, 0.0056, 0.0082, 0.0102, 0.0115,
       0.0134, 0.0174]), 'lambdas': array([0.    , 0.0003, 0.0018, 0.0036, 0.0056, 0.0082, 0.0102, 0.0115,
       0.0134, 0.0174]), 'gvals': array([3.5978e+08, 1.8328e+03, 2.8061e+02, 1.3390e+02, 8.5936e+01,
       5.7943e+01, 4.6377e+01, 4.0845e+01, 3.4666e+01, 2.6166e+01])}",same_mean_diff_covariance,3
MY-large_mu,10,rbf,{'gamma': 0.001517371612859597},rbf(gamma=0.001517371612859597),0.6615384615384615,rbf,"{'C': 2.0, 'gamma': 0.5}","{'thetas': array([0.    , 0.0001, 0.0002, 0.0004, 0.0004, 0.0006, 0.0008, 0.0009,
       0.001 , 0.0012]), 'lambdas': array([0.    , 0.0001, 0.0002, 0.0004, 0.0004, 0.0006, 0.0008, 0.0009,
       0.001 , 0.0012]), 'gvals': array([10454.7026,  7678.0062,  2588.837 ,  1345.1333,  1136.1923,
         792.0674,   591.2881,   573.5426,   475.9892,   419.2842])}",same_mean_diff_covariance,3
MY-large_mu,10,laplacian,{'gamma': 0.001517371612859597},laplacian(gamma=0.001517371612859597),0.6923076923076923,rbf,"{'C': 2.0, 'gamma': 0.5}","{'thetas': array([0.0001, 0.0002, 0.0002, 0.0002, 0.0003, 0.0004, 0.0006, 0.0007,
       0.0009, 0.0011]), 'lambdas': array([0.0001, 0.0002, 0.0002, 0.0002, 0.0003, 0.0004, 0.0006, 0.0007,
       0.0009, 0.0011]), 'gvals': array([6253.649 , 2818.5918, 2368.8004, 2201.7345, 1640.8762, 1260.2482,
        859.2999,  663.723 ,  567.7505,  449.9314])}",same_mean_diff_covariance,3
MY-large_mu,10,polynomial,"{'degree': 2, 'gamma': 0.001517371612859597, 'coef0': 1.0}","polynomial(coef0=1.0, degree=2, gamma=0.001517371612859597)",0.676923076923077,rbf,"{'C': 0.5, 'gamma': 0.5}","{'thetas': array([0.0002, 0.0004, 0.0014, 0.0016, 0.0022, 0.0023, 0.0031, 0.0045,
       0.0051, 0.0062]), 'lambdas': array([0.0002, 0.0004, 0.0014, 0.0016, 0.0022, 0.0023, 0.0031, 0.0045,
       0.0051, 0.0062]), 'gvals': array([2600.6855, 1313.2478,  349.9565,  308.7489,  227.9345,  216.0489,
        157.937 ,  108.527 ,   94.5185,   77.2235])}",same_mean_diff_covariance,3
MY-large_mu,10,sigmoid,"{'gamma': 0.001517371612859597, 'coef0': 0.0}","sigmoid(coef0=0.0, gamma=0.001517371612859597)",0.6846153846153846,poly,"{'C': 1.0, 'gamma': 'scale', 'degree': 2, 'coef0': 1.0}","{'thetas': array([0.    , 0.0002, 0.0018, 0.0066, 0.0098, 0.0128, 0.015 , 0.0236,
       0.0298, 0.0352]), 'lambdas': array([0.    , 0.0002, 0.0018, 0.0066, 0.0098, 0.0128, 0.015 , 0.0236,
       0.0298, 0.0352]), 'gvals': array([1.3815e+09, 3.2675e+03, 2.7014e+02, 7.3031e+01, 4.7975e+01,
       3.6377e+01, 3.0658e+01, 1.8773e+01, 1.4546e+01, 1.2035e+01])}",same_mean_diff_covariance,3
MY-large_mu,12,linear,{},linear,0.6307692307692307,rbf,"{'C': 1.0, 'gamma': 'scale'}","{'thetas': array([0.    , 0.    , 0.    , 0.0029, 0.0036, 0.0048, 0.0061, 0.0125,
       0.0139, 0.0164, 0.0172, 0.0224]), 'lambdas': array([0.    , 0.    , 0.    , 0.0029, 0.0036, 0.0048, 0.0061, 0.0125,
       0.0139, 0.0164, 0.0172, 0.0224]), 'gvals': array([1.1656e+09, 3.5824e+08, 2.6490e+08, 1.6749e+02, 1.3620e+02,
       1.0025e+02, 7.9036e+01, 3.7291e+01, 3.3449e+01, 2.7992e+01,
       2.6548e+01, 1.9941e+01])}",same_mean_diff_covariance,3
MY-large_mu,12,rbf,{'gamma': 0.001517371612859597},rbf(gamma=0.001517371612859597),0.7076923076923077,rbf,"{'C': 2.0, 'gamma': 0.5}","{'thetas': array([0.    , 0.    , 0.0001, 0.0003, 0.0003, 0.0004, 0.0005, 0.0005,
       0.001 , 0.0011, 0.0013, 0.0014]), 'lambdas': array([0.    , 0.    , 0.0001, 0.0003, 0.0003, 0.0004, 0.0005, 0.0005,
       0.001 , 0.0011, 0.0013, 0.0014]), 'gvals': array([34937.0981, 10867.5643,  6150.1472,  1915.1427,  1672.9101,
        1364.6061,  1051.2942,   949.4995,   515.9822,   434.1308,
         394.339 ,   348.0925])}",same_mean_diff_covariance,3
MY-large_mu,12,laplacian,{'gamma': 0.001517371612859597},laplacian(gamma=0.001517371612859597),0.676923076923077,rbf,"{'C': 2.0, 'gamma': 0.5}","{'thetas': array([0.    , 0.0001, 0.0002, 0.0002, 0.0003, 0.0005, 0.0006, 0.0007,
       0.0008, 0.0009, 0.001 , 0.0013]), 'lambdas': array([0.    , 0.0001, 0.0002, 0.0002, 0.0003, 0.0005, 0.0006, 0.0007,
       0.0008, 0.0009, 0.001 , 0.0013]), 'gvals': array([28209.2555,  4739.37  ,  2631.0659,  2124.4095,  1682.004 ,
        1036.8859,   799.7543,   686.7599,   600.1036,   523.1983,
         499.2263,   394.1227])}",same_mean_diff_covariance,3
MY-large_mu,12,polynomial,"{'degree': 2, 'gamma': 0.001517371612859597, 'coef0': 1.0}","polynomial(coef0=1.0, degree=2, gamma=0.001517371612859597)",0.6615384615384615,rbf,"{'C': 1.0, 'gamma': 0.5}","{'thetas': array([0.0002, 0.0006, 0.0016, 0.0016, 0.0025, 0.0031, 0.0036, 0.0045,
       0.0061, 0.0081, 0.0092, 0.0101]), 'lambdas': array([0.0002, 0.0006, 0.0016, 0.0016, 0.0025, 0.0031, 0.0036, 0.0045,
       0.0061, 0.0081, 0.0092, 0.0101]), 'gvals': array([2422.099 ,  862.8169,  307.9599,  301.4748,  194.6198,  160.1153,
        135.566 ,  106.7839,   78.8611,   58.6306,   51.6261,   46.4958])}",same_mean_diff_covariance,3
MY-large_mu,12,sigmoid,"{'gamma': 0.001517371612859597, 'coef0': 0.0}","sigmoid(coef0=0.0, gamma=0.001517371612859597)",0.6307692307692307,rbf,"{'C': 0.5, 'gamma': 'scale'}","{'thetas': array([0.    , 0.0012, 0.0024, 0.0043, 0.0114, 0.0164, 0.0206, 0.0224,
       0.0271, 0.0313, 0.0331, 0.0397]), 'lambdas': array([0.    , 0.0012, 0.0024, 0.0043, 0.0114, 0.0164, 0.0206, 0.0224,
       0.0271, 0.0313, 0.0331, 0.0397]), 'gvals': array([1.6126e+09, 4.3045e+02, 2.0696e+02, 1.1326e+02, 4.0961e+01,
       2.7891e+01, 2.1856e+01, 1.9908e+01, 1.6158e+01, 1.3726e+01,
       1.2893e+01, 1.0485e+01])}",same_mean_diff_covariance,3
MY-large_mu,14,linear,{},linear,0.6692307692307692,rbf,"{'C': 1.0, 'gamma': 0.5}","{'thetas': array([0.    , 0.    , 0.0001, 0.0015, 0.0025, 0.005 , 0.0059, 0.0092,
       0.0119, 0.0145, 0.0153, 0.0166, 0.0209, 0.0215]), 'lambdas': array([0.    , 0.    , 0.0001, 0.0015, 0.0025, 0.005 , 0.0059, 0.0092,
       0.0119, 0.0145, 0.0153, 0.0166, 0.0209, 0.0215]), 'gvals': array([2.2432e+09, 4.2678e+08, 5.0014e+03, 3.2753e+02, 2.0044e+02,
       9.6373e+01, 8.2373e+01, 5.1279e+01, 3.9347e+01, 3.1849e+01,
       3.0117e+01, 2.7489e+01, 2.1522e+01, 2.0842e+01])}",same_mean_diff_covariance,3
MY-large_mu,14,rbf,{'gamma': 0.001517371612859597},rbf(gamma=0.001517371612859597),0.676923076923077,rbf,"{'C': 2.0, 'gamma': 0.5}","{'thetas': array([0.    , 0.0001, 0.0001, 0.0002, 0.0003, 0.0003, 0.0005, 0.0006,
       0.0009, 0.001 , 0.0012, 0.0014, 0.0016, 0.0018]), 'lambdas': array([0.    , 0.0001, 0.0001, 0.0002, 0.0003, 0.0003, 0.0005, 0.0006,
       0.0009, 0.001 , 0.0012, 0.0014, 0.0016, 0.0018]), 'gvals': array([24376.0825,  6862.9934,  5384.7066,  3022.8083,  1896.9127,
        1497.382 ,   960.9788,   837.098 ,   556.7024,   476.7551,
         403.9849,   345.2996,   304.151 ,   271.5735])}",same_mean_diff_covariance,3
MY-large_mu,14,laplacian,{'gamma': 0.001517371612859597},laplacian(gamma=0.001517371612859597),0.6307692307692307,rbf,"{'C': 0.5, 'gamma': 0.5}","{'thetas': array([0.    , 0.0001, 0.0001, 0.0002, 0.0003, 0.0004, 0.0005, 0.0006,
       0.0008, 0.001 , 0.0012, 0.0015, 0.0017, 0.0019]), 'lambdas': array([0.    , 0.0001, 0.0001, 0.0002, 0.0003, 0.0004, 0.0005, 0.0006,
       0.0008, 0.001 , 0.0012, 0.0015, 0.0017, 0.0019]), 'gvals': array([18032.6219,  7908.5339,  6408.5944,  2774.0651,  1428.9713,
        1141.6339,  1093.0688,   829.2741,   594.8817,   476.7394,
         412.4016,   323.424 ,   287.539 ,   262.2221])}",same_mean_diff_covariance,3
MY-large_mu,14,polynomial,"{'degree': 2, 'gamma': 0.001517371612859597, 'coef0': 1.0}","polynomial(coef0=1.0, degree=2, gamma=0.001517371612859597)",0.7,rbf,"{'C': 0.5, 'gamma': 0.5}","{'thetas': array([0.0001, 0.0007, 0.0011, 0.0014, 0.0027, 0.0039, 0.0046, 0.0059,
       0.0072, 0.0077, 0.0092, 0.0098, 0.012 , 0.0129]), 'lambdas': array([0.0001, 0.0007, 0.0011, 0.0014, 0.0027, 0.0039, 0.0046, 0.0059,
       0.0072, 0.0077, 0.0092, 0.0098, 0.012 , 0.0129]), 'gvals': array([4319.226 ,  681.0922,  460.9509,  351.763 ,  184.9935,  126.4486,
        104.3705,   81.3527,   66.3555,   61.7886,   51.6283,   48.0689,
         39.0475,   36.0961])}",same_mean_diff_covariance,3
MY-large_mu,14,sigmoid,"{'gamma': 0.001517371612859597, 'coef0': 0.0}","sigmoid(coef0=0.0, gamma=0.001517371612859597)",0.7307692307692307,poly,"{'C': 2.0, 'gamma': 'scale', 'degree': 2, 'coef0': 1.0}","{'thetas': array([      0.    ,       0.    ,       0.0029,       0.0052,
             0.0103,       0.0189,       0.0197,       0.0263,
             0.029 ,       0.0323,       0.0379,       0.0508,
       7359960.9405, 6328330.1823]), 'lambdas': array([      0.    ,       0.    ,       0.0029,       0.0052,
             0.0103,       0.0189,       0.0197,       0.0263,
             0.029 ,       0.0323,       0.0379,       0.0508,
       7359960.9405, 6328330.1823]), 'gvals': array([9.5139e+09, 2.3943e+09, 1.7010e+02, 9.3283e+01, 4.5748e+01,
       2.4012e+01, 2.2957e+01, 1.6674e+01, 1.4991e+01, 1.3283e+01,
       1.1046e+01, 7.8442e+00, 7.4058e+00, 7.3303e+00])}",same_mean_diff_covariance,3
MY-large_mu,16,linear,{},linear,0.7,rbf,"{'C': 2.0, 'gamma': 'scale'}","{'thetas': array([0.    , 0.0029, 0.0054, 0.0061, 0.008 , 0.0112, 0.0141, 0.0146,
       0.0152, 0.0186, 0.0264, 0.0297, 0.0333, 0.0362, 0.0407, 0.0446]), 'lambdas': array([0.    , 0.0029, 0.0054, 0.0061, 0.008 , 0.0112, 0.0141, 0.0146,
       0.0152, 0.0186, 0.0264, 0.0297, 0.0333, 0.0362, 0.0407, 0.0446]), 'gvals': array([9.1517e+09, 1.6687e+02, 9.0008e+01, 7.8849e+01, 5.9594e+01,
       4.1767e+01, 3.2714e+01, 3.1665e+01, 3.0348e+01, 2.4460e+01,
       1.6634e+01, 1.4550e+01, 1.2831e+01, 1.1637e+01, 1.0171e+01,
       9.1656e+00])}",same_mean_diff_covariance,3
MY-large_mu,16,rbf,{'gamma': 0.001517371612859597},rbf(gamma=0.001517371612859597),0.6307692307692307,rbf,"{'C': 2.0, 'gamma': 0.5}","{'thetas': array([0.    , 0.    , 0.0001, 0.0002, 0.0003, 0.0004, 0.0005, 0.0006,
       0.0007, 0.001 , 0.0011, 0.0013, 0.0015, 0.0018, 0.0021, 0.0024]), 'lambdas': array([0.    , 0.    , 0.0001, 0.0002, 0.0003, 0.0004, 0.0005, 0.0006,
       0.0007, 0.001 , 0.0011, 0.0013, 0.0015, 0.0018, 0.0021, 0.0024]), 'gvals': array([395972.2146,  10770.2149,   4554.9391,   2407.6073,   1637.7634,
         1241.2517,   1081.7003,    845.8949,    734.0452,    519.5603,
          442.9866,    382.2547,    338.1911,    267.0763,    230.1281,
          204.2793])}",same_mean_diff_covariance,3
MY-large_mu,16,laplacian,{'gamma': 0.001517371612859597},laplacian(gamma=0.001517371612859597),0.6384615384615384,rbf,"{'C': 1.0, 'gamma': 0.5}","{'thetas': array([0.    , 0.0001, 0.0002, 0.0004, 0.0005, 0.0008, 0.0008, 0.0009,
       0.001 , 0.0011, 0.0013, 0.0016, 0.0017, 0.0018, 0.0022, 0.0026]), 'lambdas': array([0.    , 0.0001, 0.0002, 0.0004, 0.0005, 0.0008, 0.0008, 0.0009,
       0.001 , 0.0011, 0.0013, 0.0016, 0.0017, 0.0018, 0.0022, 0.0026]), 'gvals': array([33109.6758,  6155.8521,  2155.1259,  1352.9422,   968.904 ,
         621.0852,   593.4739,   559.6709,   496.7178,   434.738 ,
         367.8291,   316.8796,   286.1926,   269.8142,   221.1834,
         187.7436])}",same_mean_diff_covariance,3
MY-large_mu,16,polynomial,"{'degree': 2, 'gamma': 0.001517371612859597, 'coef0': 1.0}","polynomial(coef0=1.0, degree=2, gamma=0.001517371612859597)",0.7076923076923077,rbf,"{'C': 0.5, 'gamma': 0.5}","{'thetas': array([0.0004, 0.0006, 0.0016, 0.0022, 0.0023, 0.0036, 0.004 , 0.0062,
       0.0068, 0.0082, 0.0093, 0.0112, 0.0116, 0.0122, 0.0154, 0.0169]), 'lambdas': array([0.0004, 0.0006, 0.0016, 0.0022, 0.0023, 0.0036, 0.004 , 0.0062,
       0.0068, 0.0082, 0.0093, 0.0112, 0.0116, 0.0122, 0.0154, 0.0169]), 'gvals': array([1193.8498,  825.1075,  310.4665,  226.0722,  211.5635,  137.0725,
        122.1719,   77.3029,   71.0197,   57.8749,   50.9616,   41.7099,
         40.3856,   38.2479,   29.8088,   26.9944])}",same_mean_diff_covariance,3
MY-large_mu,16,sigmoid,"{'gamma': 0.001517371612859597, 'coef0': 0.0}","sigmoid(coef0=0.0, gamma=0.001517371612859597)",0.7461538461538462,poly,"{'C': 2.0, 'gamma': 'scale', 'degree': 2, 'coef0': 1.0}","{'thetas': array([      0.    ,       0.0012,       0.0036,       0.0054,
             0.0094,       0.0144,       0.0186,       0.0215,
             0.0283,       0.0385,       0.0453,       0.0538,
       6042833.2498, 5672762.1044, 4716117.6945, 4235676.3727]), 'lambdas': array([      0.    ,       0.0012,       0.0036,       0.0054,
             0.0094,       0.0144,       0.0186,       0.0215,
             0.0283,       0.0385,       0.0453,       0.0538,
       6042833.2498, 5672762.1044, 4716117.6945, 4235676.3727]), 'gvals': array([8.0798e+08, 4.2500e+02, 1.3502e+02, 9.0225e+01, 5.0319e+01,
       3.2007e+01, 2.4459e+01, 2.0789e+01, 1.5372e+01, 1.0873e+01,
       8.9810e+00, 7.3350e+00, 7.3072e+00, 7.2756e+00, 7.1832e+00,
       7.1295e+00])}",same_mean_diff_covariance,3
MY-large_mu,20,linear,{},linear,0.7230769230769231,rbf,"{'C': 2.0, 'gamma': 'scale'}","{'thetas': array([0.    , 0.    , 0.    , 0.0007, 0.0022, 0.004 , 0.005 , 0.0072,
       0.0087, 0.0111, 0.0117, 0.0151, 0.0184, 0.0195, 0.0244, 0.027 ,
       0.0318, 0.0336, 0.0367, 0.0428]), 'lambdas': array([0.    , 0.    , 0.    , 0.0007, 0.0022, 0.004 , 0.005 , 0.0072,
       0.0087, 0.0111, 0.0117, 0.0151, 0.0184, 0.0195, 0.0244, 0.027 ,
       0.0318, 0.0336, 0.0367, 0.0428]), 'gvals': array([2.2100e+10, 3.8825e+09, 3.2602e+09, 7.5212e+02, 2.2493e+02,
       1.2112e+02, 9.6730e+01, 6.6510e+01, 5.4822e+01, 4.2471e+01,
       4.0155e+01, 3.0614e+01, 2.4721e+01, 2.3223e+01, 1.8128e+01,
       1.6226e+01, 1.3511e+01, 1.2667e+01, 1.1485e+01, 9.6132e+00])}",same_mean_diff_covariance,3
MY-large_mu,20,rbf,{'gamma': 0.001517371612859597},rbf(gamma=0.001517371612859597),0.676923076923077,rbf,"{'C': 1.0, 'gamma': 0.5}","{'thetas': array([0.    , 0.0001, 0.0001, 0.0003, 0.0005, 0.0006, 0.0007, 0.0009,
       0.0011, 0.0013, 0.0015, 0.0017, 0.002 , 0.0022, 0.0025, 0.0027,
       0.003 , 0.0034, 0.0037, 0.0039]), 'lambdas': array([0.    , 0.0001, 0.0001, 0.0003, 0.0005, 0.0006, 0.0007, 0.0009,
       0.0011, 0.0013, 0.0015, 0.0017, 0.002 , 0.0022, 0.0025, 0.0027,
       0.003 , 0.0034, 0.0037, 0.0039]), 'gvals': array([18868.323 ,  4278.276 ,  3670.9758,  1430.0044,  1022.8954,
         768.6683,   678.9591,   578.722 ,   442.8203,   379.848 ,
         337.8359,   291.4444,   243.3502,   226.2115,   197.8507,
         179.526 ,   162.9149,   143.7724,   133.3393,   126.1881])}",same_mean_diff_covariance,3
MY-large_mu,20,laplacian,{'gamma': 0.001517371612859597},laplacian(gamma=0.001517371612859597),0.7153846153846154,rbf,"{'C': 2.0, 'gamma': 0.5}","{'thetas': array([0.    , 0.0001, 0.0001, 0.0002, 0.0003, 0.0005, 0.0005, 0.0007,
       0.0009, 0.0011, 0.0012, 0.0014, 0.0016, 0.0017, 0.0019, 0.0021,
       0.0023, 0.0029, 0.0031, 0.0034]), 'lambdas': array([0.    , 0.0001, 0.0001, 0.0002, 0.0003, 0.0005, 0.0005, 0.0007,
       0.0009, 0.0011, 0.0012, 0.0014, 0.0016, 0.0017, 0.0019, 0.0021,
       0.0023, 0.0029, 0.0031, 0.0034]), 'gvals': array([106686.7854,   5358.3224,   3934.8793,   2661.6363,   1602.5474,
         1087.0494,    944.3484,    708.5032,    555.1705,    462.6149,
          418.6934,    363.5697,    301.3724,    282.1234,    263.009 ,
          231.6816,    210.285 ,    171.2556,    158.2287,    143.4731])}",same_mean_diff_covariance,3
MY-large_mu,20,polynomial,"{'degree': 2, 'gamma': 0.001517371612859597, 'coef0': 1.0}","polynomial(coef0=1.0, degree=2, gamma=0.001517371612859597)",0.676923076923077,rbf,"{'C': 1.0, 'gamma': 0.5}","{'thetas': array([0.0004, 0.001 , 0.0021, 0.0025, 0.0028, 0.0041, 0.0048, 0.0059,
       0.0068, 0.0079, 0.0089, 0.0095, 0.0117, 0.012 , 0.0128, 0.0135,
       0.0161, 0.0194, 0.0199, 0.0222]), 'lambdas': array([0.0004, 0.001 , 0.0021, 0.0025, 0.0028, 0.0041, 0.0048, 0.0059,
       0.0068, 0.0079, 0.0089, 0.0095, 0.0117, 0.012 , 0.0128, 0.0135,
       0.0161, 0.0194, 0.0199, 0.0222]), 'gvals': array([1387.9365,  499.1719,  229.9134,  199.6377,  172.4273,  120.0581,
        100.5037,   81.6293,   71.0242,   60.2139,   53.3929,   49.6806,
         39.9674,   38.8207,   36.4233,   34.3163,   28.5718,   23.304 ,
         22.6207,   20.1631])}",same_mean_diff_covariance,3
MY-large_mu,20,sigmoid,"{'gamma': 0.001517371612859597, 'coef0': 0.0}","sigmoid(coef0=0.0, gamma=0.001517371612859597)",0.8076923076923077,poly,"{'C': 2.0, 'gamma': 'scale', 'degree': 2, 'coef0': 1.0}","{'thetas': array([      0.    ,       0.    ,       0.    ,       0.    ,
             0.002 ,       0.0067,       0.011 ,       0.015 ,
             0.0164,       0.0189,       0.0251,       0.0291,
             0.0344,       0.0486, 6594847.1676, 6271854.1219,
       5432551.2629,       0.0543, 3962567.1917, 3609559.6797]), 'lambdas': array([      0.    ,       0.    ,       0.    ,       0.    ,
             0.002 ,       0.0067,       0.011 ,       0.015 ,
             0.0164,       0.0189,       0.0251,       0.0291,
             0.0344,       0.0486, 6594847.1676, 6271854.1219,
       5432551.2629,       0.0543, 3962567.1917, 3609559.6797]), 'gvals': array([2.9428e+09, 1.4904e+09, 6.5640e+08, 3.6235e+08, 2.4826e+02,
       7.1783e+01, 4.2854e+01, 3.0675e+01, 2.7917e+01, 2.4014e+01,
       1.7554e+01, 1.4889e+01, 1.2358e+01, 8.2779e+00, 7.3509e+00,
       7.3258e+00, 7.2540e+00, 7.2477e+00, 7.0962e+00, 7.0495e+00])}",same_mean_diff_covariance,3
MY-large_mu,24,linear,{},linear,0.6384615384615384,rbf,"{'C': 2.0, 'gamma': 'scale'}","{'thetas': array([      0.    ,       0.0002,       0.0029,       0.0047,
             0.0052,       0.0063,       0.0072,       0.0103,
             0.0129,       0.0147,       0.0181,       0.0198,
             0.0227,       0.026 ,       0.0325,       0.034 ,
             0.0374,       0.0411,       0.0478,       0.0499,
       7126456.2354, 6251708.4269, 5662350.474 , 4635645.0619]), 'lambdas': array([      0.    ,       0.0002,       0.0029,       0.0047,
             0.0052,       0.0063,       0.0072,       0.0103,
             0.0129,       0.0147,       0.0181,       0.0198,
             0.0227,       0.026 ,       0.0325,       0.034 ,
             0.0374,       0.0411,       0.0478,       0.0499,
       7126456.2354, 6251708.4269, 5662350.474 , 4635645.0619]), 'gvals': array([2.2805e+10, 2.7394e+03, 1.7136e+02, 1.0230e+02, 9.3780e+01,
       7.6804e+01, 6.6071e+01, 4.5835e+01, 3.5939e+01, 3.1302e+01,
       2.5121e+01, 2.2765e+01, 1.9601e+01, 1.6887e+01, 1.3156e+01,
       1.2517e+01, 1.1234e+01, 1.0061e+01, 8.4361e+00, 8.0288e+00,
       7.3897e+00, 7.3242e+00, 7.2747e+00, 7.1746e+00])}",same_mean_diff_covariance,3
MY-large_mu,24,rbf,{'gamma': 0.001517371612859597},rbf(gamma=0.001517371612859597),0.7538461538461538,rbf,"{'C': 2.0, 'gamma': 0.5}","{'thetas': array([0.    , 0.0001, 0.0001, 0.0002, 0.0003, 0.0004, 0.0004, 0.0006,
       0.0008, 0.0009, 0.0011, 0.0014, 0.0017, 0.0019, 0.0022, 0.0027,
       0.0028, 0.003 , 0.0032, 0.0034, 0.0039, 0.0043, 0.0046, 0.0051]), 'lambdas': array([0.    , 0.0001, 0.0001, 0.0002, 0.0003, 0.0004, 0.0004, 0.0006,
       0.0008, 0.0009, 0.0011, 0.0014, 0.0017, 0.0019, 0.0022, 0.0027,
       0.0028, 0.003 , 0.0032, 0.0034, 0.0039, 0.0043, 0.0046, 0.0051]), 'gvals': array([12606.1995,  6632.5851,  3632.9839,  2270.2231,  1650.9395,
        1155.8936,  1135.0462,   811.5003,   633.4091,   525.8379,
         467.5918,   342.8215,   286.0533,   256.0118,   227.8614,
         184.9766,   175.6141,   161.2552,   151.91  ,   142.3547,
         125.9031,   112.8773,   106.4808,    94.0573])}",same_mean_diff_covariance,3
MY-large_mu,24,laplacian,{'gamma': 0.001517371612859597},laplacian(gamma=0.001517371612859597),0.6384615384615384,rbf,"{'C': 2.0, 'gamma': 0.5}","{'thetas': array([0.    , 0.    , 0.0001, 0.0002, 0.0002, 0.0004, 0.0006, 0.0006,
       0.0007, 0.0008, 0.001 , 0.0011, 0.0012, 0.0013, 0.0017, 0.0019,
       0.0022, 0.0026, 0.0028, 0.0031, 0.0035, 0.0039, 0.0045, 0.0047]), 'lambdas': array([0.    , 0.    , 0.0001, 0.0002, 0.0002, 0.0004, 0.0006, 0.0006,
       0.0007, 0.0008, 0.001 , 0.0011, 0.0012, 0.0013, 0.0017, 0.0019,
       0.0022, 0.0026, 0.0028, 0.0031, 0.0035, 0.0039, 0.0045, 0.0047]), 'gvals': array([41172.1815, 24068.9814,  5046.3429,  3009.6721,  2261.6672,
        1308.2029,   889.5518,   765.338 ,   669.2317,   618.3151,
         513.3308,   459.1891,   404.6039,   380.8629,   298.8412,
         266.4336,   221.1246,   189.0909,   174.6523,   157.5347,
         141.1662,   126.5868,   108.3259,   104.1095])}",same_mean_diff_covariance,3
MY-large_mu,24,polynomial,"{'degree': 2, 'gamma': 0.001517371612859597, 'coef0': 1.0}","polynomial(coef0=1.0, degree=2, gamma=0.001517371612859597)",0.6615384615384615,rbf,"{'C': 2.0, 'gamma': 0.5}","{'thetas': array([0.0002, 0.0003, 0.0006, 0.0021, 0.0028, 0.0031, 0.0037, 0.005 ,
       0.0068, 0.0072, 0.0082, 0.0091, 0.0101, 0.013 , 0.0141, 0.0164,
       0.0164, 0.0172, 0.019 , 0.0202, 0.0232, 0.026 , 0.0297, 0.0312]), 'lambdas': array([0.0002, 0.0003, 0.0006, 0.0021, 0.0028, 0.0031, 0.0037, 0.005 ,
       0.0068, 0.0072, 0.0082, 0.0091, 0.0101, 0.013 , 0.0141, 0.0164,
       0.0164, 0.0172, 0.019 , 0.0202, 0.0232, 0.026 , 0.0297, 0.0312]), 'gvals': array([2597.1936, 1504.9704,  830.9861,  233.6344,  172.6726,  159.4458,
        130.0754,   96.1649,   70.5706,   66.7957,   58.1876,   51.844 ,
         46.5351,   35.9033,   32.7337,   27.9779,   27.8482,   26.5939,
         23.8286,   22.3568,   19.1889,   16.8971,   14.5847,   13.7842])}",same_mean_diff_covariance,3
MY-large_mu,24,sigmoid,"{'gamma': 0.001517371612859597, 'coef0': 0.0}","sigmoid(coef0=0.0, gamma=0.001517371612859597)",0.7384615384615385,rbf,"{'C': 2.0, 'gamma': 'scale'}","{'thetas': array([      0.    ,       0.    ,       0.0017,       0.0023,
             0.0058,       0.0096,       0.0108,       0.0172,
             0.0227,       0.0277,       0.0307,       0.0345,
             0.0446,       0.05  , 6561692.9349, 5900838.9545,
       5403855.8769, 4632435.4159,       0.0549, 3772844.8622,
       3344545.1209, 3123051.5992, 2812589.2422, 2654423.0304]), 'lambdas': array([      0.    ,       0.    ,       0.0017,       0.0023,
             0.0058,       0.0096,       0.0108,       0.0172,
             0.0227,       0.0277,       0.0307,       0.0345,
             0.0446,       0.05  , 6561692.9349, 5900838.9545,
       5403855.8769, 4632435.4159,       0.0549, 3772844.8622,
       3344545.1209, 3123051.5992, 2812589.2422, 2654423.0304]), 'gvals': array([1.4946e+09, 7.9427e+08, 2.8564e+02, 2.1546e+02, 8.3444e+01,
       4.9230e+01, 4.3697e+01, 2.6592e+01, 1.9615e+01, 1.5784e+01,
       1.4031e+01, 1.2312e+01, 9.1651e+00, 8.0098e+00, 7.3484e+00,
       7.2953e+00, 7.2513e+00, 7.1743e+00, 7.1640e+00, 7.0717e+00,
       7.0114e+00, 6.9772e+00, 6.9248e+00, 6.8959e+00])}",same_mean_diff_covariance,3
MY-large_mu,28,linear,{},linear,0.6384615384615384,rbf,"{'C': 2.0, 'gamma': 'scale'}","{'thetas': array([      0.    ,       0.    ,       0.    ,       0.    ,
             0.    ,       0.001 ,       0.0022,       0.0028,
             0.0059,       0.0063,       0.0083,       0.0091,
             0.014 ,       0.0169,       0.0199,       0.0206,
             0.0226,       0.0299,       0.0314,       0.0367,
             0.0434,       0.0496, 8178650.9136,       0.0533,
       7053705.8044, 6799122.9403, 5796484.6165, 5129926.2311]), 'lambdas': array([      0.    ,       0.    ,       0.    ,       0.    ,
             0.    ,       0.001 ,       0.0022,       0.0028,
             0.0059,       0.0063,       0.0083,       0.0091,
             0.014 ,       0.0169,       0.0199,       0.0206,
             0.0226,       0.0299,       0.0314,       0.0367,
             0.0434,       0.0496, 8178650.9136,       0.0533,
       7053705.8044, 6799122.9403, 5796484.6165, 5129926.2311]), 'gvals': array([4.6421e+09, 7.9474e+08, 7.5417e+08, 5.1285e+08, 4.6250e+08,
       4.9045e+02, 2.2084e+02, 1.7259e+02, 8.1459e+01, 7.5892e+01,
       5.7143e+01, 5.2174e+01, 3.3148e+01, 2.7007e+01, 2.2681e+01,
       2.1857e+01, 1.9695e+01, 1.4443e+01, 1.3683e+01, 1.1477e+01,
       9.4619e+00, 8.0726e+00, 7.4585e+00, 7.4115e+00, 7.3845e+00,
       7.3662e+00, 7.2864e+00, 7.2253e+00])}",same_mean_diff_covariance,3
MY-large_mu,28,rbf,{'gamma': 0.001517371612859597},rbf(gamma=0.001517371612859597),0.7153846153846154,rbf,"{'C': 2.0, 'gamma': 0.5}","{'thetas': array([0.    , 0.    , 0.    , 0.0001, 0.0002, 0.0002, 0.0003, 0.0005,
       0.0006, 0.0008, 0.001 , 0.0013, 0.0015, 0.0016, 0.0019, 0.0021,
       0.0025, 0.0028, 0.0033, 0.004 , 0.0043, 0.0051, 0.0055, 0.0058,
       0.0065, 0.0068, 0.0073, 0.0083]), 'lambdas': array([0.    , 0.    , 0.    , 0.0001, 0.0002, 0.0002, 0.0003, 0.0005,
       0.0006, 0.0008, 0.001 , 0.0013, 0.0015, 0.0016, 0.0019, 0.0021,
       0.0025, 0.0028, 0.0033, 0.004 , 0.0043, 0.0051, 0.0055, 0.0058,
       0.0065, 0.0068, 0.0073, 0.0083]), 'gvals': array([49175.572 , 16045.5093, 13543.9916,  3535.2944,  2217.1221,
        2051.1673,  1435.4665,  1011.161 ,   790.2409,   597.3809,
         489.0309,   393.0682,   322.9287,   299.6543,   266.5794,
         237.633 ,   198.2157,   177.9458,   147.4362,   122.2914,
         111.738 ,    93.9807,    88.3024,    82.9247,    74.0724,
          70.5081,    65.4025,    57.1513])}",same_mean_diff_covariance,3
MY-large_mu,28,laplacian,{'gamma': 0.001517371612859597},laplacian(gamma=0.001517371612859597),0.6692307692307692,rbf,"{'C': 2.0, 'gamma': 0.5}","{'thetas': array([0.    , 0.0001, 0.0002, 0.0003, 0.0004, 0.0005, 0.0008, 0.0008,
       0.0011, 0.0011, 0.0012, 0.0013, 0.0015, 0.0017, 0.0017, 0.0022,
       0.0022, 0.0025, 0.0028, 0.0031, 0.0032, 0.0036, 0.004 , 0.0044,
       0.0054, 0.0057, 0.0061, 0.0067]), 'lambdas': array([0.    , 0.0001, 0.0002, 0.0003, 0.0004, 0.0005, 0.0008, 0.0008,
       0.0011, 0.0011, 0.0012, 0.0013, 0.0015, 0.0017, 0.0017, 0.0022,
       0.0022, 0.0025, 0.0028, 0.0031, 0.0032, 0.0036, 0.004 , 0.0044,
       0.0054, 0.0057, 0.0061, 0.0067]), 'gvals': array([23586.4245,  5762.6006,  2054.7642,  1502.2942,  1143.8229,
         975.3124,   609.9463,   596.2107,   458.3623,   440.074 ,
         410.0293,   381.7482,   333.6787,   295.1442,   287.0244,
         227.6543,   226.1909,   195.1138,   173.1264,   158.6064,
         155.2498,   137.0178,   123.0418,   109.9194,    90.3351,
          84.5244,    78.8138,    71.9732])}",same_mean_diff_covariance,3
MY-large_mu,28,polynomial,"{'degree': 2, 'gamma': 0.001517371612859597, 'coef0': 1.0}","polynomial(coef0=1.0, degree=2, gamma=0.001517371612859597)",0.6846153846153846,rbf,"{'C': 2.0, 'gamma': 0.5}","{'thetas': array([0.    , 0.0002, 0.0005, 0.0017, 0.0019, 0.0026, 0.0033, 0.0041,
       0.0049, 0.0064, 0.0073, 0.0086, 0.0103, 0.0109, 0.013 , 0.015 ,
       0.0191, 0.0211, 0.0225, 0.0232, 0.0276, 0.0286, 0.0313, 0.0361,
       0.0391, 0.0403, 0.0462, 0.0507]), 'lambdas': array([0.    , 0.0002, 0.0005, 0.0017, 0.0019, 0.0026, 0.0033, 0.0041,
       0.0049, 0.0064, 0.0073, 0.0086, 0.0103, 0.0109, 0.013 , 0.015 ,
       0.0191, 0.0211, 0.0225, 0.0232, 0.0276, 0.0286, 0.0313, 0.0361,
       0.0391, 0.0403, 0.0462, 0.0507]), 'gvals': array([19075.2406,  3138.3185,   971.2632,   298.8647,   263.3857,
         185.7966,   150.1054,   119.4653,    99.2216,    74.9543,
          65.977 ,    55.5701,    45.9394,    43.1965,    35.804 ,
          30.7775,    23.6591,    21.2718,    19.8223,    19.177 ,
          15.8305,    15.2293,    13.7397,    11.6801,    10.6517,
          10.299 ,     8.7921,     7.8728])}",same_mean_diff_covariance,3
MY-large_mu,28,sigmoid,"{'gamma': 0.001517371612859597, 'coef0': 0.0}","sigmoid(coef0=0.0, gamma=0.001517371612859597)",0.7461538461538462,rbf,"{'C': 1.0, 'gamma': 'scale'}","{'thetas': array([      0.    ,       0.    ,       0.    ,       0.    ,
             0.0031,       0.0042,       0.007 ,       0.011 ,
             0.0184,       0.0217,       0.0266,       0.0315,
             0.0386,       0.0477,       0.0512, 7525564.6943,
       6636288.9561, 6335652.2635, 5595349.7421, 4962806.4645,
       3833332.0934, 3642203.8197, 3137515.6209, 3091498.5919,
       2571231.5302, 2369552.6833, 2113742.7165, 2098934.0932]), 'lambdas': array([      0.    ,       0.    ,       0.    ,       0.    ,
             0.0031,       0.0042,       0.007 ,       0.011 ,
             0.0184,       0.0217,       0.0266,       0.0315,
             0.0386,       0.0477,       0.0512, 7525564.6943,
       6636288.9561, 6335652.2635, 5595349.7421, 4962806.4645,
       3833332.0934, 3642203.8197, 3137515.6209, 3091498.5919,
       2571231.5302, 2369552.6833, 2113742.7165, 2098934.0932]), 'gvals': array([7.6271e+09, 4.8356e+09, 1.5146e+09, 9.8643e+08, 1.5594e+02,
       1.1645e+02, 6.8567e+01, 4.2574e+01, 2.4623e+01, 2.0624e+01,
       1.6488e+01, 1.3652e+01, 1.0818e+01, 8.4513e+00, 7.7771e+00,
       7.4169e+00, 7.3540e+00, 7.3309e+00, 7.2687e+00, 7.2087e+00,
       7.0796e+00, 7.0540e+00, 6.9795e+00, 6.9721e+00, 6.8799e+00,
       6.8391e+00, 6.7820e+00, 6.7785e+00])}",same_mean_diff_covariance,3
MY-large_mu,32,linear,{},linear,0.7846153846153846,rbf,"{'C': 2.0, 'gamma': 'scale'}","{'thetas': array([      0.    ,       0.    ,       0.0011,       0.002 ,
             0.0031,       0.0045,       0.0062,       0.0079,
             0.0097,       0.0111,       0.0128,       0.018 ,
             0.0213,       0.0263,       0.0274,       0.032 ,
             0.0334,       0.0357,       0.0432, 6429677.0148,
       5814404.1927,       0.0545, 4832738.8349, 4580806.5894,
       3784470.6327, 3200062.8296, 3098473.1001, 2974230.3541,
             0.0565, 2647616.9328, 2483452.5143, 2480849.6579]), 'lambdas': array([      0.    ,       0.    ,       0.0011,       0.002 ,
             0.0031,       0.0045,       0.0062,       0.0079,
             0.0097,       0.0111,       0.0128,       0.018 ,
             0.0213,       0.0263,       0.0274,       0.032 ,
             0.0334,       0.0357,       0.0432, 6429677.0148,
       5814404.1927,       0.0545, 4832738.8349, 4580806.5894,
       3784470.6327, 3200062.8296, 3098473.1001, 2974230.3541,
             0.0565, 2647616.9328, 2483452.5143, 2480849.6579]), 'gvals': array([9.3264e+08, 6.2616e+08, 4.3609e+02, 2.4602e+02, 1.5969e+02,
       1.0716e+02, 7.7836e+01, 5.9983e+01, 4.8807e+01, 4.2288e+01,
       3.6322e+01, 2.5300e+01, 2.1062e+01, 1.6700e+01, 1.5967e+01,
       1.3425e+01, 1.2749e+01, 1.1855e+01, 9.4950e+00, 7.3382e+00,
       7.2879e+00, 7.2250e+00, 7.1955e+00, 7.1687e+00, 7.0732e+00,
       6.9893e+00, 6.9732e+00, 6.9527e+00, 6.9116e+00, 6.8946e+00,
       6.8626e+00, 6.8621e+00])}",same_mean_diff_covariance,3
MY-large_mu,32,rbf,{'gamma': 0.001517371612859597},rbf(gamma=0.001517371612859597),0.6615384615384615,rbf,"{'C': 0.5, 'gamma': 0.5}","{'thetas': array([0.    , 0.0001, 0.0001, 0.0001, 0.0003, 0.0004, 0.0006, 0.0007,
       0.0008, 0.0009, 0.0011, 0.0013, 0.0014, 0.0017, 0.0022, 0.0025,
       0.0025, 0.0027, 0.0032, 0.0035, 0.0038, 0.0046, 0.005 , 0.0053,
       0.006 , 0.0065, 0.0071, 0.0072, 0.0079, 0.0087, 0.0091, 0.0096]), 'lambdas': array([0.    , 0.0001, 0.0001, 0.0001, 0.0003, 0.0004, 0.0006, 0.0007,
       0.0008, 0.0009, 0.0011, 0.0013, 0.0014, 0.0017, 0.0022, 0.0025,
       0.0025, 0.0027, 0.0032, 0.0035, 0.0038, 0.0046, 0.005 , 0.0053,
       0.006 , 0.0065, 0.0071, 0.0072, 0.0079, 0.0087, 0.0091, 0.0096]), 'gvals': array([84645.2451,  6943.4152,  6298.928 ,  4142.8673,  1432.6142,
        1255.0616,   849.9772,   690.5222,   594.8534,   566.7523,
         445.0864,   384.4649,   354.1654,   283.718 ,   224.6716,
         199.5662,   196.8641,   182.5695,   152.6789,   140.5934,
         127.074 ,   106.1822,    96.9857,    91.874 ,    80.5134,
          73.8003,    67.9048,    66.6524,    60.394 ,    54.6194,
          51.8894,    49.4851])}",same_mean_diff_covariance,3
MY-large_mu,32,laplacian,{'gamma': 0.001517371612859597},laplacian(gamma=0.001517371612859597),0.6461538461538462,rbf,"{'C': 1.0, 'gamma': 0.5}","{'thetas': array([0.    , 0.0001, 0.0002, 0.0003, 0.0004, 0.0005, 0.0007, 0.0009,
       0.0009, 0.0012, 0.0014, 0.0016, 0.0017, 0.0019, 0.002 , 0.0024,
       0.0024, 0.0028, 0.003 , 0.0034, 0.0035, 0.0037, 0.0048, 0.005 ,
       0.0057, 0.0059, 0.0061, 0.0063, 0.007 , 0.0079, 0.0086, 0.0088]), 'lambdas': array([0.    , 0.0001, 0.0002, 0.0003, 0.0004, 0.0005, 0.0007, 0.0009,
       0.0009, 0.0012, 0.0014, 0.0016, 0.0017, 0.0019, 0.002 , 0.0024,
       0.0024, 0.0028, 0.003 , 0.0034, 0.0035, 0.0037, 0.0048, 0.005 ,
       0.0057, 0.0059, 0.0061, 0.0063, 0.007 , 0.0079, 0.0086, 0.0088]), 'gvals': array([20334.0282,  5185.5849,  2911.8053,  1524.3822,  1277.7761,
         921.5942,   706.4636,   549.7056,   522.5728,   400.2864,
         351.9931,   304.9246,   289.9   ,   264.377 ,   241.2672,
         202.9109,   201.7124,   172.247 ,   164.4516,   142.1901,
         137.7685,   131.7573,   101.5774,    95.8956,    84.5927,
          82.1792,    78.4151,    75.8506,    68.6841,    60.4251,
          55.5073,    54.193 ])}",same_mean_diff_covariance,3
MY-large_mu,32,polynomial,"{'degree': 2, 'gamma': 0.001517371612859597, 'coef0': 1.0}","polynomial(coef0=1.0, degree=2, gamma=0.001517371612859597)",0.6230769230769231,rbf,"{'C': 2.0, 'gamma': 'scale'}","{'thetas': array([      0.0007,       0.0012,       0.0013,       0.0014,
             0.0023,       0.0029,       0.0038,       0.0046,
             0.0048,       0.0061,       0.0077,       0.0088,
             0.0103,       0.0113,       0.0139,       0.0143,
             0.0155,       0.0183,       0.0205,       0.0222,
             0.028 ,       0.0292,       0.0307,       0.0321,
             0.0334,       0.0376,       0.0405,       0.0424,
             0.0497,       0.0555, 1548452.5218,       0.0598]), 'lambdas': array([      0.0007,       0.0012,       0.0013,       0.0014,
             0.0023,       0.0029,       0.0038,       0.0046,
             0.0048,       0.0061,       0.0077,       0.0088,
             0.0103,       0.0113,       0.0139,       0.0143,
             0.0155,       0.0183,       0.0205,       0.0222,
             0.028 ,       0.0292,       0.0307,       0.0321,
             0.0334,       0.0376,       0.0405,       0.0424,
             0.0497,       0.0555, 1548452.5218,       0.0598]), 'gvals': array([687.3749, 424.0862, 367.0555, 343.5625, 209.3889, 167.9851,
       128.3707, 106.5726, 101.4092,  79.3693,  61.842 ,  54.0896,
        45.7502,  41.5496,  33.3774,  32.293 ,  29.7369,  24.7871,
        21.8947,  20.0931,  15.5432,  14.8407,  14.0644,  13.375 ,
        12.7669,  11.1477,  10.2418,   9.7022,   8.0548,   7.0633,
         6.6264,   6.4555])}",same_mean_diff_covariance,3
MY-large_mu,32,sigmoid,"{'gamma': 0.001517371612859597, 'coef0': 0.0}","sigmoid(coef0=0.0, gamma=0.001517371612859597)",0.8923076923076924,poly,"{'C': 2.0, 'gamma': 'scale', 'degree': 2, 'coef0': 1.0}","{'thetas': array([      0.    ,       0.    ,       0.0038,       0.0071,
             0.0115,       0.0136,       0.018 ,       0.0216,
             0.0323,       0.0378,       0.0403,       0.0447,
             0.0498, 6047301.1438, 5311662.2654, 5202316.9592,
       4582852.1427, 3831895.8759, 3116383.8464, 3033889.8526,
       2776747.5214, 2521436.6676, 2441141.0648, 2360983.9502,
       2148260.9436, 1876198.307 , 1594840.3253, 1578080.7961,
             0.0585, 1419699.6882, 1353014.468 , 1277461.3631]), 'lambdas': array([      0.    ,       0.    ,       0.0038,       0.0071,
             0.0115,       0.0136,       0.018 ,       0.0216,
             0.0323,       0.0378,       0.0403,       0.0447,
             0.0498, 6047301.1438, 5311662.2654, 5202316.9592,
       4582852.1427, 3831895.8759, 3116383.8464, 3033889.8526,
       2776747.5214, 2521436.6676, 2441141.0648, 2360983.9502,
       2148260.9436, 1876198.307 , 1594840.3253, 1578080.7961,
             0.0585, 1419699.6882, 1353014.468 , 1277461.3631]), 'gvals': array([9.6022e+10, 2.7719e+08, 1.2839e+02, 6.7754e+01, 4.0862e+01,
       3.4127e+01, 2.5326e+01, 2.0740e+01, 1.3257e+01, 1.1099e+01,
       1.0311e+01, 9.1309e+00, 8.0420e+00, 7.3076e+00, 7.2427e+00,
       7.2323e+00, 7.1689e+00, 7.0794e+00, 6.9761e+00, 6.9627e+00,
       6.9184e+00, 6.8702e+00, 6.8540e+00, 6.8373e+00, 6.7901e+00,
       6.7224e+00, 6.6411e+00, 6.6359e+00, 6.6254e+00, 6.5830e+00,
       6.5589e+00, 6.5302e+00])}",same_mean_diff_covariance,3
MY-small_mu,1,linear,{},linear,0.6461538461538462,rbf,"{'C': 1.0, 'gamma': 'scale'}","{'thetas': array([0.]), 'lambdas': array([0.]), 'D_scores': array([3.2999e+09])}",same_mean_diff_covariance,3
MY-small_mu,1,rbf,{'gamma': 0.001517371612859597},rbf(gamma=0.001517371612859597),0.5615384615384615,rbf,"{'C': 2.0, 'gamma': 'scale'}","{'thetas': array([0.]), 'lambdas': array([0.]), 'D_scores': array([81803.1728])}",same_mean_diff_covariance,3
MY-small_mu,1,laplacian,{'gamma': 0.001517371612859597},laplacian(gamma=0.001517371612859597),0.5384615384615384,rbf,"{'C': 2.0, 'gamma': 'scale'}","{'thetas': array([0.]), 'lambdas': array([0.]), 'D_scores': array([66893.3697])}",same_mean_diff_covariance,3
MY-small_mu,1,polynomial,"{'degree': 2, 'gamma': 0.001517371612859597, 'coef0': 1.0}","polynomial(coef0=1.0, degree=2, gamma=0.001517371612859597)",0.6384615384615384,rbf,"{'C': 1.0, 'gamma': 0.5}","{'thetas': array([0.0001]), 'lambdas': array([0.0001]), 'D_scores': array([3352.2115])}",same_mean_diff_covariance,3
MY-small_mu,1,sigmoid,"{'gamma': 0.001517371612859597, 'coef0': 0.0}","sigmoid(coef0=0.0, gamma=0.001517371612859597)",0.6307692307692307,rbf,"{'C': 2.0, 'gamma': 'scale'}","{'thetas': array([0.]), 'lambdas': array([0.]), 'D_scores': array([5.0039e+09])}",same_mean_diff_covariance,3
MY-small_mu,2,linear,{},linear,0.5846153846153846,rbf,"{'C': 2.0, 'gamma': 'scale'}","{'thetas': array([0., 0.]), 'lambdas': array([0., 0.]), 'D_scores': array([2.2198e+09, 1.0980e+09])}",same_mean_diff_covariance,3
MY-small_mu,2,rbf,{'gamma': 0.001517371612859597},rbf(gamma=0.001517371612859597),0.5692307692307692,rbf,"{'C': 2.0, 'gamma': 'scale'}","{'thetas': array([0.    , 0.0001]), 'lambdas': array([0.    , 0.0001]), 'D_scores': array([124174.1095,   4386.6268])}",same_mean_diff_covariance,3
MY-small_mu,2,laplacian,{'gamma': 0.001517371612859597},laplacian(gamma=0.001517371612859597),0.6,rbf,"{'C': 2.0, 'gamma': 'scale'}","{'thetas': array([0.0001, 0.0002]), 'lambdas': array([0.0001, 0.0002]), 'D_scores': array([7822.3716, 3272.1308])}",same_mean_diff_covariance,3
MY-small_mu,2,polynomial,"{'degree': 2, 'gamma': 0.001517371612859597, 'coef0': 1.0}","polynomial(coef0=1.0, degree=2, gamma=0.001517371612859597)",0.6153846153846154,rbf,"{'C': 2.0, 'gamma': 'scale'}","{'thetas': array([0.0001, 0.0006]), 'lambdas': array([0.0001, 0.0006]), 'D_scores': array([3345.3507,  779.4558])}",same_mean_diff_covariance,3
MY-small_mu,2,sigmoid,"{'gamma': 0.001517371612859597, 'coef0': 0.0}","sigmoid(coef0=0.0, gamma=0.001517371612859597)",0.6538461538461539,rbf,"{'C': 1.0, 'gamma': 'scale'}","{'thetas': array([0., 0.]), 'lambdas': array([0., 0.]), 'D_scores': array([1.2543e+10, 1.4111e+09])}",same_mean_diff_covariance,3
MY-small_mu,3,linear,{},linear,0.6384615384615384,rbf,"{'C': 0.5, 'gamma': 0.5}","{'thetas': array([0.    , 0.0008, 0.0026]), 'lambdas': array([0.    , 0.0008, 0.0026]), 'D_scores': array([8.9557e+08, 6.5724e+02, 1.8798e+02])}",same_mean_diff_covariance,3
MY-small_mu,3,rbf,{'gamma': 0.001517371612859597},rbf(gamma=0.001517371612859597),0.5846153846153846,rbf,"{'C': 2.0, 'gamma': 0.5}","{'thetas': array([0.    , 0.0001, 0.0003]), 'lambdas': array([0.    , 0.0001, 0.0003]), 'D_scores': array([49113.9234,  5777.621 ,  1626.347 ])}",same_mean_diff_covariance,3
MY-small_mu,3,laplacian,{'gamma': 0.001517371612859597},laplacian(gamma=0.001517371612859597),0.5846153846153846,rbf,"{'C': 1.0, 'gamma': 0.5}","{'thetas': array([0.    , 0.0001, 0.0001]), 'lambdas': array([0.    , 0.0001, 0.0001]), 'D_scores': array([13863.5263,  8839.896 ,  4651.0524])}",same_mean_diff_covariance,3
MY-small_mu,3,polynomial,"{'degree': 2, 'gamma': 0.001517371612859597, 'coef0': 1.0}","polynomial(coef0=1.0, degree=2, gamma=0.001517371612859597)",0.6,rbf,"{'C': 1.0, 'gamma': 'scale'}","{'thetas': array([0.0002, 0.0007, 0.0008]), 'lambdas': array([0.0002, 0.0007, 0.0008]), 'D_scores': array([3199.8661,  722.0668,  586.237 ])}",same_mean_diff_covariance,3
MY-small_mu,3,sigmoid,"{'gamma': 0.001517371612859597, 'coef0': 0.0}","sigmoid(coef0=0.0, gamma=0.001517371612859597)",0.6538461538461539,poly,"{'C': 0.5, 'gamma': 'scale', 'degree': 2, 'coef0': 1.0}","{'thetas': array([0.    , 0.003 , 0.0052]), 'lambdas': array([0.    , 0.003 , 0.0052]), 'D_scores': array([3.5795e+08, 1.6325e+02, 9.3401e+01])}",same_mean_diff_covariance,3
MY-small_mu,4,linear,{},linear,0.7153846153846154,rbf,"{'C': 1.0, 'gamma': 0.5}","{'thetas': array([0., 0., 0., 0.]), 'lambdas': array([0., 0., 0., 0.]), 'D_scores': array([1.6144e+09, 9.1119e+08, 6.0809e+08, 3.7417e+08])}",same_mean_diff_covariance,3
MY-small_mu,4,rbf,{'gamma': 0.001517371612859597},rbf(gamma=0.001517371612859597),0.5692307692307692,rbf,"{'C': 2.0, 'gamma': 0.5}","{'thetas': array([0.    , 0.    , 0.0001, 0.0001]), 'lambdas': array([0.    , 0.    , 0.0001, 0.0001]), 'D_scores': array([32115.6533, 10333.2212,  7053.369 ,  6400.4438])}",same_mean_diff_covariance,3
MY-small_mu,4,laplacian,{'gamma': 0.001517371612859597},laplacian(gamma=0.001517371612859597),0.5615384615384615,rbf,"{'C': 0.5, 'gamma': 0.5}","{'thetas': array([0.    , 0.0001, 0.0001, 0.0003]), 'lambdas': array([0.    , 0.0001, 0.0001, 0.0003]), 'D_scores': array([29788.4451,  7093.7434,  3744.2634,  1614.7747])}",same_mean_diff_covariance,3
MY-small_mu,4,polynomial,"{'degree': 2, 'gamma': 0.001517371612859597, 'coef0': 1.0}","polynomial(coef0=1.0, degree=2, gamma=0.001517371612859597)",0.6615384615384615,poly,"{'C': 2.0, 'gamma': 'scale', 'degree': 2, 'coef0': 1.0}","{'thetas': array([0.0005, 0.001 , 0.0015, 0.0021]), 'lambdas': array([0.0005, 0.001 , 0.0015, 0.0021]), 'D_scores': array([1100.048 ,  493.4604,  335.5901,  239.6474])}",same_mean_diff_covariance,3
MY-small_mu,4,sigmoid,"{'gamma': 0.001517371612859597, 'coef0': 0.0}","sigmoid(coef0=0.0, gamma=0.001517371612859597)",0.5923076923076923,rbf,"{'C': 0.5, 'gamma': 0.5}","{'thetas': array([0., 0., 0., 0.]), 'lambdas': array([0., 0., 0., 0.]), 'D_scores': array([5.0587e+09, 3.0029e+09, 2.0424e+09, 1.1595e+09])}",same_mean_diff_covariance,3
MY-small_mu,5,linear,{},linear,0.5923076923076923,rbf,"{'C': 1.0, 'gamma': 0.5}","{'thetas': array([0.    , 0.    , 0.    , 0.0006, 0.0016]), 'lambdas': array([0.    , 0.    , 0.    , 0.0006, 0.0016]), 'D_scores': array([6.9191e+08, 4.9322e+08, 4.8137e+08, 8.8780e+02, 3.1309e+02])}",same_mean_diff_covariance,3
MY-small_mu,5,rbf,{'gamma': 0.001517371612859597},rbf(gamma=0.001517371612859597),0.6,rbf,"{'C': 2.0, 'gamma': 0.5}","{'thetas': array([0.    , 0.    , 0.0001, 0.0002, 0.0002]), 'lambdas': array([0.    , 0.    , 0.0001, 0.0002, 0.0002]), 'D_scores': array([30209.5345, 16313.8851,  5601.1883,  2815.2629,  2493.7038])}",same_mean_diff_covariance,3
MY-small_mu,5,laplacian,{'gamma': 0.001517371612859597},laplacian(gamma=0.001517371612859597),0.5692307692307692,rbf,"{'C': 2.0, 'gamma': 0.5}","{'thetas': array([0.    , 0.0002, 0.0002, 0.0003, 0.0004]), 'lambdas': array([0.    , 0.0002, 0.0002, 0.0003, 0.0004]), 'D_scores': array([12729.6115,  2900.2349,  2322.8099,  1681.7838,  1242.2036])}",same_mean_diff_covariance,3
MY-small_mu,5,polynomial,"{'degree': 2, 'gamma': 0.001517371612859597, 'coef0': 1.0}","polynomial(coef0=1.0, degree=2, gamma=0.001517371612859597)",0.5615384615384615,rbf,"{'C': 0.5, 'gamma': 0.5}","{'thetas': array([0.0003, 0.0006, 0.0007, 0.0015, 0.0018]), 'lambdas': array([0.0003, 0.0006, 0.0007, 0.0015, 0.0018]), 'D_scores': array([1616.5682,  813.8435,  680.0924,  330.2639,  272.9769])}",same_mean_diff_covariance,3
MY-small_mu,5,sigmoid,"{'gamma': 0.001517371612859597, 'coef0': 0.0}","sigmoid(coef0=0.0, gamma=0.001517371612859597)",0.6307692307692307,rbf,"{'C': 0.5, 'gamma': 0.5}","{'thetas': array([0.    , 0.    , 0.0003, 0.0054, 0.0081]), 'lambdas': array([0.    , 0.    , 0.0003, 0.0054, 0.0081]), 'D_scores': array([3.5623e+09, 9.4219e+08, 1.4548e+03, 9.0069e+01, 5.8823e+01])}",same_mean_diff_covariance,3
MY-small_mu,6,linear,{},linear,0.6230769230769231,poly,"{'C': 2.0, 'gamma': 'scale', 'degree': 2, 'coef0': 1.0}","{'thetas': array([0.    , 0.    , 0.    , 0.    , 0.0011, 0.0016]), 'lambdas': array([0.    , 0.    , 0.    , 0.    , 0.0011, 0.0016]), 'D_scores': array([1.4726e+09, 6.2299e+08, 6.0395e+08, 2.9739e+08, 4.6606e+02,
       3.1789e+02])}",same_mean_diff_covariance,3
MY-small_mu,6,rbf,{'gamma': 0.001517371612859597},rbf(gamma=0.001517371612859597),0.5615384615384615,rbf,"{'C': 2.0, 'gamma': 0.5}","{'thetas': array([0.    , 0.    , 0.0001, 0.0001, 0.0002, 0.0002]), 'lambdas': array([0.    , 0.    , 0.0001, 0.0001, 0.0002, 0.0002]), 'D_scores': array([101112.8656,  26326.2771,   7833.6137,   4211.1551,   2492.9607,
         2078.2749])}",same_mean_diff_covariance,3
MY-small_mu,6,laplacian,{'gamma': 0.001517371612859597},laplacian(gamma=0.001517371612859597),0.5461538461538461,rbf,"{'C': 2.0, 'gamma': 'scale'}","{'thetas': array([0.    , 0.0001, 0.0001, 0.0002, 0.0003, 0.0005]), 'lambdas': array([0.    , 0.0001, 0.0001, 0.0002, 0.0003, 0.0005]), 'D_scores': array([10285.762 ,  5790.2575,  3739.5941,  2673.5701,  1762.7388,
        1089.183 ])}",same_mean_diff_covariance,3
MY-small_mu,6,polynomial,"{'degree': 2, 'gamma': 0.001517371612859597, 'coef0': 1.0}","polynomial(coef0=1.0, degree=2, gamma=0.001517371612859597)",0.6307692307692307,rbf,"{'C': 2.0, 'gamma': 'scale'}","{'thetas': array([0.0003, 0.0015, 0.0016, 0.002 , 0.0026, 0.0033]), 'lambdas': array([0.0003, 0.0015, 0.0016, 0.002 , 0.0026, 0.0033]), 'D_scores': array([1705.5091,  330.8241,  313.5056,  247.3423,  191.1107,  149.2237])}",same_mean_diff_covariance,3
MY-small_mu,6,sigmoid,"{'gamma': 0.001517371612859597, 'coef0': 0.0}","sigmoid(coef0=0.0, gamma=0.001517371612859597)",0.6307692307692307,rbf,"{'C': 1.0, 'gamma': 0.5}","{'thetas': array([0.    , 0.    , 0.    , 0.    , 0.0006, 0.004 ]), 'lambdas': array([0.    , 0.    , 0.    , 0.    , 0.0006, 0.004 ]), 'D_scores': array([1.6672e+09, 1.5013e+09, 2.5912e+08, 1.6273e+08, 8.1940e+02,
       1.2043e+02])}",same_mean_diff_covariance,3
MY-small_mu,7,linear,{},linear,0.6,rbf,"{'C': 1.0, 'gamma': 'scale'}","{'thetas': array([0.    , 0.    , 0.0012, 0.0014, 0.0026, 0.0042, 0.0055]), 'lambdas': array([0.    , 0.    , 0.0012, 0.0014, 0.0026, 0.0042, 0.0055]), 'D_scores': array([2.6526e+09, 3.4544e+08, 4.0841e+02, 3.5269e+02, 1.9160e+02,
       1.1682e+02, 8.8280e+01])}",same_mean_diff_covariance,3
MY-small_mu,7,rbf,{'gamma': 0.001517371612859597},rbf(gamma=0.001517371612859597),0.6,rbf,"{'C': 2.0, 'gamma': 0.5}","{'thetas': array([0.    , 0.0001, 0.0002, 0.0003, 0.0004, 0.0005, 0.0006]), 'lambdas': array([0.    , 0.0001, 0.0002, 0.0003, 0.0004, 0.0005, 0.0006]), 'D_scores': array([25000.0488,  8637.683 ,  3054.8347,  1651.8079,  1399.3247,
         934.8596,   789.863 ])}",same_mean_diff_covariance,3
MY-small_mu,7,laplacian,{'gamma': 0.001517371612859597},laplacian(gamma=0.001517371612859597),0.6076923076923076,rbf,"{'C': 0.5, 'gamma': 0.5}","{'thetas': array([0.0001, 0.0002, 0.0003, 0.0003, 0.0004, 0.0006, 0.0007]), 'lambdas': array([0.0001, 0.0002, 0.0003, 0.0003, 0.0004, 0.0006, 0.0007]), 'D_scores': array([3977.5203, 2349.9154, 1830.1431, 1649.7178, 1362.2127,  898.8038,
        755.0227])}",same_mean_diff_covariance,3
MY-small_mu,7,polynomial,"{'degree': 2, 'gamma': 0.001517371612859597, 'coef0': 1.0}","polynomial(coef0=1.0, degree=2, gamma=0.001517371612859597)",0.5923076923076923,rbf,"{'C': 2.0, 'gamma': 'scale'}","{'thetas': array([0.0001, 0.0004, 0.001 , 0.0015, 0.0022, 0.0025, 0.0028]), 'lambdas': array([0.0001, 0.0004, 0.001 , 0.0015, 0.0022, 0.0025, 0.0028]), 'D_scores': array([3903.952 , 1383.316 ,  514.8684,  327.8954,  225.0129,  197.8781,
        172.3454])}",same_mean_diff_covariance,3
MY-small_mu,7,sigmoid,"{'gamma': 0.001517371612859597, 'coef0': 0.0}","sigmoid(coef0=0.0, gamma=0.001517371612859597)",0.5923076923076923,poly,"{'C': 2.0, 'gamma': 'scale', 'degree': 2, 'coef0': 1.0}","{'thetas': array([0.    , 0.    , 0.    , 0.    , 0.    , 0.    , 0.0028]), 'lambdas': array([0.    , 0.    , 0.    , 0.    , 0.    , 0.    , 0.0028]), 'D_scores': array([1.3007e+10, 9.2111e+08, 6.8127e+08, 6.7401e+08, 6.3795e+08,
       5.2193e+08, 1.7667e+02])}",same_mean_diff_covariance,3
MY-small_mu,8,linear,{},linear,0.6692307692307692,rbf,"{'C': 0.5, 'gamma': 0.5}","{'thetas': array([0.    , 0.    , 0.    , 0.0001, 0.0014, 0.0027, 0.0047, 0.0058]), 'lambdas': array([0.    , 0.    , 0.    , 0.0001, 0.0014, 0.0027, 0.0047, 0.0058]), 'D_scores': array([9.1633e+08, 4.9807e+08, 3.3005e+08, 3.6585e+03, 3.5180e+02,
       1.8415e+02, 1.0254e+02, 8.3636e+01])}",same_mean_diff_covariance,3
MY-small_mu,8,rbf,{'gamma': 0.001517371612859597},rbf(gamma=0.001517371612859597),0.6846153846153846,rbf,"{'C': 1.0, 'gamma': 0.5}","{'thetas': array([0.    , 0.0002, 0.0003, 0.0003, 0.0004, 0.0005, 0.0007, 0.0008]), 'lambdas': array([0.    , 0.0002, 0.0003, 0.0003, 0.0004, 0.0005, 0.0007, 0.0008]), 'D_scores': array([74085.3625,  3128.1263,  1835.132 ,  1658.6926,  1242.2903,
        1009.1904,   699.4717,   647.7683])}",same_mean_diff_covariance,3
MY-small_mu,8,laplacian,{'gamma': 0.001517371612859597},laplacian(gamma=0.001517371612859597),0.6846153846153846,rbf,"{'C': 1.0, 'gamma': 0.5}","{'thetas': array([0.    , 0.0001, 0.0001, 0.0002, 0.0004, 0.0005, 0.0005, 0.0006]), 'lambdas': array([0.    , 0.0001, 0.0001, 0.0002, 0.0004, 0.0005, 0.0005, 0.0006]), 'D_scores': array([58273.4026,  4517.9957,  4078.8064,  2864.1377,  1154.7912,
        1076.7156,   961.3645,   782.4256])}",same_mean_diff_covariance,3
MY-small_mu,8,polynomial,"{'degree': 2, 'gamma': 0.001517371612859597, 'coef0': 1.0}","polynomial(coef0=1.0, degree=2, gamma=0.001517371612859597)",0.6307692307692307,rbf,"{'C': 1.0, 'gamma': 'scale'}","{'thetas': array([0.    , 0.0005, 0.0013, 0.0016, 0.0025, 0.0029, 0.0042, 0.0047]), 'lambdas': array([0.    , 0.0005, 0.0013, 0.0016, 0.0025, 0.0029, 0.0042, 0.0047]), 'D_scores': array([135085.935 ,   1082.9534,    391.832 ,    303.506 ,    195.2554,
          168.2566,    116.2285,    103.0916])}",same_mean_diff_covariance,3
MY-small_mu,8,sigmoid,"{'gamma': 0.001517371612859597, 'coef0': 0.0}","sigmoid(coef0=0.0, gamma=0.001517371612859597)",0.6384615384615384,poly,"{'C': 1.0, 'gamma': 'scale', 'degree': 2, 'coef0': 1.0}","{'thetas': array([0.    , 0.    , 0.    , 0.0042, 0.0059, 0.0089, 0.0116, 0.0172]), 'lambdas': array([0.    , 0.    , 0.    , 0.0042, 0.0059, 0.0089, 0.0116, 0.0172]), 'D_scores': array([2.4507e+09, 1.9937e+09, 1.1684e+09, 1.1567e+02, 8.2214e+01,
       5.3198e+01, 4.0514e+01, 2.6587e+01])}",same_mean_diff_covariance,3
MY-small_mu,10,linear,{},linear,0.676923076923077,rbf,"{'C': 0.5, 'gamma': 'scale'}","{'thetas': array([0.    , 0.0003, 0.0018, 0.0036, 0.0056, 0.0082, 0.0102, 0.0115,
       0.0134, 0.0174]), 'lambdas': array([0.    , 0.0003, 0.0018, 0.0036, 0.0056, 0.0082, 0.0102, 0.0115,
       0.0134, 0.0174]), 'D_scores': array([3.5978e+08, 1.8335e+03, 2.8066e+02, 1.3391e+02, 8.6004e+01,
       5.7974e+01, 4.6380e+01, 4.0849e+01, 3.4667e+01, 2.6166e+01])}",same_mean_diff_covariance,3
MY-small_mu,10,rbf,{'gamma': 0.001517371612859597},rbf(gamma=0.001517371612859597),0.6538461538461539,rbf,"{'C': 0.5, 'gamma': 0.5}","{'thetas': array([0.    , 0.0001, 0.0002, 0.0004, 0.0004, 0.0006, 0.0008, 0.0009,
       0.001 , 0.0012]), 'lambdas': array([0.    , 0.0001, 0.0002, 0.0004, 0.0004, 0.0006, 0.0008, 0.0009,
       0.001 , 0.0012]), 'D_scores': array([10455.1247,  7678.1404,  2588.8483,  1345.1387,  1136.204 ,
         792.0699,   591.2936,   573.5433,   475.9892,   419.2969])}",same_mean_diff_covariance,3
MY-small_mu,10,laplacian,{'gamma': 0.001517371612859597},laplacian(gamma=0.001517371612859597),0.6307692307692307,rbf,"{'C': 0.5, 'gamma': 0.5}","{'thetas': array([0.0001, 0.0002, 0.0002, 0.0002, 0.0003, 0.0004, 0.0006, 0.0007,
       0.0009, 0.0011]), 'lambdas': array([0.0001, 0.0002, 0.0002, 0.0002, 0.0003, 0.0004, 0.0006, 0.0007,
       0.0009, 0.0011]), 'D_scores': array([6253.6671, 2818.6013, 2368.8356, 2201.7943, 1640.892 , 1260.2569,
        859.3082,  663.7269,  567.7572,  449.9339])}",same_mean_diff_covariance,3
MY-small_mu,10,polynomial,"{'degree': 2, 'gamma': 0.001517371612859597, 'coef0': 1.0}","polynomial(coef0=1.0, degree=2, gamma=0.001517371612859597)",0.6923076923076923,rbf,"{'C': 1.0, 'gamma': 0.5}","{'thetas': array([0.0002, 0.0004, 0.0014, 0.0016, 0.0022, 0.0023, 0.0031, 0.0045,
       0.0051, 0.0062]), 'lambdas': array([0.0002, 0.0004, 0.0014, 0.0016, 0.0022, 0.0023, 0.0031, 0.0045,
       0.0051, 0.0062]), 'D_scores': array([2600.9352, 1313.4325,  349.9608,  308.7493,  227.9514,  216.0543,
        157.9375,  108.529 ,   94.5185,   77.224 ])}",same_mean_diff_covariance,3
MY-small_mu,10,sigmoid,"{'gamma': 0.001517371612859597, 'coef0': 0.0}","sigmoid(coef0=0.0, gamma=0.001517371612859597)",0.676923076923077,poly,"{'C': 2.0, 'gamma': 'scale', 'degree': 2, 'coef0': 1.0}","{'thetas': array([0.    , 0.0002, 0.0018, 0.0066, 0.0098, 0.0128, 0.015 , 0.0236,
       0.0298, 0.0352]), 'lambdas': array([0.    , 0.0002, 0.0018, 0.0066, 0.0098, 0.0128, 0.015 , 0.0236,
       0.0298, 0.0352]), 'D_scores': array([1.3815e+09, 3.2704e+03, 2.7034e+02, 7.3056e+01, 4.7976e+01,
       3.6378e+01, 3.0658e+01, 1.8773e+01, 1.4550e+01, 1.2036e+01])}",same_mean_diff_covariance,3
MY-small_mu,12,linear,{},linear,0.6307692307692307,rbf,"{'C': 2.0, 'gamma': 'scale'}","{'thetas': array([0.    , 0.    , 0.    , 0.0029, 0.0036, 0.0048, 0.0061, 0.0125,
       0.0139, 0.0164, 0.0172, 0.0224]), 'lambdas': array([0.    , 0.    , 0.    , 0.0029, 0.0036, 0.0048, 0.0061, 0.0125,
       0.0139, 0.0164, 0.0172, 0.0224]), 'D_scores': array([1.1656e+09, 3.5824e+08, 2.6490e+08, 1.6750e+02, 1.3632e+02,
       1.0025e+02, 7.9045e+01, 3.7295e+01, 3.3491e+01, 2.7992e+01,
       2.6553e+01, 1.9950e+01])}",same_mean_diff_covariance,3
MY-small_mu,12,rbf,{'gamma': 0.001517371612859597},rbf(gamma=0.001517371612859597),0.6692307692307692,rbf,"{'C': 0.5, 'gamma': 0.5}","{'thetas': array([0.    , 0.    , 0.0001, 0.0003, 0.0003, 0.0004, 0.0005, 0.0005,
       0.001 , 0.0011, 0.0013, 0.0014]), 'lambdas': array([0.    , 0.    , 0.0001, 0.0003, 0.0003, 0.0004, 0.0005, 0.0005,
       0.001 , 0.0011, 0.0013, 0.0014]), 'D_scores': array([34937.0987, 10867.5703,  6150.1797,  1915.1941,  1672.9103,
        1364.6147,  1051.3014,   949.507 ,   515.9839,   434.1345,
         394.3396,   348.1267])}",same_mean_diff_covariance,3
MY-small_mu,12,laplacian,{'gamma': 0.001517371612859597},laplacian(gamma=0.001517371612859597),0.6538461538461539,rbf,"{'C': 2.0, 'gamma': 0.5}","{'thetas': array([0.    , 0.0001, 0.0002, 0.0002, 0.0003, 0.0005, 0.0006, 0.0007,
       0.0008, 0.0009, 0.001 , 0.0013]), 'lambdas': array([0.    , 0.0001, 0.0002, 0.0002, 0.0003, 0.0005, 0.0006, 0.0007,
       0.0008, 0.0009, 0.001 , 0.0013]), 'D_scores': array([28209.3475,  4739.3982,  2631.0719,  2124.4146,  1682.0085,
        1036.8866,   799.7581,   686.7767,   600.1093,   523.1986,
         499.2335,   394.1251])}",same_mean_diff_covariance,3
MY-small_mu,12,polynomial,"{'degree': 2, 'gamma': 0.001517371612859597, 'coef0': 1.0}","polynomial(coef0=1.0, degree=2, gamma=0.001517371612859597)",0.6461538461538462,rbf,"{'C': 1.0, 'gamma': 0.5}","{'thetas': array([0.0002, 0.0006, 0.0016, 0.0016, 0.0025, 0.0031, 0.0036, 0.0045,
       0.0061, 0.0081, 0.0092, 0.0101]), 'lambdas': array([0.0002, 0.0006, 0.0016, 0.0016, 0.0025, 0.0031, 0.0036, 0.0045,
       0.0061, 0.0081, 0.0092, 0.0101]), 'D_scores': array([2422.1318,  862.8169,  307.963 ,  301.5391,  194.6211,  160.1172,
        135.5741,  106.7881,   78.8618,   58.6309,   51.6262,   46.4958])}",same_mean_diff_covariance,3
MY-small_mu,12,sigmoid,"{'gamma': 0.001517371612859597, 'coef0': 0.0}","sigmoid(coef0=0.0, gamma=0.001517371612859597)",0.6615384615384615,rbf,"{'C': 0.5, 'gamma': 'scale'}","{'thetas': array([0.    , 0.0012, 0.0024, 0.0043, 0.0114, 0.0164, 0.0206, 0.0224,
       0.0271, 0.0313, 0.0331, 0.0397]), 'lambdas': array([0.    , 0.0012, 0.0024, 0.0043, 0.0114, 0.0164, 0.0206, 0.0224,
       0.0271, 0.0313, 0.0331, 0.0397]), 'D_scores': array([1.6126e+09, 4.3047e+02, 2.0705e+02, 1.1332e+02, 4.0982e+01,
       2.7913e+01, 2.1857e+01, 1.9916e+01, 1.6159e+01, 1.3726e+01,
       1.2907e+01, 1.0487e+01])}",same_mean_diff_covariance,3
MY-small_mu,14,linear,{},linear,0.6615384615384615,rbf,"{'C': 1.0, 'gamma': 0.5}","{'thetas': array([0.    , 0.    , 0.0001, 0.0015, 0.0025, 0.005 , 0.0059, 0.0092,
       0.0119, 0.0145, 0.0153, 0.0166, 0.0209, 0.0215]), 'lambdas': array([0.    , 0.    , 0.0001, 0.0015, 0.0025, 0.005 , 0.0059, 0.0092,
       0.0119, 0.0145, 0.0153, 0.0166, 0.0209, 0.0215]), 'D_scores': array([2.2432e+09, 4.2678e+08, 5.0015e+03, 3.2757e+02, 2.0048e+02,
       9.6391e+01, 8.2376e+01, 5.1282e+01, 3.9348e+01, 3.1854e+01,
       3.0117e+01, 2.7493e+01, 2.1543e+01, 2.0842e+01])}",same_mean_diff_covariance,3
MY-small_mu,14,rbf,{'gamma': 0.001517371612859597},rbf(gamma=0.001517371612859597),0.7307692307692307,rbf,"{'C': 0.5, 'gamma': 0.5}","{'thetas': array([0.    , 0.0001, 0.0001, 0.0002, 0.0003, 0.0003, 0.0005, 0.0006,
       0.0009, 0.001 , 0.0012, 0.0014, 0.0016, 0.0018]), 'lambdas': array([0.    , 0.0001, 0.0001, 0.0002, 0.0003, 0.0003, 0.0005, 0.0006,
       0.0009, 0.001 , 0.0012, 0.0014, 0.0016, 0.0018]), 'D_scores': array([24376.1153,  6863.089 ,  5384.7073,  3022.8138,  1896.926 ,
        1497.3917,   960.9811,   837.0998,   556.7334,   476.7573,
         403.986 ,   345.3002,   304.1517,   271.5736])}",same_mean_diff_covariance,3
MY-small_mu,14,laplacian,{'gamma': 0.001517371612859597},laplacian(gamma=0.001517371612859597),0.6307692307692307,rbf,"{'C': 1.0, 'gamma': 0.5}","{'thetas': array([0.    , 0.0001, 0.0001, 0.0002, 0.0003, 0.0004, 0.0005, 0.0006,
       0.0008, 0.001 , 0.0012, 0.0015, 0.0017, 0.0019]), 'lambdas': array([0.    , 0.0001, 0.0001, 0.0002, 0.0003, 0.0004, 0.0005, 0.0006,
       0.0008, 0.001 , 0.0012, 0.0015, 0.0017, 0.0019]), 'D_scores': array([18032.627 ,  7908.5402,  6408.5965,  2774.0698,  1428.9795,
        1141.647 ,  1093.0689,   829.2771,   594.8843,   476.7446,
         412.4043,   323.4241,   287.5392,   262.23  ])}",same_mean_diff_covariance,3
MY-small_mu,14,polynomial,"{'degree': 2, 'gamma': 0.001517371612859597, 'coef0': 1.0}","polynomial(coef0=1.0, degree=2, gamma=0.001517371612859597)",0.6846153846153846,rbf,"{'C': 0.5, 'gamma': 0.5}","{'thetas': array([0.0001, 0.0007, 0.0011, 0.0014, 0.0027, 0.0039, 0.0046, 0.0059,
       0.0072, 0.0077, 0.0092, 0.0098, 0.012 , 0.0129]), 'lambdas': array([0.0001, 0.0007, 0.0011, 0.0014, 0.0027, 0.0039, 0.0046, 0.0059,
       0.0072, 0.0077, 0.0092, 0.0098, 0.012 , 0.0129]), 'D_scores': array([4319.2342,  681.0922,  460.959 ,  351.7694,  185.0105,  126.4493,
        104.3706,   81.3583,   66.3564,   61.7911,   51.6284,   48.075 ,
         39.0475,   36.0978])}",same_mean_diff_covariance,3
MY-small_mu,14,sigmoid,"{'gamma': 0.001517371612859597, 'coef0': 0.0}","sigmoid(coef0=0.0, gamma=0.001517371612859597)",0.7384615384615385,poly,"{'C': 2.0, 'gamma': 'scale', 'degree': 2, 'coef0': 1.0}","{'thetas': array([      0.    ,       0.    ,       0.0029,       0.0052,
             0.0103,       0.0189,       0.0197,       0.0263,
             0.029 ,       0.0323,       0.0379,       0.0508,
       7359960.9405, 6328330.1823]), 'lambdas': array([      0.    ,       0.    ,       0.0029,       0.0052,
             0.0103,       0.0189,       0.0197,       0.0263,
             0.029 ,       0.0323,       0.0379,       0.0508,
       7359960.9405, 6328330.1823]), 'D_scores': array([9.5139e+09, 2.3943e+09, 1.7013e+02, 9.3310e+01, 4.5748e+01,
       2.4014e+01, 2.2962e+01, 1.6675e+01, 1.4993e+01, 1.3288e+01,
       1.1054e+01, 7.8536e+00, 7.4058e+00, 7.3303e+00])}",same_mean_diff_covariance,3
MY-small_mu,16,linear,{},linear,0.6692307692307692,rbf,"{'C': 2.0, 'gamma': 'scale'}","{'thetas': array([0.    , 0.0029, 0.0054, 0.0061, 0.008 , 0.0112, 0.0141, 0.0146,
       0.0152, 0.0186, 0.0264, 0.0297, 0.0333, 0.0362, 0.0407, 0.0446]), 'lambdas': array([0.    , 0.0029, 0.0054, 0.0061, 0.008 , 0.0112, 0.0141, 0.0146,
       0.0152, 0.0186, 0.0264, 0.0297, 0.0333, 0.0362, 0.0407, 0.0446]), 'D_scores': array([9.1517e+09, 1.6687e+02, 9.0032e+01, 7.8855e+01, 5.9594e+01,
       4.1768e+01, 3.2721e+01, 3.1673e+01, 3.0355e+01, 2.4460e+01,
       1.6636e+01, 1.4551e+01, 1.2833e+01, 1.1637e+01, 1.0171e+01,
       9.1725e+00])}",same_mean_diff_covariance,3
MY-small_mu,16,rbf,{'gamma': 0.001517371612859597},rbf(gamma=0.001517371612859597),0.6153846153846154,rbf,"{'C': 0.5, 'gamma': 0.5}","{'thetas': array([0.    , 0.    , 0.0001, 0.0002, 0.0003, 0.0004, 0.0005, 0.0006,
       0.0007, 0.001 , 0.0011, 0.0013, 0.0015, 0.0018, 0.0021, 0.0024]), 'lambdas': array([0.    , 0.    , 0.0001, 0.0002, 0.0003, 0.0004, 0.0005, 0.0006,
       0.0007, 0.001 , 0.0011, 0.0013, 0.0015, 0.0018, 0.0021, 0.0024]), 'D_scores': array([395973.1811,  10770.25  ,   4554.9501,   2407.6142,   1637.7739,
         1241.2517,   1081.7032,    845.901 ,    734.0469,    519.5617,
          442.9876,    382.264 ,    338.1937,    267.0764,    230.1305,
          204.2849])}",same_mean_diff_covariance,3
MY-small_mu,16,laplacian,{'gamma': 0.001517371612859597},laplacian(gamma=0.001517371612859597),0.6153846153846154,rbf,"{'C': 2.0, 'gamma': 0.5}","{'thetas': array([0.    , 0.0001, 0.0002, 0.0004, 0.0005, 0.0008, 0.0008, 0.0009,
       0.001 , 0.0011, 0.0013, 0.0016, 0.0017, 0.0018, 0.0022, 0.0026]), 'lambdas': array([0.    , 0.0001, 0.0002, 0.0004, 0.0005, 0.0008, 0.0008, 0.0009,
       0.001 , 0.0011, 0.0013, 0.0016, 0.0017, 0.0018, 0.0022, 0.0026]), 'D_scores': array([33109.708 ,  6155.8557,  2155.1449,  1352.9431,   968.9315,
         621.0915,   593.4747,   559.6741,   496.7214,   434.7381,
         367.8302,   316.8796,   286.1926,   269.8155,   221.1834,
         187.7447])}",same_mean_diff_covariance,3
MY-small_mu,16,polynomial,"{'degree': 2, 'gamma': 0.001517371612859597, 'coef0': 1.0}","polynomial(coef0=1.0, degree=2, gamma=0.001517371612859597)",0.6846153846153846,rbf,"{'C': 2.0, 'gamma': 0.5}","{'thetas': array([0.0004, 0.0006, 0.0016, 0.0022, 0.0023, 0.0036, 0.004 , 0.0062,
       0.0068, 0.0082, 0.0093, 0.0112, 0.0116, 0.0122, 0.0154, 0.0169]), 'lambdas': array([0.0004, 0.0006, 0.0016, 0.0022, 0.0023, 0.0036, 0.004 , 0.0062,
       0.0068, 0.0082, 0.0093, 0.0112, 0.0116, 0.0122, 0.0154, 0.0169]), 'D_scores': array([1193.8672,  825.1157,  310.4727,  226.0752,  211.5751,  137.0798,
        122.1776,   77.3051,   71.0197,   57.8778,   50.9616,   41.7119,
         40.3857,   38.2498,   29.8088,   26.9947])}",same_mean_diff_covariance,3
MY-small_mu,16,sigmoid,"{'gamma': 0.001517371612859597, 'coef0': 0.0}","sigmoid(coef0=0.0, gamma=0.001517371612859597)",0.7461538461538462,poly,"{'C': 2.0, 'gamma': 'scale', 'degree': 2, 'coef0': 1.0}","{'thetas': array([      0.    ,       0.0012,       0.0036,       0.0054,
             0.0094,       0.0144,       0.0186,       0.0215,
             0.0283,       0.0385,       0.0453,       0.0538,
       6042833.2498, 5672762.1044, 4716117.6945, 4235676.3727]), 'lambdas': array([      0.    ,       0.0012,       0.0036,       0.0054,
             0.0094,       0.0144,       0.0186,       0.0215,
             0.0283,       0.0385,       0.0453,       0.0538,
       6042833.2498, 5672762.1044, 4716117.6945, 4235676.3727]), 'D_scores': array([8.0798e+08, 4.2501e+02, 1.3503e+02, 9.0228e+01, 5.0319e+01,
       3.2007e+01, 2.4464e+01, 2.0791e+01, 1.5372e+01, 1.0873e+01,
       8.9820e+00, 7.3353e+00, 7.3073e+00, 7.2757e+00, 7.1835e+00,
       7.1298e+00])}",same_mean_diff_covariance,3
MY-small_mu,20,linear,{},linear,0.6923076923076923,rbf,"{'C': 2.0, 'gamma': 0.5}","{'thetas': array([0.    , 0.    , 0.    , 0.0007, 0.0022, 0.004 , 0.005 , 0.0072,
       0.0087, 0.0111, 0.0117, 0.0151, 0.0184, 0.0195, 0.0244, 0.027 ,
       0.0318, 0.0336, 0.0367, 0.0428]), 'lambdas': array([0.    , 0.    , 0.    , 0.0007, 0.0022, 0.004 , 0.005 , 0.0072,
       0.0087, 0.0111, 0.0117, 0.0151, 0.0184, 0.0195, 0.0244, 0.027 ,
       0.0318, 0.0336, 0.0367, 0.0428]), 'D_scores': array([2.2100e+10, 3.8825e+09, 3.2602e+09, 7.5213e+02, 2.2498e+02,
       1.2113e+02, 9.6746e+01, 6.6514e+01, 5.4822e+01, 4.2477e+01,
       4.0157e+01, 3.0624e+01, 2.4721e+01, 2.3223e+01, 1.8129e+01,
       1.6234e+01, 1.3512e+01, 1.2701e+01, 1.1485e+01, 9.6143e+00])}",same_mean_diff_covariance,3
MY-small_mu,20,rbf,{'gamma': 0.001517371612859597},rbf(gamma=0.001517371612859597),0.7384615384615385,rbf,"{'C': 2.0, 'gamma': 0.5}","{'thetas': array([0.    , 0.0001, 0.0001, 0.0003, 0.0005, 0.0006, 0.0007, 0.0009,
       0.0011, 0.0013, 0.0015, 0.0017, 0.002 , 0.0022, 0.0025, 0.0027,
       0.003 , 0.0034, 0.0037, 0.0039]), 'lambdas': array([0.    , 0.0001, 0.0001, 0.0003, 0.0005, 0.0006, 0.0007, 0.0009,
       0.0011, 0.0013, 0.0015, 0.0017, 0.002 , 0.0022, 0.0025, 0.0027,
       0.003 , 0.0034, 0.0037, 0.0039]), 'D_scores': array([18868.6374,  4278.3135,  3670.9768,  1430.0046,  1022.9   ,
         768.693 ,   678.9628,   578.7314,   442.8205,   379.848 ,
         337.8359,   291.454 ,   243.3602,   226.2151,   197.8509,
         179.5261,   162.9149,   143.7726,   133.3393,   126.1892])}",same_mean_diff_covariance,3
MY-small_mu,20,laplacian,{'gamma': 0.001517371612859597},laplacian(gamma=0.001517371612859597),0.7,rbf,"{'C': 2.0, 'gamma': 0.5}","{'thetas': array([0.    , 0.0001, 0.0001, 0.0002, 0.0003, 0.0005, 0.0005, 0.0007,
       0.0009, 0.0011, 0.0012, 0.0014, 0.0016, 0.0017, 0.0019, 0.0021,
       0.0023, 0.0029, 0.0031, 0.0034]), 'lambdas': array([0.    , 0.0001, 0.0001, 0.0002, 0.0003, 0.0005, 0.0005, 0.0007,
       0.0009, 0.0011, 0.0012, 0.0014, 0.0016, 0.0017, 0.0019, 0.0021,
       0.0023, 0.0029, 0.0031, 0.0034]), 'D_scores': array([106686.956 ,   5358.3341,   3934.8801,   2661.6364,   1602.5494,
         1087.0498,    944.3637,    708.5547,    555.1715,    462.627 ,
          418.7088,    363.5701,    301.3741,    282.1234,    263.009 ,
          231.683 ,    210.2853,    171.2556,    158.2333,    143.4744])}",same_mean_diff_covariance,3
MY-small_mu,20,polynomial,"{'degree': 2, 'gamma': 0.001517371612859597, 'coef0': 1.0}","polynomial(coef0=1.0, degree=2, gamma=0.001517371612859597)",0.7384615384615385,rbf,"{'C': 2.0, 'gamma': 0.5}","{'thetas': array([0.0004, 0.001 , 0.0021, 0.0025, 0.0028, 0.0041, 0.0048, 0.0059,
       0.0068, 0.0079, 0.0089, 0.0095, 0.0117, 0.012 , 0.0128, 0.0135,
       0.0161, 0.0194, 0.0199, 0.0222]), 'lambdas': array([0.0004, 0.001 , 0.0021, 0.0025, 0.0028, 0.0041, 0.0048, 0.0059,
       0.0068, 0.0079, 0.0089, 0.0095, 0.0117, 0.012 , 0.0128, 0.0135,
       0.0161, 0.0194, 0.0199, 0.0222]), 'D_scores': array([1387.9723,  499.1727,  229.917 ,  199.6672,  172.4294,  120.0601,
        100.5123,   81.6403,   71.0243,   60.2155,   53.3959,   49.6896,
         39.9683,   38.8207,   36.4245,   34.3168,   28.5721,   23.304 ,
         22.6209,   20.1631])}",same_mean_diff_covariance,3
MY-small_mu,20,sigmoid,"{'gamma': 0.001517371612859597, 'coef0': 0.0}","sigmoid(coef0=0.0, gamma=0.001517371612859597)",0.8615384615384616,poly,"{'C': 2.0, 'gamma': 'scale', 'degree': 2, 'coef0': 1.0}","{'thetas': array([      0.    ,       0.    ,       0.    ,       0.    ,
             0.002 ,       0.0067,       0.011 ,       0.015 ,
             0.0164,       0.0189,       0.0251,       0.0291,
             0.0344,       0.0486, 6594847.1676, 6271854.1219,
       5432551.2629,       0.0543, 3962567.1917, 3609559.6797]), 'lambdas': array([      0.    ,       0.    ,       0.    ,       0.    ,
             0.002 ,       0.0067,       0.011 ,       0.015 ,
             0.0164,       0.0189,       0.0251,       0.0291,
             0.0344,       0.0486, 6594847.1676, 6271854.1219,
       5432551.2629,       0.0543, 3962567.1917, 3609559.6797]), 'D_scores': array([2.9428e+09, 1.4904e+09, 6.5640e+08, 3.6235e+08, 2.4827e+02,
       7.1788e+01, 4.2855e+01, 3.0676e+01, 2.7917e+01, 2.4021e+01,
       1.7554e+01, 1.4889e+01, 1.2359e+01, 8.2851e+00, 7.3509e+00,
       7.3258e+00, 7.2540e+00, 7.2532e+00, 7.0962e+00, 7.0496e+00])}",same_mean_diff_covariance,3
MY-small_mu,24,linear,{},linear,0.6461538461538462,rbf,"{'C': 2.0, 'gamma': 'scale'}","{'thetas': array([      0.    ,       0.0002,       0.0029,       0.0047,
             0.0052,       0.0063,       0.0072,       0.0103,
             0.0129,       0.0147,       0.0181,       0.0198,
             0.0227,       0.026 ,       0.0325,       0.034 ,
             0.0374,       0.0411,       0.0478,       0.0499,
       7126456.2354, 6251708.4269, 5662350.474 , 4635645.0619]), 'lambdas': array([      0.    ,       0.0002,       0.0029,       0.0047,
             0.0052,       0.0063,       0.0072,       0.0103,
             0.0129,       0.0147,       0.0181,       0.0198,
             0.0227,       0.026 ,       0.0325,       0.034 ,
             0.0374,       0.0411,       0.0478,       0.0499,
       7126456.2354, 6251708.4269, 5662350.474 , 4635645.0619]), 'D_scores': array([2.2805e+10, 2.7394e+03, 1.7140e+02, 1.0232e+02, 9.3780e+01,
       7.6804e+01, 6.6096e+01, 4.5836e+01, 3.5941e+01, 3.1309e+01,
       2.5124e+01, 2.2765e+01, 1.9602e+01, 1.6890e+01, 1.3156e+01,
       1.2521e+01, 1.1235e+01, 1.0062e+01, 8.4414e+00, 8.0294e+00,
       7.3897e+00, 7.3242e+00, 7.2747e+00, 7.1747e+00])}",same_mean_diff_covariance,3
MY-small_mu,24,rbf,{'gamma': 0.001517371612859597},rbf(gamma=0.001517371612859597),0.7307692307692307,rbf,"{'C': 0.5, 'gamma': 0.5}","{'thetas': array([0.    , 0.0001, 0.0001, 0.0002, 0.0003, 0.0004, 0.0004, 0.0006,
       0.0008, 0.0009, 0.0011, 0.0014, 0.0017, 0.0019, 0.0022, 0.0027,
       0.0028, 0.003 , 0.0032, 0.0034, 0.0039, 0.0043, 0.0046, 0.0051]), 'lambdas': array([0.    , 0.0001, 0.0001, 0.0002, 0.0003, 0.0004, 0.0004, 0.0006,
       0.0008, 0.0009, 0.0011, 0.0014, 0.0017, 0.0019, 0.0022, 0.0027,
       0.0028, 0.003 , 0.0032, 0.0034, 0.0039, 0.0043, 0.0046, 0.0051]), 'D_scores': array([12606.3801,  6632.5852,  3633.0043,  2270.2478,  1650.9554,
        1155.9142,  1135.0541,   811.5276,   633.4102,   525.8455,
         467.6024,   342.822 ,   286.0571,   256.0119,   227.8623,
         184.9766,   175.6141,   161.2567,   151.9116,   142.3555,
         125.9031,   112.8783,   106.4816,    94.058 ])}",same_mean_diff_covariance,3
MY-small_mu,24,laplacian,{'gamma': 0.001517371612859597},laplacian(gamma=0.001517371612859597),0.6692307692307692,rbf,"{'C': 0.5, 'gamma': 0.5}","{'thetas': array([0.    , 0.    , 0.0001, 0.0002, 0.0002, 0.0004, 0.0006, 0.0006,
       0.0007, 0.0008, 0.001 , 0.0011, 0.0012, 0.0013, 0.0017, 0.0019,
       0.0022, 0.0026, 0.0028, 0.0031, 0.0035, 0.0039, 0.0045, 0.0047]), 'lambdas': array([0.    , 0.    , 0.0001, 0.0002, 0.0002, 0.0004, 0.0006, 0.0006,
       0.0007, 0.0008, 0.001 , 0.0011, 0.0012, 0.0013, 0.0017, 0.0019,
       0.0022, 0.0026, 0.0028, 0.0031, 0.0035, 0.0039, 0.0045, 0.0047]), 'D_scores': array([41173.2361, 24069.0882,  5046.3429,  3009.8599,  2261.6796,
        1308.2094,   889.5625,   765.3398,   669.2348,   618.3151,
         513.3381,   459.1971,   404.605 ,   380.8725,   298.8422,
         266.4343,   221.1264,   189.0921,   174.6547,   157.5348,
         141.1662,   126.5904,   108.326 ,   104.1095])}",same_mean_diff_covariance,3
MY-small_mu,24,polynomial,"{'degree': 2, 'gamma': 0.001517371612859597, 'coef0': 1.0}","polynomial(coef0=1.0, degree=2, gamma=0.001517371612859597)",0.676923076923077,rbf,"{'C': 2.0, 'gamma': 0.5}","{'thetas': array([0.0002, 0.0003, 0.0006, 0.0021, 0.0028, 0.0031, 0.0037, 0.005 ,
       0.0068, 0.0072, 0.0082, 0.0091, 0.0101, 0.013 , 0.0141, 0.0164,
       0.0164, 0.0172, 0.019 , 0.0202, 0.0232, 0.026 , 0.0297, 0.0312]), 'lambdas': array([0.0002, 0.0003, 0.0006, 0.0021, 0.0028, 0.0031, 0.0037, 0.005 ,
       0.0068, 0.0072, 0.0082, 0.0091, 0.0101, 0.013 , 0.0141, 0.0164,
       0.0164, 0.0172, 0.019 , 0.0202, 0.0232, 0.026 , 0.0297, 0.0312]), 'D_scores': array([2597.2357, 1504.9885,  831.0094,  233.6391,  172.673 ,  159.4649,
        130.0755,   96.1653,   70.5714,   66.7971,   58.188 ,   51.8445,
         46.5353,   35.9034,   32.7342,   27.9783,   27.8521,   26.5939,
         23.83  ,   22.3572,   19.1889,   16.8971,   14.5849,   13.7848])}",same_mean_diff_covariance,3
MY-small_mu,24,sigmoid,"{'gamma': 0.001517371612859597, 'coef0': 0.0}","sigmoid(coef0=0.0, gamma=0.001517371612859597)",0.7,rbf,"{'C': 1.0, 'gamma': 'scale'}","{'thetas': array([      0.    ,       0.    ,       0.0017,       0.0023,
             0.0058,       0.0096,       0.0108,       0.0172,
             0.0227,       0.0277,       0.0307,       0.0345,
             0.0446,       0.05  , 6561692.9349, 5900838.9545,
       5403855.8769, 4632435.4159,       0.0549, 3772844.8622,
       3344545.1209, 3123051.5992, 2812589.2422, 2654423.0304]), 'lambdas': array([      0.    ,       0.    ,       0.0017,       0.0023,
             0.0058,       0.0096,       0.0108,       0.0172,
             0.0227,       0.0277,       0.0307,       0.0345,
             0.0446,       0.05  , 6561692.9349, 5900838.9545,
       5403855.8769, 4632435.4159,       0.0549, 3772844.8622,
       3344545.1209, 3123051.5992, 2812589.2422, 2654423.0304]), 'D_scores': array([1.4946e+09, 7.9427e+08, 2.8564e+02, 2.1550e+02, 8.3467e+01,
       4.9231e+01, 4.3705e+01, 2.6599e+01, 1.9623e+01, 1.5784e+01,
       1.4031e+01, 1.2313e+01, 9.1682e+00, 8.0100e+00, 7.3485e+00,
       7.2953e+00, 7.2513e+00, 7.1743e+00, 7.1645e+00, 7.0719e+00,
       7.0114e+00, 6.9772e+00, 6.9249e+00, 6.8960e+00])}",same_mean_diff_covariance,3
MY-small_mu,28,linear,{},linear,0.6384615384615384,rbf,"{'C': 2.0, 'gamma': 'scale'}","{'thetas': array([      0.    ,       0.    ,       0.    ,       0.    ,
             0.    ,       0.001 ,       0.0022,       0.0028,
             0.0059,       0.0063,       0.0083,       0.0091,
             0.014 ,       0.0169,       0.0199,       0.0206,
             0.0226,       0.0299,       0.0314,       0.0367,
             0.0434,       0.0496, 8178650.9136,       0.0533,
       7053705.8044, 6799122.9403, 5796484.6165, 5129926.2311]), 'lambdas': array([      0.    ,       0.    ,       0.    ,       0.    ,
             0.    ,       0.001 ,       0.0022,       0.0028,
             0.0059,       0.0063,       0.0083,       0.0091,
             0.014 ,       0.0169,       0.0199,       0.0206,
             0.0226,       0.0299,       0.0314,       0.0367,
             0.0434,       0.0496, 8178650.9136,       0.0533,
       7053705.8044, 6799122.9403, 5796484.6165, 5129926.2311]), 'D_scores': array([4.6421e+09, 7.9474e+08, 7.5417e+08, 5.1285e+08, 4.6250e+08,
       4.9058e+02, 2.2084e+02, 1.7259e+02, 8.1463e+01, 7.5894e+01,
       5.7146e+01, 5.2175e+01, 3.3169e+01, 2.7021e+01, 2.2681e+01,
       2.1861e+01, 1.9712e+01, 1.4449e+01, 1.3684e+01, 1.1478e+01,
       9.4666e+00, 8.0733e+00, 7.4585e+00, 7.4176e+00, 7.3845e+00,
       7.3662e+00, 7.2864e+00, 7.2254e+00])}",same_mean_diff_covariance,3
MY-small_mu,28,rbf,{'gamma': 0.001517371612859597},rbf(gamma=0.001517371612859597),0.6923076923076923,rbf,"{'C': 2.0, 'gamma': 0.5}","{'thetas': array([0.    , 0.    , 0.    , 0.0001, 0.0002, 0.0002, 0.0003, 0.0005,
       0.0006, 0.0008, 0.001 , 0.0013, 0.0015, 0.0016, 0.0019, 0.0021,
       0.0025, 0.0028, 0.0033, 0.004 , 0.0043, 0.0051, 0.0055, 0.0058,
       0.0065, 0.0068, 0.0073, 0.0083]), 'lambdas': array([0.    , 0.    , 0.    , 0.0001, 0.0002, 0.0002, 0.0003, 0.0005,
       0.0006, 0.0008, 0.001 , 0.0013, 0.0015, 0.0016, 0.0019, 0.0021,
       0.0025, 0.0028, 0.0033, 0.004 , 0.0043, 0.0051, 0.0055, 0.0058,
       0.0065, 0.0068, 0.0073, 0.0083]), 'D_scores': array([49177.0121, 16045.51  , 13544.272 ,  3535.3112,  2217.1232,
        2051.1695,  1435.4739,  1011.1806,   790.2515,   597.3845,
         489.031 ,   393.0682,   322.9297,   299.6549,   266.5844,
         237.633 ,   198.2165,   177.9466,   147.4368,   122.2917,
         111.738 ,    93.9811,    88.3024,    82.9247,    74.0724,
          70.5082,    65.4027,    57.1517])}",same_mean_diff_covariance,3
MY-small_mu,28,laplacian,{'gamma': 0.001517371612859597},laplacian(gamma=0.001517371612859597),0.6384615384615384,rbf,"{'C': 2.0, 'gamma': 0.5}","{'thetas': array([0.    , 0.0001, 0.0002, 0.0003, 0.0004, 0.0005, 0.0008, 0.0008,
       0.0011, 0.0011, 0.0012, 0.0013, 0.0015, 0.0017, 0.0017, 0.0022,
       0.0022, 0.0025, 0.0028, 0.0031, 0.0032, 0.0036, 0.004 , 0.0044,
       0.0054, 0.0057, 0.0061, 0.0067]), 'lambdas': array([0.    , 0.0001, 0.0002, 0.0003, 0.0004, 0.0005, 0.0008, 0.0008,
       0.0011, 0.0011, 0.0012, 0.0013, 0.0015, 0.0017, 0.0017, 0.0022,
       0.0022, 0.0025, 0.0028, 0.0031, 0.0032, 0.0036, 0.004 , 0.0044,
       0.0054, 0.0057, 0.0061, 0.0067]), 'D_scores': array([23586.4894,  5762.6098,  2054.765 ,  1502.3102,  1143.8243,
         975.3133,   609.9501,   596.2108,   458.3753,   440.0746,
         410.0296,   381.7505,   333.6787,   295.1447,   287.0254,
         227.6545,   226.1921,   195.1139,   173.1276,   158.607 ,
         155.2501,   137.0182,   123.0419,   109.9199,    90.3352,
          84.526 ,    78.8147,    71.9736])}",same_mean_diff_covariance,3
MY-small_mu,28,polynomial,"{'degree': 2, 'gamma': 0.001517371612859597, 'coef0': 1.0}","polynomial(coef0=1.0, degree=2, gamma=0.001517371612859597)",0.676923076923077,rbf,"{'C': 2.0, 'gamma': 0.5}","{'thetas': array([0.    , 0.0002, 0.0005, 0.0017, 0.0019, 0.0026, 0.0033, 0.0041,
       0.0049, 0.0064, 0.0073, 0.0086, 0.0103, 0.0109, 0.013 , 0.015 ,
       0.0191, 0.0211, 0.0225, 0.0232, 0.0276, 0.0286, 0.0313, 0.0361,
       0.0391, 0.0403, 0.0462, 0.0507]), 'lambdas': array([0.    , 0.0002, 0.0005, 0.0017, 0.0019, 0.0026, 0.0033, 0.0041,
       0.0049, 0.0064, 0.0073, 0.0086, 0.0103, 0.0109, 0.013 , 0.015 ,
       0.0191, 0.0211, 0.0225, 0.0232, 0.0276, 0.0286, 0.0313, 0.0361,
       0.0391, 0.0403, 0.0462, 0.0507]), 'D_scores': array([19075.2565,  3138.5346,   971.272 ,   298.8824,   263.3936,
         185.7989,   150.1055,   119.4669,    99.2217,    74.9586,
          65.9778,    55.5701,    45.9395,    43.1967,    35.806 ,
          30.7777,    23.6591,    21.2721,    19.8225,    19.177 ,
          15.8306,    15.2293,    13.7397,    11.6801,    10.6518,
          10.2999,     8.7922,     7.8729])}",same_mean_diff_covariance,3
MY-small_mu,28,sigmoid,"{'gamma': 0.001517371612859597, 'coef0': 0.0}","sigmoid(coef0=0.0, gamma=0.001517371612859597)",0.7153846153846154,rbf,"{'C': 1.0, 'gamma': 'scale'}","{'thetas': array([      0.    ,       0.    ,       0.    ,       0.    ,
             0.0031,       0.0042,       0.007 ,       0.011 ,
             0.0184,       0.0217,       0.0266,       0.0315,
             0.0386,       0.0477,       0.0512, 7525564.6943,
       6636288.9561, 6335652.2635, 5595349.7421, 4962806.4645,
       3833332.0934, 3642203.8197, 3137515.6209, 3091498.5919,
       2571231.5302, 2369552.6833, 2113742.7165, 2098934.0932]), 'lambdas': array([      0.    ,       0.    ,       0.    ,       0.    ,
             0.0031,       0.0042,       0.007 ,       0.011 ,
             0.0184,       0.0217,       0.0266,       0.0315,
             0.0386,       0.0477,       0.0512, 7525564.6943,
       6636288.9561, 6335652.2635, 5595349.7421, 4962806.4645,
       3833332.0934, 3642203.8197, 3137515.6209, 3091498.5919,
       2571231.5302, 2369552.6833, 2113742.7165, 2098934.0932]), 'D_scores': array([7.6271e+09, 4.8356e+09, 1.5146e+09, 9.8643e+08, 1.5598e+02,
       1.1647e+02, 6.8572e+01, 4.2575e+01, 2.4636e+01, 2.0627e+01,
       1.6489e+01, 1.3656e+01, 1.0822e+01, 8.4553e+00, 7.7771e+00,
       7.4169e+00, 7.3541e+00, 7.3309e+00, 7.2687e+00, 7.2088e+00,
       7.0796e+00, 7.0541e+00, 6.9797e+00, 6.9721e+00, 6.8800e+00,
       6.8391e+00, 6.7820e+00, 6.7785e+00])}",same_mean_diff_covariance,3
MY-small_mu,32,linear,{},linear,0.7923076923076923,rbf,"{'C': 2.0, 'gamma': 'scale'}","{'thetas': array([      0.    ,       0.    ,       0.0011,       0.002 ,
             0.0031,       0.0045,       0.0062,       0.0079,
             0.0097,       0.0111,       0.0128,       0.018 ,
             0.0213,       0.0263,       0.0274,       0.032 ,
             0.0334,       0.0357,       0.0432, 6429677.0148,
       5814404.1927,       0.0545, 4832738.8349, 4580806.5894,
       3784470.6327, 3200062.8296, 3098473.1001, 2974230.3541,
             0.0565, 2647616.9328, 2483452.5143, 2480849.6579]), 'lambdas': array([      0.    ,       0.    ,       0.0011,       0.002 ,
             0.0031,       0.0045,       0.0062,       0.0079,
             0.0097,       0.0111,       0.0128,       0.018 ,
             0.0213,       0.0263,       0.0274,       0.032 ,
             0.0334,       0.0357,       0.0432, 6429677.0148,
       5814404.1927,       0.0545, 4832738.8349, 4580806.5894,
       3784470.6327, 3200062.8296, 3098473.1001, 2974230.3541,
             0.0565, 2647616.9328, 2483452.5143, 2480849.6579]), 'D_scores': array([9.3264e+08, 6.2616e+08, 4.3610e+02, 2.4604e+02, 1.5969e+02,
       1.0716e+02, 7.7839e+01, 5.9987e+01, 4.8820e+01, 4.2288e+01,
       3.6336e+01, 2.5300e+01, 2.1092e+01, 1.6705e+01, 1.5976e+01,
       1.3426e+01, 1.2749e+01, 1.1856e+01, 9.4950e+00, 7.3383e+00,
       7.2880e+00, 7.2278e+00, 7.1955e+00, 7.1687e+00, 7.0734e+00,
       6.9894e+00, 6.9732e+00, 6.9527e+00, 6.9131e+00, 6.8947e+00,
       6.8626e+00, 6.8622e+00])}",same_mean_diff_covariance,3
MY-small_mu,32,rbf,{'gamma': 0.001517371612859597},rbf(gamma=0.001517371612859597),0.676923076923077,rbf,"{'C': 1.0, 'gamma': 0.5}","{'thetas': array([0.    , 0.0001, 0.0001, 0.0001, 0.0003, 0.0004, 0.0006, 0.0007,
       0.0008, 0.0009, 0.0011, 0.0013, 0.0014, 0.0017, 0.0022, 0.0025,
       0.0025, 0.0027, 0.0032, 0.0035, 0.0038, 0.0046, 0.005 , 0.0053,
       0.006 , 0.0065, 0.0071, 0.0072, 0.0079, 0.0087, 0.0091, 0.0096]), 'lambdas': array([0.    , 0.0001, 0.0001, 0.0001, 0.0003, 0.0004, 0.0006, 0.0007,
       0.0008, 0.0009, 0.0011, 0.0013, 0.0014, 0.0017, 0.0022, 0.0025,
       0.0025, 0.0027, 0.0032, 0.0035, 0.0038, 0.0046, 0.005 , 0.0053,
       0.006 , 0.0065, 0.0071, 0.0072, 0.0079, 0.0087, 0.0091, 0.0096]), 'D_scores': array([84645.3838,  6943.4224,  6299.0187,  4142.878 ,  1432.6281,
        1255.0646,   849.9818,   690.5335,   594.8544,   566.7525,
         445.0891,   384.4672,   354.1699,   283.7181,   224.6771,
         199.5669,   196.8654,   182.5695,   152.6791,   140.5937,
         127.0749,   106.1828,    96.9862,    91.8742,    80.5147,
          73.8004,    67.9056,    66.6526,    60.395 ,    54.6195,
          51.8894,    49.4852])}",same_mean_diff_covariance,3
MY-small_mu,32,laplacian,{'gamma': 0.001517371612859597},laplacian(gamma=0.001517371612859597),0.6923076923076923,rbf,"{'C': 2.0, 'gamma': 0.5}","{'thetas': array([0.    , 0.0001, 0.0002, 0.0003, 0.0004, 0.0005, 0.0007, 0.0009,
       0.0009, 0.0012, 0.0014, 0.0016, 0.0017, 0.0019, 0.002 , 0.0024,
       0.0024, 0.0028, 0.003 , 0.0034, 0.0035, 0.0037, 0.0048, 0.005 ,
       0.0057, 0.0059, 0.0061, 0.0063, 0.007 , 0.0079, 0.0086, 0.0088]), 'lambdas': array([0.    , 0.0001, 0.0002, 0.0003, 0.0004, 0.0005, 0.0007, 0.0009,
       0.0009, 0.0012, 0.0014, 0.0016, 0.0017, 0.0019, 0.002 , 0.0024,
       0.0024, 0.0028, 0.003 , 0.0034, 0.0035, 0.0037, 0.0048, 0.005 ,
       0.0057, 0.0059, 0.0061, 0.0063, 0.007 , 0.0079, 0.0086, 0.0088]), 'D_scores': array([20334.034 ,  5185.6742,  2911.8701,  1524.3943,  1277.7774,
         921.6052,   706.4681,   549.7088,   522.5766,   400.2881,
         351.9934,   304.9379,   289.9008,   264.377 ,   241.2678,
         202.911 ,   201.7127,   172.2539,   164.4525,   142.1905,
         137.7686,   131.7573,   101.5779,    95.8992,    84.5937,
          82.1813,    78.4158,    75.8511,    68.6841,    60.4255,
          55.5079,    54.1934])}",same_mean_diff_covariance,3
MY-small_mu,32,polynomial,"{'degree': 2, 'gamma': 0.001517371612859597, 'coef0': 1.0}","polynomial(coef0=1.0, degree=2, gamma=0.001517371612859597)",0.6307692307692307,rbf,"{'C': 2.0, 'gamma': 'scale'}","{'thetas': array([      0.0007,       0.0012,       0.0013,       0.0014,
             0.0023,       0.0029,       0.0038,       0.0046,
             0.0048,       0.0061,       0.0077,       0.0088,
             0.0103,       0.0113,       0.0139,       0.0143,
             0.0155,       0.0183,       0.0205,       0.0222,
             0.028 ,       0.0292,       0.0307,       0.0321,
             0.0334,       0.0376,       0.0405,       0.0424,
             0.0497,       0.0555, 1548452.5218,       0.0598]), 'lambdas': array([      0.0007,       0.0012,       0.0013,       0.0014,
             0.0023,       0.0029,       0.0038,       0.0046,
             0.0048,       0.0061,       0.0077,       0.0088,
             0.0103,       0.0113,       0.0139,       0.0143,
             0.0155,       0.0183,       0.0205,       0.0222,
             0.028 ,       0.0292,       0.0307,       0.0321,
             0.0334,       0.0376,       0.0405,       0.0424,
             0.0497,       0.0555, 1548452.5218,       0.0598]), 'D_scores': array([687.3765, 424.12  , 367.0653, 343.573 , 209.3903, 167.9918,
       128.3733, 106.573 , 101.4121,  79.375 ,  61.8423,  54.0914,
        45.7508,  41.5496,  33.3776,  32.2933,  29.7369,  24.7883,
        21.8948,  20.0932,  15.544 ,  14.8409,  14.0653,  13.3751,
        12.7673,  11.1477,  10.2423,   9.7022,   8.0548,   7.0633,
         6.6274,   6.4555])}",same_mean_diff_covariance,3
MY-small_mu,32,sigmoid,"{'gamma': 0.001517371612859597, 'coef0': 0.0}","sigmoid(coef0=0.0, gamma=0.001517371612859597)",0.8692307692307693,poly,"{'C': 2.0, 'gamma': 'scale', 'degree': 2, 'coef0': 1.0}","{'thetas': array([      0.    ,       0.    ,       0.0038,       0.0071,
             0.0115,       0.0136,       0.018 ,       0.0216,
             0.0323,       0.0378,       0.0403,       0.0447,
             0.0498, 6047301.1438, 5311662.2654, 5202316.9592,
       4582852.1427, 3831895.8759, 3116383.8464, 3033889.8526,
       2776747.5214, 2521436.6676, 2441141.0648, 2360983.9502,
       2148260.9436, 1876198.307 , 1594840.3253, 1578080.7961,
             0.0585, 1419699.6882, 1353014.468 , 1277461.3631]), 'lambdas': array([      0.    ,       0.    ,       0.0038,       0.0071,
             0.0115,       0.0136,       0.018 ,       0.0216,
             0.0323,       0.0378,       0.0403,       0.0447,
             0.0498, 6047301.1438, 5311662.2654, 5202316.9592,
       4582852.1427, 3831895.8759, 3116383.8464, 3033889.8526,
       2776747.5214, 2521436.6676, 2441141.0648, 2360983.9502,
       2148260.9436, 1876198.307 , 1594840.3253, 1578080.7961,
             0.0585, 1419699.6882, 1353014.468 , 1277461.3631]), 'D_scores': array([9.6022e+10, 2.7719e+08, 1.2840e+02, 6.7756e+01, 4.0900e+01,
       3.4128e+01, 2.5335e+01, 2.0743e+01, 1.3266e+01, 1.1113e+01,
       1.0311e+01, 9.1309e+00, 8.0420e+00, 7.3077e+00, 7.2427e+00,
       7.2323e+00, 7.1689e+00, 7.0796e+00, 6.9762e+00, 6.9627e+00,
       6.9184e+00, 6.8702e+00, 6.8540e+00, 6.8374e+00, 6.7902e+00,
       6.7225e+00, 6.6412e+00, 6.6362e+00, 6.6256e+00, 6.5830e+00,
       6.5589e+00, 6.5302e+00])}",same_mean_diff_covariance,3
KFDA-1D,1,linear,{},linear,0.7818181818181819,linear,{'C': 0.5},"{'top_lambda': 4.796023630906706, 'd_norm': 121.92198438604044}",diff_mean_diff_covariance,1
KFDA-1D,1,rbf,{'gamma': 0.00159936124927366},rbf(gamma=0.00159936124927366),0.5,rbf,"{'C': 0.5, 'gamma': 0.5}","{'top_lambda': 31001.419689203518, 'd_norm': 0.1618395236218498}",diff_mean_diff_covariance,1
KFDA-1D,1,laplacian,{'gamma': 0.00159936124927366},laplacian(gamma=0.00159936124927366),0.5181818181818182,rbf,"{'C': 0.5, 'gamma': 'scale'}","{'top_lambda': 27405.15629431347, 'd_norm': 0.1143257179135032}",diff_mean_diff_covariance,1
KFDA-1D,1,polynomial,"{'degree': 2, 'gamma': 0.00159936124927366, 'coef0': 1.0}","polynomial(coef0=1.0, degree=2, gamma=0.00159936124927366)",0.509090909090909,rbf,"{'C': 2.0, 'gamma': 0.5}","{'top_lambda': 19677.987124725507, 'd_norm': 0.579051731165265}",diff_mean_diff_covariance,1
KFDA-1D,1,sigmoid,"{'gamma': 0.00159936124927366, 'coef0': 0.0}","sigmoid(coef0=0.0, gamma=0.00159936124927366)",0.7272727272727273,poly,"{'C': 0.5, 'gamma': 'scale', 'degree': 2, 'coef0': 1.0}","{'top_lambda': 4.773635369987288, 'd_norm': 0.1621075127173145}",diff_mean_diff_covariance,1
MY-large_mu,1,linear,{},linear,0.7272727272727273,linear,{'C': 0.5},"{'thetas': array([0.]), 'lambdas': array([0.]), 'gvals': array([8.4618e+08])}",diff_mean_diff_covariance,1
MY-large_mu,1,rbf,{'gamma': 0.00159936124927366},rbf(gamma=0.00159936124927366),0.5545454545454546,rbf,"{'C': 0.5, 'gamma': 'scale'}","{'thetas': array([0.]), 'lambdas': array([0.]), 'gvals': array([643904.7882])}",diff_mean_diff_covariance,1
MY-large_mu,1,laplacian,{'gamma': 0.00159936124927366},laplacian(gamma=0.00159936124927366),0.5636363636363636,rbf,"{'C': 2.0, 'gamma': 'scale'}","{'thetas': array([0.]), 'lambdas': array([0.]), 'gvals': array([151679.147])}",diff_mean_diff_covariance,1
MY-large_mu,1,polynomial,"{'degree': 2, 'gamma': 0.00159936124927366, 'coef0': 1.0}","polynomial(coef0=1.0, degree=2, gamma=0.00159936124927366)",0.6181818181818182,rbf,"{'C': 2.0, 'gamma': 'scale'}","{'thetas': array([0.0001]), 'lambdas': array([0.0001]), 'gvals': array([5711.2642])}",diff_mean_diff_covariance,1
MY-large_mu,1,sigmoid,"{'gamma': 0.00159936124927366, 'coef0': 0.0}","sigmoid(coef0=0.0, gamma=0.00159936124927366)",0.7181818181818181,linear,{'C': 0.5},"{'thetas': array([0.0005]), 'lambdas': array([0.0005]), 'gvals': array([997.033])}",diff_mean_diff_covariance,1
MY-large_mu,2,linear,{},linear,0.7545454545454545,rbf,"{'C': 1.0, 'gamma': 'scale'}","{'thetas': array([0., 0.]), 'lambdas': array([0., 0.]), 'gvals': array([7.4456e+08, 4.8187e+08])}",diff_mean_diff_covariance,1
MY-large_mu,2,rbf,{'gamma': 0.00159936124927366},rbf(gamma=0.00159936124927366),0.5818181818181818,rbf,"{'C': 2.0, 'gamma': 'scale'}","{'thetas': array([0., 0.]), 'lambdas': array([0., 0.]), 'gvals': array([16761.5896, 11548.299 ])}",diff_mean_diff_covariance,1
MY-large_mu,2,laplacian,{'gamma': 0.00159936124927366},laplacian(gamma=0.00159936124927366),0.6181818181818182,rbf,"{'C': 2.0, 'gamma': 'scale'}","{'thetas': array([0.    , 0.0001]), 'lambdas': array([0.    , 0.0001]), 'gvals': array([16163.7443,  5320.3498])}",diff_mean_diff_covariance,1
MY-large_mu,2,polynomial,"{'degree': 2, 'gamma': 0.00159936124927366, 'coef0': 1.0}","polynomial(coef0=1.0, degree=2, gamma=0.00159936124927366)",0.6,poly,"{'C': 0.5, 'gamma': 'scale', 'degree': 2, 'coef0': 1.0}","{'thetas': array([0.    , 0.0006]), 'lambdas': array([0.    , 0.0006]), 'gvals': array([11512.5996,   895.2176])}",diff_mean_diff_covariance,1
MY-large_mu,2,sigmoid,"{'gamma': 0.00159936124927366, 'coef0': 0.0}","sigmoid(coef0=0.0, gamma=0.00159936124927366)",0.6727272727272727,rbf,"{'C': 1.0, 'gamma': 'scale'}","{'thetas': array([0.0007, 0.002 ]), 'lambdas': array([0.0007, 0.002 ]), 'gvals': array([703.9707, 245.5224])}",diff_mean_diff_covariance,1
MY-large_mu,3,linear,{},linear,0.7181818181818181,rbf,"{'C': 0.5, 'gamma': 'scale'}","{'thetas': array([0.    , 0.    , 0.0014]), 'lambdas': array([0.    , 0.    , 0.0014]), 'gvals': array([2.5423e+09, 3.7793e+08, 3.5514e+02])}",diff_mean_diff_covariance,1
MY-large_mu,3,rbf,{'gamma': 0.00159936124927366},rbf(gamma=0.00159936124927366),0.509090909090909,rbf,"{'C': 2.0, 'gamma': 0.5}","{'thetas': array([0.    , 0.0001, 0.0001]), 'lambdas': array([0.    , 0.0001, 0.0001]), 'gvals': array([38402.6153,  7171.9633,  4350.5907])}",diff_mean_diff_covariance,1
MY-large_mu,3,laplacian,{'gamma': 0.00159936124927366},laplacian(gamma=0.00159936124927366),0.6090909090909091,rbf,"{'C': 2.0, 'gamma': 0.5}","{'thetas': array([0.    , 0.0002, 0.0002]), 'lambdas': array([0.    , 0.0002, 0.0002]), 'gvals': array([24958.2884,  3013.1551,  2580.7397])}",diff_mean_diff_covariance,1
MY-large_mu,3,polynomial,"{'degree': 2, 'gamma': 0.00159936124927366, 'coef0': 1.0}","polynomial(coef0=1.0, degree=2, gamma=0.00159936124927366)",0.6090909090909091,rbf,"{'C': 2.0, 'gamma': 0.5}","{'thetas': array([0.0007, 0.0012, 0.0015]), 'lambdas': array([0.0007, 0.0012, 0.0015]), 'gvals': array([757.2231, 409.9008, 326.1953])}",diff_mean_diff_covariance,1
MY-large_mu,3,sigmoid,"{'gamma': 0.00159936124927366, 'coef0': 0.0}","sigmoid(coef0=0.0, gamma=0.00159936124927366)",0.7,rbf,"{'C': 2.0, 'gamma': 0.5}","{'thetas': array([0.0002, 0.0045, 0.0074]), 'lambdas': array([0.0002, 0.0045, 0.0074]), 'gvals': array([2316.1166,  108.6309,   64.1994])}",diff_mean_diff_covariance,1
MY-large_mu,4,linear,{},linear,0.7272727272727273,poly,"{'C': 1.0, 'gamma': 'scale', 'degree': 2, 'coef0': 1.0}","{'thetas': array([0., 0., 0., 0.]), 'lambdas': array([0., 0., 0., 0.]), 'gvals': array([4.1907e+09, 3.0446e+09, 5.7726e+08, 4.0310e+08])}",diff_mean_diff_covariance,1
MY-large_mu,4,rbf,{'gamma': 0.00159936124927366},rbf(gamma=0.00159936124927366),0.5454545454545454,rbf,"{'C': 1.0, 'gamma': 0.5}","{'thetas': array([0.0001, 0.0001, 0.0001, 0.0002]), 'lambdas': array([0.0001, 0.0001, 0.0001, 0.0002]), 'gvals': array([9595.9552, 5114.0151, 3894.5261, 2594.3554])}",diff_mean_diff_covariance,1
MY-large_mu,4,laplacian,{'gamma': 0.00159936124927366},laplacian(gamma=0.00159936124927366),0.5636363636363636,rbf,"{'C': 2.0, 'gamma': 0.5}","{'thetas': array([0.    , 0.0001, 0.0001, 0.0002]), 'lambdas': array([0.    , 0.0001, 0.0001, 0.0002]), 'gvals': array([16066.4178,  7467.7365,  4147.3351,  2309.4292])}",diff_mean_diff_covariance,1
MY-large_mu,4,polynomial,"{'degree': 2, 'gamma': 0.00159936124927366, 'coef0': 1.0}","polynomial(coef0=1.0, degree=2, gamma=0.00159936124927366)",0.5909090909090909,rbf,"{'C': 0.5, 'gamma': 'scale'}","{'thetas': array([0.0002, 0.0004, 0.0009, 0.001 ]), 'lambdas': array([0.0002, 0.0004, 0.0009, 0.001 ]), 'gvals': array([3224.4685, 1118.3638,  581.0863,  505.5566])}",diff_mean_diff_covariance,1
MY-large_mu,4,sigmoid,"{'gamma': 0.00159936124927366, 'coef0': 0.0}","sigmoid(coef0=0.0, gamma=0.00159936124927366)",0.6909090909090909,rbf,"{'C': 0.5, 'gamma': 0.5}","{'thetas': array([0.0006, 0.0024, 0.007 , 0.008 ]), 'lambdas': array([0.0006, 0.0024, 0.007 , 0.008 ]), 'gvals': array([903.5002, 203.8662,  68.2577,  59.9042])}",diff_mean_diff_covariance,1
MY-large_mu,5,linear,{},linear,0.6909090909090909,rbf,"{'C': 1.0, 'gamma': 0.5}","{'thetas': array([0.    , 0.    , 0.    , 0.    , 0.0011]), 'lambdas': array([0.    , 0.    , 0.    , 0.    , 0.0011]), 'gvals': array([1.0909e+09, 5.9716e+08, 3.0686e+08, 2.5521e+08, 4.3771e+02])}",diff_mean_diff_covariance,1
MY-large_mu,5,rbf,{'gamma': 0.00159936124927366},rbf(gamma=0.00159936124927366),0.6,rbf,"{'C': 2.0, 'gamma': 0.5}","{'thetas': array([0.    , 0.    , 0.0001, 0.0001, 0.0002]), 'lambdas': array([0.    , 0.    , 0.0001, 0.0001, 0.0002]), 'gvals': array([152068.3745,  23485.3715,   6803.7347,   4357.5002,   3124.2758])}",diff_mean_diff_covariance,1
MY-large_mu,5,laplacian,{'gamma': 0.00159936124927366},laplacian(gamma=0.00159936124927366),0.6,rbf,"{'C': 2.0, 'gamma': 0.5}","{'thetas': array([0.    , 0.0001, 0.0001, 0.0002, 0.0002]), 'lambdas': array([0.    , 0.0001, 0.0001, 0.0002, 0.0002]), 'gvals': array([18379.258 ,  8666.1472,  3771.4013,  3162.083 ,  2278.9882])}",diff_mean_diff_covariance,1
MY-large_mu,5,polynomial,"{'degree': 2, 'gamma': 0.00159936124927366, 'coef0': 1.0}","polynomial(coef0=1.0, degree=2, gamma=0.00159936124927366)",0.6909090909090909,rbf,"{'C': 1.0, 'gamma': 0.5}","{'thetas': array([0.0002, 0.0006, 0.0012, 0.0015, 0.0024]), 'lambdas': array([0.0002, 0.0006, 0.0012, 0.0015, 0.0024]), 'gvals': array([2536.3405,  772.6898,  406.4663,  321.6629,  203.6348])}",diff_mean_diff_covariance,1
MY-large_mu,5,sigmoid,"{'gamma': 0.00159936124927366, 'coef0': 0.0}","sigmoid(coef0=0.0, gamma=0.00159936124927366)",0.6727272727272727,rbf,"{'C': 1.0, 'gamma': 'scale'}","{'thetas': array([0.0004, 0.0015, 0.0025, 0.0053, 0.0072]), 'lambdas': array([0.0004, 0.0015, 0.0025, 0.0053, 0.0072]), 'gvals': array([1296.0097,  340.72  ,  195.8339,   91.8303,   66.2841])}",diff_mean_diff_covariance,1
MY-large_mu,6,linear,{},linear,0.7454545454545455,rbf,"{'C': 1.0, 'gamma': 0.5}","{'thetas': array([0.    , 0.    , 0.    , 0.0007, 0.0017, 0.0035]), 'lambdas': array([0.    , 0.    , 0.    , 0.0007, 0.0017, 0.0035]), 'gvals': array([1.6416e+09, 9.6241e+08, 2.8318e+08, 7.4532e+02, 2.9230e+02,
       1.3789e+02])}",diff_mean_diff_covariance,1
MY-large_mu,6,rbf,{'gamma': 0.00159936124927366},rbf(gamma=0.00159936124927366),0.5818181818181818,rbf,"{'C': 2.0, 'gamma': 0.5}","{'thetas': array([0.    , 0.0001, 0.0002, 0.0002, 0.0003, 0.0004]), 'lambdas': array([0.    , 0.0001, 0.0002, 0.0002, 0.0003, 0.0004]), 'gvals': array([13130.6199,  9217.3042,  3126.1085,  2044.8614,  1633.7921,
        1283.5518])}",diff_mean_diff_covariance,1
MY-large_mu,6,laplacian,{'gamma': 0.00159936124927366},laplacian(gamma=0.00159936124927366),0.6363636363636364,rbf,"{'C': 1.0, 'gamma': 0.5}","{'thetas': array([0.    , 0.0001, 0.0001, 0.0003, 0.0003, 0.0003]), 'lambdas': array([0.    , 0.0001, 0.0001, 0.0003, 0.0003, 0.0003]), 'gvals': array([16116.8983,  9094.6625,  4408.522 ,  1893.6269,  1712.7084,
        1484.0349])}",diff_mean_diff_covariance,1
MY-large_mu,6,polynomial,"{'degree': 2, 'gamma': 0.00159936124927366, 'coef0': 1.0}","polynomial(coef0=1.0, degree=2, gamma=0.00159936124927366)",0.5727272727272728,rbf,"{'C': 1.0, 'gamma': 0.5}","{'thetas': array([0.0001, 0.0002, 0.0005, 0.0008, 0.0012, 0.0023]), 'lambdas': array([0.0001, 0.0002, 0.0005, 0.0008, 0.0012, 0.0023]), 'gvals': array([8617.5161, 2333.0872,  976.2998,  607.3388,  417.7014,  215.8919])}",diff_mean_diff_covariance,1
MY-large_mu,6,sigmoid,"{'gamma': 0.00159936124927366, 'coef0': 0.0}","sigmoid(coef0=0.0, gamma=0.00159936124927366)",0.7090909090909091,rbf,"{'C': 2.0, 'gamma': 'scale'}","{'thetas': array([0.0036, 0.0061, 0.0089, 0.0132, 0.0152, 0.0229]), 'lambdas': array([0.0036, 0.0061, 0.0089, 0.0132, 0.0152, 0.0229]), 'gvals': array([137.0643,  78.6819,  53.1734,  35.3213,  30.331 ,  19.4115])}",diff_mean_diff_covariance,1
MY-large_mu,7,linear,{},linear,0.6909090909090909,rbf,"{'C': 0.5, 'gamma': 'scale'}","{'thetas': array([0.    , 0.    , 0.0011, 0.002 , 0.0036, 0.0043, 0.0061]), 'lambdas': array([0.    , 0.    , 0.0011, 0.002 , 0.0036, 0.0043, 0.0061]), 'gvals': array([4.1884e+09, 2.1693e+09, 4.5486e+02, 2.4440e+02, 1.3419e+02,
       1.1356e+02, 7.8543e+01])}",diff_mean_diff_covariance,1
MY-large_mu,7,rbf,{'gamma': 0.00159936124927366},rbf(gamma=0.00159936124927366),0.5818181818181818,rbf,"{'C': 2.0, 'gamma': 0.5}","{'thetas': array([0.    , 0.0001, 0.0002, 0.0003, 0.0003, 0.0004, 0.0005]), 'lambdas': array([0.    , 0.0001, 0.0002, 0.0003, 0.0003, 0.0004, 0.0005]), 'gvals': array([13702.2346,  6952.335 ,  2946.316 ,  1827.3193,  1657.0428,
        1157.9037,   947.9675])}",diff_mean_diff_covariance,1
MY-large_mu,7,laplacian,{'gamma': 0.00159936124927366},laplacian(gamma=0.00159936124927366),0.6454545454545455,rbf,"{'C': 1.0, 'gamma': 0.5}","{'thetas': array([0.    , 0.0001, 0.0002, 0.0003, 0.0004, 0.0004, 0.0005]), 'lambdas': array([0.    , 0.0001, 0.0002, 0.0003, 0.0004, 0.0004, 0.0005]), 'gvals': array([33181.0352,  4355.7941,  2973.0222,  1869.9459,  1417.5343,
        1186.1927,  1043.3274])}",diff_mean_diff_covariance,1
MY-large_mu,7,polynomial,"{'degree': 2, 'gamma': 0.00159936124927366, 'coef0': 1.0}","polynomial(coef0=1.0, degree=2, gamma=0.00159936124927366)",0.6363636363636364,rbf,"{'C': 0.5, 'gamma': 0.5}","{'thetas': array([0.0002, 0.0013, 0.0015, 0.0021, 0.0026, 0.0037, 0.004 ]), 'lambdas': array([0.0002, 0.0013, 0.0015, 0.0021, 0.0026, 0.0037, 0.004 ]), 'gvals': array([2579.2695,  382.6144,  332.6921,  236.6407,  187.0055,  132.9145,
        122.4141])}",diff_mean_diff_covariance,1
MY-large_mu,7,sigmoid,"{'gamma': 0.00159936124927366, 'coef0': 0.0}","sigmoid(coef0=0.0, gamma=0.00159936124927366)",0.7,rbf,"{'C': 1.0, 'gamma': 'scale'}","{'thetas': array([0.002 , 0.0068, 0.0088, 0.0106, 0.0171, 0.0262, 0.0318]), 'lambdas': array([0.002 , 0.0068, 0.0088, 0.0106, 0.0171, 0.0262, 0.0318]), 'gvals': array([242.7734,  70.7713,  53.9849,  44.604 ,  26.7646,  16.7449,
        13.5199])}",diff_mean_diff_covariance,1
MY-large_mu,8,linear,{},linear,0.7454545454545455,rbf,"{'C': 0.5, 'gamma': 'scale'}","{'thetas': array([0.    , 0.    , 0.    , 0.    , 0.0011, 0.002 , 0.0031, 0.0034]), 'lambdas': array([0.    , 0.    , 0.    , 0.    , 0.0011, 0.002 , 0.0031, 0.0034]), 'gvals': array([9.9085e+09, 3.2456e+09, 1.3792e+09, 9.1587e+08, 4.4764e+02,
       2.4923e+02, 1.5565e+02, 1.4412e+02])}",diff_mean_diff_covariance,1
MY-large_mu,8,rbf,{'gamma': 0.00159936124927366},rbf(gamma=0.00159936124927366),0.6363636363636364,rbf,"{'C': 2.0, 'gamma': 0.5}","{'thetas': array([0.    , 0.    , 0.    , 0.0001, 0.0001, 0.0002, 0.0003, 0.0004]), 'lambdas': array([0.    , 0.    , 0.    , 0.0001, 0.0001, 0.0002, 0.0003, 0.0004]), 'gvals': array([544678.2855, 122300.9619,  19087.1083,   7745.9058,   3742.9272,
         2656.6448,   1693.9654,   1262.9889])}",diff_mean_diff_covariance,1
MY-large_mu,8,laplacian,{'gamma': 0.00159936124927366},laplacian(gamma=0.00159936124927366),0.6363636363636364,rbf,"{'C': 2.0, 'gamma': 0.5}","{'thetas': array([0.    , 0.    , 0.0001, 0.0002, 0.0002, 0.0003, 0.0004, 0.0005]), 'lambdas': array([0.    , 0.    , 0.0001, 0.0002, 0.0002, 0.0003, 0.0004, 0.0005]), 'gvals': array([81164.0029, 19218.1489,  6283.5736,  3205.0489,  2372.1522,
        1703.3111,  1243.4775,   995.5479])}",diff_mean_diff_covariance,1
MY-large_mu,8,polynomial,"{'degree': 2, 'gamma': 0.00159936124927366, 'coef0': 1.0}","polynomial(coef0=1.0, degree=2, gamma=0.00159936124927366)",0.6,rbf,"{'C': 1.0, 'gamma': 0.5}","{'thetas': array([0.0004, 0.0008, 0.0016, 0.0017, 0.0029, 0.0038, 0.0044, 0.0058]), 'lambdas': array([0.0004, 0.0008, 0.0016, 0.0017, 0.0029, 0.0038, 0.0044, 0.0058]), 'gvals': array([1168.6161,  585.6073,  307.6699,  286.3   ,  167.2439,  128.8661,
        111.7113,   83.1107])}",diff_mean_diff_covariance,1
MY-large_mu,8,sigmoid,"{'gamma': 0.00159936124927366, 'coef0': 0.0}","sigmoid(coef0=0.0, gamma=0.00159936124927366)",0.7272727272727273,rbf,"{'C': 1.0, 'gamma': 0.5}","{'thetas': array([0.0005, 0.0012, 0.0031, 0.0051, 0.0077, 0.0138, 0.0189, 0.0214]), 'lambdas': array([0.0005, 0.0012, 0.0031, 0.0051, 0.0077, 0.0138, 0.0189, 0.0214]), 'gvals': array([1019.4535,  396.3672,  159.3613,   94.8972,   61.9069,   33.7017,
         23.9354,   20.904 ])}",diff_mean_diff_covariance,1
MY-large_mu,10,linear,{},linear,0.7,rbf,"{'C': 1.0, 'gamma': 'scale'}","{'thetas': array([0.    , 0.    , 0.    , 0.    , 0.    , 0.0007, 0.0022, 0.0043,
       0.0051, 0.0063]), 'lambdas': array([0.    , 0.    , 0.    , 0.    , 0.    , 0.0007, 0.0022, 0.0043,
       0.0051, 0.0063]), 'gvals': array([3.0771e+10, 1.5889e+09, 1.0483e+09, 5.3759e+08, 1.8151e+08,
       7.2087e+02, 2.2573e+02, 1.1323e+02, 9.4370e+01, 7.5820e+01])}",diff_mean_diff_covariance,1
MY-large_mu,10,rbf,{'gamma': 0.00159936124927366},rbf(gamma=0.00159936124927366),0.6545454545454545,rbf,"{'C': 2.0, 'gamma': 0.5}","{'thetas': array([0.    , 0.    , 0.0001, 0.0001, 0.0002, 0.0002, 0.0003, 0.0005,
       0.0009, 0.0009]), 'lambdas': array([0.    , 0.    , 0.0001, 0.0001, 0.0002, 0.0002, 0.0003, 0.0005,
       0.0009, 0.0009]), 'gvals': array([117581.127 ,  20775.1621,   8693.0342,   4547.5176,   3033.6985,
         2168.9932,   1463.0983,    921.4796,    572.3027,    534.2406])}",diff_mean_diff_covariance,1
MY-large_mu,10,laplacian,{'gamma': 0.00159936124927366},laplacian(gamma=0.00159936124927366),0.6181818181818182,rbf,"{'C': 2.0, 'gamma': 0.5}","{'thetas': array([0.    , 0.0001, 0.0001, 0.0002, 0.0003, 0.0004, 0.0005, 0.0006,
       0.0007, 0.0008]), 'lambdas': array([0.    , 0.0001, 0.0001, 0.0002, 0.0003, 0.0004, 0.0005, 0.0006,
       0.0007, 0.0008]), 'gvals': array([40349.0011,  7608.934 ,  3855.507 ,  2351.8783,  1478.8099,
        1349.0478,   982.1337,   845.7918,   688.0123,   589.5829])}",diff_mean_diff_covariance,1
MY-large_mu,10,polynomial,"{'degree': 2, 'gamma': 0.00159936124927366, 'coef0': 1.0}","polynomial(coef0=1.0, degree=2, gamma=0.00159936124927366)",0.6272727272727273,rbf,"{'C': 0.5, 'gamma': 0.5}","{'thetas': array([0.    , 0.0004, 0.0006, 0.0013, 0.0026, 0.0033, 0.0038, 0.004 ,
       0.0052, 0.0071]), 'lambdas': array([0.    , 0.0004, 0.0006, 0.0013, 0.0026, 0.0033, 0.0038, 0.004 ,
       0.0052, 0.0071]), 'gvals': array([10363.8937,  1275.1742,   782.3391,   370.1356,   191.5236,
         149.4683,   129.1922,   121.7896,    92.2097,    66.9996])}",diff_mean_diff_covariance,1
MY-large_mu,10,sigmoid,"{'gamma': 0.00159936124927366, 'coef0': 0.0}","sigmoid(coef0=0.0, gamma=0.00159936124927366)",0.7,rbf,"{'C': 2.0, 'gamma': 0.5}","{'thetas': array([0.0006, 0.0023, 0.005 , 0.0071, 0.0123, 0.0167, 0.0176, 0.0224,
       0.026 , 0.0334]), 'lambdas': array([0.0006, 0.0023, 0.005 , 0.0071, 0.0123, 0.0167, 0.0176, 0.0224,
       0.026 , 0.0334]), 'gvals': array([789.4875, 217.0977,  95.8771,  67.4629,  37.9301,  27.3916,
        25.9244,  19.9118,  16.8825,  12.7858])}",diff_mean_diff_covariance,1
MY-large_mu,12,linear,{},linear,0.7272727272727273,rbf,"{'C': 0.5, 'gamma': 'scale'}","{'thetas': array([0.    , 0.    , 0.    , 0.    , 0.    , 0.0002, 0.0021, 0.0048,
       0.006 , 0.0077, 0.0105, 0.0119]), 'lambdas': array([0.    , 0.    , 0.    , 0.    , 0.    , 0.0002, 0.0021, 0.0048,
       0.006 , 0.0077, 0.0105, 0.0119]), 'gvals': array([7.2610e+09, 6.3363e+08, 4.0597e+08, 2.8490e+08, 2.4695e+08,
       2.6138e+03, 2.3606e+02, 9.9993e+01, 8.0962e+01, 6.2284e+01,
       4.4780e+01, 3.9357e+01])}",diff_mean_diff_covariance,1
MY-large_mu,12,rbf,{'gamma': 0.00159936124927366},rbf(gamma=0.00159936124927366),0.5818181818181818,rbf,"{'C': 2.0, 'gamma': 0.5}","{'thetas': array([0.    , 0.    , 0.0001, 0.0001, 0.0002, 0.0003, 0.0004, 0.0007,
       0.0008, 0.0011, 0.0014, 0.0015]), 'lambdas': array([0.    , 0.    , 0.0001, 0.0001, 0.0002, 0.0003, 0.0004, 0.0007,
       0.0008, 0.0011, 0.0014, 0.0015]), 'gvals': array([21464.2721, 16067.7616,  5808.6205,  5264.8916,  2854.4753,
        1651.1292,  1304.0995,   724.1451,   600.5803,   457.3559,
         356.4058,   321.9792])}",diff_mean_diff_covariance,1
MY-large_mu,12,laplacian,{'gamma': 0.00159936124927366},laplacian(gamma=0.00159936124927366),0.5727272727272728,rbf,"{'C': 1.0, 'gamma': 0.5}","{'thetas': array([0.    , 0.0001, 0.0001, 0.0002, 0.0004, 0.0005, 0.0006, 0.0007,
       0.0009, 0.001 , 0.0013, 0.0015]), 'lambdas': array([0.    , 0.0001, 0.0001, 0.0002, 0.0004, 0.0005, 0.0006, 0.0007,
       0.0009, 0.001 , 0.0013, 0.0015]), 'gvals': array([44193.2453,  5655.2962,  4251.3771,  2045.5459,  1108.3841,
         937.6119,   780.3099,   695.8119,   536.8344,   503.5031,
         394.2581,   339.4051])}",diff_mean_diff_covariance,1
MY-large_mu,12,polynomial,"{'degree': 2, 'gamma': 0.00159936124927366, 'coef0': 1.0}","polynomial(coef0=1.0, degree=2, gamma=0.00159936124927366)",0.5909090909090909,rbf,"{'C': 2.0, 'gamma': 0.5}","{'thetas': array([0.0003, 0.0007, 0.0018, 0.0023, 0.0028, 0.0046, 0.005 , 0.0062,
       0.0067, 0.0078, 0.0089, 0.0118]), 'lambdas': array([0.0003, 0.0007, 0.0018, 0.0023, 0.0028, 0.0046, 0.005 , 0.0062,
       0.0067, 0.0078, 0.0089, 0.0118]), 'gvals': array([1578.9764,  723.4314,  269.2619,  211.5878,  172.4586,  106.6051,
         96.7166,   77.0101,   71.5347,   61.303 ,   53.0411,   39.4777])}",diff_mean_diff_covariance,1
MY-large_mu,12,sigmoid,"{'gamma': 0.00159936124927366, 'coef0': 0.0}","sigmoid(coef0=0.0, gamma=0.00159936124927366)",0.5909090909090909,rbf,"{'C': 2.0, 'gamma': 0.5}","{'thetas': array([      0.0038,       0.0093,       0.0109,       0.0127,
             0.0201,       0.023 ,       0.0248,       0.0317,
             0.0353,       0.0465,       0.053 , 7223497.595 ]), 'lambdas': array([      0.0038,       0.0093,       0.0109,       0.0127,
             0.0201,       0.023 ,       0.0248,       0.0317,
             0.0353,       0.0465,       0.053 , 7223497.595 ]), 'gvals': array([128.3302,  51.0281,  43.1189,  36.7463,  22.366 ,  19.3304,
        17.8476,  13.5581,  11.9827,   8.719 ,   7.4608,   7.3964])}",diff_mean_diff_covariance,1
MY-large_mu,14,linear,{},linear,0.6909090909090909,rbf,"{'C': 0.5, 'gamma': 'scale'}","{'thetas': array([0.    , 0.    , 0.    , 0.0025, 0.0028, 0.0052, 0.0067, 0.0089,
       0.0122, 0.0131, 0.0149, 0.0154, 0.0188, 0.0263]), 'lambdas': array([0.    , 0.    , 0.    , 0.0025, 0.0028, 0.0052, 0.0067, 0.0089,
       0.0122, 0.0131, 0.0149, 0.0154, 0.0188, 0.0263]), 'gvals': array([6.4238e+10, 3.4436e+09, 3.6011e+08, 1.9804e+02, 1.7358e+02,
       9.3898e+01, 7.1934e+01, 5.3292e+01, 3.8300e+01, 3.5486e+01,
       3.0940e+01, 2.9822e+01, 2.4174e+01, 1.6672e+01])}",diff_mean_diff_covariance,1
MY-large_mu,14,rbf,{'gamma': 0.00159936124927366},rbf(gamma=0.00159936124927366),0.6363636363636364,rbf,"{'C': 1.0, 'gamma': 0.5}","{'thetas': array([0.    , 0.    , 0.0001, 0.0001, 0.0002, 0.0004, 0.0004, 0.0006,
       0.0007, 0.0009, 0.0011, 0.0012, 0.0015, 0.0018]), 'lambdas': array([0.    , 0.    , 0.0001, 0.0001, 0.0002, 0.0004, 0.0004, 0.0006,
       0.0007, 0.0009, 0.0011, 0.0012, 0.0015, 0.0018]), 'gvals': array([85114.0948, 29597.4951,  6450.7738,  3932.8526,  2476.7864,
        1366.5916,  1196.9464,   866.428 ,   753.6102,   525.7867,
         437.5228,   425.2013,   330.0574,   280.797 ])}",diff_mean_diff_covariance,1
MY-large_mu,14,laplacian,{'gamma': 0.00159936124927366},laplacian(gamma=0.00159936124927366),0.6454545454545455,rbf,"{'C': 2.0, 'gamma': 0.5}","{'thetas': array([0.    , 0.    , 0.0001, 0.0001, 0.0002, 0.0004, 0.0004, 0.0005,
       0.0007, 0.0009, 0.0009, 0.001 , 0.0012, 0.0015]), 'lambdas': array([0.    , 0.    , 0.0001, 0.0001, 0.0002, 0.0004, 0.0004, 0.0005,
       0.0007, 0.0009, 0.0009, 0.001 , 0.0012, 0.0015]), 'gvals': array([56156.683 , 17791.74  ,  5867.1181,  4703.4204,  2026.1491,
        1281.5378,  1140.609 ,   908.7224,   711.5449,   582.5004,
         535.9195,   508.3862,   413.9537,   336.3115])}",diff_mean_diff_covariance,1
MY-large_mu,14,polynomial,"{'degree': 2, 'gamma': 0.00159936124927366, 'coef0': 1.0}","polynomial(coef0=1.0, degree=2, gamma=0.00159936124927366)",0.6545454545454545,rbf,"{'C': 1.0, 'gamma': 0.5}","{'thetas': array([0.0001, 0.0006, 0.0011, 0.0014, 0.0021, 0.0028, 0.0038, 0.0047,
       0.0054, 0.0062, 0.0074, 0.008 , 0.0093, 0.0109]), 'lambdas': array([0.0001, 0.0006, 0.0011, 0.0014, 0.0021, 0.0028, 0.0038, 0.0047,
       0.0054, 0.0062, 0.0074, 0.008 , 0.0093, 0.0109]), 'gvals': array([4491.8138,  773.2604,  457.1181,  351.4709,  234.3811,  176.686 ,
        128.6041,  103.023 ,   89.0982,   77.3005,   64.2235,   59.7731,
         50.9901,   42.9118])}",diff_mean_diff_covariance,1
MY-large_mu,14,sigmoid,"{'gamma': 0.00159936124927366, 'coef0': 0.0}","sigmoid(coef0=0.0, gamma=0.00159936124927366)",0.7181818181818181,rbf,"{'C': 0.5, 'gamma': 'scale'}","{'thetas': array([      0.0001,       0.0023,       0.0052,       0.0094,
             0.0112,       0.0159,       0.018 ,       0.023 ,
             0.0236,       0.0311,       0.0432,       0.0477,
             0.0524, 7266608.6259]), 'lambdas': array([      0.0001,       0.0023,       0.0052,       0.0094,
             0.0112,       0.0159,       0.018 ,       0.023 ,
             0.0236,       0.0311,       0.0432,       0.0477,
             0.0524, 7266608.6259]), 'gvals': array([5628.8292,  217.5949,   93.073 ,   50.4266,   41.7388,   28.9705,
         25.196 ,   19.3838,   18.7811,   13.8432,    9.5082,    8.4628,
          7.5668,    7.3994])}",diff_mean_diff_covariance,1
MY-large_mu,16,linear,{},linear,0.7,rbf,"{'C': 2.0, 'gamma': 'scale'}","{'thetas': array([0.    , 0.    , 0.    , 0.    , 0.    , 0.0006, 0.0014, 0.0029,
       0.0033, 0.0046, 0.0063, 0.0076, 0.0098, 0.0141, 0.0171, 0.0185]), 'lambdas': array([0.    , 0.    , 0.    , 0.    , 0.    , 0.0006, 0.0014, 0.0029,
       0.0033, 0.0046, 0.0063, 0.0076, 0.0098, 0.0141, 0.0171, 0.0185]), 'gvals': array([3.3479e+10, 5.6375e+08, 2.9749e+08, 2.6504e+08, 1.2660e+08,
       8.6357e+02, 3.5800e+02, 1.6800e+02, 1.4875e+02, 1.0510e+02,
       7.5947e+01, 6.2682e+01, 4.8380e+01, 3.2891e+01, 2.6692e+01,
       2.4559e+01])}",diff_mean_diff_covariance,1
MY-large_mu,16,rbf,{'gamma': 0.00159936124927366},rbf(gamma=0.00159936124927366),0.6818181818181818,rbf,"{'C': 2.0, 'gamma': 0.5}","{'thetas': array([0.    , 0.    , 0.0001, 0.0002, 0.0002, 0.0004, 0.0006, 0.0007,
       0.0008, 0.0009, 0.001 , 0.0013, 0.0014, 0.0017, 0.0021, 0.0024]), 'lambdas': array([0.    , 0.    , 0.0001, 0.0002, 0.0002, 0.0004, 0.0006, 0.0007,
       0.0008, 0.0009, 0.001 , 0.0013, 0.0014, 0.0017, 0.0021, 0.0024]), 'gvals': array([44087.9691, 17801.3097,  4913.0213,  2970.9563,  2015.6022,
        1308.8954,   823.2399,   743.4457,   641.0766,   555.4093,
         510.7724,   382.7157,   343.3889,   296.0977,   233.1124,
         207.2006])}",diff_mean_diff_covariance,1
MY-large_mu,16,laplacian,{'gamma': 0.00159936124927366},laplacian(gamma=0.00159936124927366),0.6727272727272727,rbf,"{'C': 1.0, 'gamma': 0.5}","{'thetas': array([0.    , 0.0001, 0.0002, 0.0002, 0.0003, 0.0004, 0.0004, 0.0005,
       0.0006, 0.0008, 0.0008, 0.0009, 0.001 , 0.0013, 0.0016, 0.0017]), 'lambdas': array([0.    , 0.0001, 0.0002, 0.0002, 0.0003, 0.0004, 0.0004, 0.0005,
       0.0006, 0.0008, 0.0008, 0.0009, 0.001 , 0.0013, 0.0016, 0.0017]), 'gvals': array([10266.9427,  6447.3663,  3153.884 ,  2062.9546,  1441.0467,
        1353.9975,  1257.3744,   922.238 ,   858.3576,   635.732 ,
         587.2738,   554.7293,   493.9839,   370.4358,   310.6708,
         289.3125])}",diff_mean_diff_covariance,1
MY-large_mu,16,polynomial,"{'degree': 2, 'gamma': 0.00159936124927366, 'coef0': 1.0}","polynomial(coef0=1.0, degree=2, gamma=0.00159936124927366)",0.6727272727272727,rbf,"{'C': 2.0, 'gamma': 0.5}","{'thetas': array([0.    , 0.0003, 0.0007, 0.0013, 0.002 , 0.0023, 0.0026, 0.0032,
       0.0044, 0.0055, 0.0066, 0.0077, 0.0088, 0.0105, 0.0132, 0.0138]), 'lambdas': array([0.    , 0.0003, 0.0007, 0.0013, 0.002 , 0.0023, 0.0026, 0.0032,
       0.0044, 0.0055, 0.0066, 0.0077, 0.0088, 0.0105, 0.0132, 0.0138]), 'gvals': array([30459.4949,  1748.526 ,   762.4286,   388.5859,   243.2706,
         212.3744,   191.588 ,   154.0572,   110.1273,    87.9518,
          72.5241,    61.8008,    54.2071,    45.0044,    35.1515,
          33.6382])}",diff_mean_diff_covariance,1
MY-large_mu,16,sigmoid,"{'gamma': 0.00159936124927366, 'coef0': 0.0}","sigmoid(coef0=0.0, gamma=0.00159936124927366)",0.7454545454545455,rbf,"{'C': 0.5, 'gamma': 'scale'}","{'thetas': array([      0.0002,       0.0012,       0.0046,       0.0065,
             0.009 ,       0.0153,       0.0211,       0.0235,
             0.0258,       0.0391,       0.0451,       0.0458,
             0.0493, 8627840.4416, 6084907.0219, 5796614.1452]), 'lambdas': array([      0.0002,       0.0012,       0.0046,       0.0065,
             0.009 ,       0.0153,       0.0211,       0.0235,
             0.0258,       0.0391,       0.0451,       0.0458,
             0.0493, 8627840.4416, 6084907.0219, 5796614.1452]), 'gvals': array([2308.6313,  410.6626,  105.1822,   73.7623,   52.6776,   30.0853,
         21.2225,   18.9097,   17.0627,   10.6799,    9.044 ,    8.8838,
          8.133 ,    7.4853,    7.3107,    7.2864])}",diff_mean_diff_covariance,1
MY-large_mu,20,linear,{},linear,0.7636363636363637,rbf,"{'C': 0.5, 'gamma': 'scale'}","{'thetas': array([      0.    ,       0.    ,       0.0008,       0.0026,
             0.0056,       0.006 ,       0.007 ,       0.0094,
             0.0118,       0.0146,       0.0172,       0.0205,
             0.0254,       0.0283,       0.0311,       0.0316,
             0.0356,       0.0421,       0.0447, 7608486.2795]), 'lambdas': array([      0.    ,       0.    ,       0.0008,       0.0026,
             0.0056,       0.006 ,       0.007 ,       0.0094,
             0.0118,       0.0146,       0.0172,       0.0205,
             0.0254,       0.0283,       0.0311,       0.0316,
             0.0356,       0.0421,       0.0447, 7608486.2795]), 'gvals': array([1.8934e+09, 5.3483e+08, 5.9471e+02, 1.9018e+02, 8.5940e+01,
       8.0046e+01, 6.8224e+01, 5.0265e+01, 3.9770e+01, 3.1710e+01,
       2.6501e+01, 2.1893e+01, 1.7313e+01, 1.5403e+01, 1.3860e+01,
       1.3581e+01, 1.1858e+01, 9.7945e+00, 9.1300e+00, 7.4224e+00])}",diff_mean_diff_covariance,1
MY-large_mu,20,rbf,{'gamma': 0.00159936124927366},rbf(gamma=0.00159936124927366),0.6909090909090909,rbf,"{'C': 2.0, 'gamma': 0.5}","{'thetas': array([0.    , 0.    , 0.0001, 0.0001, 0.0002, 0.0003, 0.0004, 0.0005,
       0.0006, 0.0009, 0.0011, 0.0011, 0.0014, 0.0015, 0.0018, 0.0022,
       0.0023, 0.0025, 0.0029, 0.003 ]), 'lambdas': array([0.    , 0.    , 0.0001, 0.0001, 0.0002, 0.0003, 0.0004, 0.0005,
       0.0006, 0.0009, 0.0011, 0.0011, 0.0014, 0.0015, 0.0018, 0.0022,
       0.0023, 0.0025, 0.0029, 0.003 ]), 'gvals': array([34411.1477, 12303.5942,  8448.7402,  3775.5423,  2872.637 ,
        1867.6701,  1289.7378,  1070.8827,   786.6845,   578.5222,
         456.2116,   437.9928,   358.486 ,   319.9068,   276.584 ,
         226.9306,   211.6354,   198.6805,   170.168 ,   160.7125])}",diff_mean_diff_covariance,1
MY-large_mu,20,laplacian,{'gamma': 0.00159936124927366},laplacian(gamma=0.00159936124927366),0.7363636363636363,rbf,"{'C': 2.0, 'gamma': 0.5}","{'thetas': array([0.    , 0.    , 0.0001, 0.0002, 0.0003, 0.0003, 0.0006, 0.0006,
       0.0008, 0.0009, 0.001 , 0.0013, 0.0015, 0.0017, 0.0019, 0.002 ,
       0.0024, 0.0029, 0.0029, 0.0031]), 'lambdas': array([0.    , 0.    , 0.0001, 0.0002, 0.0003, 0.0003, 0.0006, 0.0006,
       0.0008, 0.0009, 0.001 , 0.0013, 0.0015, 0.0017, 0.0019, 0.002 ,
       0.0024, 0.0029, 0.0029, 0.0031]), 'gvals': array([55135.8494, 11154.5244,  6954.7336,  2499.2823,  1873.5832,
        1551.2367,   904.2374,   844.8764,   635.9036,   574.9848,
         518.3114,   372.9891,   320.2472,   298.6165,   262.9476,
         243.0525,   206.2279,   171.5279,   168.38  ,   156.4649])}",diff_mean_diff_covariance,1
MY-large_mu,20,polynomial,"{'degree': 2, 'gamma': 0.00159936124927366, 'coef0': 1.0}","polynomial(coef0=1.0, degree=2, gamma=0.00159936124927366)",0.6272727272727273,rbf,"{'C': 1.0, 'gamma': 0.5}","{'thetas': array([0.0004, 0.0008, 0.0012, 0.0023, 0.0026, 0.0034, 0.0047, 0.0055,
       0.006 , 0.0072, 0.0078, 0.0092, 0.0114, 0.0123, 0.0132, 0.0152,
       0.0172, 0.0196, 0.0221, 0.0238]), 'lambdas': array([0.0004, 0.0008, 0.0012, 0.0023, 0.0026, 0.0034, 0.0047, 0.0055,
       0.006 , 0.0072, 0.0078, 0.0092, 0.0114, 0.0123, 0.0132, 0.0152,
       0.0172, 0.0196, 0.0221, 0.0238]), 'gvals': array([1251.1222,  615.8857,  404.1863,  217.4375,  192.3265,  142.2653,
        102.8107,   87.6347,   80.0922,   66.5344,   60.8614,   51.4695,
         41.2793,   37.9135,   35.081 ,   30.3524,   26.5518,   23.0579,
         20.2185,   18.6321])}",diff_mean_diff_covariance,1
MY-large_mu,20,sigmoid,"{'gamma': 0.00159936124927366, 'coef0': 0.0}","sigmoid(coef0=0.0, gamma=0.00159936124927366)",0.7727272727272727,rbf,"{'C': 1.0, 'gamma': 'scale'}","{'thetas': array([      0.0021,       0.0031,       0.0064,       0.0143,
             0.0159,       0.0215,       0.0279,       0.0345,
             0.0381,       0.044 ,       0.0458,       0.0535,
       6759225.5543, 5905408.1322, 4485945.5415, 4230597.2662,
       3926952.0457, 3372966.5683, 3219289.9759, 2975817.9731]), 'lambdas': array([      0.0021,       0.0031,       0.0064,       0.0143,
             0.0159,       0.0215,       0.0279,       0.0345,
             0.0381,       0.044 ,       0.0458,       0.0535,
       6759225.5543, 5905408.1322, 4485945.5415, 4230597.2662,
       3926952.0457, 3372966.5683, 3219289.9759, 2975817.9731]), 'gvals': array([231.4775, 157.2821,  75.5301,  32.4064,  28.8576,  20.7915,
        15.6053,  12.3114,  11.0008,   9.2996,   8.8718,   7.3813,
         7.3632,   7.2957,   7.1582,   7.1289,   7.0917,   7.0157,
         6.9923,   6.953 ])}",diff_mean_diff_covariance,1
MY-large_mu,24,linear,{},linear,0.7272727272727273,rbf,"{'C': 1.0, 'gamma': 'scale'}","{'thetas': array([      0.    ,       0.    ,       0.    ,       0.    ,
             0.    ,       0.002 ,       0.0038,       0.0045,
             0.005 ,       0.0069,       0.009 ,       0.0107,
             0.0141,       0.0164,       0.0176,       0.022 ,
             0.0269,       0.0288,       0.0306,       0.0426,
             0.0474,       0.0521, 7888239.0794, 6938471.7112]), 'lambdas': array([      0.    ,       0.    ,       0.    ,       0.    ,
             0.    ,       0.002 ,       0.0038,       0.0045,
             0.005 ,       0.0069,       0.009 ,       0.0107,
             0.0141,       0.0164,       0.0176,       0.022 ,
             0.0269,       0.0288,       0.0306,       0.0426,
             0.0474,       0.0521, 7888239.0794, 6938471.7112]), 'gvals': array([8.2536e+08, 7.1641e+08, 3.5560e+08, 3.3370e+08, 3.3232e+08,
       2.5171e+02, 1.2824e+02, 1.0907e+02, 9.7279e+01, 6.9970e+01,
       5.2899e+01, 4.3928e+01, 3.2732e+01, 2.8020e+01, 2.5904e+01,
       2.0320e+01, 1.6278e+01, 1.5075e+01, 1.4105e+01, 9.6598e+00,
       8.5190e+00, 7.6175e+00, 7.4404e+00, 7.3763e+00])}",diff_mean_diff_covariance,1
MY-large_mu,24,rbf,{'gamma': 0.00159936124927366},rbf(gamma=0.00159936124927366),0.7181818181818181,rbf,"{'C': 2.0, 'gamma': 0.5}","{'thetas': array([0.    , 0.    , 0.0001, 0.0002, 0.0002, 0.0003, 0.0004, 0.0005,
       0.0006, 0.0007, 0.001 , 0.0011, 0.0013, 0.0015, 0.0018, 0.0023,
       0.0025, 0.0029, 0.003 , 0.0037, 0.0042, 0.0046, 0.0047, 0.0056]), 'lambdas': array([0.    , 0.    , 0.0001, 0.0002, 0.0002, 0.0003, 0.0004, 0.0005,
       0.0006, 0.0007, 0.001 , 0.0011, 0.0013, 0.0015, 0.0018, 0.0023,
       0.0025, 0.0029, 0.003 , 0.0037, 0.0042, 0.0046, 0.0047, 0.0056]), 'gvals': array([22603.3757, 11951.4012,  6799.4567,  3019.1766,  2718.224 ,
        1529.3688,  1254.1222,   945.7313,   816.5361,   763.552 ,
         478.722 ,   453.512 ,   375.7009,   328.3479,   280.2153,
         217.675 ,   193.2397,   167.1574,   160.5707,   132.442 ,
         116.2545,   106.107 ,   103.4239,    86.8491])}",diff_mean_diff_covariance,1
MY-large_mu,24,laplacian,{'gamma': 0.00159936124927366},laplacian(gamma=0.00159936124927366),0.6181818181818182,rbf,"{'C': 2.0, 'gamma': 0.5}","{'thetas': array([0.    , 0.0001, 0.0001, 0.0002, 0.0003, 0.0004, 0.0004, 0.0005,
       0.0007, 0.0008, 0.001 , 0.001 , 0.0012, 0.0013, 0.0016, 0.0019,
       0.0021, 0.0024, 0.0025, 0.0029, 0.003 , 0.0032, 0.0036, 0.004 ]), 'lambdas': array([0.    , 0.0001, 0.0001, 0.0002, 0.0003, 0.0004, 0.0004, 0.0005,
       0.0007, 0.0008, 0.001 , 0.001 , 0.0012, 0.0013, 0.0016, 0.0019,
       0.0021, 0.0024, 0.0025, 0.0029, 0.003 , 0.0032, 0.0036, 0.004 ]), 'gvals': array([36836.2756,  8437.4935,  4523.1256,  2325.6236,  1839.4854,
        1321.2337,  1138.1451,   924.3703,   756.1477,   657.4369,
         519.9258,   492.4241,   404.0169,   380.0905,   317.3332,
         257.5786,   236.8975,   201.2563,   197.1257,   170.7832,
         164.1657,   152.2572,   136.3683,   122.5526])}",diff_mean_diff_covariance,1
MY-large_mu,24,polynomial,"{'degree': 2, 'gamma': 0.00159936124927366, 'coef0': 1.0}","polynomial(coef0=1.0, degree=2, gamma=0.00159936124927366)",0.6727272727272727,rbf,"{'C': 2.0, 'gamma': 0.5}","{'thetas': array([0.    , 0.0007, 0.0014, 0.0018, 0.0021, 0.0033, 0.0035, 0.0044,
       0.0049, 0.0071, 0.0074, 0.0095, 0.0105, 0.0122, 0.0146, 0.0163,
       0.0182, 0.0206, 0.0237, 0.0263, 0.0297, 0.0328, 0.0352, 0.0426]), 'lambdas': array([0.    , 0.0007, 0.0014, 0.0018, 0.0021, 0.0033, 0.0035, 0.0044,
       0.0049, 0.0071, 0.0074, 0.0095, 0.0105, 0.0122, 0.0146, 0.0163,
       0.0182, 0.0206, 0.0237, 0.0263, 0.0297, 0.0328, 0.0352, 0.0426]), 'gvals': array([682904.7065,    711.8788,    346.158 ,    274.6202,    236.4681,
          146.7152,    139.801 ,    110.6717,     98.7935,     67.4244,
           64.8076,     50.0384,     44.6511,     38.3776,     31.5346,
           28.133 ,     24.9518,     21.8565,     18.7007,     16.6633,
           14.552 ,     13.0188,     12.0199,      9.653 ])}",diff_mean_diff_covariance,1
MY-large_mu,24,sigmoid,"{'gamma': 0.00159936124927366, 'coef0': 0.0}","sigmoid(coef0=0.0, gamma=0.00159936124927366)",0.7818181818181819,rbf,"{'C': 2.0, 'gamma': 'scale'}","{'thetas': array([      0.0002,       0.0017,       0.0041,       0.0057,
             0.0094,       0.0115,       0.0176,       0.0217,
             0.0263,       0.0323,       0.0412,       0.0419,
             0.0473, 7292495.8301, 6279707.8117, 5347354.7981,
       4722998.3504, 4266638.9238, 3580852.5883, 3416235.5078,
       2880993.0611, 2699457.2432, 2419147.2953, 2254468.126 ]), 'lambdas': array([      0.0002,       0.0017,       0.0041,       0.0057,
             0.0094,       0.0115,       0.0176,       0.0217,
             0.0263,       0.0323,       0.0412,       0.0419,
             0.0473, 7292495.8301, 6279707.8117, 5347354.7981,
       4722998.3504, 4266638.9238, 3580852.5883, 3416235.5078,
       2880993.0611, 2699457.2432, 2419147.2953, 2254468.126 ]), 'gvals': array([2095.5952,  282.7215,  120.0775,   84.8371,   50.1787,   40.7867,
         25.9029,   20.6113,   16.6627,   13.274 ,   10.0527,    9.8439,
          8.5352,    7.4012,    7.3264,    7.2461,    7.184 ,    7.1332,
          7.0456,    7.022 ,    6.9368,    6.9043,    6.8495,    6.8142])}",diff_mean_diff_covariance,1
MY-large_mu,28,linear,{},linear,0.7272727272727273,rbf,"{'C': 1.0, 'gamma': 'scale'}","{'thetas': array([      0.    ,       0.    ,       0.    ,       0.    ,
             0.    ,       0.    ,       0.0009,       0.0017,
             0.0036,       0.0065,       0.007 ,       0.0085,
             0.0104,       0.0134,       0.0151,       0.0189,
             0.023 ,       0.03  ,       0.0325,       0.0354,
             0.0405,       0.0421,       0.0494, 8040445.3324,
       7864453.2053,       0.0536, 6867782.5838, 6239982.8718]), 'lambdas': array([      0.    ,       0.    ,       0.    ,       0.    ,
             0.    ,       0.    ,       0.0009,       0.0017,
             0.0036,       0.0065,       0.007 ,       0.0085,
             0.0104,       0.0134,       0.0151,       0.0189,
             0.023 ,       0.03  ,       0.0325,       0.0354,
             0.0405,       0.0421,       0.0494, 8040445.3324,
       7864453.2053,       0.0536, 6867782.5838, 6239982.8718]), 'gvals': array([4.7587e+10, 6.6135e+08, 5.7077e+08, 4.2488e+08, 2.9521e+08,
       2.3605e+08, 5.7973e+02, 2.9242e+02, 1.3612e+02, 7.3696e+01,
       6.8500e+01, 5.5773e+01, 4.5514e+01, 3.4730e+01, 3.0565e+01,
       2.3921e+01, 1.9393e+01, 1.4417e+01, 1.3168e+01, 1.1951e+01,
       1.0251e+01, 9.7939e+00, 8.1105e+00, 7.4500e+00, 7.4389e+00,
       7.3712e+00, 7.3712e+00, 7.3232e+00])}",diff_mean_diff_covariance,1
MY-large_mu,28,rbf,{'gamma': 0.00159936124927366},rbf(gamma=0.00159936124927366),0.6454545454545455,rbf,"{'C': 2.0, 'gamma': 0.5}","{'thetas': array([0.    , 0.0001, 0.0001, 0.0001, 0.0002, 0.0004, 0.0004, 0.0005,
       0.0006, 0.0008, 0.0011, 0.0012, 0.0014, 0.0017, 0.002 , 0.0021,
       0.0027, 0.0029, 0.0031, 0.0037, 0.0038, 0.0042, 0.0053, 0.0056,
       0.0062, 0.0068, 0.0069, 0.0078]), 'lambdas': array([0.    , 0.0001, 0.0001, 0.0001, 0.0002, 0.0004, 0.0004, 0.0005,
       0.0006, 0.0008, 0.0011, 0.0012, 0.0014, 0.0017, 0.002 , 0.0021,
       0.0027, 0.0029, 0.0031, 0.0037, 0.0038, 0.0042, 0.0053, 0.0056,
       0.0062, 0.0068, 0.0069, 0.0078]), 'gvals': array([24706.2095,  7334.4771,  4362.3525,  3495.0236,  2729.2737,
        1417.608 ,  1298.4887,   980.3161,   788.0016,   587.194 ,
         461.6146,   411.7277,   362.1842,   285.2583,   246.5059,
         238.0061,   182.5437,   167.8685,   155.5022,   132.235 ,
         129.6771,   115.0624,    90.683 ,    86.0172,    77.5813,
          70.1953,    69.2398,    61.4204])}",diff_mean_diff_covariance,1
MY-large_mu,28,laplacian,{'gamma': 0.00159936124927366},laplacian(gamma=0.00159936124927366),0.7,rbf,"{'C': 2.0, 'gamma': 0.5}","{'thetas': array([0.    , 0.    , 0.0001, 0.0001, 0.0002, 0.0003, 0.0004, 0.0006,
       0.0006, 0.0007, 0.0009, 0.0009, 0.0011, 0.0013, 0.0016, 0.0019,
       0.0022, 0.0024, 0.0027, 0.0029, 0.0031, 0.0032, 0.0035, 0.004 ,
       0.0042, 0.0043, 0.0052, 0.0056]), 'lambdas': array([0.    , 0.    , 0.0001, 0.0001, 0.0002, 0.0003, 0.0004, 0.0006,
       0.0006, 0.0007, 0.0009, 0.0009, 0.0011, 0.0013, 0.0016, 0.0019,
       0.0022, 0.0024, 0.0027, 0.0029, 0.0031, 0.0032, 0.0035, 0.004 ,
       0.0042, 0.0043, 0.0052, 0.0056]), 'gvals': array([139751.2223,  10084.4439,   7401.5385,   4353.3388,   2826.9518,
         1784.8195,   1270.3723,    883.3787,    774.7429,    677.4583,
          580.3379,    547.6436,    436.4145,    377.036 ,    315.5373,
          259.7985,    222.909 ,    205.8971,    181.5293,    167.7839,
          160.1091,    150.8261,    138.2133,    122.6536,    114.7271,
          112.8529,     93.1356,     86.0059])}",diff_mean_diff_covariance,1
MY-large_mu,28,polynomial,"{'degree': 2, 'gamma': 0.00159936124927366, 'coef0': 1.0}","polynomial(coef0=1.0, degree=2, gamma=0.00159936124927366)",0.5909090909090909,rbf,"{'C': 2.0, 'gamma': 0.5}","{'thetas': array([0.0002, 0.0005, 0.0006, 0.0017, 0.0019, 0.0026, 0.0037, 0.004 ,
       0.0048, 0.0058, 0.0068, 0.0077, 0.0107, 0.0131, 0.0139, 0.0159,
       0.0178, 0.0199, 0.0222, 0.0243, 0.0251, 0.0269, 0.0321, 0.0327,
       0.0377, 0.0405, 0.0469, 0.0516]), 'lambdas': array([0.0002, 0.0005, 0.0006, 0.0017, 0.0019, 0.0026, 0.0037, 0.004 ,
       0.0048, 0.0058, 0.0068, 0.0077, 0.0107, 0.0131, 0.0139, 0.0159,
       0.0178, 0.0199, 0.0222, 0.0243, 0.0251, 0.0269, 0.0321, 0.0327,
       0.0377, 0.0405, 0.0469, 0.0516]), 'gvals': array([2711.5218, 1076.4211,  878.7462,  289.086 ,  255.4178,  189.7054,
        131.5708,  123.0166,  101.2847,   83.1777,   70.1517,   61.7279,
         43.7661,   35.3638,   33.4285,   28.9636,   25.5471,   22.6196,
         20.1454,   18.1866,   17.5621,   16.2731,   13.3668,   13.0798,
         11.1126,   10.2335,    8.627 ,    7.6992])}",diff_mean_diff_covariance,1
MY-large_mu,28,sigmoid,"{'gamma': 0.00159936124927366, 'coef0': 0.0}","sigmoid(coef0=0.0, gamma=0.00159936124927366)",0.7727272727272727,poly,"{'C': 2.0, 'gamma': 'scale', 'degree': 2, 'coef0': 1.0}","{'thetas': array([      0.0034,       0.0056,       0.0094,       0.0122,
             0.0166,       0.0221,       0.0259,       0.0299,
             0.039 ,       0.0463, 7540314.1969, 6603466.8383,
       5709138.9881, 5064480.4408, 4652952.6377, 4174403.6154,
             0.0553, 3429766.3032, 3170113.3052, 2948436.1172,
       2622267.3167, 2270448.6217, 1839606.0659, 1829884.5585,
       1744848.9673, 1545050.2393, 1479353.9612,       0.0589]), 'lambdas': array([      0.0034,       0.0056,       0.0094,       0.0122,
             0.0166,       0.0221,       0.0259,       0.0299,
             0.039 ,       0.0463, 7540314.1969, 6603466.8383,
       5709138.9881, 5064480.4408, 4652952.6377, 4174403.6154,
             0.0553, 3429766.3032, 3170113.3052, 2948436.1172,
       2622267.3167, 2270448.6217, 1839606.0659, 1829884.5585,
       1744848.9673, 1545050.2393, 1479353.9612,       0.0589]), 'gvals': array([144.3817,  86.1431,  50.6074,  38.2516,  27.5594,  20.2346,
        16.997 ,  14.4702,  10.696 ,   8.7532,   7.4179,   7.3516,
         7.2788,   7.2189,   7.1765,   7.1222,   7.0897,   7.024 ,
         6.9846,   6.9484,   6.8898,   6.8177,   6.7125,   6.7099,
         6.6861,   6.6253,   6.6036,   6.574 ])}",diff_mean_diff_covariance,1
MY-large_mu,32,linear,{},linear,0.7545454545454545,rbf,"{'C': 2.0, 'gamma': 'scale'}","{'thetas': array([      0.    ,       0.    ,       0.    ,       0.0007,
             0.002 ,       0.0038,       0.0052,       0.0062,
             0.0074,       0.0082,       0.0107,       0.0124,
             0.0171,       0.0205,       0.023 ,       0.0266,
             0.0298,       0.0332,       0.0374,       0.042 ,
             0.048 ,       0.0523, 7313577.9871, 6035705.7278,
       5414985.3072, 5231840.846 , 4593531.2418, 4034232.5823,
       3491464.0232, 3377474.1825, 2747002.7132, 2429457.464 ]), 'lambdas': array([      0.    ,       0.    ,       0.    ,       0.0007,
             0.002 ,       0.0038,       0.0052,       0.0062,
             0.0074,       0.0082,       0.0107,       0.0124,
             0.0171,       0.0205,       0.023 ,       0.0266,
             0.0298,       0.0332,       0.0374,       0.042 ,
             0.048 ,       0.0523, 7313577.9871, 6035705.7278,
       5414985.3072, 5231840.846 , 4593531.2418, 4034232.5823,
       3491464.0232, 3377474.1825, 2747002.7132, 2429457.464 ]), 'gvals': array([8.6757e+08, 6.6194e+08, 2.5391e+08, 6.6299e+02, 2.4510e+02,
       1.2673e+02, 9.2991e+01, 7.7156e+01, 6.4820e+01, 5.7836e+01,
       4.3837e+01, 3.7502e+01, 2.6761e+01, 2.1890e+01, 1.9351e+01,
       1.6516e+01, 1.4533e+01, 1.2854e+01, 1.1222e+01, 9.8314e+00,
       8.3987e+00, 7.5892e+00, 7.4026e+00, 7.3066e+00, 7.2523e+00,
       7.2351e+00, 7.1701e+00, 7.1052e+00, 7.0329e+00, 7.0163e+00,
       6.9130e+00, 6.8516e+00])}",diff_mean_diff_covariance,1
MY-large_mu,32,rbf,{'gamma': 0.00159936124927366},rbf(gamma=0.00159936124927366),0.6818181818181818,rbf,"{'C': 0.5, 'gamma': 0.5}","{'thetas': array([0.    , 0.    , 0.0001, 0.0001, 0.0002, 0.0004, 0.0006, 0.0007,
       0.0009, 0.0012, 0.0013, 0.0015, 0.0017, 0.0019, 0.0019, 0.0022,
       0.0023, 0.0026, 0.0029, 0.0032, 0.0036, 0.0048, 0.0051, 0.0054,
       0.0061, 0.0065, 0.0067, 0.0074, 0.0082, 0.0091, 0.0103, 0.0113]), 'lambdas': array([0.    , 0.    , 0.0001, 0.0001, 0.0002, 0.0004, 0.0006, 0.0007,
       0.0009, 0.0012, 0.0013, 0.0015, 0.0017, 0.0019, 0.0019, 0.0022,
       0.0023, 0.0026, 0.0029, 0.0032, 0.0036, 0.0048, 0.0051, 0.0054,
       0.0061, 0.0065, 0.0067, 0.0074, 0.0082, 0.0091, 0.0103, 0.0113]), 'gvals': array([44403.6283, 26379.9993,  5158.5792,  3704.0506,  2266.585 ,
        1264.644 ,   887.4919,   741.8192,   522.9155,   412.3272,
         378.0996,   332.2983,   295.0655,   266.1927,   264.1901,
         223.2654,   214.5883,   189.3132,   169.1411,   152.8766,
         136.1987,   100.7067,    95.5285,    89.3055,    78.4218,
          74.0922,    71.0928,    64.437 ,    58.236 ,    51.9427,
          45.7701,    41.496 ])}",diff_mean_diff_covariance,1
MY-large_mu,32,laplacian,{'gamma': 0.00159936124927366},laplacian(gamma=0.00159936124927366),0.6454545454545455,rbf,"{'C': 0.5, 'gamma': 0.5}","{'thetas': array([0.    , 0.0001, 0.0001, 0.0002, 0.0004, 0.0005, 0.0005, 0.0006,
       0.0007, 0.0009, 0.0011, 0.0013, 0.0016, 0.0018, 0.0021, 0.0024,
       0.0026, 0.0028, 0.0031, 0.0033, 0.0036, 0.0039, 0.0041, 0.0044,
       0.0048, 0.0051, 0.0056, 0.006 , 0.0066, 0.0066, 0.0075, 0.0077]), 'lambdas': array([0.    , 0.0001, 0.0001, 0.0002, 0.0004, 0.0005, 0.0005, 0.0006,
       0.0007, 0.0009, 0.0011, 0.0013, 0.0016, 0.0018, 0.0021, 0.0024,
       0.0026, 0.0028, 0.0031, 0.0033, 0.0036, 0.0039, 0.0041, 0.0044,
       0.0048, 0.0051, 0.0056, 0.006 , 0.0066, 0.0066, 0.0075, 0.0077]), 'gvals': array([87017.3971,  7153.5635,  4241.3059,  2860.3426,  1284.9268,
        1078.148 ,  1001.4093,   895.2646,   735.355 ,   562.7233,
         443.3529,   382.5453,   309.1756,   272.1426,   239.635 ,
         206.9083,   188.0839,   172.8728,   158.9661,   147.4516,
         137.107 ,   126.0442,   117.848 ,   110.2274,   100.9173,
          95.3814,    85.8782,    80.4309,    72.8523,    72.2736,
          63.861 ,    61.9603])}",diff_mean_diff_covariance,1
MY-large_mu,32,polynomial,"{'degree': 2, 'gamma': 0.00159936124927366, 'coef0': 1.0}","polynomial(coef0=1.0, degree=2, gamma=0.00159936124927366)",0.5909090909090909,rbf,"{'C': 2.0, 'gamma': 'scale'}","{'thetas': array([      0.0003,       0.0011,       0.0014,       0.0023,
             0.0027,       0.0034,       0.0042,       0.0051,
             0.0058,       0.007 ,       0.0072,       0.0078,
             0.01  ,       0.0106,       0.0126,       0.0135,
             0.0159,       0.0185,       0.0221,       0.0237,
             0.0253,       0.0281,       0.0293,       0.0314,
             0.0338,       0.0367,       0.0401,       0.0448,
             0.0548, 1679787.515 ,       0.061 ,  474045.5553]), 'lambdas': array([      0.0003,       0.0011,       0.0014,       0.0023,
             0.0027,       0.0034,       0.0042,       0.0051,
             0.0058,       0.007 ,       0.0072,       0.0078,
             0.01  ,       0.0106,       0.0126,       0.0135,
             0.0159,       0.0185,       0.0221,       0.0237,
             0.0253,       0.0281,       0.0293,       0.0314,
             0.0338,       0.0367,       0.0401,       0.0448,
             0.0548, 1679787.515 ,       0.061 ,  474045.5553]), 'gvals': array([1645.6012,  450.9946,  357.8672,  217.4124,  182.8956,  141.5969,
        116.2634,   94.0149,   82.5784,   68.2143,   66.2985,   61.3201,
         47.2136,   44.4152,   36.9597,   34.4661,   28.8067,   24.5072,
         20.1824,   18.6894,   17.4112,   15.5081,   14.8003,   13.6714,
         12.5997,   11.4857,   10.3515,    9.1061,    7.1676,    6.6671,
          6.2991,    6.0345])}",diff_mean_diff_covariance,1
MY-large_mu,32,sigmoid,"{'gamma': 0.00159936124927366, 'coef0': 0.0}","sigmoid(coef0=0.0, gamma=0.00159936124927366)",0.8090909090909091,rbf,"{'C': 2.0, 'gamma': 'scale'}","{'thetas': array([      0.0023,       0.0039,       0.0074,       0.0078,
             0.013 ,       0.0141,       0.0205,       0.0306,
             0.0359,       0.0369,       0.0424,       0.0484,
       6355502.7276, 5259844.3095, 4624272.3973, 4489504.0178,
       4119888.4153, 3633379.0891, 3117695.6755, 2806624.6682,
             0.0567, 2545280.3809, 2230696.0134, 2088837.3468,
       1969538.8411, 1712253.4297, 1686961.7201, 1528489.3131,
       1425492.6097, 1380217.1681, 1259620.9418, 1182002.387 ]), 'lambdas': array([      0.0023,       0.0039,       0.0074,       0.0078,
             0.013 ,       0.0141,       0.0205,       0.0306,
             0.0359,       0.0369,       0.0424,       0.0484,
       6355502.7276, 5259844.3095, 4624272.3973, 4489504.0178,
       4119888.4153, 3633379.0891, 3117695.6755, 2806624.6682,
             0.0567, 2545280.3809, 2230696.0134, 2088837.3468,
       1969538.8411, 1712253.4297, 1686961.7201, 1528489.3131,
       1425492.6097, 1380217.1681, 1259620.9418, 1182002.387 ]), 'gvals': array([210.3831, 125.9819,  65.0489,  61.2769,  35.8899,  32.7746,
        21.9491,  14.1042,  11.7605,  11.3834,   9.7131,   8.318 ,
         7.3324,   7.2378,   7.1734,   7.1586,   7.1157,   7.0528,
         6.9763,   6.9237,   6.879 ,   6.8749,   6.8089,   6.7761,
         6.7467,   6.6767,   6.6692,   6.6199,   6.585 ,   6.5689,
         6.5232,   6.4914])}",diff_mean_diff_covariance,1
MY-small_mu,1,linear,{},linear,0.6181818181818182,rbf,"{'C': 2.0, 'gamma': 'scale'}","{'thetas': array([0.]), 'lambdas': array([0.]), 'D_scores': array([8.4618e+08])}",diff_mean_diff_covariance,1
MY-small_mu,1,rbf,{'gamma': 0.00159936124927366},rbf(gamma=0.00159936124927366),0.5727272727272728,rbf,"{'C': 2.0, 'gamma': 'scale'}","{'thetas': array([0.]), 'lambdas': array([0.]), 'D_scores': array([643907.4593])}",diff_mean_diff_covariance,1
MY-small_mu,1,laplacian,{'gamma': 0.00159936124927366},laplacian(gamma=0.00159936124927366),0.6181818181818182,poly,"{'C': 2.0, 'gamma': 'scale', 'degree': 2, 'coef0': 1.0}","{'thetas': array([0.]), 'lambdas': array([0.]), 'D_scores': array([151681.8474])}",diff_mean_diff_covariance,1
MY-small_mu,1,polynomial,"{'degree': 2, 'gamma': 0.00159936124927366, 'coef0': 1.0}","polynomial(coef0=1.0, degree=2, gamma=0.00159936124927366)",0.6181818181818182,rbf,"{'C': 2.0, 'gamma': 'scale'}","{'thetas': array([0.0001]), 'lambdas': array([0.0001]), 'D_scores': array([5711.3056])}",diff_mean_diff_covariance,1
MY-small_mu,1,sigmoid,"{'gamma': 0.00159936124927366, 'coef0': 0.0}","sigmoid(coef0=0.0, gamma=0.00159936124927366)",0.5636363636363636,rbf,"{'C': 2.0, 'gamma': 'scale'}","{'thetas': array([0.0005]), 'lambdas': array([0.0005]), 'D_scores': array([997.2093])}",diff_mean_diff_covariance,1
MY-small_mu,2,linear,{},linear,0.4909090909090909,rbf,"{'C': 1.0, 'gamma': 'scale'}","{'thetas': array([0., 0.]), 'lambdas': array([0., 0.]), 'D_scores': array([7.4456e+08, 4.8187e+08])}",diff_mean_diff_covariance,1
MY-small_mu,2,rbf,{'gamma': 0.00159936124927366},rbf(gamma=0.00159936124927366),0.5727272727272728,rbf,"{'C': 2.0, 'gamma': 'scale'}","{'thetas': array([0., 0.]), 'lambdas': array([0., 0.]), 'D_scores': array([16762.5919, 11548.3001])}",diff_mean_diff_covariance,1
MY-small_mu,2,laplacian,{'gamma': 0.00159936124927366},laplacian(gamma=0.00159936124927366),0.6,rbf,"{'C': 2.0, 'gamma': 'scale'}","{'thetas': array([0.    , 0.0001]), 'lambdas': array([0.    , 0.0001]), 'D_scores': array([16163.958 ,  5320.3498])}",diff_mean_diff_covariance,1
MY-small_mu,2,polynomial,"{'degree': 2, 'gamma': 0.00159936124927366, 'coef0': 1.0}","polynomial(coef0=1.0, degree=2, gamma=0.00159936124927366)",0.5181818181818182,rbf,"{'C': 1.0, 'gamma': 'scale'}","{'thetas': array([0.    , 0.0006]), 'lambdas': array([0.    , 0.0006]), 'D_scores': array([11513.0371,   895.2287])}",diff_mean_diff_covariance,1
MY-small_mu,2,sigmoid,"{'gamma': 0.00159936124927366, 'coef0': 0.0}","sigmoid(coef0=0.0, gamma=0.00159936124927366)",0.6272727272727273,rbf,"{'C': 2.0, 'gamma': 'scale'}","{'thetas': array([0.0007, 0.002 ]), 'lambdas': array([0.0007, 0.002 ]), 'D_scores': array([703.9854, 245.5255])}",diff_mean_diff_covariance,1
MY-small_mu,3,linear,{},linear,0.6181818181818182,rbf,"{'C': 0.5, 'gamma': 'scale'}","{'thetas': array([0.    , 0.    , 0.0014]), 'lambdas': array([0.    , 0.    , 0.0014]), 'D_scores': array([2.5423e+09, 3.7793e+08, 3.5519e+02])}",diff_mean_diff_covariance,1
MY-small_mu,3,rbf,{'gamma': 0.00159936124927366},rbf(gamma=0.00159936124927366),0.5363636363636364,rbf,"{'C': 2.0, 'gamma': 0.5}","{'thetas': array([0.    , 0.0001, 0.0001]), 'lambdas': array([0.    , 0.0001, 0.0001]), 'D_scores': array([38402.6355,  7171.9708,  4350.6245])}",diff_mean_diff_covariance,1
MY-small_mu,3,laplacian,{'gamma': 0.00159936124927366},laplacian(gamma=0.00159936124927366),0.5909090909090909,rbf,"{'C': 2.0, 'gamma': 0.5}","{'thetas': array([0.    , 0.0002, 0.0002]), 'lambdas': array([0.    , 0.0002, 0.0002]), 'D_scores': array([24958.4121,  3013.2156,  2580.7427])}",diff_mean_diff_covariance,1
MY-small_mu,3,polynomial,"{'degree': 2, 'gamma': 0.00159936124927366, 'coef0': 1.0}","polynomial(coef0=1.0, degree=2, gamma=0.00159936124927366)",0.5545454545454546,rbf,"{'C': 2.0, 'gamma': 0.5}","{'thetas': array([0.0007, 0.0012, 0.0015]), 'lambdas': array([0.0007, 0.0012, 0.0015]), 'D_scores': array([757.2233, 409.9041, 326.1959])}",diff_mean_diff_covariance,1
MY-small_mu,3,sigmoid,"{'gamma': 0.00159936124927366, 'coef0': 0.0}","sigmoid(coef0=0.0, gamma=0.00159936124927366)",0.6454545454545455,rbf,"{'C': 0.5, 'gamma': 'scale'}","{'thetas': array([0.0002, 0.0045, 0.0074]), 'lambdas': array([0.0002, 0.0045, 0.0074]), 'D_scores': array([2317.643 ,  108.6328,   64.2372])}",diff_mean_diff_covariance,1
MY-small_mu,4,linear,{},linear,0.5818181818181818,rbf,"{'C': 0.5, 'gamma': 0.5}","{'thetas': array([0., 0., 0., 0.]), 'lambdas': array([0., 0., 0., 0.]), 'D_scores': array([4.1907e+09, 3.0446e+09, 5.7726e+08, 4.0310e+08])}",diff_mean_diff_covariance,1
MY-small_mu,4,rbf,{'gamma': 0.00159936124927366},rbf(gamma=0.00159936124927366),0.6,rbf,"{'C': 1.0, 'gamma': 0.5}","{'thetas': array([0.0001, 0.0001, 0.0001, 0.0002]), 'lambdas': array([0.0001, 0.0001, 0.0001, 0.0002]), 'D_scores': array([9595.9554, 5114.0773, 3894.5422, 2594.3589])}",diff_mean_diff_covariance,1
MY-small_mu,4,laplacian,{'gamma': 0.00159936124927366},laplacian(gamma=0.00159936124927366),0.5909090909090909,rbf,"{'C': 2.0, 'gamma': 0.5}","{'thetas': array([0.    , 0.0001, 0.0001, 0.0002]), 'lambdas': array([0.    , 0.0001, 0.0001, 0.0002]), 'D_scores': array([16066.4298,  7467.737 ,  4147.3724,  2309.4466])}",diff_mean_diff_covariance,1
MY-small_mu,4,polynomial,"{'degree': 2, 'gamma': 0.00159936124927366, 'coef0': 1.0}","polynomial(coef0=1.0, degree=2, gamma=0.00159936124927366)",0.5636363636363636,rbf,"{'C': 1.0, 'gamma': 0.5}","{'thetas': array([0.0002, 0.0004, 0.0009, 0.001 ]), 'lambdas': array([0.0002, 0.0004, 0.0009, 0.001 ]), 'D_scores': array([3224.5098, 1118.3708,  581.0881,  505.5591])}",diff_mean_diff_covariance,1
MY-small_mu,4,sigmoid,"{'gamma': 0.00159936124927366, 'coef0': 0.0}","sigmoid(coef0=0.0, gamma=0.00159936124927366)",0.6181818181818182,rbf,"{'C': 0.5, 'gamma': 'scale'}","{'thetas': array([0.0006, 0.0024, 0.007 , 0.008 ]), 'lambdas': array([0.0006, 0.0024, 0.007 , 0.008 ]), 'D_scores': array([903.567 , 203.9779,  68.3   ,  59.9049])}",diff_mean_diff_covariance,1
MY-small_mu,5,linear,{},linear,0.6636363636363637,rbf,"{'C': 1.0, 'gamma': 'scale'}","{'thetas': array([0.    , 0.    , 0.    , 0.    , 0.0011]), 'lambdas': array([0.    , 0.    , 0.    , 0.    , 0.0011]), 'D_scores': array([1.0909e+09, 5.9716e+08, 3.0686e+08, 2.5521e+08, 4.3777e+02])}",diff_mean_diff_covariance,1
MY-small_mu,5,rbf,{'gamma': 0.00159936124927366},rbf(gamma=0.00159936124927366),0.5636363636363636,rbf,"{'C': 2.0, 'gamma': 0.5}","{'thetas': array([0.    , 0.    , 0.0001, 0.0001, 0.0002]), 'lambdas': array([0.    , 0.    , 0.0001, 0.0001, 0.0002]), 'D_scores': array([152070.2896,  23485.545 ,   6803.802 ,   4357.5068,   3124.2886])}",diff_mean_diff_covariance,1
MY-small_mu,5,laplacian,{'gamma': 0.00159936124927366},laplacian(gamma=0.00159936124927366),0.6181818181818182,rbf,"{'C': 1.0, 'gamma': 0.5}","{'thetas': array([0.    , 0.0001, 0.0001, 0.0002, 0.0002]), 'lambdas': array([0.    , 0.0001, 0.0001, 0.0002, 0.0002]), 'D_scores': array([18379.2736,  8666.2016,  3771.4462,  3162.1337,  2279.0073])}",diff_mean_diff_covariance,1
MY-small_mu,5,polynomial,"{'degree': 2, 'gamma': 0.00159936124927366, 'coef0': 1.0}","polynomial(coef0=1.0, degree=2, gamma=0.00159936124927366)",0.6090909090909091,rbf,"{'C': 1.0, 'gamma': 0.5}","{'thetas': array([0.0002, 0.0006, 0.0012, 0.0015, 0.0024]), 'lambdas': array([0.0002, 0.0006, 0.0012, 0.0015, 0.0024]), 'D_scores': array([2536.3872,  772.7011,  406.4727,  321.6631,  203.6364])}",diff_mean_diff_covariance,1
MY-small_mu,5,sigmoid,"{'gamma': 0.00159936124927366, 'coef0': 0.0}","sigmoid(coef0=0.0, gamma=0.00159936124927366)",0.6181818181818182,rbf,"{'C': 0.5, 'gamma': 0.5}","{'thetas': array([0.0004, 0.0015, 0.0025, 0.0053, 0.0072]), 'lambdas': array([0.0004, 0.0015, 0.0025, 0.0053, 0.0072]), 'D_scores': array([1296.0123,  340.9295,  195.877 ,   91.8423,   66.3414])}",diff_mean_diff_covariance,1
MY-small_mu,6,linear,{},linear,0.6,rbf,"{'C': 0.5, 'gamma': 0.5}","{'thetas': array([0.    , 0.    , 0.    , 0.0007, 0.0017, 0.0035]), 'lambdas': array([0.    , 0.    , 0.    , 0.0007, 0.0017, 0.0035]), 'D_scores': array([1.6416e+09, 9.6241e+08, 2.8318e+08, 7.4573e+02, 2.9236e+02,
       1.3790e+02])}",diff_mean_diff_covariance,1
MY-small_mu,6,rbf,{'gamma': 0.00159936124927366},rbf(gamma=0.00159936124927366),0.5636363636363636,rbf,"{'C': 2.0, 'gamma': 0.5}","{'thetas': array([0.    , 0.0001, 0.0002, 0.0002, 0.0003, 0.0004]), 'lambdas': array([0.    , 0.0001, 0.0002, 0.0002, 0.0003, 0.0004]), 'D_scores': array([13130.6697,  9217.3425,  3126.1176,  2044.8653,  1633.8028,
        1283.5655])}",diff_mean_diff_covariance,1
MY-small_mu,6,laplacian,{'gamma': 0.00159936124927366},laplacian(gamma=0.00159936124927366),0.6454545454545455,rbf,"{'C': 1.0, 'gamma': 0.5}","{'thetas': array([0.    , 0.0001, 0.0001, 0.0003, 0.0003, 0.0003]), 'lambdas': array([0.    , 0.0001, 0.0001, 0.0003, 0.0003, 0.0003]), 'D_scores': array([16117.0047,  9094.6626,  4408.6038,  1893.6272,  1712.7155,
        1484.0355])}",diff_mean_diff_covariance,1
MY-small_mu,6,polynomial,"{'degree': 2, 'gamma': 0.00159936124927366, 'coef0': 1.0}","polynomial(coef0=1.0, degree=2, gamma=0.00159936124927366)",0.5818181818181818,poly,"{'C': 2.0, 'gamma': 'scale', 'degree': 2, 'coef0': 1.0}","{'thetas': array([0.0001, 0.0002, 0.0005, 0.0008, 0.0012, 0.0023]), 'lambdas': array([0.0001, 0.0002, 0.0005, 0.0008, 0.0012, 0.0023]), 'D_scores': array([8617.7351, 2333.1289,  976.303 ,  607.34  ,  417.725 ,  215.8943])}",diff_mean_diff_covariance,1
MY-small_mu,6,sigmoid,"{'gamma': 0.00159936124927366, 'coef0': 0.0}","sigmoid(coef0=0.0, gamma=0.00159936124927366)",0.6454545454545455,poly,"{'C': 2.0, 'gamma': 'scale', 'degree': 2, 'coef0': 1.0}","{'thetas': array([0.0036, 0.0061, 0.0089, 0.0132, 0.0152, 0.0229]), 'lambdas': array([0.0036, 0.0061, 0.0089, 0.0132, 0.0152, 0.0229]), 'D_scores': array([137.0766,  78.7594,  53.178 ,  35.3421,  30.3369,  19.4132])}",diff_mean_diff_covariance,1
MY-small_mu,7,linear,{},linear,0.6272727272727273,rbf,"{'C': 1.0, 'gamma': 0.5}","{'thetas': array([0.    , 0.    , 0.0011, 0.002 , 0.0036, 0.0043, 0.0061]), 'lambdas': array([0.    , 0.    , 0.0011, 0.002 , 0.0036, 0.0043, 0.0061]), 'D_scores': array([4.1884e+09, 2.1693e+09, 4.5497e+02, 2.4440e+02, 1.3422e+02,
       1.1365e+02, 7.8544e+01])}",diff_mean_diff_covariance,1
MY-small_mu,7,rbf,{'gamma': 0.00159936124927366},rbf(gamma=0.00159936124927366),0.6,rbf,"{'C': 2.0, 'gamma': 0.5}","{'thetas': array([0.    , 0.0001, 0.0002, 0.0003, 0.0003, 0.0004, 0.0005]), 'lambdas': array([0.    , 0.0001, 0.0002, 0.0003, 0.0003, 0.0004, 0.0005]), 'D_scores': array([13702.368 ,  6952.3805,  2946.3311,  1827.3207,  1657.051 ,
        1157.9044,   947.9675])}",diff_mean_diff_covariance,1
MY-small_mu,7,laplacian,{'gamma': 0.00159936124927366},laplacian(gamma=0.00159936124927366),0.6090909090909091,rbf,"{'C': 2.0, 'gamma': 0.5}","{'thetas': array([0.    , 0.0001, 0.0002, 0.0003, 0.0004, 0.0004, 0.0005]), 'lambdas': array([0.    , 0.0001, 0.0002, 0.0003, 0.0004, 0.0004, 0.0005]), 'D_scores': array([33181.154 ,  4355.8   ,  2973.0222,  1869.9627,  1417.5431,
        1186.1928,  1043.3292])}",diff_mean_diff_covariance,1
MY-small_mu,7,polynomial,"{'degree': 2, 'gamma': 0.00159936124927366, 'coef0': 1.0}","polynomial(coef0=1.0, degree=2, gamma=0.00159936124927366)",0.6090909090909091,rbf,"{'C': 1.0, 'gamma': 'scale'}","{'thetas': array([0.0002, 0.0013, 0.0015, 0.0021, 0.0026, 0.0037, 0.004 ]), 'lambdas': array([0.0002, 0.0013, 0.0015, 0.0021, 0.0026, 0.0037, 0.004 ]), 'D_scores': array([2579.29  ,  382.6147,  332.6981,  236.6447,  187.0077,  132.9152,
        122.4145])}",diff_mean_diff_covariance,1
MY-small_mu,7,sigmoid,"{'gamma': 0.00159936124927366, 'coef0': 0.0}","sigmoid(coef0=0.0, gamma=0.00159936124927366)",0.6454545454545455,poly,"{'C': 2.0, 'gamma': 'scale', 'degree': 2, 'coef0': 1.0}","{'thetas': array([0.002 , 0.0068, 0.0088, 0.0106, 0.0171, 0.0262, 0.0318]), 'lambdas': array([0.002 , 0.0068, 0.0088, 0.0106, 0.0171, 0.0262, 0.0318]), 'D_scores': array([242.8043,  70.8051,  53.9858,  44.6041,  26.7709,  16.745 ,
        13.5261])}",diff_mean_diff_covariance,1
MY-small_mu,8,linear,{},linear,0.6181818181818182,rbf,"{'C': 1.0, 'gamma': 0.5}","{'thetas': array([0.    , 0.    , 0.    , 0.    , 0.0011, 0.002 , 0.0031, 0.0034]), 'lambdas': array([0.    , 0.    , 0.    , 0.    , 0.0011, 0.002 , 0.0031, 0.0034]), 'D_scores': array([9.9085e+09, 3.2456e+09, 1.3792e+09, 9.1587e+08, 4.4764e+02,
       2.4969e+02, 1.5566e+02, 1.4412e+02])}",diff_mean_diff_covariance,1
MY-small_mu,8,rbf,{'gamma': 0.00159936124927366},rbf(gamma=0.00159936124927366),0.6181818181818182,rbf,"{'C': 2.0, 'gamma': 0.5}","{'thetas': array([0.    , 0.    , 0.    , 0.0001, 0.0001, 0.0002, 0.0003, 0.0004]), 'lambdas': array([0.    , 0.    , 0.    , 0.0001, 0.0001, 0.0002, 0.0003, 0.0004]), 'D_scores': array([544696.7531, 122301.9416,  19087.1336,   7745.98  ,   3742.9849,
         2656.6467,   1693.9716,   1262.9963])}",diff_mean_diff_covariance,1
MY-small_mu,8,laplacian,{'gamma': 0.00159936124927366},laplacian(gamma=0.00159936124927366),0.6454545454545455,rbf,"{'C': 1.0, 'gamma': 0.5}","{'thetas': array([0.    , 0.    , 0.0001, 0.0002, 0.0002, 0.0003, 0.0004, 0.0005]), 'lambdas': array([0.    , 0.    , 0.0001, 0.0002, 0.0002, 0.0003, 0.0004, 0.0005]), 'D_scores': array([81164.0152, 19218.1739,  6283.6159,  3205.049 ,  2372.1528,
        1703.3116,  1243.4792,   995.5488])}",diff_mean_diff_covariance,1
MY-small_mu,8,polynomial,"{'degree': 2, 'gamma': 0.00159936124927366, 'coef0': 1.0}","polynomial(coef0=1.0, degree=2, gamma=0.00159936124927366)",0.5727272727272728,rbf,"{'C': 1.0, 'gamma': 0.5}","{'thetas': array([0.0004, 0.0008, 0.0016, 0.0017, 0.0029, 0.0038, 0.0044, 0.0058]), 'lambdas': array([0.0004, 0.0008, 0.0016, 0.0017, 0.0029, 0.0038, 0.0044, 0.0058]), 'D_scores': array([1168.6534,  585.7615,  307.6771,  286.3029,  167.2568,  128.8663,
        111.7113,   83.1109])}",diff_mean_diff_covariance,1
MY-small_mu,8,sigmoid,"{'gamma': 0.00159936124927366, 'coef0': 0.0}","sigmoid(coef0=0.0, gamma=0.00159936124927366)",0.7,rbf,"{'C': 2.0, 'gamma': 0.5}","{'thetas': array([0.0005, 0.0012, 0.0031, 0.0051, 0.0077, 0.0138, 0.0189, 0.0214]), 'lambdas': array([0.0005, 0.0012, 0.0031, 0.0051, 0.0077, 0.0138, 0.0189, 0.0214]), 'D_scores': array([1020.3142,  396.3716,  159.363 ,   94.9387,   61.9092,   33.7017,
         23.941 ,   20.9041])}",diff_mean_diff_covariance,1
MY-small_mu,10,linear,{},linear,0.6545454545454545,rbf,"{'C': 0.5, 'gamma': 0.5}","{'thetas': array([0.    , 0.    , 0.    , 0.    , 0.    , 0.0007, 0.0022, 0.0043,
       0.0051, 0.0063]), 'lambdas': array([0.    , 0.    , 0.    , 0.    , 0.    , 0.0007, 0.0022, 0.0043,
       0.0051, 0.0063]), 'D_scores': array([3.0771e+10, 1.5889e+09, 1.0483e+09, 5.3759e+08, 1.8151e+08,
       7.2091e+02, 2.2575e+02, 1.1324e+02, 9.4478e+01, 7.5821e+01])}",diff_mean_diff_covariance,1
MY-small_mu,10,rbf,{'gamma': 0.00159936124927366},rbf(gamma=0.00159936124927366),0.6181818181818182,rbf,"{'C': 2.0, 'gamma': 0.5}","{'thetas': array([0.    , 0.    , 0.0001, 0.0001, 0.0002, 0.0002, 0.0003, 0.0005,
       0.0009, 0.0009]), 'lambdas': array([0.    , 0.    , 0.0001, 0.0001, 0.0002, 0.0002, 0.0003, 0.0005,
       0.0009, 0.0009]), 'D_scores': array([117581.232 ,  20775.1622,   8693.0658,   4547.524 ,   3033.7033,
         2168.9955,   1463.1329,    921.4817,    572.303 ,    534.2435])}",diff_mean_diff_covariance,1
MY-small_mu,10,laplacian,{'gamma': 0.00159936124927366},laplacian(gamma=0.00159936124927366),0.5909090909090909,rbf,"{'C': 0.5, 'gamma': 0.5}","{'thetas': array([0.    , 0.0001, 0.0001, 0.0002, 0.0003, 0.0004, 0.0005, 0.0006,
       0.0007, 0.0008]), 'lambdas': array([0.    , 0.0001, 0.0001, 0.0002, 0.0003, 0.0004, 0.0005, 0.0006,
       0.0007, 0.0008]), 'D_scores': array([40349.7667,  7608.9369,  3855.5582,  2351.8827,  1478.8123,
        1349.0869,   982.1353,   845.7922,   688.0175,   589.5899])}",diff_mean_diff_covariance,1
MY-small_mu,10,polynomial,"{'degree': 2, 'gamma': 0.00159936124927366, 'coef0': 1.0}","polynomial(coef0=1.0, degree=2, gamma=0.00159936124927366)",0.5727272727272728,rbf,"{'C': 2.0, 'gamma': 0.5}","{'thetas': array([0.    , 0.0004, 0.0006, 0.0013, 0.0026, 0.0033, 0.0038, 0.004 ,
       0.0052, 0.0071]), 'lambdas': array([0.    , 0.0004, 0.0006, 0.0013, 0.0026, 0.0033, 0.0038, 0.004 ,
       0.0052, 0.0071]), 'D_scores': array([10364.153 ,  1275.1802,   782.3574,   370.1611,   191.5328,
         149.4746,   129.2036,   121.7906,    92.2099,    66.9997])}",diff_mean_diff_covariance,1
MY-small_mu,10,sigmoid,"{'gamma': 0.00159936124927366, 'coef0': 0.0}","sigmoid(coef0=0.0, gamma=0.00159936124927366)",0.6181818181818182,rbf,"{'C': 0.5, 'gamma': 0.5}","{'thetas': array([0.0006, 0.0023, 0.005 , 0.0071, 0.0123, 0.0167, 0.0176, 0.0224,
       0.026 , 0.0334]), 'lambdas': array([0.0006, 0.0023, 0.005 , 0.0071, 0.0123, 0.0167, 0.0176, 0.0224,
       0.026 , 0.0334]), 'D_scores': array([789.4877, 217.1254,  95.9174,  67.4747,  37.9301,  27.4048,
        25.9318,  19.9271,  16.8854,  12.7877])}",diff_mean_diff_covariance,1
MY-small_mu,12,linear,{},linear,0.5818181818181818,rbf,"{'C': 0.5, 'gamma': 0.5}","{'thetas': array([0.    , 0.    , 0.    , 0.    , 0.    , 0.0002, 0.0021, 0.0048,
       0.006 , 0.0077, 0.0105, 0.0119]), 'lambdas': array([0.    , 0.    , 0.    , 0.    , 0.    , 0.0002, 0.0021, 0.0048,
       0.006 , 0.0077, 0.0105, 0.0119]), 'D_scores': array([7.2610e+09, 6.3363e+08, 4.0597e+08, 2.8490e+08, 2.4695e+08,
       2.6138e+03, 2.3606e+02, 9.9994e+01, 8.0963e+01, 6.2286e+01,
       4.4786e+01, 3.9358e+01])}",diff_mean_diff_covariance,1
MY-small_mu,12,rbf,{'gamma': 0.00159936124927366},rbf(gamma=0.00159936124927366),0.6,rbf,"{'C': 0.5, 'gamma': 0.5}","{'thetas': array([0.    , 0.    , 0.0001, 0.0001, 0.0002, 0.0003, 0.0004, 0.0007,
       0.0008, 0.0011, 0.0014, 0.0015]), 'lambdas': array([0.    , 0.    , 0.0001, 0.0001, 0.0002, 0.0003, 0.0004, 0.0007,
       0.0008, 0.0011, 0.0014, 0.0015]), 'D_scores': array([21464.3092, 16067.7854,  5808.6206,  5264.8988,  2854.4858,
        1651.1299,  1304.0995,   724.1544,   600.5804,   457.3571,
         356.4058,   321.9792])}",diff_mean_diff_covariance,1
MY-small_mu,12,laplacian,{'gamma': 0.00159936124927366},laplacian(gamma=0.00159936124927366),0.6181818181818182,rbf,"{'C': 2.0, 'gamma': 0.5}","{'thetas': array([0.    , 0.0001, 0.0001, 0.0002, 0.0004, 0.0005, 0.0006, 0.0007,
       0.0009, 0.001 , 0.0013, 0.0015]), 'lambdas': array([0.    , 0.0001, 0.0001, 0.0002, 0.0004, 0.0005, 0.0006, 0.0007,
       0.0009, 0.001 , 0.0013, 0.0015]), 'D_scores': array([44194.2265,  5655.366 ,  4251.3841,  2045.5472,  1108.3896,
         937.6124,   780.313 ,   695.812 ,   536.8348,   503.5034,
         394.2581,   339.411 ])}",diff_mean_diff_covariance,1
MY-small_mu,12,polynomial,"{'degree': 2, 'gamma': 0.00159936124927366, 'coef0': 1.0}","polynomial(coef0=1.0, degree=2, gamma=0.00159936124927366)",0.6363636363636364,rbf,"{'C': 0.5, 'gamma': 0.5}","{'thetas': array([0.0003, 0.0007, 0.0018, 0.0023, 0.0028, 0.0046, 0.005 , 0.0062,
       0.0067, 0.0078, 0.0089, 0.0118]), 'lambdas': array([0.0003, 0.0007, 0.0018, 0.0023, 0.0028, 0.0046, 0.005 , 0.0062,
       0.0067, 0.0078, 0.0089, 0.0118]), 'D_scores': array([1578.9811,  723.4318,  269.2683,  211.5981,  172.466 ,  106.6068,
         96.7171,   77.0114,   71.5376,   61.3085,   53.043 ,   39.4787])}",diff_mean_diff_covariance,1
MY-small_mu,12,sigmoid,"{'gamma': 0.00159936124927366, 'coef0': 0.0}","sigmoid(coef0=0.0, gamma=0.00159936124927366)",0.6636363636363637,rbf,"{'C': 2.0, 'gamma': 0.5}","{'thetas': array([      0.0038,       0.0093,       0.0109,       0.0127,
             0.0201,       0.023 ,       0.0248,       0.0317,
             0.0353,       0.0465,       0.053 , 7223497.595 ]), 'lambdas': array([      0.0038,       0.0093,       0.0109,       0.0127,
             0.0201,       0.023 ,       0.0248,       0.0317,
             0.0353,       0.0465,       0.053 , 7223497.595 ]), 'D_scores': array([128.3305,  51.0322,  43.1238,  36.7472,  22.373 ,  19.3368,
        17.8476,  13.5641,  11.9828,   8.7198,   7.4638,   7.3965])}",diff_mean_diff_covariance,1
MY-small_mu,14,linear,{},linear,0.6636363636363637,rbf,"{'C': 2.0, 'gamma': 'scale'}","{'thetas': array([0.    , 0.    , 0.    , 0.0025, 0.0028, 0.0052, 0.0067, 0.0089,
       0.0122, 0.0131, 0.0149, 0.0154, 0.0188, 0.0263]), 'lambdas': array([0.    , 0.    , 0.    , 0.0025, 0.0028, 0.0052, 0.0067, 0.0089,
       0.0122, 0.0131, 0.0149, 0.0154, 0.0188, 0.0263]), 'D_scores': array([6.4238e+10, 3.4436e+09, 3.6011e+08, 1.9816e+02, 1.7364e+02,
       9.3932e+01, 7.1946e+01, 5.3297e+01, 3.8306e+01, 3.5489e+01,
       3.0945e+01, 2.9826e+01, 2.4175e+01, 1.6675e+01])}",diff_mean_diff_covariance,1
MY-small_mu,14,rbf,{'gamma': 0.00159936124927366},rbf(gamma=0.00159936124927366),0.6181818181818182,rbf,"{'C': 0.5, 'gamma': 0.5}","{'thetas': array([0.    , 0.    , 0.0001, 0.0001, 0.0002, 0.0004, 0.0004, 0.0006,
       0.0007, 0.0009, 0.0011, 0.0012, 0.0015, 0.0018]), 'lambdas': array([0.    , 0.    , 0.0001, 0.0001, 0.0002, 0.0004, 0.0004, 0.0006,
       0.0007, 0.0009, 0.0011, 0.0012, 0.0015, 0.0018]), 'D_scores': array([85114.885 , 29597.674 ,  6450.7847,  3932.8583,  2476.7873,
        1366.5946,  1196.9579,   866.4371,   753.6109,   525.7881,
         437.5228,   425.2043,   330.0613,   280.7999])}",diff_mean_diff_covariance,1
MY-small_mu,14,laplacian,{'gamma': 0.00159936124927366},laplacian(gamma=0.00159936124927366),0.6272727272727273,rbf,"{'C': 2.0, 'gamma': 0.5}","{'thetas': array([0.    , 0.    , 0.0001, 0.0001, 0.0002, 0.0004, 0.0004, 0.0005,
       0.0007, 0.0009, 0.0009, 0.001 , 0.0012, 0.0015]), 'lambdas': array([0.    , 0.    , 0.0001, 0.0001, 0.0002, 0.0004, 0.0004, 0.0005,
       0.0007, 0.0009, 0.0009, 0.001 , 0.0012, 0.0015]), 'D_scores': array([56157.0959, 17791.7779,  5867.1198,  4703.544 ,  2026.1495,
        1281.5395,  1140.6091,   908.7607,   711.5449,   582.5005,
         535.9201,   508.3904,   413.9542,   336.3116])}",diff_mean_diff_covariance,1
MY-small_mu,14,polynomial,"{'degree': 2, 'gamma': 0.00159936124927366, 'coef0': 1.0}","polynomial(coef0=1.0, degree=2, gamma=0.00159936124927366)",0.6454545454545455,rbf,"{'C': 1.0, 'gamma': 0.5}","{'thetas': array([0.0001, 0.0006, 0.0011, 0.0014, 0.0021, 0.0028, 0.0038, 0.0047,
       0.0054, 0.0062, 0.0074, 0.008 , 0.0093, 0.0109]), 'lambdas': array([0.0001, 0.0006, 0.0011, 0.0014, 0.0021, 0.0028, 0.0038, 0.0047,
       0.0054, 0.0062, 0.0074, 0.008 , 0.0093, 0.0109]), 'D_scores': array([4492.0237,  773.2639,  457.137 ,  351.4928,  234.3832,  176.6873,
        128.6081,  103.0278,   89.0985,   77.3006,   64.2239,   59.7812,
         50.9909,   42.9119])}",diff_mean_diff_covariance,1
MY-small_mu,14,sigmoid,"{'gamma': 0.00159936124927366, 'coef0': 0.0}","sigmoid(coef0=0.0, gamma=0.00159936124927366)",0.6727272727272727,rbf,"{'C': 1.0, 'gamma': 'scale'}","{'thetas': array([      0.0001,       0.0023,       0.0052,       0.0094,
             0.0112,       0.0159,       0.018 ,       0.023 ,
             0.0236,       0.0311,       0.0432,       0.0477,
             0.0524, 7266608.6259]), 'lambdas': array([      0.0001,       0.0023,       0.0052,       0.0094,
             0.0112,       0.0159,       0.018 ,       0.023 ,
             0.0236,       0.0311,       0.0432,       0.0477,
             0.0524, 7266608.6259]), 'D_scores': array([5636.1398,  217.595 ,   93.0775,   50.4363,   41.7652,   28.9714,
         25.2062,   19.3862,   18.7815,   13.8465,    9.5091,    8.4638,
          7.5678,    7.3995])}",diff_mean_diff_covariance,1
MY-small_mu,16,linear,{},linear,0.6636363636363637,rbf,"{'C': 1.0, 'gamma': 0.5}","{'thetas': array([0.    , 0.    , 0.    , 0.    , 0.    , 0.0006, 0.0014, 0.0029,
       0.0033, 0.0046, 0.0063, 0.0076, 0.0098, 0.0141, 0.0171, 0.0185]), 'lambdas': array([0.    , 0.    , 0.    , 0.    , 0.    , 0.0006, 0.0014, 0.0029,
       0.0033, 0.0046, 0.0063, 0.0076, 0.0098, 0.0141, 0.0171, 0.0185]), 'D_scores': array([3.3479e+10, 5.6375e+08, 2.9749e+08, 2.6504e+08, 1.2660e+08,
       8.6358e+02, 3.5821e+02, 1.6810e+02, 1.4875e+02, 1.0510e+02,
       7.5951e+01, 6.2699e+01, 4.8383e+01, 3.2891e+01, 2.6708e+01,
       2.4561e+01])}",diff_mean_diff_covariance,1
MY-small_mu,16,rbf,{'gamma': 0.00159936124927366},rbf(gamma=0.00159936124927366),0.6727272727272727,rbf,"{'C': 0.5, 'gamma': 0.5}","{'thetas': array([0.    , 0.    , 0.0001, 0.0002, 0.0002, 0.0004, 0.0006, 0.0007,
       0.0008, 0.0009, 0.001 , 0.0013, 0.0014, 0.0017, 0.0021, 0.0024]), 'lambdas': array([0.    , 0.    , 0.0001, 0.0002, 0.0002, 0.0004, 0.0006, 0.0007,
       0.0008, 0.0009, 0.001 , 0.0013, 0.0014, 0.0017, 0.0021, 0.0024]), 'D_scores': array([44088.0971, 17801.5763,  4913.0803,  2970.9758,  2015.603 ,
        1308.9174,   823.2431,   743.447 ,   641.0915,   555.4096,
         510.7803,   382.717 ,   343.391 ,   296.0991,   233.1124,
         207.2009])}",diff_mean_diff_covariance,1
MY-small_mu,16,laplacian,{'gamma': 0.00159936124927366},laplacian(gamma=0.00159936124927366),0.6909090909090909,rbf,"{'C': 0.5, 'gamma': 0.5}","{'thetas': array([0.    , 0.0001, 0.0002, 0.0002, 0.0003, 0.0004, 0.0004, 0.0005,
       0.0006, 0.0008, 0.0008, 0.0009, 0.001 , 0.0013, 0.0016, 0.0017]), 'lambdas': array([0.    , 0.0001, 0.0002, 0.0002, 0.0003, 0.0004, 0.0004, 0.0005,
       0.0006, 0.0008, 0.0008, 0.0009, 0.001 , 0.0013, 0.0016, 0.0017]), 'D_scores': array([10267.3332,  6447.3667,  3153.9224,  2062.9547,  1441.047 ,
        1354.0102,  1257.3745,   922.242 ,   858.362 ,   635.7323,
         587.2842,   554.7309,   493.9877,   370.4358,   310.6709,
         289.314 ])}",diff_mean_diff_covariance,1
MY-small_mu,16,polynomial,"{'degree': 2, 'gamma': 0.00159936124927366, 'coef0': 1.0}","polynomial(coef0=1.0, degree=2, gamma=0.00159936124927366)",0.5818181818181818,rbf,"{'C': 0.5, 'gamma': 0.5}","{'thetas': array([0.    , 0.0003, 0.0007, 0.0013, 0.002 , 0.0023, 0.0026, 0.0032,
       0.0044, 0.0055, 0.0066, 0.0077, 0.0088, 0.0105, 0.0132, 0.0138]), 'lambdas': array([0.    , 0.0003, 0.0007, 0.0013, 0.002 , 0.0023, 0.0026, 0.0032,
       0.0044, 0.0055, 0.0066, 0.0077, 0.0088, 0.0105, 0.0132, 0.0138]), 'D_scores': array([30459.7644,  1748.5306,   762.4727,   388.586 ,   243.2917,
         212.382 ,   191.5881,   154.0615,   110.1313,    87.9556,
          72.5304,    61.8009,    54.208 ,    45.0046,    35.1516,
          33.6383])}",diff_mean_diff_covariance,1
MY-small_mu,16,sigmoid,"{'gamma': 0.00159936124927366, 'coef0': 0.0}","sigmoid(coef0=0.0, gamma=0.00159936124927366)",0.6545454545454545,rbf,"{'C': 0.5, 'gamma': 'scale'}","{'thetas': array([      0.0002,       0.0012,       0.0046,       0.0065,
             0.009 ,       0.0153,       0.0211,       0.0235,
             0.0258,       0.0391,       0.0451,       0.0458,
             0.0493, 8627840.4416, 6084907.0219, 5796614.1452]), 'lambdas': array([      0.0002,       0.0012,       0.0046,       0.0065,
             0.009 ,       0.0153,       0.0211,       0.0235,
             0.0258,       0.0391,       0.0451,       0.0458,
             0.0493, 8627840.4416, 6084907.0219, 5796614.1452]), 'D_scores': array([2310.9166,  410.6772,  105.1866,   73.7634,   52.6777,   30.0855,
         21.2283,   18.9195,   17.066 ,   10.6801,    9.0446,    8.8871,
          8.1384,    7.4853,    7.3108,    7.2865])}",diff_mean_diff_covariance,1
MY-small_mu,20,linear,{},linear,0.6818181818181818,rbf,"{'C': 2.0, 'gamma': 0.5}","{'thetas': array([      0.    ,       0.    ,       0.0008,       0.0026,
             0.0056,       0.006 ,       0.007 ,       0.0094,
             0.0118,       0.0146,       0.0172,       0.0205,
             0.0254,       0.0283,       0.0311,       0.0316,
             0.0356,       0.0421,       0.0447, 7608486.2795]), 'lambdas': array([      0.    ,       0.    ,       0.0008,       0.0026,
             0.0056,       0.006 ,       0.007 ,       0.0094,
             0.0118,       0.0146,       0.0172,       0.0205,
             0.0254,       0.0283,       0.0311,       0.0316,
             0.0356,       0.0421,       0.0447, 7608486.2795]), 'D_scores': array([1.8934e+09, 5.3483e+08, 5.9501e+02, 1.9020e+02, 8.5940e+01,
       8.0047e+01, 6.8301e+01, 5.0288e+01, 3.9782e+01, 3.1711e+01,
       2.6508e+01, 2.1895e+01, 1.7316e+01, 1.5404e+01, 1.3865e+01,
       1.3608e+01, 1.1859e+01, 9.7984e+00, 9.1308e+00, 7.4225e+00])}",diff_mean_diff_covariance,1
MY-small_mu,20,rbf,{'gamma': 0.00159936124927366},rbf(gamma=0.00159936124927366),0.7090909090909091,rbf,"{'C': 2.0, 'gamma': 0.5}","{'thetas': array([0.    , 0.    , 0.0001, 0.0001, 0.0002, 0.0003, 0.0004, 0.0005,
       0.0006, 0.0009, 0.0011, 0.0011, 0.0014, 0.0015, 0.0018, 0.0022,
       0.0023, 0.0025, 0.0029, 0.003 ]), 'lambdas': array([0.    , 0.    , 0.0001, 0.0001, 0.0002, 0.0003, 0.0004, 0.0005,
       0.0006, 0.0009, 0.0011, 0.0011, 0.0014, 0.0015, 0.0018, 0.0022,
       0.0023, 0.0025, 0.0029, 0.003 ]), 'D_scores': array([34412.4249, 12303.6015,  8448.8092,  3775.7166,  2872.6421,
        1867.6701,  1289.7636,  1070.8841,   786.6915,   578.531 ,
         456.2119,   437.9969,   358.4916,   319.9091,   276.5877,
         226.9323,   211.636 ,   198.6821,   170.1684,   160.7126])}",diff_mean_diff_covariance,1
MY-small_mu,20,laplacian,{'gamma': 0.00159936124927366},laplacian(gamma=0.00159936124927366),0.7454545454545455,rbf,"{'C': 2.0, 'gamma': 0.5}","{'thetas': array([0.    , 0.    , 0.0001, 0.0002, 0.0003, 0.0003, 0.0006, 0.0006,
       0.0008, 0.0009, 0.001 , 0.0013, 0.0015, 0.0017, 0.0019, 0.002 ,
       0.0024, 0.0029, 0.0029, 0.0031]), 'lambdas': array([0.    , 0.    , 0.0001, 0.0002, 0.0003, 0.0003, 0.0006, 0.0006,
       0.0008, 0.0009, 0.001 , 0.0013, 0.0015, 0.0017, 0.0019, 0.002 ,
       0.0024, 0.0029, 0.0029, 0.0031]), 'D_scores': array([55135.887 , 11154.5383,  6954.8371,  2499.4595,  1873.5851,
        1551.2428,   904.2376,   844.8901,   635.9333,   575.0003,
         518.3118,   372.9894,   320.2484,   298.6165,   262.9499,
         243.0534,   206.228 ,   171.5279,   168.3849,   156.4665])}",diff_mean_diff_covariance,1
MY-small_mu,20,polynomial,"{'degree': 2, 'gamma': 0.00159936124927366, 'coef0': 1.0}","polynomial(coef0=1.0, degree=2, gamma=0.00159936124927366)",0.6454545454545455,rbf,"{'C': 2.0, 'gamma': 0.5}","{'thetas': array([0.0004, 0.0008, 0.0012, 0.0023, 0.0026, 0.0034, 0.0047, 0.0055,
       0.006 , 0.0072, 0.0078, 0.0092, 0.0114, 0.0123, 0.0132, 0.0152,
       0.0172, 0.0196, 0.0221, 0.0238]), 'lambdas': array([0.0004, 0.0008, 0.0012, 0.0023, 0.0026, 0.0034, 0.0047, 0.0055,
       0.006 , 0.0072, 0.0078, 0.0092, 0.0114, 0.0123, 0.0132, 0.0152,
       0.0172, 0.0196, 0.0221, 0.0238]), 'D_scores': array([1251.1773,  615.8882,  404.1881,  217.4396,  192.3265,  142.2664,
        102.8114,   87.6369,   80.093 ,   66.546 ,   60.8614,   51.4701,
         41.2802,   37.9144,   35.0811,   30.3524,   26.5519,   23.0584,
         20.2188,   18.6328])}",diff_mean_diff_covariance,1
MY-small_mu,20,sigmoid,"{'gamma': 0.00159936124927366, 'coef0': 0.0}","sigmoid(coef0=0.0, gamma=0.00159936124927366)",0.8181818181818182,poly,"{'C': 2.0, 'gamma': 'scale', 'degree': 2, 'coef0': 1.0}","{'thetas': array([      0.0021,       0.0031,       0.0064,       0.0143,
             0.0159,       0.0215,       0.0279,       0.0345,
             0.0381,       0.044 ,       0.0458,       0.0535,
       6759225.5543, 5905408.1322, 4485945.5415, 4230597.2662,
       3926952.0457, 3372966.5683, 3219289.9759, 2975817.9731]), 'lambdas': array([      0.0021,       0.0031,       0.0064,       0.0143,
             0.0159,       0.0215,       0.0279,       0.0345,
             0.0381,       0.044 ,       0.0458,       0.0535,
       6759225.5543, 5905408.1322, 4485945.5415, 4230597.2662,
       3926952.0457, 3372966.5683, 3219289.9759, 2975817.9731]), 'D_scores': array([231.5401, 157.2872,  75.5339,  32.4152,  28.8739,  20.7948,
        15.6192,  12.3159,  11.0045,   9.3007,   8.8735,   7.3916,
         7.3633,   7.2957,   7.1582,   7.1289,   7.0919,   7.0157,
         6.9925,   6.953 ])}",diff_mean_diff_covariance,1
MY-small_mu,24,linear,{},linear,0.5727272727272728,rbf,"{'C': 1.0, 'gamma': 'scale'}","{'thetas': array([      0.    ,       0.    ,       0.    ,       0.    ,
             0.    ,       0.002 ,       0.0038,       0.0045,
             0.005 ,       0.0069,       0.009 ,       0.0107,
             0.0141,       0.0164,       0.0176,       0.022 ,
             0.0269,       0.0288,       0.0306,       0.0426,
             0.0474,       0.0521, 7888239.0794, 6938471.7112]), 'lambdas': array([      0.    ,       0.    ,       0.    ,       0.    ,
             0.    ,       0.002 ,       0.0038,       0.0045,
             0.005 ,       0.0069,       0.009 ,       0.0107,
             0.0141,       0.0164,       0.0176,       0.022 ,
             0.0269,       0.0288,       0.0306,       0.0426,
             0.0474,       0.0521, 7888239.0794, 6938471.7112]), 'D_scores': array([8.2536e+08, 7.1641e+08, 3.5560e+08, 3.3370e+08, 3.3232e+08,
       2.5171e+02, 1.2827e+02, 1.0907e+02, 9.7279e+01, 6.9973e+01,
       5.2906e+01, 4.3936e+01, 3.2760e+01, 2.8021e+01, 2.5916e+01,
       2.0328e+01, 1.6292e+01, 1.5075e+01, 1.4105e+01, 9.6603e+00,
       8.5196e+00, 7.6183e+00, 7.4404e+00, 7.3764e+00])}",diff_mean_diff_covariance,1
MY-small_mu,24,rbf,{'gamma': 0.00159936124927366},rbf(gamma=0.00159936124927366),0.7272727272727273,rbf,"{'C': 2.0, 'gamma': 0.5}","{'thetas': array([0.    , 0.    , 0.0001, 0.0002, 0.0002, 0.0003, 0.0004, 0.0005,
       0.0006, 0.0007, 0.001 , 0.0011, 0.0013, 0.0015, 0.0018, 0.0023,
       0.0025, 0.0029, 0.003 , 0.0037, 0.0042, 0.0046, 0.0047, 0.0056]), 'lambdas': array([0.    , 0.    , 0.0001, 0.0002, 0.0002, 0.0003, 0.0004, 0.0005,
       0.0006, 0.0007, 0.001 , 0.0011, 0.0013, 0.0015, 0.0018, 0.0023,
       0.0025, 0.0029, 0.003 , 0.0037, 0.0042, 0.0046, 0.0047, 0.0056]), 'D_scores': array([22603.4045, 11951.4971,  6799.4988,  3019.2414,  2718.2353,
        1529.372 ,  1254.1268,   945.7317,   816.5389,   763.5557,
         478.7233,   453.5201,   375.701 ,   328.348 ,   280.2154,
         217.6751,   193.245 ,   167.1574,   160.5707,   132.4427,
         116.2548,   106.1072,   103.424 ,    86.8504])}",diff_mean_diff_covariance,1
MY-small_mu,24,laplacian,{'gamma': 0.00159936124927366},laplacian(gamma=0.00159936124927366),0.5909090909090909,rbf,"{'C': 2.0, 'gamma': 0.5}","{'thetas': array([0.    , 0.0001, 0.0001, 0.0002, 0.0003, 0.0004, 0.0004, 0.0005,
       0.0007, 0.0008, 0.001 , 0.001 , 0.0012, 0.0013, 0.0016, 0.0019,
       0.0021, 0.0024, 0.0025, 0.0029, 0.003 , 0.0032, 0.0036, 0.004 ]), 'lambdas': array([0.    , 0.0001, 0.0001, 0.0002, 0.0003, 0.0004, 0.0004, 0.0005,
       0.0007, 0.0008, 0.001 , 0.001 , 0.0012, 0.0013, 0.0016, 0.0019,
       0.0021, 0.0024, 0.0025, 0.0029, 0.003 , 0.0032, 0.0036, 0.004 ]), 'D_scores': array([36837.052 ,  8437.5196,  4523.1822,  2325.6425,  1839.4868,
        1321.239 ,  1138.1451,   924.3708,   756.1834,   657.437 ,
         519.9271,   492.4368,   404.0172,   380.0918,   317.3342,
         257.5803,   236.8975,   201.2573,   197.1263,   170.7832,
         164.166 ,   152.2577,   136.3695,   122.5526])}",diff_mean_diff_covariance,1
MY-small_mu,24,polynomial,"{'degree': 2, 'gamma': 0.00159936124927366, 'coef0': 1.0}","polynomial(coef0=1.0, degree=2, gamma=0.00159936124927366)",0.6454545454545455,rbf,"{'C': 1.0, 'gamma': 0.5}","{'thetas': array([0.    , 0.0007, 0.0014, 0.0018, 0.0021, 0.0033, 0.0035, 0.0044,
       0.0049, 0.0071, 0.0074, 0.0095, 0.0105, 0.0122, 0.0146, 0.0163,
       0.0182, 0.0206, 0.0237, 0.0263, 0.0297, 0.0328, 0.0352, 0.0426]), 'lambdas': array([0.    , 0.0007, 0.0014, 0.0018, 0.0021, 0.0033, 0.0035, 0.0044,
       0.0049, 0.0071, 0.0074, 0.0095, 0.0105, 0.0122, 0.0146, 0.0163,
       0.0182, 0.0206, 0.0237, 0.0263, 0.0297, 0.0328, 0.0352, 0.0426]), 'D_scores': array([682956.2174,    711.929 ,    346.1679,    274.6204,    236.4684,
          146.718 ,    139.8015,    110.673 ,     98.7942,     67.4247,
           64.8077,     50.0409,     44.6521,     38.3776,     31.536 ,
           28.133 ,     24.9518,     21.8569,     18.7011,     16.6637,
           14.5525,     13.0188,     12.02  ,      9.6531])}",diff_mean_diff_covariance,1
MY-small_mu,24,sigmoid,"{'gamma': 0.00159936124927366, 'coef0': 0.0}","sigmoid(coef0=0.0, gamma=0.00159936124927366)",0.7272727272727273,rbf,"{'C': 1.0, 'gamma': 'scale'}","{'thetas': array([      0.0002,       0.0017,       0.0041,       0.0057,
             0.0094,       0.0115,       0.0176,       0.0217,
             0.0263,       0.0323,       0.0412,       0.0419,
             0.0473, 7292495.8301, 6279707.8117, 5347354.7981,
       4722998.3504, 4266638.9238, 3580852.5883, 3416235.5078,
       2880993.0611, 2699457.2432, 2419147.2953, 2254468.126 ]), 'lambdas': array([      0.0002,       0.0017,       0.0041,       0.0057,
             0.0094,       0.0115,       0.0176,       0.0217,
             0.0263,       0.0323,       0.0412,       0.0419,
             0.0473, 7292495.8301, 6279707.8117, 5347354.7981,
       4722998.3504, 4266638.9238, 3580852.5883, 3416235.5078,
       2880993.0611, 2699457.2432, 2419147.2953, 2254468.126 ]), 'D_scores': array([2096.1998,  282.7215,  120.0856,   84.8375,   50.1821,   40.7868,
         25.9214,   20.6126,   16.6678,   13.2766,   10.0626,    9.8484,
          8.5363,    7.4012,    7.3266,    7.2462,    7.184 ,    7.1332,
          7.0456,    7.0221,    6.9369,    6.9043,    6.8496,    6.8142])}",diff_mean_diff_covariance,1
MY-small_mu,28,linear,{},linear,0.6363636363636364,rbf,"{'C': 2.0, 'gamma': 'scale'}","{'thetas': array([      0.    ,       0.    ,       0.    ,       0.    ,
             0.    ,       0.    ,       0.0009,       0.0017,
             0.0036,       0.0065,       0.007 ,       0.0085,
             0.0104,       0.0134,       0.0151,       0.0189,
             0.023 ,       0.03  ,       0.0325,       0.0354,
             0.0405,       0.0421,       0.0494, 8040445.3324,
       7864453.2053,       0.0536, 6867782.5838, 6239982.8718]), 'lambdas': array([      0.    ,       0.    ,       0.    ,       0.    ,
             0.    ,       0.    ,       0.0009,       0.0017,
             0.0036,       0.0065,       0.007 ,       0.0085,
             0.0104,       0.0134,       0.0151,       0.0189,
             0.023 ,       0.03  ,       0.0325,       0.0354,
             0.0405,       0.0421,       0.0494, 8040445.3324,
       7864453.2053,       0.0536, 6867782.5838, 6239982.8718]), 'D_scores': array([4.7587e+10, 6.6135e+08, 5.7077e+08, 4.2488e+08, 2.9521e+08,
       2.3605e+08, 5.7980e+02, 2.9242e+02, 1.3613e+02, 7.3708e+01,
       6.8500e+01, 5.5773e+01, 4.5514e+01, 3.4744e+01, 3.0566e+01,
       2.3921e+01, 1.9398e+01, 1.4422e+01, 1.3170e+01, 1.1958e+01,
       1.0251e+01, 9.7951e+00, 8.1110e+00, 7.4500e+00, 7.4390e+00,
       7.3714e+00, 7.3712e+00, 7.3233e+00])}",diff_mean_diff_covariance,1
MY-small_mu,28,rbf,{'gamma': 0.00159936124927366},rbf(gamma=0.00159936124927366),0.6363636363636364,rbf,"{'C': 2.0, 'gamma': 0.5}","{'thetas': array([0.    , 0.0001, 0.0001, 0.0001, 0.0002, 0.0004, 0.0004, 0.0005,
       0.0006, 0.0008, 0.0011, 0.0012, 0.0014, 0.0017, 0.002 , 0.0021,
       0.0027, 0.0029, 0.0031, 0.0037, 0.0038, 0.0042, 0.0053, 0.0056,
       0.0062, 0.0068, 0.0069, 0.0078]), 'lambdas': array([0.    , 0.0001, 0.0001, 0.0001, 0.0002, 0.0004, 0.0004, 0.0005,
       0.0006, 0.0008, 0.0011, 0.0012, 0.0014, 0.0017, 0.002 , 0.0021,
       0.0027, 0.0029, 0.0031, 0.0037, 0.0038, 0.0042, 0.0053, 0.0056,
       0.0062, 0.0068, 0.0069, 0.0078]), 'D_scores': array([24706.2095,  7334.5478,  4362.448 ,  3495.0283,  2729.2745,
        1417.6081,  1298.4917,   980.3183,   788.0017,   587.1954,
         461.6156,   411.7331,   362.1888,   285.26  ,   246.5159,
         238.0138,   182.5494,   167.875 ,   155.5049,   132.235 ,
         129.6784,   115.0634,    90.6836,    86.0176,    77.5821,
          70.1963,    69.2403,    61.4209])}",diff_mean_diff_covariance,1
MY-small_mu,28,laplacian,{'gamma': 0.00159936124927366},laplacian(gamma=0.00159936124927366),0.6909090909090909,rbf,"{'C': 2.0, 'gamma': 0.5}","{'thetas': array([0.    , 0.    , 0.0001, 0.0001, 0.0002, 0.0003, 0.0004, 0.0006,
       0.0006, 0.0007, 0.0009, 0.0009, 0.0011, 0.0013, 0.0016, 0.0019,
       0.0022, 0.0024, 0.0027, 0.0029, 0.0031, 0.0032, 0.0035, 0.004 ,
       0.0042, 0.0043, 0.0052, 0.0056]), 'lambdas': array([0.    , 0.    , 0.0001, 0.0001, 0.0002, 0.0003, 0.0004, 0.0006,
       0.0006, 0.0007, 0.0009, 0.0009, 0.0011, 0.0013, 0.0016, 0.0019,
       0.0022, 0.0024, 0.0027, 0.0029, 0.0031, 0.0032, 0.0035, 0.004 ,
       0.0042, 0.0043, 0.0052, 0.0056]), 'D_scores': array([139751.5763,  10084.5136,   7401.5646,   4353.4078,   2827.0196,
         1784.8203,   1270.3912,    883.4053,    774.7478,    677.461 ,
          580.3457,    547.6493,    436.4245,    377.038 ,    315.5373,
          259.8186,    222.9116,    205.8983,    181.5314,    167.7841,
          160.1128,    150.8267,    138.2166,    122.6561,    114.7276,
          112.8601,     93.1361,     86.0067])}",diff_mean_diff_covariance,1
MY-small_mu,28,polynomial,"{'degree': 2, 'gamma': 0.00159936124927366, 'coef0': 1.0}","polynomial(coef0=1.0, degree=2, gamma=0.00159936124927366)",0.5818181818181818,rbf,"{'C': 2.0, 'gamma': 0.5}","{'thetas': array([0.0002, 0.0005, 0.0006, 0.0017, 0.0019, 0.0026, 0.0037, 0.004 ,
       0.0048, 0.0058, 0.0068, 0.0077, 0.0107, 0.0131, 0.0139, 0.0159,
       0.0178, 0.0199, 0.0222, 0.0243, 0.0251, 0.0269, 0.0321, 0.0327,
       0.0377, 0.0405, 0.0469, 0.0516]), 'lambdas': array([0.0002, 0.0005, 0.0006, 0.0017, 0.0019, 0.0026, 0.0037, 0.004 ,
       0.0048, 0.0058, 0.0068, 0.0077, 0.0107, 0.0131, 0.0139, 0.0159,
       0.0178, 0.0199, 0.0222, 0.0243, 0.0251, 0.0269, 0.0321, 0.0327,
       0.0377, 0.0405, 0.0469, 0.0516]), 'D_scores': array([2711.6026, 1076.4282,  878.7465,  289.0935,  255.4221,  189.7058,
        131.5761,  123.0166,  101.2985,   83.1781,   70.1522,   61.7298,
         43.7703,   35.3664,   33.4297,   28.9638,   25.5485,   22.6223,
         20.1454,   18.1874,   17.5623,   16.2732,   13.367 ,   13.0801,
         11.1127,   10.2338,    8.6278,    7.6992])}",diff_mean_diff_covariance,1
MY-small_mu,28,sigmoid,"{'gamma': 0.00159936124927366, 'coef0': 0.0}","sigmoid(coef0=0.0, gamma=0.00159936124927366)",0.7181818181818181,poly,"{'C': 2.0, 'gamma': 'scale', 'degree': 2, 'coef0': 1.0}","{'thetas': array([      0.0034,       0.0056,       0.0094,       0.0122,
             0.0166,       0.0221,       0.0259,       0.0299,
             0.039 ,       0.0463, 7540314.1969, 6603466.8383,
       5709138.9881, 5064480.4408, 4652952.6377, 4174403.6154,
             0.0553, 3429766.3032, 3170113.3052, 2948436.1172,
       2622267.3167, 2270448.6217, 1839606.0659, 1829884.5585,
       1744848.9673, 1545050.2393, 1479353.9612,       0.0589]), 'lambdas': array([      0.0034,       0.0056,       0.0094,       0.0122,
             0.0166,       0.0221,       0.0259,       0.0299,
             0.039 ,       0.0463, 7540314.1969, 6603466.8383,
       5709138.9881, 5064480.4408, 4652952.6377, 4174403.6154,
             0.0553, 3429766.3032, 3170113.3052, 2948436.1172,
       2622267.3167, 2270448.6217, 1839606.0659, 1829884.5585,
       1744848.9673, 1545050.2393, 1479353.9612,       0.0589]), 'D_scores': array([144.387 ,  86.1464,  50.6103,  38.2521,  27.5788,  20.235 ,
        17.0028,  14.471 ,  10.697 ,   8.7564,   7.4179,   7.3516,
         7.2788,   7.219 ,   7.1765,   7.1222,   7.0901,   7.024 ,
         6.9847,   6.9484,   6.8898,   6.8178,   6.7125,   6.7102,
         6.6863,   6.6253,   6.6036,   6.5788])}",diff_mean_diff_covariance,1
MY-small_mu,32,linear,{},linear,0.7,rbf,"{'C': 1.0, 'gamma': 'scale'}","{'thetas': array([      0.    ,       0.    ,       0.    ,       0.0007,
             0.002 ,       0.0038,       0.0052,       0.0062,
             0.0074,       0.0082,       0.0107,       0.0124,
             0.0171,       0.0205,       0.023 ,       0.0266,
             0.0298,       0.0332,       0.0374,       0.042 ,
             0.048 ,       0.0523, 7313577.9871, 6035705.7278,
       5414985.3072, 5231840.846 , 4593531.2418, 4034232.5823,
       3491464.0232, 3377474.1825, 2747002.7132, 2429457.464 ]), 'lambdas': array([      0.    ,       0.    ,       0.    ,       0.0007,
             0.002 ,       0.0038,       0.0052,       0.0062,
             0.0074,       0.0082,       0.0107,       0.0124,
             0.0171,       0.0205,       0.023 ,       0.0266,
             0.0298,       0.0332,       0.0374,       0.042 ,
             0.048 ,       0.0523, 7313577.9871, 6035705.7278,
       5414985.3072, 5231840.846 , 4593531.2418, 4034232.5823,
       3491464.0232, 3377474.1825, 2747002.7132, 2429457.464 ]), 'D_scores': array([8.6757e+08, 6.6194e+08, 2.5391e+08, 6.6339e+02, 2.4511e+02,
       1.2674e+02, 9.2992e+01, 7.7164e+01, 6.4820e+01, 5.7846e+01,
       4.3839e+01, 3.7502e+01, 2.6761e+01, 2.1891e+01, 1.9357e+01,
       1.6516e+01, 1.4534e+01, 1.2854e+01, 1.1233e+01, 9.8314e+00,
       8.3989e+00, 7.5896e+00, 7.4026e+00, 7.3066e+00, 7.2524e+00,
       7.2353e+00, 7.1702e+00, 7.1053e+00, 7.0329e+00, 7.0165e+00,
       6.9131e+00, 6.8516e+00])}",diff_mean_diff_covariance,1
MY-small_mu,32,rbf,{'gamma': 0.00159936124927366},rbf(gamma=0.00159936124927366),0.7090909090909091,rbf,"{'C': 0.5, 'gamma': 0.5}","{'thetas': array([0.    , 0.    , 0.0001, 0.0001, 0.0002, 0.0004, 0.0006, 0.0007,
       0.0009, 0.0012, 0.0013, 0.0015, 0.0017, 0.0019, 0.0019, 0.0022,
       0.0023, 0.0026, 0.0029, 0.0032, 0.0036, 0.0048, 0.0051, 0.0054,
       0.0061, 0.0065, 0.0067, 0.0074, 0.0082, 0.0091, 0.0103, 0.0113]), 'lambdas': array([0.    , 0.    , 0.0001, 0.0001, 0.0002, 0.0004, 0.0006, 0.0007,
       0.0009, 0.0012, 0.0013, 0.0015, 0.0017, 0.0019, 0.0019, 0.0022,
       0.0023, 0.0026, 0.0029, 0.0032, 0.0036, 0.0048, 0.0051, 0.0054,
       0.0061, 0.0065, 0.0067, 0.0074, 0.0082, 0.0091, 0.0103, 0.0113]), 'D_scores': array([44403.6792, 26380.1047,  5158.6487,  3704.0596,  2266.5853,
        1264.6494,   887.4925,   741.8227,   522.9159,   412.3283,
         378.0997,   332.2993,   295.0656,   266.1928,   264.1989,
         223.2676,   214.5939,   189.3133,   169.1422,   152.8768,
         136.1987,   100.7067,    95.5288,    89.3057,    78.4224,
          74.0942,    71.0933,    64.4401,    58.236 ,    51.9429,
          45.7705,    41.4961])}",diff_mean_diff_covariance,1
MY-small_mu,32,laplacian,{'gamma': 0.00159936124927366},laplacian(gamma=0.00159936124927366),0.6818181818181818,rbf,"{'C': 2.0, 'gamma': 0.5}","{'thetas': array([0.    , 0.0001, 0.0001, 0.0002, 0.0004, 0.0005, 0.0005, 0.0006,
       0.0007, 0.0009, 0.0011, 0.0013, 0.0016, 0.0018, 0.0021, 0.0024,
       0.0026, 0.0028, 0.0031, 0.0033, 0.0036, 0.0039, 0.0041, 0.0044,
       0.0048, 0.0051, 0.0056, 0.006 , 0.0066, 0.0066, 0.0075, 0.0077]), 'lambdas': array([0.    , 0.0001, 0.0001, 0.0002, 0.0004, 0.0005, 0.0005, 0.0006,
       0.0007, 0.0009, 0.0011, 0.0013, 0.0016, 0.0018, 0.0021, 0.0024,
       0.0026, 0.0028, 0.0031, 0.0033, 0.0036, 0.0039, 0.0041, 0.0044,
       0.0048, 0.0051, 0.0056, 0.006 , 0.0066, 0.0066, 0.0075, 0.0077]), 'D_scores': array([87018.1196,  7153.6969,  4241.3126,  2860.3457,  1284.9276,
        1078.1575,  1001.4112,   895.266 ,   735.3595,   562.7235,
         443.3539,   382.5453,   309.1974,   272.1448,   239.635 ,
         206.9098,   188.0839,   172.8729,   158.9666,   147.4533,
         137.1076,   126.0444,   117.8484,   110.2278,   100.9181,
          95.3816,    85.8785,    80.4323,    72.8524,    72.2738,
          63.8619,    61.9608])}",diff_mean_diff_covariance,1
MY-small_mu,32,polynomial,"{'degree': 2, 'gamma': 0.00159936124927366, 'coef0': 1.0}","polynomial(coef0=1.0, degree=2, gamma=0.00159936124927366)",0.6090909090909091,rbf,"{'C': 2.0, 'gamma': 'scale'}","{'thetas': array([      0.0003,       0.0011,       0.0014,       0.0023,
             0.0027,       0.0034,       0.0042,       0.0051,
             0.0058,       0.007 ,       0.0072,       0.0078,
             0.01  ,       0.0106,       0.0126,       0.0135,
             0.0159,       0.0185,       0.0221,       0.0237,
             0.0253,       0.0281,       0.0293,       0.0314,
             0.0338,       0.0367,       0.0401,       0.0448,
             0.0548, 1679787.515 ,       0.061 ,  474045.5553]), 'lambdas': array([      0.0003,       0.0011,       0.0014,       0.0023,
             0.0027,       0.0034,       0.0042,       0.0051,
             0.0058,       0.007 ,       0.0072,       0.0078,
             0.01  ,       0.0106,       0.0126,       0.0135,
             0.0159,       0.0185,       0.0221,       0.0237,
             0.0253,       0.0281,       0.0293,       0.0314,
             0.0338,       0.0367,       0.0401,       0.0448,
             0.0548, 1679787.515 ,       0.061 ,  474045.5553]), 'D_scores': array([1645.603 ,  451.0322,  357.8684,  217.4129,  182.8977,  141.598 ,
        116.2649,   94.0172,   82.5788,   68.2149,   66.3031,   61.3229,
         47.2149,   44.4208,   36.9599,   34.4661,   28.8067,   24.5073,
         20.1825,   18.6903,   17.4112,   15.5088,   14.8022,   13.6714,
         12.5997,   11.4858,   10.3515,    9.1066,    7.1677,    6.6682,
          6.2994,    6.0345])}",diff_mean_diff_covariance,1
MY-small_mu,32,sigmoid,"{'gamma': 0.00159936124927366, 'coef0': 0.0}","sigmoid(coef0=0.0, gamma=0.00159936124927366)",0.7727272727272727,poly,"{'C': 2.0, 'gamma': 'scale', 'degree': 2, 'coef0': 1.0}","{'thetas': array([      0.0023,       0.0039,       0.0074,       0.0078,
             0.013 ,       0.0141,       0.0205,       0.0306,
             0.0359,       0.0369,       0.0424,       0.0484,
       6355502.7276, 5259844.3095, 4624272.3973, 4489504.0178,
       4119888.4153, 3633379.0891, 3117695.6755, 2806624.6682,
             0.0567, 2545280.3809, 2230696.0134, 2088837.3468,
       1969538.8411, 1712253.4297, 1686961.7201, 1528489.3131,
       1425492.6097, 1380217.1681, 1259620.9418, 1182002.387 ]), 'lambdas': array([      0.0023,       0.0039,       0.0074,       0.0078,
             0.013 ,       0.0141,       0.0205,       0.0306,
             0.0359,       0.0369,       0.0424,       0.0484,
       6355502.7276, 5259844.3095, 4624272.3973, 4489504.0178,
       4119888.4153, 3633379.0891, 3117695.6755, 2806624.6682,
             0.0567, 2545280.3809, 2230696.0134, 2088837.3468,
       1969538.8411, 1712253.4297, 1686961.7201, 1528489.3131,
       1425492.6097, 1380217.1681, 1259620.9418, 1182002.387 ]), 'D_scores': array([210.3831, 126.0058,  65.0496,  61.277 ,  35.8899,  32.7779,
        21.9491,  14.1049,  11.7606,  11.385 ,   9.7139,   8.3199,
         7.3324,   7.2378,   7.1736,   7.1587,   7.116 ,   7.0529,
         6.9766,   6.9238,   6.8817,   6.8749,   6.809 ,   6.7765,
         6.7467,   6.6768,   6.6692,   6.6199,   6.5853,   6.5689,
         6.5232,   6.4915])}",diff_mean_diff_covariance,1
KFDA-1D,1,linear,{},linear,0.8090909090909091,linear,{'C': 0.5},"{'top_lambda': 5.318728769997489, 'd_norm': 112.91738952901709}",diff_mean_diff_covariance,2
KFDA-1D,1,rbf,{'gamma': 0.001607100176813045},rbf(gamma=0.001607100176813045),0.4909090909090909,linear,{'C': 0.5},"{'top_lambda': 30825.544859398375, 'd_norm': 0.15924089441422407}",diff_mean_diff_covariance,2
KFDA-1D,1,laplacian,{'gamma': 0.001607100176813045},laplacian(gamma=0.001607100176813045),0.39090909090909093,linear,{'C': 1.0},"{'top_lambda': 27545.541768028794, 'd_norm': 0.11235258475307475}",diff_mean_diff_covariance,2
KFDA-1D,1,polynomial,"{'degree': 2, 'gamma': 0.001607100176813045, 'coef0': 1.0}","polynomial(coef0=1.0, degree=2, gamma=0.001607100176813045)",0.44545454545454544,linear,{'C': 1.0},"{'top_lambda': 20020.403344116505, 'd_norm': 0.5576646312801794}",diff_mean_diff_covariance,2
KFDA-1D,1,sigmoid,"{'gamma': 0.001607100176813045, 'coef0': 0.0}","sigmoid(coef0=0.0, gamma=0.001607100176813045)",0.7727272727272727,sigmoid,"{'C': 0.5, 'gamma': 'scale', 'coef0': 0.0}","{'top_lambda': 4.894189065920714, 'd_norm': 0.14761023658800793}",diff_mean_diff_covariance,2
MY-large_mu,1,linear,{},linear,0.7090909090909091,linear,{'C': 0.5},"{'thetas': array([0.]), 'lambdas': array([0.]), 'gvals': array([1.1014e+09])}",diff_mean_diff_covariance,2
MY-large_mu,1,rbf,{'gamma': 0.001607100176813045},rbf(gamma=0.001607100176813045),0.5909090909090909,rbf,"{'C': 2.0, 'gamma': 'scale'}","{'thetas': array([0.]), 'lambdas': array([0.]), 'gvals': array([40280.2928])}",diff_mean_diff_covariance,2
MY-large_mu,1,laplacian,{'gamma': 0.001607100176813045},laplacian(gamma=0.001607100176813045),0.5636363636363636,rbf,"{'C': 1.0, 'gamma': 'scale'}","{'thetas': array([0.]), 'lambdas': array([0.]), 'gvals': array([9231695.4092])}",diff_mean_diff_covariance,2
MY-large_mu,1,polynomial,"{'degree': 2, 'gamma': 0.001607100176813045, 'coef0': 1.0}","polynomial(coef0=1.0, degree=2, gamma=0.001607100176813045)",0.6545454545454545,rbf,"{'C': 2.0, 'gamma': 'scale'}","{'thetas': array([0.0001]), 'lambdas': array([0.0001]), 'gvals': array([4229.6535])}",diff_mean_diff_covariance,2
MY-large_mu,1,sigmoid,"{'gamma': 0.001607100176813045, 'coef0': 0.0}","sigmoid(coef0=0.0, gamma=0.001607100176813045)",0.6909090909090909,linear,{'C': 0.5},"{'thetas': array([0.0024]), 'lambdas': array([0.0024]), 'gvals': array([203.4314])}",diff_mean_diff_covariance,2
MY-large_mu,2,linear,{},linear,0.7181818181818181,rbf,"{'C': 2.0, 'gamma': 'scale'}","{'thetas': array([0., 0.]), 'lambdas': array([0., 0.]), 'gvals': array([7.5002e+08, 4.5744e+08])}",diff_mean_diff_covariance,2
MY-large_mu,2,rbf,{'gamma': 0.001607100176813045},rbf(gamma=0.001607100176813045),0.6272727272727273,rbf,"{'C': 2.0, 'gamma': 'scale'}","{'thetas': array([0.0001, 0.0001]), 'lambdas': array([0.0001, 0.0001]), 'gvals': array([5998.5739, 3536.5576])}",diff_mean_diff_covariance,2
MY-large_mu,2,laplacian,{'gamma': 0.001607100176813045},laplacian(gamma=0.001607100176813045),0.5636363636363636,poly,"{'C': 1.0, 'gamma': 'scale', 'degree': 2, 'coef0': 1.0}","{'thetas': array([0.    , 0.0002]), 'lambdas': array([0.    , 0.0002]), 'gvals': array([15668.2238,  3064.8836])}",diff_mean_diff_covariance,2
MY-large_mu,2,polynomial,"{'degree': 2, 'gamma': 0.001607100176813045, 'coef0': 1.0}","polynomial(coef0=1.0, degree=2, gamma=0.001607100176813045)",0.5727272727272728,poly,"{'C': 1.0, 'gamma': 'scale', 'degree': 2, 'coef0': 1.0}","{'thetas': array([0.0003, 0.0006]), 'lambdas': array([0.0003, 0.0006]), 'gvals': array([1728.1635,  824.7444])}",diff_mean_diff_covariance,2
MY-large_mu,2,sigmoid,"{'gamma': 0.001607100176813045, 'coef0': 0.0}","sigmoid(coef0=0.0, gamma=0.001607100176813045)",0.6545454545454545,rbf,"{'C': 0.5, 'gamma': 'scale'}","{'thetas': array([0.0003, 0.0035]), 'lambdas': array([0.0003, 0.0035]), 'gvals': array([1485.4764,  140.4625])}",diff_mean_diff_covariance,2
MY-large_mu,3,linear,{},linear,0.7,rbf,"{'C': 0.5, 'gamma': 'scale'}","{'thetas': array([0.    , 0.    , 0.0002]), 'lambdas': array([0.    , 0.    , 0.0002]), 'gvals': array([1.7212e+09, 2.6999e+08, 3.3176e+03])}",diff_mean_diff_covariance,2
MY-large_mu,3,rbf,{'gamma': 0.001607100176813045},rbf(gamma=0.001607100176813045),0.6,poly,"{'C': 1.0, 'gamma': 'scale', 'degree': 2, 'coef0': 1.0}","{'thetas': array([0.    , 0.0001, 0.0003]), 'lambdas': array([0.    , 0.0001, 0.0003]), 'gvals': array([23289.7914,  3555.3175,  1808.3694])}",diff_mean_diff_covariance,2
MY-large_mu,3,laplacian,{'gamma': 0.001607100176813045},laplacian(gamma=0.001607100176813045),0.5181818181818182,rbf,"{'C': 2.0, 'gamma': 'scale'}","{'thetas': array([0.    , 0.0001, 0.0001]), 'lambdas': array([0.    , 0.0001, 0.0001]), 'gvals': array([29902.9595,  8708.6122,  3767.8862])}",diff_mean_diff_covariance,2
MY-large_mu,3,polynomial,"{'degree': 2, 'gamma': 0.001607100176813045, 'coef0': 1.0}","polynomial(coef0=1.0, degree=2, gamma=0.001607100176813045)",0.6,poly,"{'C': 2.0, 'gamma': 'scale', 'degree': 2, 'coef0': 1.0}","{'thetas': array([0.0005, 0.0007, 0.0009]), 'lambdas': array([0.0005, 0.0007, 0.0009]), 'gvals': array([1026.4606,  667.4929,  564.7745])}",diff_mean_diff_covariance,2
MY-large_mu,3,sigmoid,"{'gamma': 0.001607100176813045, 'coef0': 0.0}","sigmoid(coef0=0.0, gamma=0.001607100176813045)",0.7363636363636363,rbf,"{'C': 0.5, 'gamma': 'scale'}","{'thetas': array([0.0006, 0.0028, 0.0074]), 'lambdas': array([0.0006, 0.0028, 0.0074]), 'gvals': array([769.6632, 173.8677,  64.5006])}",diff_mean_diff_covariance,2
MY-large_mu,4,linear,{},linear,0.7363636363636363,rbf,"{'C': 1.0, 'gamma': 0.5}","{'thetas': array([0.    , 0.    , 0.0011, 0.0016]), 'lambdas': array([0.    , 0.    , 0.0011, 0.0016]), 'gvals': array([8.9468e+08, 2.3126e+08, 4.4844e+02, 2.9961e+02])}",diff_mean_diff_covariance,2
MY-large_mu,4,rbf,{'gamma': 0.001607100176813045},rbf(gamma=0.001607100176813045),0.6,rbf,"{'C': 2.0, 'gamma': 'scale'}","{'thetas': array([0.0001, 0.0001, 0.0003, 0.0003]), 'lambdas': array([0.0001, 0.0001, 0.0003, 0.0003]), 'gvals': array([6984.2988, 3537.2991, 1875.7204, 1575.8824])}",diff_mean_diff_covariance,2
MY-large_mu,4,laplacian,{'gamma': 0.001607100176813045},laplacian(gamma=0.001607100176813045),0.5818181818181818,rbf,"{'C': 2.0, 'gamma': 0.5}","{'thetas': array([0.0001, 0.0001, 0.0001, 0.0002]), 'lambdas': array([0.0001, 0.0001, 0.0001, 0.0002]), 'gvals': array([8850.3464, 5985.4491, 3869.7631, 2412.7951])}",diff_mean_diff_covariance,2
MY-large_mu,4,polynomial,"{'degree': 2, 'gamma': 0.001607100176813045, 'coef0': 1.0}","polynomial(coef0=1.0, degree=2, gamma=0.001607100176813045)",0.6909090909090909,rbf,"{'C': 0.5, 'gamma': 0.5}","{'thetas': array([0.    , 0.0013, 0.0016, 0.0021]), 'lambdas': array([0.    , 0.0013, 0.0016, 0.0021]), 'gvals': array([402529.0828,    379.693 ,    307.7745,    237.5505])}",diff_mean_diff_covariance,2
MY-large_mu,4,sigmoid,"{'gamma': 0.001607100176813045, 'coef0': 0.0}","sigmoid(coef0=0.0, gamma=0.001607100176813045)",0.7454545454545455,rbf,"{'C': 1.0, 'gamma': 0.5}","{'thetas': array([0.0036, 0.0064, 0.0081, 0.0143]), 'lambdas': array([0.0036, 0.0064, 0.0081, 0.0143]), 'gvals': array([134.421 ,  74.7532,  58.9827,  32.4014])}",diff_mean_diff_covariance,2
MY-large_mu,5,linear,{},linear,0.7363636363636363,rbf,"{'C': 0.5, 'gamma': 0.5}","{'thetas': array([0.    , 0.    , 0.0003, 0.0023, 0.0037]), 'lambdas': array([0.    , 0.    , 0.0003, 0.0023, 0.0037]), 'gvals': array([6.5972e+08, 5.2945e+08, 1.6754e+03, 2.1280e+02, 1.3083e+02])}",diff_mean_diff_covariance,2
MY-large_mu,5,rbf,{'gamma': 0.001607100176813045},rbf(gamma=0.001607100176813045),0.5545454545454546,rbf,"{'C': 2.0, 'gamma': 0.5}","{'thetas': array([0.    , 0.0001, 0.0001, 0.0001, 0.0002]), 'lambdas': array([0.    , 0.0001, 0.0001, 0.0001, 0.0002]), 'gvals': array([322308.4589,   5509.6804,   5242.9034,   3916.5701,   2141.7243])}",diff_mean_diff_covariance,2
MY-large_mu,5,laplacian,{'gamma': 0.001607100176813045},laplacian(gamma=0.001607100176813045),0.6909090909090909,rbf,"{'C': 2.0, 'gamma': 0.5}","{'thetas': array([0.    , 0.0001, 0.0001, 0.0002, 0.0003]), 'lambdas': array([0.    , 0.0001, 0.0001, 0.0002, 0.0003]), 'gvals': array([414663.1775,   5940.7111,   3969.4359,   3131.3126,   1434.5245])}",diff_mean_diff_covariance,2
MY-large_mu,5,polynomial,"{'degree': 2, 'gamma': 0.001607100176813045, 'coef0': 1.0}","polynomial(coef0=1.0, degree=2, gamma=0.001607100176813045)",0.6181818181818182,rbf,"{'C': 2.0, 'gamma': 'scale'}","{'thetas': array([0.0001, 0.0006, 0.0009, 0.0014, 0.0021]), 'lambdas': array([0.0001, 0.0006, 0.0009, 0.0014, 0.0021]), 'gvals': array([4552.2274,  824.4958,  563.3776,  354.399 ,  238.3757])}",diff_mean_diff_covariance,2
MY-large_mu,5,sigmoid,"{'gamma': 0.001607100176813045, 'coef0': 0.0}","sigmoid(coef0=0.0, gamma=0.001607100176813045)",0.7,rbf,"{'C': 0.5, 'gamma': 'scale'}","{'thetas': array([0.0002, 0.0027, 0.0053, 0.0071, 0.0094]), 'lambdas': array([0.0002, 0.0027, 0.0053, 0.0071, 0.0094]), 'gvals': array([2914.5161,  179.6704,   91.4635,   67.8531,   50.4646])}",diff_mean_diff_covariance,2
MY-large_mu,6,linear,{},linear,0.7272727272727273,poly,"{'C': 2.0, 'gamma': 'scale', 'degree': 2, 'coef0': 1.0}","{'thetas': array([0.    , 0.    , 0.0001, 0.0021, 0.0023, 0.0041]), 'lambdas': array([0.    , 0.    , 0.0001, 0.0021, 0.0023, 0.0041]), 'gvals': array([8.4090e+08, 2.9704e+08, 3.4018e+03, 2.3272e+02, 2.1428e+02,
       1.1812e+02])}",diff_mean_diff_covariance,2
MY-large_mu,6,rbf,{'gamma': 0.001607100176813045},rbf(gamma=0.001607100176813045),0.5818181818181818,rbf,"{'C': 2.0, 'gamma': 0.5}","{'thetas': array([0.    , 0.0001, 0.0001, 0.0002, 0.0002, 0.0004]), 'lambdas': array([0.    , 0.0001, 0.0001, 0.0002, 0.0002, 0.0004]), 'gvals': array([105774.6146,   4344.6863,   4105.4363,   2554.8463,   2007.7096,
         1284.8168])}",diff_mean_diff_covariance,2
MY-large_mu,6,laplacian,{'gamma': 0.001607100176813045},laplacian(gamma=0.001607100176813045),0.6272727272727273,rbf,"{'C': 2.0, 'gamma': 0.5}","{'thetas': array([0.    , 0.0001, 0.0002, 0.0003, 0.0003, 0.0005]), 'lambdas': array([0.    , 0.0001, 0.0002, 0.0003, 0.0003, 0.0005]), 'gvals': array([11369.2842,  6457.7455,  2247.2397,  1816.3036,  1615.4027,
         942.2566])}",diff_mean_diff_covariance,2
MY-large_mu,6,polynomial,"{'degree': 2, 'gamma': 0.001607100176813045, 'coef0': 1.0}","polynomial(coef0=1.0, degree=2, gamma=0.001607100176813045)",0.6,rbf,"{'C': 2.0, 'gamma': 0.5}","{'thetas': array([0.0004, 0.0013, 0.0014, 0.0022, 0.0024, 0.0028]), 'lambdas': array([0.0004, 0.0013, 0.0014, 0.0022, 0.0024, 0.0028]), 'gvals': array([1173.3414,  383.8958,  363.4941,  222.6322,  203.553 ,  172.5444])}",diff_mean_diff_covariance,2
MY-large_mu,6,sigmoid,"{'gamma': 0.001607100176813045, 'coef0': 0.0}","sigmoid(coef0=0.0, gamma=0.001607100176813045)",0.7454545454545455,rbf,"{'C': 0.5, 'gamma': 'scale'}","{'thetas': array([0.0034, 0.0047, 0.0066, 0.0079, 0.011 , 0.0171]), 'lambdas': array([0.0034, 0.0047, 0.0066, 0.0079, 0.011 , 0.0171]), 'gvals': array([145.1285, 103.1093,  72.6136,  60.6842,  42.8449,  26.6769])}",diff_mean_diff_covariance,2
MY-large_mu,7,linear,{},linear,0.7545454545454545,rbf,"{'C': 2.0, 'gamma': 0.5}","{'thetas': array([0.    , 0.    , 0.    , 0.0003, 0.0009, 0.002 , 0.0034]), 'lambdas': array([0.    , 0.    , 0.    , 0.0003, 0.0009, 0.002 , 0.0034]), 'gvals': array([1.2381e+09, 3.9253e+08, 1.4424e+08, 1.6739e+03, 5.3448e+02,
       2.4445e+02, 1.4509e+02])}",diff_mean_diff_covariance,2
MY-large_mu,7,rbf,{'gamma': 0.001607100176813045},rbf(gamma=0.001607100176813045),0.5818181818181818,rbf,"{'C': 2.0, 'gamma': 0.5}","{'thetas': array([0.    , 0.0001, 0.0001, 0.0002, 0.0002, 0.0004, 0.0004]), 'lambdas': array([0.    , 0.0001, 0.0001, 0.0002, 0.0002, 0.0004, 0.0004]), 'gvals': array([19059.1881,  7791.1099,  4659.0552,  3231.115 ,  2048.1914,
        1270.5999,  1163.1704])}",diff_mean_diff_covariance,2
MY-large_mu,7,laplacian,{'gamma': 0.001607100176813045},laplacian(gamma=0.001607100176813045),0.5545454545454546,rbf,"{'C': 1.0, 'gamma': 0.5}","{'thetas': array([0.    , 0.0001, 0.0002, 0.0002, 0.0004, 0.0004, 0.0006]), 'lambdas': array([0.    , 0.0001, 0.0002, 0.0002, 0.0004, 0.0004, 0.0006]), 'gvals': array([24662.2947,  4662.688 ,  3071.1683,  2614.8822,  1247.944 ,
        1128.0599,   863.2308])}",diff_mean_diff_covariance,2
MY-large_mu,7,polynomial,"{'degree': 2, 'gamma': 0.001607100176813045, 'coef0': 1.0}","polynomial(coef0=1.0, degree=2, gamma=0.001607100176813045)",0.6181818181818182,rbf,"{'C': 0.5, 'gamma': 0.5}","{'thetas': array([0.0005, 0.001 , 0.0013, 0.0021, 0.0029, 0.0031, 0.004 ]), 'lambdas': array([0.0005, 0.001 , 0.0013, 0.0021, 0.0029, 0.0031, 0.004 ]), 'gvals': array([1084.4753,  503.8201,  388.6703,  233.2953,  166.2908,  155.4713,
        120.8685])}",diff_mean_diff_covariance,2
MY-large_mu,7,sigmoid,"{'gamma': 0.001607100176813045, 'coef0': 0.0}","sigmoid(coef0=0.0, gamma=0.001607100176813045)",0.7454545454545455,rbf,"{'C': 2.0, 'gamma': 0.5}","{'thetas': array([0.003 , 0.0048, 0.0084, 0.0117, 0.0136, 0.019 , 0.0243]), 'lambdas': array([0.003 , 0.0048, 0.0084, 0.0117, 0.0136, 0.019 , 0.0243]), 'gvals': array([160.9107, 100.2958,  56.638 ,  39.8731,  34.1227,  23.8704,
        18.1861])}",diff_mean_diff_covariance,2
MY-large_mu,8,linear,{},linear,0.7090909090909091,rbf,"{'C': 0.5, 'gamma': 0.5}","{'thetas': array([0.    , 0.    , 0.    , 0.0001, 0.0004, 0.0008, 0.0021, 0.0046]), 'lambdas': array([0.    , 0.    , 0.    , 0.0001, 0.0004, 0.0008, 0.0021, 0.0046]), 'gvals': array([1.3336e+09, 5.6802e+08, 4.8026e+08, 5.9666e+03, 1.2659e+03,
       6.1243e+02, 2.3952e+02, 1.0488e+02])}",diff_mean_diff_covariance,2
MY-large_mu,8,rbf,{'gamma': 0.001607100176813045},rbf(gamma=0.001607100176813045),0.6090909090909091,rbf,"{'C': 1.0, 'gamma': 0.5}","{'thetas': array([0.    , 0.0001, 0.0002, 0.0003, 0.0003, 0.0003, 0.0006, 0.0007]), 'lambdas': array([0.    , 0.0001, 0.0002, 0.0003, 0.0003, 0.0003, 0.0006, 0.0007]), 'gvals': array([19337.6495,  4816.9571,  3260.7894,  1887.6992,  1748.2751,
        1436.2902,   863.753 ,   744.0885])}",diff_mean_diff_covariance,2
MY-large_mu,8,laplacian,{'gamma': 0.001607100176813045},laplacian(gamma=0.001607100176813045),0.6181818181818182,rbf,"{'C': 2.0, 'gamma': 0.5}","{'thetas': array([0.    , 0.0001, 0.0002, 0.0003, 0.0004, 0.0005, 0.0006, 0.0007]), 'lambdas': array([0.    , 0.0001, 0.0002, 0.0003, 0.0004, 0.0005, 0.0006, 0.0007]), 'gvals': array([22937.7597,  4656.4004,  2836.4267,  1660.8224,  1378.697 ,
        1075.3873,   823.9899,   674.0655])}",diff_mean_diff_covariance,2
MY-large_mu,8,polynomial,"{'degree': 2, 'gamma': 0.001607100176813045, 'coef0': 1.0}","polynomial(coef0=1.0, degree=2, gamma=0.001607100176813045)",0.5818181818181818,rbf,"{'C': 0.5, 'gamma': 'scale'}","{'thetas': array([0.0007, 0.0008, 0.0014, 0.0018, 0.0024, 0.0032, 0.0036, 0.0045]), 'lambdas': array([0.0007, 0.0008, 0.0014, 0.0018, 0.0024, 0.0032, 0.0036, 0.0045]), 'gvals': array([674.7233, 635.3548, 351.6962, 277.6285, 205.389 , 154.3965,
       134.1447, 108.2942])}",diff_mean_diff_covariance,2
MY-large_mu,8,sigmoid,"{'gamma': 0.001607100176813045, 'coef0': 0.0}","sigmoid(coef0=0.0, gamma=0.001607100176813045)",0.7090909090909091,rbf,"{'C': 1.0, 'gamma': 'scale'}","{'thetas': array([0.0046, 0.0056, 0.01  , 0.0127, 0.0157, 0.0177, 0.0205, 0.0293]), 'lambdas': array([0.0046, 0.0056, 0.01  , 0.0127, 0.0157, 0.0177, 0.0205, 0.0293]), 'gvals': array([104.6813,  86.4913,  47.3997,  36.784 ,  29.2818,  25.8006,
        21.9783,  14.8135])}",diff_mean_diff_covariance,2
MY-large_mu,10,linear,{},linear,0.7,rbf,"{'C': 2.0, 'gamma': 'scale'}","{'thetas': array([0.    , 0.    , 0.    , 0.001 , 0.0027, 0.004 , 0.0053, 0.0072,
       0.0082, 0.0107]), 'lambdas': array([0.    , 0.    , 0.    , 0.001 , 0.0027, 0.004 , 0.0053, 0.0072,
       0.0082, 0.0107]), 'gvals': array([7.9599e+08, 2.9051e+08, 2.2943e+08, 4.7339e+02, 1.8073e+02,
       1.2254e+02, 9.0353e+01, 6.6745e+01, 5.8170e+01, 4.4107e+01])}",diff_mean_diff_covariance,2
MY-large_mu,10,rbf,{'gamma': 0.001607100176813045},rbf(gamma=0.001607100176813045),0.6818181818181818,rbf,"{'C': 2.0, 'gamma': 0.5}","{'thetas': array([0.    , 0.0001, 0.0002, 0.0002, 0.0003, 0.0003, 0.0004, 0.0007,
       0.0008, 0.001 ]), 'lambdas': array([0.    , 0.0001, 0.0002, 0.0002, 0.0003, 0.0003, 0.0004, 0.0007,
       0.0008, 0.001 ]), 'gvals': array([17918.8031,  9677.5296,  2986.7682,  2595.114 ,  1912.9729,
        1507.2699,  1119.3473,   668.8368,   607.2554,   493.1733])}",diff_mean_diff_covariance,2
MY-large_mu,10,laplacian,{'gamma': 0.001607100176813045},laplacian(gamma=0.001607100176813045),0.6272727272727273,rbf,"{'C': 2.0, 'gamma': 0.5}","{'thetas': array([0.    , 0.0001, 0.0002, 0.0003, 0.0004, 0.0005, 0.0006, 0.0008,
       0.0009, 0.0009]), 'lambdas': array([0.    , 0.0001, 0.0002, 0.0003, 0.0004, 0.0005, 0.0006, 0.0008,
       0.0009, 0.0009]), 'gvals': array([23175.674 ,  3681.0614,  2708.3083,  1609.3309,  1361.1319,
        1032.5591,   898.646 ,   647.8774,   553.6441,   526.9567])}",diff_mean_diff_covariance,2
MY-large_mu,10,polynomial,"{'degree': 2, 'gamma': 0.001607100176813045, 'coef0': 1.0}","polynomial(coef0=1.0, degree=2, gamma=0.001607100176813045)",0.6454545454545455,rbf,"{'C': 0.5, 'gamma': 0.5}","{'thetas': array([0.0004, 0.0008, 0.0011, 0.0019, 0.0024, 0.0033, 0.0044, 0.0052,
       0.0057, 0.0064]), 'lambdas': array([0.0004, 0.0008, 0.0011, 0.0019, 0.0024, 0.0033, 0.0044, 0.0052,
       0.0057, 0.0064]), 'gvals': array([1346.0326,  603.7391,  469.8537,  253.2569,  203.4729,  145.9937,
        110.1295,   92.5518,   84.3161,   74.6857])}",diff_mean_diff_covariance,2
MY-large_mu,10,sigmoid,"{'gamma': 0.001607100176813045, 'coef0': 0.0}","sigmoid(coef0=0.0, gamma=0.001607100176813045)",0.6909090909090909,rbf,"{'C': 2.0, 'gamma': 'scale'}","{'thetas': array([0.0032, 0.0056, 0.0075, 0.0101, 0.0145, 0.0153, 0.0228, 0.0245,
       0.0294, 0.0355]), 'lambdas': array([0.0032, 0.0056, 0.0075, 0.0101, 0.0145, 0.0153, 0.0228, 0.0245,
       0.0294, 0.0355]), 'gvals': array([154.5722,  85.8099,  63.9863,  46.7484,  31.9824,  30.1199,
        19.5565,  18.0157,  14.7454,  11.9217])}",diff_mean_diff_covariance,2
MY-large_mu,12,linear,{},linear,0.7090909090909091,rbf,"{'C': 1.0, 'gamma': 0.5}","{'thetas': array([0.    , 0.    , 0.    , 0.    , 0.    , 0.0006, 0.0012, 0.0021,
       0.0037, 0.0053, 0.0074, 0.0082]), 'lambdas': array([0.    , 0.    , 0.    , 0.    , 0.    , 0.0006, 0.0012, 0.0021,
       0.0037, 0.0053, 0.0074, 0.0082]), 'gvals': array([6.1055e+09, 1.7734e+09, 3.5469e+08, 2.7539e+08, 1.8947e+08,
       7.8247e+02, 4.2368e+02, 2.3631e+02, 1.3185e+02, 9.1245e+01,
       6.4977e+01, 5.8371e+01])}",diff_mean_diff_covariance,2
MY-large_mu,12,rbf,{'gamma': 0.001607100176813045},rbf(gamma=0.001607100176813045),0.5636363636363636,rbf,"{'C': 1.0, 'gamma': 0.5}","{'thetas': array([0.    , 0.    , 0.0001, 0.0002, 0.0003, 0.0004, 0.0006, 0.0006,
       0.0008, 0.0009, 0.001 , 0.0013]), 'lambdas': array([0.    , 0.    , 0.0001, 0.0002, 0.0003, 0.0004, 0.0006, 0.0006,
       0.0008, 0.0009, 0.001 , 0.0013]), 'gvals': array([18444.2688, 11930.6487,  5083.1156,  2309.1256,  1818.7642,
        1227.854 ,   834.0792,   800.6708,   589.3431,   553.7269,
         475.6741,   390.5911])}",diff_mean_diff_covariance,2
MY-large_mu,12,laplacian,{'gamma': 0.001607100176813045},laplacian(gamma=0.001607100176813045),0.6272727272727273,rbf,"{'C': 2.0, 'gamma': 0.5}","{'thetas': array([0.    , 0.    , 0.0001, 0.0002, 0.0003, 0.0004, 0.0005, 0.0006,
       0.0007, 0.0009, 0.001 , 0.0012]), 'lambdas': array([0.    , 0.    , 0.0001, 0.0002, 0.0003, 0.0004, 0.0005, 0.0006,
       0.0007, 0.0009, 0.001 , 0.0012]), 'gvals': array([29766.8093, 11246.4948,  5151.683 ,  2876.9928,  1961.0123,
        1217.6831,   961.7931,   847.9921,   734.6986,   523.6914,
         482.3707,   415.5844])}",diff_mean_diff_covariance,2
MY-large_mu,12,polynomial,"{'degree': 2, 'gamma': 0.001607100176813045, 'coef0': 1.0}","polynomial(coef0=1.0, degree=2, gamma=0.001607100176813045)",0.6818181818181818,rbf,"{'C': 1.0, 'gamma': 0.5}","{'thetas': array([0.0001, 0.0005, 0.001 , 0.0016, 0.0018, 0.003 , 0.0038, 0.0043,
       0.0051, 0.0066, 0.0069, 0.0084]), 'lambdas': array([0.0001, 0.0005, 0.001 , 0.0016, 0.0018, 0.003 , 0.0038, 0.0043,
       0.0051, 0.0066, 0.0069, 0.0084]), 'gvals': array([8214.5043,  928.5195,  505.9607,  307.2938,  269.966 ,  165.6699,
        128.0608,  112.1338,   95.5391,   72.4263,   69.2701,   56.9831])}",diff_mean_diff_covariance,2
MY-large_mu,12,sigmoid,"{'gamma': 0.001607100176813045, 'coef0': 0.0}","sigmoid(coef0=0.0, gamma=0.001607100176813045)",0.7090909090909091,rbf,"{'C': 2.0, 'gamma': 'scale'}","{'thetas': array([      0.0001,       0.0018,       0.0062,       0.007 ,
             0.0129,       0.0164,       0.019 ,       0.024 ,
             0.0295,       0.0363,       0.0424, 9476731.3217]), 'lambdas': array([      0.0001,       0.0018,       0.0062,       0.007 ,
             0.0129,       0.0164,       0.019 ,       0.024 ,
             0.0295,       0.0363,       0.0424, 9476731.3217]), 'gvals': array([3530.5968,  272.4582,   77.9654,   68.275 ,   36.1236,   27.9177,
         23.8747,   18.5038,   14.6995,   11.6102,    9.7038,    7.5322])}",diff_mean_diff_covariance,2
MY-large_mu,14,linear,{},linear,0.7363636363636363,rbf,"{'C': 0.5, 'gamma': 'scale'}","{'thetas': array([0.    , 0.    , 0.    , 0.    , 0.0008, 0.003 , 0.0044, 0.0072,
       0.0082, 0.0098, 0.0107, 0.0143, 0.0174, 0.0191]), 'lambdas': array([0.    , 0.    , 0.    , 0.    , 0.0008, 0.003 , 0.0044, 0.0072,
       0.0082, 0.0098, 0.0107, 0.0143, 0.0174, 0.0191]), 'gvals': array([6.7548e+09, 1.0383e+09, 7.2564e+08, 2.3660e+08, 6.4273e+02,
       1.6556e+02, 1.0957e+02, 6.6574e+01, 5.8049e+01, 4.8435e+01,
       4.3967e+01, 3.2304e+01, 2.6151e+01, 2.3758e+01])}",diff_mean_diff_covariance,2
MY-large_mu,14,rbf,{'gamma': 0.001607100176813045},rbf(gamma=0.001607100176813045),0.6454545454545455,rbf,"{'C': 0.5, 'gamma': 0.5}","{'thetas': array([0.    , 0.    , 0.0001, 0.0001, 0.0002, 0.0003, 0.0003, 0.0004,
       0.0007, 0.0008, 0.0012, 0.0012, 0.0016, 0.0016]), 'lambdas': array([0.    , 0.    , 0.0001, 0.0001, 0.0002, 0.0003, 0.0003, 0.0004,
       0.0007, 0.0008, 0.0012, 0.0012, 0.0016, 0.0016]), 'gvals': array([542926.7943,  44319.1317,   9319.042 ,   3418.9568,   2410.5715,
         1992.9511,   1430.8618,   1161.9027,    724.4396,    592.7699,
          423.986 ,    397.7754,    315.9045,    303.0689])}",diff_mean_diff_covariance,2
MY-large_mu,14,laplacian,{'gamma': 0.001607100176813045},laplacian(gamma=0.001607100176813045),0.6272727272727273,rbf,"{'C': 0.5, 'gamma': 0.5}","{'thetas': array([0.    , 0.0001, 0.0001, 0.0002, 0.0002, 0.0004, 0.0005, 0.0007,
       0.0008, 0.001 , 0.0012, 0.0013, 0.0015, 0.0016]), 'lambdas': array([0.    , 0.0001, 0.0001, 0.0002, 0.0002, 0.0004, 0.0005, 0.0007,
       0.0008, 0.001 , 0.0012, 0.0013, 0.0015, 0.0016]), 'gvals': array([13467.3714,  6067.6168,  4374.3266,  2929.68  ,  2153.7133,
        1351.5204,   927.8583,   701.5666,   637.493 ,   506.8706,
         421.8283,   379.6801,   331.5466,   306.6585])}",diff_mean_diff_covariance,2
MY-large_mu,14,polynomial,"{'degree': 2, 'gamma': 0.001607100176813045, 'coef0': 1.0}","polynomial(coef0=1.0, degree=2, gamma=0.001607100176813045)",0.5818181818181818,rbf,"{'C': 0.5, 'gamma': 0.5}","{'thetas': array([0.0003, 0.0004, 0.0008, 0.0011, 0.0015, 0.0024, 0.0036, 0.0047,
       0.0052, 0.0058, 0.0069, 0.0073, 0.0107, 0.0121]), 'lambdas': array([0.0003, 0.0004, 0.0008, 0.0011, 0.0015, 0.0024, 0.0036, 0.0047,
       0.0052, 0.0058, 0.0069, 0.0073, 0.0107, 0.0121]), 'gvals': array([1585.5813, 1193.3199,  591.5625,  462.8803,  325.8344,  206.1264,
        136.0102,  103.2338,   92.2441,   82.4472,   69.049 ,   65.5276,
         43.9089,   38.5641])}",diff_mean_diff_covariance,2
MY-large_mu,14,sigmoid,"{'gamma': 0.001607100176813045, 'coef0': 0.0}","sigmoid(coef0=0.0, gamma=0.001607100176813045)",0.7363636363636363,rbf,"{'C': 0.5, 'gamma': 'scale'}","{'thetas': array([      0.0001,       0.0045,       0.0106,       0.0121,
             0.0185,       0.0211,       0.0276,       0.0309,
             0.041 ,       0.0458,       0.0516, 7604755.2207,
       5501504.2028, 5294870.3858]), 'lambdas': array([      0.0001,       0.0045,       0.0106,       0.0121,
             0.0185,       0.0211,       0.0276,       0.0309,
             0.041 ,       0.0458,       0.0516, 7604755.2207,
       5501504.2028, 5294870.3858]), 'gvals': array([6330.9819,  106.7738,   44.5693,   38.7019,   24.4781,   21.2501,
         15.8444,   13.9224,   10.1023,    8.8819,    7.7152,    7.4221,
          7.2603,    7.2411])}",diff_mean_diff_covariance,2
MY-large_mu,16,linear,{},linear,0.7818181818181819,rbf,"{'C': 1.0, 'gamma': 'scale'}","{'thetas': array([0.    , 0.    , 0.0021, 0.0031, 0.0049, 0.0059, 0.0065, 0.0105,
       0.0123, 0.014 , 0.0153, 0.0221, 0.0226, 0.0256, 0.0281, 0.0302]), 'lambdas': array([0.    , 0.    , 0.0021, 0.0031, 0.0049, 0.0059, 0.0065, 0.0105,
       0.0123, 0.014 , 0.0153, 0.0221, 0.0226, 0.0256, 0.0281, 0.0302]), 'gvals': array([9.4272e+08, 2.3297e+08, 2.3905e+02, 1.6047e+02, 9.8360e+01,
       8.1587e+01, 7.3511e+01, 4.4699e+01, 3.7880e+01, 3.3018e+01,
       3.0027e+01, 2.0246e+01, 1.9692e+01, 1.7211e+01, 1.5519e+01,
       1.4296e+01])}",diff_mean_diff_covariance,2
MY-large_mu,16,rbf,{'gamma': 0.001607100176813045},rbf(gamma=0.001607100176813045),0.7363636363636363,rbf,"{'C': 2.0, 'gamma': 0.5}","{'thetas': array([0.    , 0.0001, 0.0002, 0.0002, 0.0003, 0.0004, 0.0005, 0.0006,
       0.0009, 0.0011, 0.0012, 0.0014, 0.0015, 0.0017, 0.0021, 0.0024]), 'lambdas': array([0.    , 0.0001, 0.0002, 0.0002, 0.0003, 0.0004, 0.0005, 0.0006,
       0.0009, 0.0011, 0.0012, 0.0014, 0.0015, 0.0017, 0.0021, 0.0024]), 'gvals': array([19156.5682,  6509.5502,  3210.3388,  2274.3729,  1472.8675,
        1170.8957,  1050.6024,   831.8926,   567.824 ,   431.1597,
         401.9417,   358.1371,   327.1436,   295.5285,   233.0519,
         202.7343])}",diff_mean_diff_covariance,2
MY-large_mu,16,laplacian,{'gamma': 0.001607100176813045},laplacian(gamma=0.001607100176813045),0.6818181818181818,rbf,"{'C': 0.5, 'gamma': 0.5}","{'thetas': array([0.    , 0.0001, 0.0002, 0.0002, 0.0004, 0.0005, 0.0005, 0.0006,
       0.0007, 0.0008, 0.0011, 0.0015, 0.0016, 0.0018, 0.002 , 0.0021]), 'lambdas': array([0.    , 0.0001, 0.0002, 0.0002, 0.0004, 0.0005, 0.0005, 0.0006,
       0.0007, 0.0008, 0.0011, 0.0015, 0.0016, 0.0018, 0.002 , 0.0021]), 'gvals': array([41503.48  ,  4404.9603,  3041.4305,  2087.5578,  1313.347 ,
        1059.7191,   968.2782,   871.6742,   690.6786,   624.316 ,
         447.0673,   334.7785,   318.7257,   274.6282,   242.9948,
         235.254 ])}",diff_mean_diff_covariance,2
MY-large_mu,16,polynomial,"{'degree': 2, 'gamma': 0.001607100176813045, 'coef0': 1.0}","polynomial(coef0=1.0, degree=2, gamma=0.001607100176813045)",0.7090909090909091,rbf,"{'C': 2.0, 'gamma': 0.5}","{'thetas': array([0.0001, 0.0003, 0.001 , 0.0013, 0.0015, 0.0018, 0.0035, 0.0046,
       0.005 , 0.0054, 0.0059, 0.0084, 0.0089, 0.0095, 0.0131, 0.0142]), 'lambdas': array([0.0001, 0.0003, 0.001 , 0.0013, 0.0015, 0.0018, 0.0035, 0.0046,
       0.005 , 0.0054, 0.0059, 0.0084, 0.0089, 0.0095, 0.0131, 0.0142]), 'gvals': array([5549.459 , 1436.8657,  503.1482,  372.466 ,  327.1529,  267.3251,
        139.9151,  104.5803,   96.0227,   88.8517,   81.7069,   56.9866,
         53.3084,   49.6943,   35.5765,   32.6765])}",diff_mean_diff_covariance,2
MY-large_mu,16,sigmoid,"{'gamma': 0.001607100176813045, 'coef0': 0.0}","sigmoid(coef0=0.0, gamma=0.001607100176813045)",0.7727272727272727,poly,"{'C': 2.0, 'gamma': 'scale', 'degree': 2, 'coef0': 1.0}","{'thetas': array([      0.0024,       0.0057,       0.0092,       0.0121,
             0.0144,       0.0228,       0.0248,       0.0327,
             0.0352,       0.0416,       0.0482, 6852628.5656,
       6315618.8404, 5813304.2319, 4270049.127 , 3978549.1606]), 'lambdas': array([      0.0024,       0.0057,       0.0092,       0.0121,
             0.0144,       0.0228,       0.0248,       0.0327,
             0.0352,       0.0416,       0.0482, 6852628.5656,
       6315618.8404, 5813304.2319, 4270049.127 , 3978549.1606]), 'gvals': array([208.6513,  84.8206,  51.7077,  38.5923,  32.1305,  19.5058,
        17.8378,  13.0835,  12.0225,   9.9229,   8.3567,   7.3701,
         7.3293,   7.2878,   7.1336,   7.0982])}",diff_mean_diff_covariance,2
MY-large_mu,20,linear,{},linear,0.6636363636363637,rbf,"{'C': 0.5, 'gamma': 'scale'}","{'thetas': array([0.    , 0.    , 0.    , 0.0007, 0.001 , 0.002 , 0.0034, 0.0042,
       0.0063, 0.0072, 0.0096, 0.0131, 0.0171, 0.018 , 0.022 , 0.0261,
       0.0304, 0.0315, 0.0378, 0.0456]), 'lambdas': array([0.    , 0.    , 0.    , 0.0007, 0.001 , 0.002 , 0.0034, 0.0042,
       0.0063, 0.0072, 0.0096, 0.0131, 0.0171, 0.018 , 0.022 , 0.0261,
       0.0304, 0.0315, 0.0378, 0.0456]), 'gvals': array([2.5167e+09, 4.6478e+08, 2.6842e+08, 7.2653e+02, 5.1901e+02,
       2.4872e+02, 1.4268e+02, 1.1707e+02, 7.6334e+01, 6.6092e+01,
       4.9118e+01, 3.5422e+01, 2.6735e+01, 2.5265e+01, 2.0348e+01,
       1.6861e+01, 1.4185e+01, 1.3645e+01, 1.1097e+01, 8.9220e+00])}",diff_mean_diff_covariance,2
MY-large_mu,20,rbf,{'gamma': 0.001607100176813045},rbf(gamma=0.001607100176813045),0.5545454545454546,rbf,"{'C': 0.5, 'gamma': 0.5}","{'thetas': array([0.    , 0.    , 0.0001, 0.0001, 0.0003, 0.0004, 0.0004, 0.0006,
       0.0007, 0.0008, 0.001 , 0.0013, 0.0015, 0.002 , 0.0021, 0.0024,
       0.0028, 0.0032, 0.0039, 0.0044]), 'lambdas': array([0.    , 0.    , 0.0001, 0.0001, 0.0003, 0.0004, 0.0004, 0.0006,
       0.0007, 0.0008, 0.001 , 0.0013, 0.0015, 0.002 , 0.0021, 0.0024,
       0.0028, 0.0032, 0.0039, 0.0044]), 'gvals': array([81462.2519, 34635.1296,  5891.7277,  3532.6806,  1775.6735,
        1310.6266,  1295.6982,   875.2984,   699.2157,   600.6192,
         473.2754,   384.5717,   319.1985,   250.2108,   235.9239,
         201.2583,   174.3369,   151.7185,   123.8145,   110.6557])}",diff_mean_diff_covariance,2
MY-large_mu,20,laplacian,{'gamma': 0.001607100176813045},laplacian(gamma=0.001607100176813045),0.5363636363636364,rbf,"{'C': 2.0, 'gamma': 0.5}","{'thetas': array([0.    , 0.0001, 0.0001, 0.0002, 0.0003, 0.0004, 0.0007, 0.0007,
       0.0008, 0.0009, 0.001 , 0.0012, 0.0015, 0.0015, 0.0018, 0.002 ,
       0.0022, 0.0023, 0.0028, 0.0029]), 'lambdas': array([0.    , 0.0001, 0.0001, 0.0002, 0.0003, 0.0004, 0.0007, 0.0007,
       0.0008, 0.0009, 0.001 , 0.0012, 0.0015, 0.0015, 0.0018, 0.002 ,
       0.0022, 0.0023, 0.0028, 0.0029]), 'gvals': array([38469.3241,  3999.2957,  3452.1958,  2664.4033,  1653.9771,
        1180.4687,   752.5307,   714.7397,   585.0463,   526.7549,
         493.8101,   419.8176,   325.9596,   324.579 ,   272.3749,
         249.5371,   227.2459,   211.5656,   176.4565,   169.9778])}",diff_mean_diff_covariance,2
MY-large_mu,20,polynomial,"{'degree': 2, 'gamma': 0.001607100176813045, 'coef0': 1.0}","polynomial(coef0=1.0, degree=2, gamma=0.001607100176813045)",0.6181818181818182,rbf,"{'C': 2.0, 'gamma': 0.5}","{'thetas': array([0.0006, 0.0007, 0.001 , 0.0012, 0.0018, 0.0027, 0.0034, 0.0045,
       0.0052, 0.0078, 0.0088, 0.0093, 0.0109, 0.0128, 0.0143, 0.0178,
       0.02  , 0.0231, 0.0255, 0.0286]), 'lambdas': array([0.0006, 0.0007, 0.001 , 0.0012, 0.0018, 0.0027, 0.0034, 0.0045,
       0.0052, 0.0078, 0.0088, 0.0093, 0.0109, 0.0128, 0.0143, 0.0178,
       0.02  , 0.0231, 0.0255, 0.0286]), 'gvals': array([846.8325, 728.9324, 486.3365, 427.1587, 271.5313, 183.5841,
       143.4028, 106.8972,  93.6693,  61.5351,  54.1663,  51.0473,
        43.0978,  36.4429,  32.4124,  25.5875,  22.5665,  19.2427,
        17.2382,  15.2257])}",diff_mean_diff_covariance,2
MY-large_mu,20,sigmoid,"{'gamma': 0.001607100176813045, 'coef0': 0.0}","sigmoid(coef0=0.0, gamma=0.001607100176813045)",0.6909090909090909,rbf,"{'C': 1.0, 'gamma': 'scale'}","{'thetas': array([      0.0033,       0.006 ,       0.0093,       0.0119,
             0.0165,       0.0241,       0.0291,       0.034 ,
             0.0392,       0.0458,       0.0485,       0.053 ,
       7018975.9846, 5505803.7413, 4823584.4493, 4236281.4512,
       3880436.4705, 3672328.4146, 3280262.8875, 2818420.2127]), 'lambdas': array([      0.0033,       0.006 ,       0.0093,       0.0119,
             0.0165,       0.0241,       0.0291,       0.034 ,
             0.0392,       0.0458,       0.0485,       0.053 ,
       7018975.9846, 5505803.7413, 4823584.4493, 4236281.4512,
       3880436.4705, 3672328.4146, 3280262.8875, 2818420.2127]), 'gvals': array([150.393 ,  79.966 ,  51.1359,  39.37  ,  27.8101,  18.4247,
        14.9333,  12.5185,  10.6311,   8.8798,   8.2904,   7.4583,
         7.3821,   7.2607,   7.1945,   7.1296,   7.0857,   7.0582,
         7.0017,   6.9258])}",diff_mean_diff_covariance,2
MY-large_mu,24,linear,{},linear,0.7363636363636363,rbf,"{'C': 0.5, 'gamma': 'scale'}","{'thetas': array([      0.    ,       0.    ,       0.    ,       0.    ,
             0.    ,       0.0025,       0.0044,       0.0061,
             0.0067,       0.0098,       0.0102,       0.0113,
             0.0163,       0.0182,       0.0221,       0.0264,
             0.0288,       0.0305,       0.0343,       0.0423,
             0.0468,       0.0497, 8500732.2762, 7324782.4294]), 'lambdas': array([      0.    ,       0.    ,       0.    ,       0.    ,
             0.    ,       0.0025,       0.0044,       0.0061,
             0.0067,       0.0098,       0.0102,       0.0113,
             0.0163,       0.0182,       0.0221,       0.0264,
             0.0288,       0.0305,       0.0343,       0.0423,
             0.0468,       0.0497, 8500732.2762, 7324782.4294]), 'gvals': array([1.4814e+09, 6.2032e+08, 3.3562e+08, 3.0285e+08, 1.9464e+08,
       1.9320e+02, 1.1106e+02, 7.8896e+01, 7.1552e+01, 4.8397e+01,
       4.5991e+01, 4.1671e+01, 2.8179e+01, 2.4962e+01, 2.0207e+01,
       1.6614e+01, 1.5106e+01, 1.4125e+01, 1.2390e+01, 9.7455e+00,
       8.6496e+00, 8.0539e+00, 7.4778e+00, 7.4034e+00])}",diff_mean_diff_covariance,2
MY-large_mu,24,rbf,{'gamma': 0.001607100176813045},rbf(gamma=0.001607100176813045),0.7,rbf,"{'C': 2.0, 'gamma': 0.5}","{'thetas': array([0.    , 0.0001, 0.0002, 0.0003, 0.0004, 0.0005, 0.0007, 0.0007,
       0.001 , 0.0012, 0.0013, 0.0018, 0.0018, 0.0021, 0.0022, 0.0029,
       0.003 , 0.0032, 0.0036, 0.0038, 0.0041, 0.0051, 0.0052, 0.0056]), 'lambdas': array([0.    , 0.0001, 0.0002, 0.0003, 0.0004, 0.0005, 0.0007, 0.0007,
       0.001 , 0.0012, 0.0013, 0.0018, 0.0018, 0.0021, 0.0022, 0.0029,
       0.003 , 0.0032, 0.0036, 0.0038, 0.0041, 0.0051, 0.0052, 0.0056]), 'gvals': array([13809.4721,  4234.5871,  2077.6034,  1686.2892,  1277.5714,
        1086.1025,   724.5295,   673.9392,   492.8141,   426.3494,
         367.9592,   276.1449,   268.83  ,   240.2353,   219.3592,
         169.8851,   163.4961,   152.2732,   135.4168,   128.8059,
         119.2955,    95.619 ,    93.1366,    85.9144])}",diff_mean_diff_covariance,2
MY-large_mu,24,laplacian,{'gamma': 0.001607100176813045},laplacian(gamma=0.001607100176813045),0.7,rbf,"{'C': 2.0, 'gamma': 0.5}","{'thetas': array([0.0001, 0.0001, 0.0002, 0.0003, 0.0005, 0.0007, 0.0007, 0.0008,
       0.0009, 0.0011, 0.0013, 0.0014, 0.0016, 0.0017, 0.0019, 0.0023,
       0.0025, 0.0031, 0.0032, 0.0033, 0.0034, 0.004 , 0.0046, 0.0049]), 'lambdas': array([0.0001, 0.0001, 0.0002, 0.0003, 0.0005, 0.0007, 0.0007, 0.0008,
       0.0009, 0.0011, 0.0013, 0.0014, 0.0016, 0.0017, 0.0019, 0.0023,
       0.0025, 0.0031, 0.0032, 0.0033, 0.0034, 0.004 , 0.0046, 0.0049]), 'gvals': array([6315.3686, 3797.597 , 2358.9023, 1801.1142, 1066.2075,  738.5206,
        684.7296,  636.9378,  530.6478,  442.8992,  371.7418,  364.1996,
        303.659 ,  297.8661,  254.8485,  211.8065,  195.7565,  158.3158,
        150.4834,  147.4024,  143.1915,  121.2238,  105.9259,   99.5597])}",diff_mean_diff_covariance,2
MY-large_mu,24,polynomial,"{'degree': 2, 'gamma': 0.001607100176813045, 'coef0': 1.0}","polynomial(coef0=1.0, degree=2, gamma=0.001607100176813045)",0.6090909090909091,rbf,"{'C': 1.0, 'gamma': 'scale'}","{'thetas': array([0.0003, 0.0007, 0.0009, 0.0013, 0.0019, 0.0031, 0.0033, 0.0044,
       0.0054, 0.0061, 0.0088, 0.009 , 0.0108, 0.0118, 0.0128, 0.0139,
       0.0167, 0.0174, 0.0204, 0.0229, 0.0238, 0.0245, 0.0264, 0.0308]), 'lambdas': array([0.0003, 0.0007, 0.0009, 0.0013, 0.0019, 0.0031, 0.0033, 0.0044,
       0.0054, 0.0061, 0.0088, 0.009 , 0.0108, 0.0118, 0.0128, 0.0139,
       0.0167, 0.0174, 0.0204, 0.0229, 0.0238, 0.0245, 0.0264, 0.0308]), 'gvals': array([1503.8798,  726.6272,  573.1917,  378.5952,  254.892 ,  160.0302,
        147.954 ,  109.8924,   89.8963,   78.6052,   54.0684,   52.7506,
         43.4334,   39.6054,   36.5328,   33.2896,   27.4563,   26.2467,
         22.0547,   19.4075,   18.6748,   18.0684,   16.6493,   13.9982])}",diff_mean_diff_covariance,2
MY-large_mu,24,sigmoid,"{'gamma': 0.001607100176813045, 'coef0': 0.0}","sigmoid(coef0=0.0, gamma=0.001607100176813045)",0.8090909090909091,rbf,"{'C': 1.0, 'gamma': 'scale'}","{'thetas': array([      0.0024,       0.0033,       0.0079,       0.0118,
             0.0197,       0.0216,       0.0231,       0.0329,
             0.0412,       0.0415,       0.0478, 8346077.5801,
       6863134.1315, 5900142.0176, 4861972.315 , 3940487.9496,
       3791576.1422, 3357507.2606, 2775907.0475, 2612227.5036,
       2546043.4325, 2192171.7962, 1963231.2067, 1844184.9764]), 'lambdas': array([      0.0024,       0.0033,       0.0079,       0.0118,
             0.0197,       0.0216,       0.0231,       0.0329,
             0.0412,       0.0415,       0.0478, 8346077.5801,
       6863134.1315, 5900142.0176, 4861972.315 , 3940487.9496,
       3791576.1422, 3357507.2606, 2775907.0475, 2612227.5036,
       2546043.4325, 2192171.7962, 1963231.2067, 1844184.9764]), 'gvals': array([204.4973, 148.7069,  60.618 ,  39.5685,  22.9205,  20.7699,
        19.2768,  13.0074,  10.0385,   9.9497,   8.4448,   7.4687,
         7.3708,   7.2952,   7.1985,   7.0934,   7.0741,   7.0134,
         6.9182,   6.8879,   6.875 ,   6.8002,   6.7451,   6.7138])}",diff_mean_diff_covariance,2
MY-large_mu,28,linear,{},linear,0.7,rbf,"{'C': 2.0, 'gamma': 'scale'}","{'thetas': array([      0.    ,       0.    ,       0.    ,       0.0004,
             0.0012,       0.0023,       0.0054,       0.0062,
             0.0093,       0.0112,       0.0134,       0.015 ,
             0.0167,       0.022 ,       0.0241,       0.0265,
             0.0321,       0.0326,       0.0439,       0.0464,
             0.0516, 7519118.9291, 7131282.6989, 6590560.1073,
       5403076.1409,       0.0543, 4902481.6989, 4573436.9246]), 'lambdas': array([      0.    ,       0.    ,       0.    ,       0.0004,
             0.0012,       0.0023,       0.0054,       0.0062,
             0.0093,       0.0112,       0.0134,       0.015 ,
             0.0167,       0.022 ,       0.0241,       0.0265,
             0.0321,       0.0326,       0.0439,       0.0464,
             0.0516, 7519118.9291, 7131282.6989, 6590560.1073,
       5403076.1409,       0.0543, 4902481.6989, 4573436.9246]), 'gvals': array([8.6936e+08, 6.6330e+08, 4.1832e+08, 1.2133e+03, 4.2962e+02,
       2.1457e+02, 8.9935e+01, 7.7243e+01, 5.1033e+01, 4.1871e+01,
       3.4637e+01, 3.0777e+01, 2.7324e+01, 2.0349e+01, 1.8424e+01,
       1.6586e+01, 1.3364e+01, 1.3129e+01, 9.3279e+00, 8.7367e+00,
       7.7072e+00, 7.4165e+00, 7.3900e+00, 7.3506e+00, 7.2512e+00,
       7.2447e+00, 7.2026e+00, 7.1679e+00])}",diff_mean_diff_covariance,2
MY-large_mu,28,rbf,{'gamma': 0.001607100176813045},rbf(gamma=0.001607100176813045),0.6727272727272727,rbf,"{'C': 1.0, 'gamma': 0.5}","{'thetas': array([0.    , 0.0001, 0.0001, 0.0002, 0.0003, 0.0004, 0.0005, 0.0005,
       0.0006, 0.0007, 0.0011, 0.0015, 0.0016, 0.0018, 0.002 , 0.0022,
       0.0025, 0.0029, 0.0034, 0.0036, 0.0037, 0.0046, 0.0049, 0.0054,
       0.0058, 0.0069, 0.0072, 0.008 ]), 'lambdas': array([0.    , 0.0001, 0.0001, 0.0002, 0.0003, 0.0004, 0.0005, 0.0005,
       0.0006, 0.0007, 0.0011, 0.0015, 0.0016, 0.0018, 0.002 , 0.0022,
       0.0025, 0.0029, 0.0034, 0.0036, 0.0037, 0.0046, 0.0049, 0.0054,
       0.0058, 0.0069, 0.0072, 0.008 ]), 'gvals': array([38028.9185,  9895.7684,  7257.542 ,  2371.1747,  1929.7113,
        1312.1092,  1020.3877,   908.8812,   828.3908,   676.4297,
         432.18  ,   326.2046,   300.6768,   281.486 ,   248.5801,
         220.9463,   198.0182,   168.9261,   144.6218,   136.2335,
         131.3771,   106.677 ,    99.714 ,    89.2443,    83.5351,
          68.9968,    66.3861,    59.9493])}",diff_mean_diff_covariance,2
MY-large_mu,28,laplacian,{'gamma': 0.001607100176813045},laplacian(gamma=0.001607100176813045),0.6363636363636364,rbf,"{'C': 0.5, 'gamma': 0.5}","{'thetas': array([0.0001, 0.0002, 0.0003, 0.0003, 0.0004, 0.0004, 0.0007, 0.0008,
       0.0009, 0.001 , 0.0012, 0.0016, 0.0017, 0.0018, 0.0021, 0.0023,
       0.0026, 0.0028, 0.0032, 0.0036, 0.0038, 0.0039, 0.0043, 0.0048,
       0.0055, 0.006 , 0.0064, 0.0065]), 'lambdas': array([0.0001, 0.0002, 0.0003, 0.0003, 0.0004, 0.0004, 0.0007, 0.0008,
       0.0009, 0.001 , 0.0012, 0.0016, 0.0017, 0.0018, 0.0021, 0.0023,
       0.0026, 0.0028, 0.0032, 0.0036, 0.0038, 0.0039, 0.0043, 0.0048,
       0.0055, 0.006 , 0.0064, 0.0065]), 'gvals': array([7164.9747, 3052.0711, 1761.5513, 1517.2354, 1292.4537, 1134.4936,
        705.3961,  632.5144,  561.1375,  508.3806,  428.4133,  314.807 ,
        290.147 ,  281.3868,  233.4262,  216.8625,  186.4038,  176.7983,
        152.8482,  137.1922,  127.8312,  123.7498,  113.9588,  101.5034,
         87.6693,   80.1957,   75.2432,   74.2198])}",diff_mean_diff_covariance,2
MY-large_mu,28,polynomial,"{'degree': 2, 'gamma': 0.001607100176813045, 'coef0': 1.0}","polynomial(coef0=1.0, degree=2, gamma=0.001607100176813045)",0.6454545454545455,rbf,"{'C': 1.0, 'gamma': 0.5}","{'thetas': array([0.    , 0.0004, 0.0006, 0.0009, 0.0013, 0.0021, 0.003 , 0.0042,
       0.0047, 0.0062, 0.0074, 0.0078, 0.0087, 0.0091, 0.012 , 0.0135,
       0.0159, 0.0187, 0.0192, 0.0217, 0.024 , 0.0283, 0.0289, 0.0356,
       0.0371, 0.038 , 0.0412, 0.0514]), 'lambdas': array([0.    , 0.0004, 0.0006, 0.0009, 0.0013, 0.0021, 0.003 , 0.0042,
       0.0047, 0.0062, 0.0074, 0.0078, 0.0087, 0.0091, 0.012 , 0.0135,
       0.0159, 0.0187, 0.0192, 0.0217, 0.024 , 0.0283, 0.0289, 0.0356,
       0.0371, 0.038 , 0.0412, 0.0514]), 'gvals': array([14322.027 ,  1156.9989,   808.7854,   567.729 ,   390.8804,
         232.0134,   163.779 ,   116.8106,   103.6926,    77.2303,
          64.8982,    60.8708,    54.6625,    52.2916,    38.9724,
          34.2621,    28.8398,    24.1866,    23.5461,    20.6467,
          18.4378,    15.3601,    15.0357,    11.862 ,    11.3399,
          11.0112,    10.0435,     7.7359])}",diff_mean_diff_covariance,2
MY-large_mu,28,sigmoid,"{'gamma': 0.001607100176813045, 'coef0': 0.0}","sigmoid(coef0=0.0, gamma=0.001607100176813045)",0.7636363636363637,rbf,"{'C': 2.0, 'gamma': 'scale'}","{'thetas': array([      0.0052,       0.0081,       0.0105,       0.0133,
             0.02  ,       0.0211,       0.031 ,       0.0329,
             0.0373,       0.0437,       0.0454, 6771941.5889,
       6369911.6383, 5673108.4891, 4819190.2736, 4157605.8534,
       3880590.9937, 3528573.4466, 3028980.5915, 2705222.1834,
       2535236.1092, 2400186.656 , 2162730.6961, 2030132.1262,
       1780561.9141,       0.0581, 1652108.4747, 1487376.1165]), 'lambdas': array([      0.0052,       0.0081,       0.0105,       0.0133,
             0.02  ,       0.0211,       0.031 ,       0.0329,
             0.0373,       0.0437,       0.0454, 6771941.5889,
       6369911.6383, 5673108.4891, 4819190.2736, 4157605.8534,
       3880590.9937, 3528573.4466, 3028980.5915, 2705222.1834,
       2535236.1092, 2400186.656 , 2162730.6961, 2030132.1262,
       1780561.9141,       0.0581, 1652108.4747, 1487376.1165]), 'gvals': array([93.0592, 58.9377, 44.6878, 35.0046, 22.5007, 21.3223, 13.8793,
       12.992 , 11.2775,  9.3812,  8.966 ,  7.3641,  7.3335,  7.2756,
        7.1941,  7.1202,  7.0857,  7.0382,  6.9619,  6.9053,  6.8729,
        6.8455,  6.7934,  6.7618,  6.6962,  6.6892,  6.6588,  6.6063])}",diff_mean_diff_covariance,2
MY-large_mu,32,linear,{},linear,0.7454545454545455,rbf,"{'C': 2.0, 'gamma': 'scale'}","{'thetas': array([      0.    ,       0.    ,       0.    ,       0.0008,
             0.005 ,       0.0053,       0.0072,       0.01  ,
             0.012 ,       0.0135,       0.0159,       0.0191,
             0.0242,       0.0264,       0.033 ,       0.035 ,
             0.0395,       0.044 ,       0.0485,       0.0523,
       8452011.0409, 8089455.3421, 6475160.1161, 5545735.1178,
       5066070.3126, 4388471.5713, 4034409.0194, 3630798.3745,
       3228283.2462, 2958204.6783,       0.0564, 2717049.403 ]), 'lambdas': array([      0.    ,       0.    ,       0.    ,       0.0008,
             0.005 ,       0.0053,       0.0072,       0.01  ,
             0.012 ,       0.0135,       0.0159,       0.0191,
             0.0242,       0.0264,       0.033 ,       0.035 ,
             0.0395,       0.044 ,       0.0485,       0.0523,
       8452011.0409, 8089455.3421, 6475160.1161, 5545735.1178,
       5066070.3126, 4388471.5713, 4034409.0194, 3630798.3745,
       3228283.2462, 2958204.6783,       0.0564, 2717049.403 ]), 'gvals': array([8.6776e+08, 4.0086e+08, 2.5339e+08, 6.1316e+02, 9.7275e+01,
       9.1249e+01, 6.6222e+01, 4.7270e+01, 3.8974e+01, 3.4331e+01,
       2.8810e+01, 2.3725e+01, 1.8292e+01, 1.6647e+01, 1.2966e+01,
       1.2125e+01, 1.0530e+01, 9.3087e+00, 8.2991e+00, 7.5812e+00,
       7.4750e+00, 7.4530e+00, 7.3417e+00, 7.2643e+00, 7.2190e+00,
       7.1472e+00, 7.1052e+00, 7.0525e+00, 6.9937e+00, 6.9500e+00,
       6.9272e+00, 6.9075e+00])}",diff_mean_diff_covariance,2
MY-large_mu,32,rbf,{'gamma': 0.001607100176813045},rbf(gamma=0.001607100176813045),0.7181818181818181,rbf,"{'C': 2.0, 'gamma': 0.5}","{'thetas': array([0.    , 0.    , 0.0001, 0.0002, 0.0002, 0.0002, 0.0005, 0.0009,
       0.0009, 0.0011, 0.0015, 0.0016, 0.0018, 0.0021, 0.0025, 0.0026,
       0.0031, 0.0037, 0.0038, 0.0041, 0.0048, 0.005 , 0.0059, 0.0064,
       0.0069, 0.0075, 0.0084, 0.0085, 0.009 , 0.0105, 0.0109, 0.0112]), 'lambdas': array([0.    , 0.    , 0.0001, 0.0002, 0.0002, 0.0002, 0.0005, 0.0009,
       0.0009, 0.0011, 0.0015, 0.0016, 0.0018, 0.0021, 0.0025, 0.0026,
       0.0031, 0.0037, 0.0038, 0.0041, 0.0048, 0.005 , 0.0059, 0.0064,
       0.0069, 0.0075, 0.0084, 0.0085, 0.009 , 0.0105, 0.0109, 0.0112]), 'gvals': array([49305.5234, 10548.9913,  7148.8487,  3051.2798,  2940.8845,
        2001.5736,  1003.6896,   573.6953,   538.6822,   447.2121,
         337.567 ,   304.5103,   278.4065,   238.8179,   194.1312,
         189.1403,   160.1195,   132.4328,   128.9835,   119.0802,
          99.9769,    96.2948,    81.3417,    75.012 ,    69.4491,
          63.6514,    56.6111,    55.8771,    52.5629,    44.6777,
          43.2986,    41.8116])}",diff_mean_diff_covariance,2
MY-large_mu,32,laplacian,{'gamma': 0.001607100176813045},laplacian(gamma=0.001607100176813045),0.6636363636363637,rbf,"{'C': 2.0, 'gamma': 0.5}","{'thetas': array([0.    , 0.0001, 0.0002, 0.0003, 0.0003, 0.0005, 0.0006, 0.0009,
       0.0009, 0.001 , 0.0012, 0.0014, 0.0015, 0.002 , 0.0021, 0.0024,
       0.0026, 0.0028, 0.003 , 0.0033, 0.0035, 0.004 , 0.0041, 0.0046,
       0.0051, 0.0055, 0.0056, 0.0059, 0.0065, 0.0079, 0.008 , 0.0086]), 'lambdas': array([0.    , 0.0001, 0.0002, 0.0003, 0.0003, 0.0005, 0.0006, 0.0009,
       0.0009, 0.001 , 0.0012, 0.0014, 0.0015, 0.002 , 0.0021, 0.0024,
       0.0026, 0.0028, 0.003 , 0.0033, 0.0035, 0.004 , 0.0041, 0.0046,
       0.0051, 0.0055, 0.0056, 0.0059, 0.0065, 0.0079, 0.008 , 0.0086]), 'gvals': array([11349.9824,  6577.0078,  2762.776 ,  1944.3784,  1732.1583,
         929.4948,   830.7465,   571.5641,   542.1134,   500.8806,
         426.1268,   357.8538,   337.364 ,   246.3276,   229.3682,
         208.7367,   185.7855,   174.2536,   162.7778,   148.7477,
         140.0814,   122.6523,   119.3718,   105.6268,    95.5435,
          87.8837,    85.4816,    81.6511,    74.2889,    60.5544,
          59.3033,    55.269 ])}",diff_mean_diff_covariance,2
MY-large_mu,32,polynomial,"{'degree': 2, 'gamma': 0.001607100176813045, 'coef0': 1.0}","polynomial(coef0=1.0, degree=2, gamma=0.001607100176813045)",0.6818181818181818,rbf,"{'C': 2.0, 'gamma': 'scale'}","{'thetas': array([      0.    ,       0.    ,       0.0004,       0.0009,
             0.0028,       0.003 ,       0.0045,       0.0051,
             0.0058,       0.0071,       0.0076,       0.0098,
             0.0114,       0.0124,       0.0131,       0.0166,
             0.0184,       0.02  ,       0.0223,       0.024 ,
             0.0263,       0.0311,       0.0329,       0.0351,
             0.0404,       0.0424,       0.0462,       0.0494,
             0.053 ,       0.0557,       0.0576, 1533347.3734]), 'lambdas': array([      0.    ,       0.    ,       0.0004,       0.0009,
             0.0028,       0.003 ,       0.0045,       0.0051,
             0.0058,       0.0071,       0.0076,       0.0098,
             0.0114,       0.0124,       0.0131,       0.0166,
             0.0184,       0.02  ,       0.0223,       0.024 ,
             0.0263,       0.0311,       0.0329,       0.0351,
             0.0404,       0.0424,       0.0462,       0.0494,
             0.053 ,       0.0557,       0.0576, 1533347.3734]), 'gvals': array([260772.8123,  17648.9745,   1374.5721,    533.1553,    174.7835,
          165.6242,    108.7115,     94.5627,     83.1446,     67.0815,
           63.0539,     48.1611,     41.1095,     37.6717,     35.4758,
           27.6379,     24.6593,     22.5165,     20.0151,     18.4778,
           16.6936,     13.8516,     12.9759,     12.0672,     10.2629,
            9.7221,      8.7821,      8.1143,      7.4572,      7.0274,
            6.7538,      6.6215])}",diff_mean_diff_covariance,2
MY-large_mu,32,sigmoid,"{'gamma': 0.001607100176813045, 'coef0': 0.0}","sigmoid(coef0=0.0, gamma=0.001607100176813045)",0.7545454545454545,rbf,"{'C': 1.0, 'gamma': 'scale'}","{'thetas': array([      0.0017,       0.0029,       0.0064,       0.0076,
             0.0111,       0.0138,       0.0164,       0.0204,
             0.0227,       0.03  ,       0.0364,       0.0485,
       7274519.8994, 6569787.2653, 5599599.1338,       0.0542,
       4681189.4853, 4092254.3804, 3662317.0926, 3436464.7257,
       3310413.3928, 2759426.8688, 2328494.5614, 2225585.9866,
       1996981.4671, 1803153.2531, 1695750.545 , 1593711.7497,
       1499305.6603, 1343310.4421, 1191408.5461, 1151649.7334]), 'lambdas': array([      0.0017,       0.0029,       0.0064,       0.0076,
             0.0111,       0.0138,       0.0164,       0.0204,
             0.0227,       0.03  ,       0.0364,       0.0485,
       7274519.8994, 6569787.2653, 5599599.1338,       0.0542,
       4681189.4853, 4092254.3804, 3662317.0926, 3436464.7257,
       3310413.3928, 2759426.8688, 2328494.5614, 2225585.9866,
       1996981.4671, 1803153.2531, 1695750.545 , 1593711.7497,
       1499305.6603, 1343310.4421, 1191408.5461, 1151649.7334]), 'gvals': array([285.6424, 170.9181,  75.0394,  62.4622,  42.145 ,  33.604 ,
        27.9832,  22.0324,  19.6583,  14.4243,  11.5742,   8.2927,
         7.3999,   7.349 ,   7.2691,   7.2621,   7.1795,   7.1123,
         7.0568,   7.025 ,   7.0063,   6.9153,   6.8304,   6.8078,
         6.7536,   6.7025,   6.6718,   6.6408,   6.6103,   6.5553,
         6.4953,   6.4784])}",diff_mean_diff_covariance,2
MY-small_mu,1,linear,{},linear,0.6181818181818182,rbf,"{'C': 2.0, 'gamma': 'scale'}","{'thetas': array([0.]), 'lambdas': array([0.]), 'D_scores': array([1.1014e+09])}",diff_mean_diff_covariance,2
MY-small_mu,1,rbf,{'gamma': 0.001607100176813045},rbf(gamma=0.001607100176813045),0.5,rbf,"{'C': 2.0, 'gamma': 'scale'}","{'thetas': array([0.]), 'lambdas': array([0.]), 'D_scores': array([40283.4911])}",diff_mean_diff_covariance,2
MY-small_mu,1,laplacian,{'gamma': 0.001607100176813045},laplacian(gamma=0.001607100176813045),0.5454545454545454,rbf,"{'C': 0.5, 'gamma': 'scale'}","{'thetas': array([0.]), 'lambdas': array([0.]), 'D_scores': array([9231969.7596])}",diff_mean_diff_covariance,2
MY-small_mu,1,polynomial,"{'degree': 2, 'gamma': 0.001607100176813045, 'coef0': 1.0}","polynomial(coef0=1.0, degree=2, gamma=0.001607100176813045)",0.5909090909090909,rbf,"{'C': 2.0, 'gamma': 'scale'}","{'thetas': array([0.0001]), 'lambdas': array([0.0001]), 'D_scores': array([4229.9081])}",diff_mean_diff_covariance,2
MY-small_mu,1,sigmoid,"{'gamma': 0.001607100176813045, 'coef0': 0.0}","sigmoid(coef0=0.0, gamma=0.001607100176813045)",0.6909090909090909,rbf,"{'C': 1.0, 'gamma': 'scale'}","{'thetas': array([0.0024]), 'lambdas': array([0.0024]), 'D_scores': array([203.4441])}",diff_mean_diff_covariance,2
MY-small_mu,2,linear,{},linear,0.6363636363636364,poly,"{'C': 0.5, 'gamma': 'scale', 'degree': 2, 'coef0': 1.0}","{'thetas': array([0., 0.]), 'lambdas': array([0., 0.]), 'D_scores': array([7.5002e+08, 4.5744e+08])}",diff_mean_diff_covariance,2
MY-small_mu,2,rbf,{'gamma': 0.001607100176813045},rbf(gamma=0.001607100176813045),0.5636363636363636,rbf,"{'C': 2.0, 'gamma': 'scale'}","{'thetas': array([0.0001, 0.0001]), 'lambdas': array([0.0001, 0.0001]), 'D_scores': array([5998.5829, 3536.5978])}",diff_mean_diff_covariance,2
MY-small_mu,2,laplacian,{'gamma': 0.001607100176813045},laplacian(gamma=0.001607100176813045),0.6090909090909091,rbf,"{'C': 2.0, 'gamma': 'scale'}","{'thetas': array([0.    , 0.0002]), 'lambdas': array([0.    , 0.0002]), 'D_scores': array([15668.2608,  3064.9075])}",diff_mean_diff_covariance,2
MY-small_mu,2,polynomial,"{'degree': 2, 'gamma': 0.001607100176813045, 'coef0': 1.0}","polynomial(coef0=1.0, degree=2, gamma=0.001607100176813045)",0.6454545454545455,rbf,"{'C': 2.0, 'gamma': 'scale'}","{'thetas': array([0.0003, 0.0006]), 'lambdas': array([0.0003, 0.0006]), 'D_scores': array([1728.242 ,  824.7493])}",diff_mean_diff_covariance,2
MY-small_mu,2,sigmoid,"{'gamma': 0.001607100176813045, 'coef0': 0.0}","sigmoid(coef0=0.0, gamma=0.001607100176813045)",0.6454545454545455,rbf,"{'C': 1.0, 'gamma': 'scale'}","{'thetas': array([0.0003, 0.0035]), 'lambdas': array([0.0003, 0.0035]), 'D_scores': array([1487.8302,  140.5201])}",diff_mean_diff_covariance,2
MY-small_mu,3,linear,{},linear,0.6272727272727273,rbf,"{'C': 1.0, 'gamma': 'scale'}","{'thetas': array([0.    , 0.    , 0.0002]), 'lambdas': array([0.    , 0.    , 0.0002]), 'D_scores': array([1.7212e+09, 2.6999e+08, 3.3176e+03])}",diff_mean_diff_covariance,2
MY-small_mu,3,rbf,{'gamma': 0.001607100176813045},rbf(gamma=0.001607100176813045),0.6181818181818182,rbf,"{'C': 2.0, 'gamma': 0.5}","{'thetas': array([0.    , 0.0001, 0.0003]), 'lambdas': array([0.    , 0.0001, 0.0003]), 'D_scores': array([23290.1159,  3555.3241,  1808.4015])}",diff_mean_diff_covariance,2
MY-small_mu,3,laplacian,{'gamma': 0.001607100176813045},laplacian(gamma=0.001607100176813045),0.5636363636363636,rbf,"{'C': 2.0, 'gamma': 0.5}","{'thetas': array([0.    , 0.0001, 0.0001]), 'lambdas': array([0.    , 0.0001, 0.0001]), 'D_scores': array([29902.977 ,  8708.6934,  3767.8879])}",diff_mean_diff_covariance,2
MY-small_mu,3,polynomial,"{'degree': 2, 'gamma': 0.001607100176813045, 'coef0': 1.0}","polynomial(coef0=1.0, degree=2, gamma=0.001607100176813045)",0.6090909090909091,rbf,"{'C': 1.0, 'gamma': 'scale'}","{'thetas': array([0.0005, 0.0007, 0.0009]), 'lambdas': array([0.0005, 0.0007, 0.0009]), 'D_scores': array([1026.5243,  667.5104,  564.8085])}",diff_mean_diff_covariance,2
MY-small_mu,3,sigmoid,"{'gamma': 0.001607100176813045, 'coef0': 0.0}","sigmoid(coef0=0.0, gamma=0.001607100176813045)",0.7363636363636363,rbf,"{'C': 0.5, 'gamma': 'scale'}","{'thetas': array([0.0006, 0.0028, 0.0074]), 'lambdas': array([0.0006, 0.0028, 0.0074]), 'D_scores': array([769.7393, 173.9164,  64.5252])}",diff_mean_diff_covariance,2
MY-small_mu,4,linear,{},linear,0.6909090909090909,rbf,"{'C': 2.0, 'gamma': 'scale'}","{'thetas': array([0.    , 0.    , 0.0011, 0.0016]), 'lambdas': array([0.    , 0.    , 0.0011, 0.0016]), 'D_scores': array([8.9468e+08, 2.3126e+08, 4.4851e+02, 2.9971e+02])}",diff_mean_diff_covariance,2
MY-small_mu,4,rbf,{'gamma': 0.001607100176813045},rbf(gamma=0.001607100176813045),0.6181818181818182,rbf,"{'C': 2.0, 'gamma': 0.5}","{'thetas': array([0.0001, 0.0001, 0.0003, 0.0003]), 'lambdas': array([0.0001, 0.0001, 0.0003, 0.0003]), 'D_scores': array([6984.2992, 3537.3042, 1875.7292, 1575.9579])}",diff_mean_diff_covariance,2
MY-small_mu,4,laplacian,{'gamma': 0.001607100176813045},laplacian(gamma=0.001607100176813045),0.5545454545454546,rbf,"{'C': 2.0, 'gamma': 0.5}","{'thetas': array([0.0001, 0.0001, 0.0001, 0.0002]), 'lambdas': array([0.0001, 0.0001, 0.0001, 0.0002]), 'D_scores': array([8850.3603, 5985.4493, 3869.7684, 2412.7951])}",diff_mean_diff_covariance,2
MY-small_mu,4,polynomial,"{'degree': 2, 'gamma': 0.001607100176813045, 'coef0': 1.0}","polynomial(coef0=1.0, degree=2, gamma=0.001607100176813045)",0.6636363636363637,rbf,"{'C': 0.5, 'gamma': 0.5}","{'thetas': array([0.    , 0.0013, 0.0016, 0.0021]), 'lambdas': array([0.    , 0.0013, 0.0016, 0.0021]), 'D_scores': array([402534.5219,    379.7351,    307.7779,    237.558 ])}",diff_mean_diff_covariance,2
MY-small_mu,4,sigmoid,"{'gamma': 0.001607100176813045, 'coef0': 0.0}","sigmoid(coef0=0.0, gamma=0.001607100176813045)",0.6727272727272727,rbf,"{'C': 0.5, 'gamma': 'scale'}","{'thetas': array([0.0036, 0.0064, 0.0081, 0.0143]), 'lambdas': array([0.0036, 0.0064, 0.0081, 0.0143]), 'D_scores': array([134.4229,  74.7565,  58.9847,  32.4156])}",diff_mean_diff_covariance,2
MY-small_mu,5,linear,{},linear,0.6818181818181818,rbf,"{'C': 0.5, 'gamma': 'scale'}","{'thetas': array([0.    , 0.    , 0.0003, 0.0023, 0.0037]), 'lambdas': array([0.    , 0.    , 0.0003, 0.0023, 0.0037]), 'D_scores': array([6.5972e+08, 5.2945e+08, 1.6756e+03, 2.1286e+02, 1.3083e+02])}",diff_mean_diff_covariance,2
MY-small_mu,5,rbf,{'gamma': 0.001607100176813045},rbf(gamma=0.001607100176813045),0.5636363636363636,rbf,"{'C': 2.0, 'gamma': 0.5}","{'thetas': array([0.    , 0.0001, 0.0001, 0.0001, 0.0002]), 'lambdas': array([0.    , 0.0001, 0.0001, 0.0001, 0.0002]), 'D_scores': array([322308.5326,   5509.7089,   5242.934 ,   3916.5751,   2141.7296])}",diff_mean_diff_covariance,2
MY-small_mu,5,laplacian,{'gamma': 0.001607100176813045},laplacian(gamma=0.001607100176813045),0.6727272727272727,rbf,"{'C': 2.0, 'gamma': 0.5}","{'thetas': array([0.    , 0.0001, 0.0001, 0.0002, 0.0003]), 'lambdas': array([0.    , 0.0001, 0.0001, 0.0002, 0.0003]), 'D_scores': array([414667.0484,   5940.7577,   3969.4689,   3131.3172,   1434.6026])}",diff_mean_diff_covariance,2
MY-small_mu,5,polynomial,"{'degree': 2, 'gamma': 0.001607100176813045, 'coef0': 1.0}","polynomial(coef0=1.0, degree=2, gamma=0.001607100176813045)",0.6545454545454545,rbf,"{'C': 2.0, 'gamma': 'scale'}","{'thetas': array([0.0001, 0.0006, 0.0009, 0.0014, 0.0021]), 'lambdas': array([0.0001, 0.0006, 0.0009, 0.0014, 0.0021]), 'D_scores': array([4552.2276,  824.522 ,  563.3794,  354.4094,  238.3961])}",diff_mean_diff_covariance,2
MY-small_mu,5,sigmoid,"{'gamma': 0.001607100176813045, 'coef0': 0.0}","sigmoid(coef0=0.0, gamma=0.001607100176813045)",0.6363636363636364,rbf,"{'C': 1.0, 'gamma': 0.5}","{'thetas': array([0.0002, 0.0027, 0.0053, 0.0071, 0.0094]), 'lambdas': array([0.0002, 0.0027, 0.0053, 0.0071, 0.0094]), 'D_scores': array([2914.6479,  179.708 ,   91.4701,   67.8548,   50.477 ])}",diff_mean_diff_covariance,2
MY-small_mu,6,linear,{},linear,0.5909090909090909,poly,"{'C': 0.5, 'gamma': 'scale', 'degree': 2, 'coef0': 1.0}","{'thetas': array([0.    , 0.    , 0.0001, 0.0021, 0.0023, 0.0041]), 'lambdas': array([0.    , 0.    , 0.0001, 0.0021, 0.0023, 0.0041]), 'D_scores': array([8.4090e+08, 2.9704e+08, 3.4021e+03, 2.3275e+02, 2.1428e+02,
       1.1816e+02])}",diff_mean_diff_covariance,2
MY-small_mu,6,rbf,{'gamma': 0.001607100176813045},rbf(gamma=0.001607100176813045),0.6,rbf,"{'C': 1.0, 'gamma': 0.5}","{'thetas': array([0.    , 0.0001, 0.0001, 0.0002, 0.0002, 0.0004]), 'lambdas': array([0.    , 0.0001, 0.0001, 0.0002, 0.0002, 0.0004]), 'D_scores': array([105776.4501,   4344.7632,   4105.4436,   2554.8685,   2007.7107,
         1284.8198])}",diff_mean_diff_covariance,2
MY-small_mu,6,laplacian,{'gamma': 0.001607100176813045},laplacian(gamma=0.001607100176813045),0.6545454545454545,rbf,"{'C': 1.0, 'gamma': 0.5}","{'thetas': array([0.    , 0.0001, 0.0002, 0.0003, 0.0003, 0.0005]), 'lambdas': array([0.    , 0.0001, 0.0002, 0.0003, 0.0003, 0.0005]), 'D_scores': array([11369.285 ,  6457.9356,  2247.2453,  1816.3108,  1615.4028,
         942.257 ])}",diff_mean_diff_covariance,2
MY-small_mu,6,polynomial,"{'degree': 2, 'gamma': 0.001607100176813045, 'coef0': 1.0}","polynomial(coef0=1.0, degree=2, gamma=0.001607100176813045)",0.6090909090909091,rbf,"{'C': 0.5, 'gamma': 0.5}","{'thetas': array([0.0004, 0.0013, 0.0014, 0.0022, 0.0024, 0.0028]), 'lambdas': array([0.0004, 0.0013, 0.0014, 0.0022, 0.0024, 0.0028]), 'D_scores': array([1173.3714,  383.8997,  363.4942,  222.633 ,  203.5565,  172.5451])}",diff_mean_diff_covariance,2
MY-small_mu,6,sigmoid,"{'gamma': 0.001607100176813045, 'coef0': 0.0}","sigmoid(coef0=0.0, gamma=0.001607100176813045)",0.6545454545454545,rbf,"{'C': 0.5, 'gamma': 'scale'}","{'thetas': array([0.0034, 0.0047, 0.0066, 0.0079, 0.011 , 0.0171]), 'lambdas': array([0.0034, 0.0047, 0.0066, 0.0079, 0.011 , 0.0171]), 'D_scores': array([145.1903, 103.1094,  72.6368,  60.6844,  42.8484,  26.6781])}",diff_mean_diff_covariance,2
MY-small_mu,7,linear,{},linear,0.6272727272727273,rbf,"{'C': 0.5, 'gamma': 0.5}","{'thetas': array([0.    , 0.    , 0.    , 0.0003, 0.0009, 0.002 , 0.0034]), 'lambdas': array([0.    , 0.    , 0.    , 0.0003, 0.0009, 0.002 , 0.0034]), 'D_scores': array([1.2381e+09, 3.9253e+08, 1.4424e+08, 1.6740e+03, 5.3475e+02,
       2.4447e+02, 1.4511e+02])}",diff_mean_diff_covariance,2
MY-small_mu,7,rbf,{'gamma': 0.001607100176813045},rbf(gamma=0.001607100176813045),0.5545454545454546,rbf,"{'C': 2.0, 'gamma': 0.5}","{'thetas': array([0.    , 0.0001, 0.0001, 0.0002, 0.0002, 0.0004, 0.0004]), 'lambdas': array([0.    , 0.0001, 0.0001, 0.0002, 0.0002, 0.0004, 0.0004]), 'D_scores': array([19059.1889,  7791.1155,  4659.0553,  3231.1184,  2048.2119,
        1270.6077,  1163.1754])}",diff_mean_diff_covariance,2
MY-small_mu,7,laplacian,{'gamma': 0.001607100176813045},laplacian(gamma=0.001607100176813045),0.5636363636363636,rbf,"{'C': 2.0, 'gamma': 0.5}","{'thetas': array([0.    , 0.0001, 0.0002, 0.0002, 0.0004, 0.0004, 0.0006]), 'lambdas': array([0.    , 0.0001, 0.0002, 0.0002, 0.0004, 0.0004, 0.0006]), 'D_scores': array([24662.3085,  4662.6883,  3071.3734,  2614.8917,  1247.9467,
        1128.0821,   863.2438])}",diff_mean_diff_covariance,2
MY-small_mu,7,polynomial,"{'degree': 2, 'gamma': 0.001607100176813045, 'coef0': 1.0}","polynomial(coef0=1.0, degree=2, gamma=0.001607100176813045)",0.5818181818181818,rbf,"{'C': 1.0, 'gamma': 0.5}","{'thetas': array([0.0005, 0.001 , 0.0013, 0.0021, 0.0029, 0.0031, 0.004 ]), 'lambdas': array([0.0005, 0.001 , 0.0013, 0.0021, 0.0029, 0.0031, 0.004 ]), 'D_scores': array([1084.4843,  503.8248,  388.6706,  233.3113,  166.2917,  155.4745,
        120.8847])}",diff_mean_diff_covariance,2
MY-small_mu,7,sigmoid,"{'gamma': 0.001607100176813045, 'coef0': 0.0}","sigmoid(coef0=0.0, gamma=0.001607100176813045)",0.6,poly,"{'C': 0.5, 'gamma': 'scale', 'degree': 2, 'coef0': 1.0}","{'thetas': array([0.003 , 0.0048, 0.0084, 0.0117, 0.0136, 0.019 , 0.0243]), 'lambdas': array([0.003 , 0.0048, 0.0084, 0.0117, 0.0136, 0.019 , 0.0243]), 'D_scores': array([160.9109, 100.2971,  56.6381,  39.8753,  34.1348,  23.8766,
        18.1972])}",diff_mean_diff_covariance,2
MY-small_mu,8,linear,{},linear,0.6272727272727273,rbf,"{'C': 2.0, 'gamma': 'scale'}","{'thetas': array([0.    , 0.    , 0.    , 0.0001, 0.0004, 0.0008, 0.0021, 0.0046]), 'lambdas': array([0.    , 0.    , 0.    , 0.0001, 0.0004, 0.0008, 0.0021, 0.0046]), 'D_scores': array([1.3336e+09, 5.6802e+08, 4.8026e+08, 5.9677e+03, 1.2659e+03,
       6.1291e+02, 2.3952e+02, 1.0489e+02])}",diff_mean_diff_covariance,2
MY-small_mu,8,rbf,{'gamma': 0.001607100176813045},rbf(gamma=0.001607100176813045),0.6181818181818182,rbf,"{'C': 2.0, 'gamma': 0.5}","{'thetas': array([0.    , 0.0001, 0.0002, 0.0003, 0.0003, 0.0003, 0.0006, 0.0007]), 'lambdas': array([0.    , 0.0001, 0.0002, 0.0003, 0.0003, 0.0003, 0.0006, 0.0007]), 'D_scores': array([19337.6782,  4816.9823,  3260.7919,  1887.7479,  1748.3043,
        1436.2921,   863.7541,   744.0897])}",diff_mean_diff_covariance,2
MY-small_mu,8,laplacian,{'gamma': 0.001607100176813045},laplacian(gamma=0.001607100176813045),0.6090909090909091,rbf,"{'C': 2.0, 'gamma': 0.5}","{'thetas': array([0.    , 0.0001, 0.0002, 0.0003, 0.0004, 0.0005, 0.0006, 0.0007]), 'lambdas': array([0.    , 0.0001, 0.0002, 0.0003, 0.0004, 0.0005, 0.0006, 0.0007]), 'D_scores': array([22937.863 ,  4656.4987,  2836.4398,  1660.8261,  1378.7414,
        1075.3886,   824.0237,   674.0704])}",diff_mean_diff_covariance,2
MY-small_mu,8,polynomial,"{'degree': 2, 'gamma': 0.001607100176813045, 'coef0': 1.0}","polynomial(coef0=1.0, degree=2, gamma=0.001607100176813045)",0.6454545454545455,rbf,"{'C': 1.0, 'gamma': 0.5}","{'thetas': array([0.0007, 0.0008, 0.0014, 0.0018, 0.0024, 0.0032, 0.0036, 0.0045]), 'lambdas': array([0.0007, 0.0008, 0.0014, 0.0018, 0.0024, 0.0032, 0.0036, 0.0045]), 'D_scores': array([674.7233, 635.393 , 351.699 , 277.638 , 205.3931, 154.3965,
       134.1455, 108.2944])}",diff_mean_diff_covariance,2
MY-small_mu,8,sigmoid,"{'gamma': 0.001607100176813045, 'coef0': 0.0}","sigmoid(coef0=0.0, gamma=0.001607100176813045)",0.6909090909090909,rbf,"{'C': 2.0, 'gamma': 'scale'}","{'thetas': array([0.0046, 0.0056, 0.01  , 0.0127, 0.0157, 0.0177, 0.0205, 0.0293]), 'lambdas': array([0.0046, 0.0056, 0.01  , 0.0127, 0.0157, 0.0177, 0.0205, 0.0293]), 'D_scores': array([104.6814,  86.5171,  47.4177,  36.8145,  29.282 ,  25.8007,
        21.9788,  14.8135])}",diff_mean_diff_covariance,2
MY-small_mu,10,linear,{},linear,0.6272727272727273,rbf,"{'C': 0.5, 'gamma': 0.5}","{'thetas': array([0.    , 0.    , 0.    , 0.001 , 0.0027, 0.004 , 0.0053, 0.0072,
       0.0082, 0.0107]), 'lambdas': array([0.    , 0.    , 0.    , 0.001 , 0.0027, 0.004 , 0.0053, 0.0072,
       0.0082, 0.0107]), 'D_scores': array([7.9599e+08, 2.9051e+08, 2.2943e+08, 4.7342e+02, 1.8076e+02,
       1.2257e+02, 9.0377e+01, 6.6752e+01, 5.8177e+01, 4.4127e+01])}",diff_mean_diff_covariance,2
MY-small_mu,10,rbf,{'gamma': 0.001607100176813045},rbf(gamma=0.001607100176813045),0.6727272727272727,rbf,"{'C': 2.0, 'gamma': 0.5}","{'thetas': array([0.    , 0.0001, 0.0002, 0.0002, 0.0003, 0.0003, 0.0004, 0.0007,
       0.0008, 0.001 ]), 'lambdas': array([0.    , 0.0001, 0.0002, 0.0002, 0.0003, 0.0003, 0.0004, 0.0007,
       0.0008, 0.001 ]), 'D_scores': array([17918.8166,  9677.575 ,  2986.7707,  2595.1141,  1912.9865,
        1507.2717,  1119.3478,   668.8372,   607.2565,   493.1754])}",diff_mean_diff_covariance,2
MY-small_mu,10,laplacian,{'gamma': 0.001607100176813045},laplacian(gamma=0.001607100176813045),0.6363636363636364,rbf,"{'C': 1.0, 'gamma': 0.5}","{'thetas': array([0.    , 0.0001, 0.0002, 0.0003, 0.0004, 0.0005, 0.0006, 0.0008,
       0.0009, 0.0009]), 'lambdas': array([0.    , 0.0001, 0.0002, 0.0003, 0.0004, 0.0005, 0.0006, 0.0008,
       0.0009, 0.0009]), 'D_scores': array([23175.8929,  3681.0699,  2708.3083,  1609.3382,  1361.1433,
        1032.5594,   898.646 ,   647.8785,   553.6475,   526.9601])}",diff_mean_diff_covariance,2
MY-small_mu,10,polynomial,"{'degree': 2, 'gamma': 0.001607100176813045, 'coef0': 1.0}","polynomial(coef0=1.0, degree=2, gamma=0.001607100176813045)",0.6454545454545455,rbf,"{'C': 0.5, 'gamma': 0.5}","{'thetas': array([0.0004, 0.0008, 0.0011, 0.0019, 0.0024, 0.0033, 0.0044, 0.0052,
       0.0057, 0.0064]), 'lambdas': array([0.0004, 0.0008, 0.0011, 0.0019, 0.0024, 0.0033, 0.0044, 0.0052,
       0.0057, 0.0064]), 'D_scores': array([1346.1044,  603.7422,  469.861 ,  253.2569,  203.473 ,  145.9943,
        110.1332,   92.5579,   84.3198,   74.6918])}",diff_mean_diff_covariance,2
MY-small_mu,10,sigmoid,"{'gamma': 0.001607100176813045, 'coef0': 0.0}","sigmoid(coef0=0.0, gamma=0.001607100176813045)",0.6818181818181818,rbf,"{'C': 0.5, 'gamma': 0.5}","{'thetas': array([0.0032, 0.0056, 0.0075, 0.0101, 0.0145, 0.0153, 0.0228, 0.0245,
       0.0294, 0.0355]), 'lambdas': array([0.0032, 0.0056, 0.0075, 0.0101, 0.0145, 0.0153, 0.0228, 0.0245,
       0.0294, 0.0355]), 'D_scores': array([154.5747,  85.8164,  63.9865,  46.7495,  31.9824,  30.1493,
        19.5622,  18.0157,  14.7553,  11.9259])}",diff_mean_diff_covariance,2
MY-small_mu,12,linear,{},linear,0.5909090909090909,rbf,"{'C': 1.0, 'gamma': 0.5}","{'thetas': array([0.    , 0.    , 0.    , 0.    , 0.    , 0.0006, 0.0012, 0.0021,
       0.0037, 0.0053, 0.0074, 0.0082]), 'lambdas': array([0.    , 0.    , 0.    , 0.    , 0.    , 0.0006, 0.0012, 0.0021,
       0.0037, 0.0053, 0.0074, 0.0082]), 'D_scores': array([6.1055e+09, 1.7734e+09, 3.5469e+08, 2.7539e+08, 1.8947e+08,
       7.8299e+02, 4.2372e+02, 2.3632e+02, 1.3186e+02, 9.1248e+01,
       6.4978e+01, 5.8371e+01])}",diff_mean_diff_covariance,2
MY-small_mu,12,rbf,{'gamma': 0.001607100176813045},rbf(gamma=0.001607100176813045),0.6090909090909091,rbf,"{'C': 0.5, 'gamma': 0.5}","{'thetas': array([0.    , 0.    , 0.0001, 0.0002, 0.0003, 0.0004, 0.0006, 0.0006,
       0.0008, 0.0009, 0.001 , 0.0013]), 'lambdas': array([0.    , 0.    , 0.0001, 0.0002, 0.0003, 0.0004, 0.0006, 0.0006,
       0.0008, 0.0009, 0.001 , 0.0013]), 'D_scores': array([18444.3139, 11930.9312,  5083.1202,  2309.1964,  1818.7663,
        1227.8763,   834.0918,   800.6736,   589.3447,   553.7269,
         475.6741,   390.5944])}",diff_mean_diff_covariance,2
MY-small_mu,12,laplacian,{'gamma': 0.001607100176813045},laplacian(gamma=0.001607100176813045),0.6272727272727273,rbf,"{'C': 0.5, 'gamma': 0.5}","{'thetas': array([0.    , 0.    , 0.0001, 0.0002, 0.0003, 0.0004, 0.0005, 0.0006,
       0.0007, 0.0009, 0.001 , 0.0012]), 'lambdas': array([0.    , 0.    , 0.0001, 0.0002, 0.0003, 0.0004, 0.0005, 0.0006,
       0.0007, 0.0009, 0.001 , 0.0012]), 'D_scores': array([29766.8096, 11246.5184,  5151.6914,  2877.0131,  1961.0583,
        1217.6862,   961.8069,   847.9928,   734.7502,   523.6955,
         482.3822,   415.5923])}",diff_mean_diff_covariance,2
MY-small_mu,12,polynomial,"{'degree': 2, 'gamma': 0.001607100176813045, 'coef0': 1.0}","polynomial(coef0=1.0, degree=2, gamma=0.001607100176813045)",0.6272727272727273,rbf,"{'C': 0.5, 'gamma': 0.5}","{'thetas': array([0.0001, 0.0005, 0.001 , 0.0016, 0.0018, 0.003 , 0.0038, 0.0043,
       0.0051, 0.0066, 0.0069, 0.0084]), 'lambdas': array([0.0001, 0.0005, 0.001 , 0.0016, 0.0018, 0.003 , 0.0038, 0.0043,
       0.0051, 0.0066, 0.0069, 0.0084]), 'D_scores': array([8214.531 ,  928.5505,  506.0308,  307.3045,  269.966 ,  165.6705,
        128.061 ,  112.1341,   95.5394,   72.4267,   69.2706,   56.9847])}",diff_mean_diff_covariance,2
MY-small_mu,12,sigmoid,"{'gamma': 0.001607100176813045, 'coef0': 0.0}","sigmoid(coef0=0.0, gamma=0.001607100176813045)",0.7363636363636363,rbf,"{'C': 2.0, 'gamma': 'scale'}","{'thetas': array([      0.0001,       0.0018,       0.0062,       0.007 ,
             0.0129,       0.0164,       0.019 ,       0.024 ,
             0.0295,       0.0363,       0.0424, 9476731.3217]), 'lambdas': array([      0.0001,       0.0018,       0.0062,       0.007 ,
             0.0129,       0.0164,       0.019 ,       0.024 ,
             0.0295,       0.0363,       0.0424, 9476731.3217]), 'D_scores': array([3532.8823,  272.4628,   77.968 ,   68.2752,   36.1238,   27.9184,
         23.8826,   18.5059,   14.7009,   11.6133,    9.7041,    7.5322])}",diff_mean_diff_covariance,2
MY-small_mu,14,linear,{},linear,0.6454545454545455,rbf,"{'C': 2.0, 'gamma': 0.5}","{'thetas': array([0.    , 0.    , 0.    , 0.    , 0.0008, 0.003 , 0.0044, 0.0072,
       0.0082, 0.0098, 0.0107, 0.0143, 0.0174, 0.0191]), 'lambdas': array([0.    , 0.    , 0.    , 0.    , 0.0008, 0.003 , 0.0044, 0.0072,
       0.0082, 0.0098, 0.0107, 0.0143, 0.0174, 0.0191]), 'D_scores': array([6.7548e+09, 1.0383e+09, 7.2564e+08, 2.3660e+08, 6.4273e+02,
       1.6556e+02, 1.0963e+02, 6.6592e+01, 5.8054e+01, 4.8435e+01,
       4.3967e+01, 3.2305e+01, 2.6153e+01, 2.3766e+01])}",diff_mean_diff_covariance,2
MY-small_mu,14,rbf,{'gamma': 0.001607100176813045},rbf(gamma=0.001607100176813045),0.6272727272727273,rbf,"{'C': 0.5, 'gamma': 0.5}","{'thetas': array([0.    , 0.    , 0.0001, 0.0001, 0.0002, 0.0003, 0.0003, 0.0004,
       0.0007, 0.0008, 0.0012, 0.0012, 0.0016, 0.0016]), 'lambdas': array([0.    , 0.    , 0.0001, 0.0001, 0.0002, 0.0003, 0.0003, 0.0004,
       0.0007, 0.0008, 0.0012, 0.0012, 0.0016, 0.0016]), 'D_scores': array([542931.8187,  44319.1406,   9319.0558,   3418.957 ,   2410.572 ,
         1992.9511,   1430.863 ,   1161.9082,    724.4405,    592.7731,
          423.9917,    397.776 ,    315.9068,    303.069 ])}",diff_mean_diff_covariance,2
MY-small_mu,14,laplacian,{'gamma': 0.001607100176813045},laplacian(gamma=0.001607100176813045),0.7,rbf,"{'C': 0.5, 'gamma': 0.5}","{'thetas': array([0.    , 0.0001, 0.0001, 0.0002, 0.0002, 0.0004, 0.0005, 0.0007,
       0.0008, 0.001 , 0.0012, 0.0013, 0.0015, 0.0016]), 'lambdas': array([0.    , 0.0001, 0.0001, 0.0002, 0.0002, 0.0004, 0.0005, 0.0007,
       0.0008, 0.001 , 0.0012, 0.0013, 0.0015, 0.0016]), 'D_scores': array([13467.459 ,  6067.6874,  4374.3285,  2929.7934,  2153.7387,
        1351.5205,   927.8595,   701.5688,   637.4969,   506.8813,
         421.8306,   379.6804,   331.55  ,   306.6645])}",diff_mean_diff_covariance,2
MY-small_mu,14,polynomial,"{'degree': 2, 'gamma': 0.001607100176813045, 'coef0': 1.0}","polynomial(coef0=1.0, degree=2, gamma=0.001607100176813045)",0.6454545454545455,rbf,"{'C': 1.0, 'gamma': 0.5}","{'thetas': array([0.0003, 0.0004, 0.0008, 0.0011, 0.0015, 0.0024, 0.0036, 0.0047,
       0.0052, 0.0058, 0.0069, 0.0073, 0.0107, 0.0121]), 'lambdas': array([0.0003, 0.0004, 0.0008, 0.0011, 0.0015, 0.0024, 0.0036, 0.0047,
       0.0052, 0.0058, 0.0069, 0.0073, 0.0107, 0.0121]), 'D_scores': array([1585.6739, 1193.3225,  591.5634,  462.8823,  325.8436,  206.1418,
        136.0185,  103.2338,   92.2445,   82.4476,   69.049 ,   65.5277,
         43.9113,   38.5649])}",diff_mean_diff_covariance,2
MY-small_mu,14,sigmoid,"{'gamma': 0.001607100176813045, 'coef0': 0.0}","sigmoid(coef0=0.0, gamma=0.001607100176813045)",0.6818181818181818,rbf,"{'C': 1.0, 'gamma': 'scale'}","{'thetas': array([      0.0001,       0.0045,       0.0106,       0.0121,
             0.0185,       0.0211,       0.0276,       0.0309,
             0.041 ,       0.0458,       0.0516, 7604755.2207,
       5501504.2028, 5294870.3858]), 'lambdas': array([      0.0001,       0.0045,       0.0106,       0.0121,
             0.0185,       0.0211,       0.0276,       0.0309,
             0.041 ,       0.0458,       0.0516, 7604755.2207,
       5501504.2028, 5294870.3858]), 'D_scores': array([6333.3886,  106.7744,   44.5719,   38.7019,   24.4781,   21.2545,
         15.8452,   13.9428,   10.1117,    8.8823,    7.724 ,    7.4221,
          7.2603,    7.2411])}",diff_mean_diff_covariance,2
MY-small_mu,16,linear,{},linear,0.8181818181818182,rbf,"{'C': 2.0, 'gamma': 'scale'}","{'thetas': array([0.    , 0.    , 0.0021, 0.0031, 0.0049, 0.0059, 0.0065, 0.0105,
       0.0123, 0.014 , 0.0153, 0.0221, 0.0226, 0.0256, 0.0281, 0.0302]), 'lambdas': array([0.    , 0.    , 0.0021, 0.0031, 0.0049, 0.0059, 0.0065, 0.0105,
       0.0123, 0.014 , 0.0153, 0.0221, 0.0226, 0.0256, 0.0281, 0.0302]), 'D_scores': array([9.4272e+08, 2.3297e+08, 2.3907e+02, 1.6047e+02, 9.8377e+01,
       8.1587e+01, 7.3560e+01, 4.4700e+01, 3.7972e+01, 3.3018e+01,
       3.0027e+01, 2.0246e+01, 1.9720e+01, 1.7211e+01, 1.5525e+01,
       1.4302e+01])}",diff_mean_diff_covariance,2
MY-small_mu,16,rbf,{'gamma': 0.001607100176813045},rbf(gamma=0.001607100176813045),0.7454545454545455,rbf,"{'C': 2.0, 'gamma': 0.5}","{'thetas': array([0.    , 0.0001, 0.0002, 0.0002, 0.0003, 0.0004, 0.0005, 0.0006,
       0.0009, 0.0011, 0.0012, 0.0014, 0.0015, 0.0017, 0.0021, 0.0024]), 'lambdas': array([0.    , 0.0001, 0.0002, 0.0002, 0.0003, 0.0004, 0.0005, 0.0006,
       0.0009, 0.0011, 0.0012, 0.0014, 0.0015, 0.0017, 0.0021, 0.0024]), 'D_scores': array([19156.5748,  6509.7178,  3210.3803,  2274.5006,  1472.8711,
        1170.8968,  1050.6436,   831.8928,   567.8245,   431.1603,
         401.9425,   358.1372,   327.1438,   295.5289,   233.0527,
         202.7348])}",diff_mean_diff_covariance,2
MY-small_mu,16,laplacian,{'gamma': 0.001607100176813045},laplacian(gamma=0.001607100176813045),0.6909090909090909,rbf,"{'C': 0.5, 'gamma': 0.5}","{'thetas': array([0.    , 0.0001, 0.0002, 0.0002, 0.0004, 0.0005, 0.0005, 0.0006,
       0.0007, 0.0008, 0.0011, 0.0015, 0.0016, 0.0018, 0.002 , 0.0021]), 'lambdas': array([0.    , 0.0001, 0.0002, 0.0002, 0.0004, 0.0005, 0.0005, 0.0006,
       0.0007, 0.0008, 0.0011, 0.0015, 0.0016, 0.0018, 0.002 , 0.0021]), 'D_scores': array([41504.0493,  4404.9733,  3041.4671,  2087.577 ,  1313.3496,
        1059.7191,   968.2875,   871.6745,   690.682 ,   624.329 ,
         447.0675,   334.7788,   318.7293,   274.6293,   242.9949,
         235.2625])}",diff_mean_diff_covariance,2
MY-small_mu,16,polynomial,"{'degree': 2, 'gamma': 0.001607100176813045, 'coef0': 1.0}","polynomial(coef0=1.0, degree=2, gamma=0.001607100176813045)",0.7090909090909091,rbf,"{'C': 1.0, 'gamma': 0.5}","{'thetas': array([0.0001, 0.0003, 0.001 , 0.0013, 0.0015, 0.0018, 0.0035, 0.0046,
       0.005 , 0.0054, 0.0059, 0.0084, 0.0089, 0.0095, 0.0131, 0.0142]), 'lambdas': array([0.0001, 0.0003, 0.001 , 0.0013, 0.0015, 0.0018, 0.0035, 0.0046,
       0.005 , 0.0054, 0.0059, 0.0084, 0.0089, 0.0095, 0.0131, 0.0142]), 'D_scores': array([5549.4641, 1436.9256,  503.1714,  372.5239,  327.178 ,  267.3256,
        139.9159,  104.5882,   96.0256,   88.8624,   81.7069,   56.9867,
         53.3085,   49.6943,   35.5765,   32.6766])}",diff_mean_diff_covariance,2
MY-small_mu,16,sigmoid,"{'gamma': 0.001607100176813045, 'coef0': 0.0}","sigmoid(coef0=0.0, gamma=0.001607100176813045)",0.8272727272727273,poly,"{'C': 2.0, 'gamma': 'scale', 'degree': 2, 'coef0': 1.0}","{'thetas': array([      0.0024,       0.0057,       0.0092,       0.0121,
             0.0144,       0.0228,       0.0248,       0.0327,
             0.0352,       0.0416,       0.0482, 6852628.5656,
       6315618.8404, 5813304.2319, 4270049.127 , 3978549.1606]), 'lambdas': array([      0.0024,       0.0057,       0.0092,       0.0121,
             0.0144,       0.0228,       0.0248,       0.0327,
             0.0352,       0.0416,       0.0482, 6852628.5656,
       6315618.8404, 5813304.2319, 4270049.127 , 3978549.1606]), 'D_scores': array([208.6526,  84.8272,  51.721 ,  38.6511,  32.2069,  19.5062,
        17.838 ,  13.085 ,  12.0252,   9.9261,   8.3635,   7.3701,
         7.3293,   7.2878,   7.1336,   7.0982])}",diff_mean_diff_covariance,2
MY-small_mu,20,linear,{},linear,0.6818181818181818,rbf,"{'C': 2.0, 'gamma': 0.5}","{'thetas': array([0.    , 0.    , 0.    , 0.0007, 0.001 , 0.002 , 0.0034, 0.0042,
       0.0063, 0.0072, 0.0096, 0.0131, 0.0171, 0.018 , 0.022 , 0.0261,
       0.0304, 0.0315, 0.0378, 0.0456]), 'lambdas': array([0.    , 0.    , 0.    , 0.0007, 0.001 , 0.002 , 0.0034, 0.0042,
       0.0063, 0.0072, 0.0096, 0.0131, 0.0171, 0.018 , 0.022 , 0.0261,
       0.0304, 0.0315, 0.0378, 0.0456]), 'D_scores': array([2.5167e+09, 4.6478e+08, 2.6842e+08, 7.2653e+02, 5.1901e+02,
       2.4878e+02, 1.4268e+02, 1.1707e+02, 7.6367e+01, 6.6113e+01,
       4.9123e+01, 3.5422e+01, 2.6735e+01, 2.5276e+01, 2.0351e+01,
       1.6873e+01, 1.4186e+01, 1.3650e+01, 1.1102e+01, 8.9220e+00])}",diff_mean_diff_covariance,2
MY-small_mu,20,rbf,{'gamma': 0.001607100176813045},rbf(gamma=0.001607100176813045),0.6545454545454545,rbf,"{'C': 2.0, 'gamma': 0.5}","{'thetas': array([0.    , 0.    , 0.0001, 0.0001, 0.0003, 0.0004, 0.0004, 0.0006,
       0.0007, 0.0008, 0.001 , 0.0013, 0.0015, 0.002 , 0.0021, 0.0024,
       0.0028, 0.0032, 0.0039, 0.0044]), 'lambdas': array([0.    , 0.    , 0.0001, 0.0001, 0.0003, 0.0004, 0.0004, 0.0006,
       0.0007, 0.0008, 0.001 , 0.0013, 0.0015, 0.002 , 0.0021, 0.0024,
       0.0028, 0.0032, 0.0039, 0.0044]), 'D_scores': array([81463.3473, 34635.1961,  5891.8085,  3532.7008,  1775.675 ,
        1310.6302,  1295.704 ,   875.3299,   699.2158,   600.6262,
         473.2792,   384.5753,   319.1987,   250.2183,   235.925 ,
         201.2615,   174.3402,   151.719 ,   123.8152,   110.6561])}",diff_mean_diff_covariance,2
MY-small_mu,20,laplacian,{'gamma': 0.001607100176813045},laplacian(gamma=0.001607100176813045),0.6,rbf,"{'C': 0.5, 'gamma': 0.5}","{'thetas': array([0.    , 0.0001, 0.0001, 0.0002, 0.0003, 0.0004, 0.0007, 0.0007,
       0.0008, 0.0009, 0.001 , 0.0012, 0.0015, 0.0015, 0.0018, 0.002 ,
       0.0022, 0.0023, 0.0028, 0.0029]), 'lambdas': array([0.    , 0.0001, 0.0001, 0.0002, 0.0003, 0.0004, 0.0007, 0.0007,
       0.0008, 0.0009, 0.001 , 0.0012, 0.0015, 0.0015, 0.0018, 0.002 ,
       0.0022, 0.0023, 0.0028, 0.0029]), 'D_scores': array([38470.6256,  3999.3725,  3452.196 ,  2664.4473,  1654.0257,
        1180.4687,   752.5685,   714.7543,   585.0546,   526.7566,
         493.8199,   419.8178,   325.9647,   324.5792,   272.3789,
         249.5372,   227.2461,   211.5693,   176.4567,   169.9814])}",diff_mean_diff_covariance,2
MY-small_mu,20,polynomial,"{'degree': 2, 'gamma': 0.001607100176813045, 'coef0': 1.0}","polynomial(coef0=1.0, degree=2, gamma=0.001607100176813045)",0.5818181818181818,rbf,"{'C': 1.0, 'gamma': 'scale'}","{'thetas': array([0.0006, 0.0007, 0.001 , 0.0012, 0.0018, 0.0027, 0.0034, 0.0045,
       0.0052, 0.0078, 0.0088, 0.0093, 0.0109, 0.0128, 0.0143, 0.0178,
       0.02  , 0.0231, 0.0255, 0.0286]), 'lambdas': array([0.0006, 0.0007, 0.001 , 0.0012, 0.0018, 0.0027, 0.0034, 0.0045,
       0.0052, 0.0078, 0.0088, 0.0093, 0.0109, 0.0128, 0.0143, 0.0178,
       0.02  , 0.0231, 0.0255, 0.0286]), 'D_scores': array([846.848 , 728.9366, 486.3573, 427.162 , 271.5528, 183.5907,
       143.4157, 106.9024,  93.6693,  61.5407,  54.1687,  51.0518,
        43.101 ,  36.4429,  32.4142,  25.5881,  22.5669,  19.2427,
        17.2386,  15.2261])}",diff_mean_diff_covariance,2
MY-small_mu,20,sigmoid,"{'gamma': 0.001607100176813045, 'coef0': 0.0}","sigmoid(coef0=0.0, gamma=0.001607100176813045)",0.6454545454545455,rbf,"{'C': 2.0, 'gamma': 'scale'}","{'thetas': array([      0.0033,       0.006 ,       0.0093,       0.0119,
             0.0165,       0.0241,       0.0291,       0.034 ,
             0.0392,       0.0458,       0.0485,       0.053 ,
       7018975.9846, 5505803.7413, 4823584.4493, 4236281.4512,
       3880436.4705, 3672328.4146, 3280262.8875, 2818420.2127]), 'lambdas': array([      0.0033,       0.006 ,       0.0093,       0.0119,
             0.0165,       0.0241,       0.0291,       0.034 ,
             0.0392,       0.0458,       0.0485,       0.053 ,
       7018975.9846, 5505803.7413, 4823584.4493, 4236281.4512,
       3880436.4705, 3672328.4146, 3280262.8875, 2818420.2127]), 'D_scores': array([150.3997,  79.9662,  51.1819,  39.3768,  27.8132,  18.4312,
        14.9365,  12.5185,  10.6354,   8.8865,   8.2905,   7.4616,
         7.3821,   7.2608,   7.1945,   7.1296,   7.0857,   7.0583,
         7.002 ,   6.9258])}",diff_mean_diff_covariance,2
MY-small_mu,24,linear,{},linear,0.6727272727272727,rbf,"{'C': 2.0, 'gamma': 'scale'}","{'thetas': array([      0.    ,       0.    ,       0.    ,       0.    ,
             0.    ,       0.0025,       0.0044,       0.0061,
             0.0067,       0.0098,       0.0102,       0.0113,
             0.0163,       0.0182,       0.0221,       0.0264,
             0.0288,       0.0305,       0.0343,       0.0423,
             0.0468,       0.0497, 8500732.2762, 7324782.4294]), 'lambdas': array([      0.    ,       0.    ,       0.    ,       0.    ,
             0.    ,       0.0025,       0.0044,       0.0061,
             0.0067,       0.0098,       0.0102,       0.0113,
             0.0163,       0.0182,       0.0221,       0.0264,
             0.0288,       0.0305,       0.0343,       0.0423,
             0.0468,       0.0497, 8500732.2762, 7324782.4294]), 'D_scores': array([1.4814e+09, 6.2032e+08, 3.3562e+08, 3.0285e+08, 1.9464e+08,
       1.9325e+02, 1.1106e+02, 7.8908e+01, 7.1571e+01, 4.8397e+01,
       4.5999e+01, 4.1680e+01, 2.8200e+01, 2.4989e+01, 2.0216e+01,
       1.6623e+01, 1.5119e+01, 1.4127e+01, 1.2397e+01, 9.7477e+00,
       8.6557e+00, 8.0541e+00, 7.4778e+00, 7.4034e+00])}",diff_mean_diff_covariance,2
MY-small_mu,24,rbf,{'gamma': 0.001607100176813045},rbf(gamma=0.001607100176813045),0.6545454545454545,rbf,"{'C': 1.0, 'gamma': 0.5}","{'thetas': array([0.    , 0.0001, 0.0002, 0.0003, 0.0004, 0.0005, 0.0007, 0.0007,
       0.001 , 0.0012, 0.0013, 0.0018, 0.0018, 0.0021, 0.0022, 0.0029,
       0.003 , 0.0032, 0.0036, 0.0038, 0.0041, 0.0051, 0.0052, 0.0056]), 'lambdas': array([0.    , 0.0001, 0.0002, 0.0003, 0.0004, 0.0005, 0.0007, 0.0007,
       0.001 , 0.0012, 0.0013, 0.0018, 0.0018, 0.0021, 0.0022, 0.0029,
       0.003 , 0.0032, 0.0036, 0.0038, 0.0041, 0.0051, 0.0052, 0.0056]), 'D_scores': array([13809.5285,  4234.5913,  2077.6243,  1686.3198,  1277.6017,
        1086.1039,   724.5306,   673.9406,   492.8249,   426.3509,
         367.9593,   276.1464,   268.8301,   240.2395,   219.3688,
         169.8853,   163.4961,   152.2733,   135.4171,   128.8065,
         119.2957,    95.6191,    93.1369,    85.9161])}",diff_mean_diff_covariance,2
MY-small_mu,24,laplacian,{'gamma': 0.001607100176813045},laplacian(gamma=0.001607100176813045),0.6727272727272727,rbf,"{'C': 2.0, 'gamma': 0.5}","{'thetas': array([0.0001, 0.0001, 0.0002, 0.0003, 0.0005, 0.0007, 0.0007, 0.0008,
       0.0009, 0.0011, 0.0013, 0.0014, 0.0016, 0.0017, 0.0019, 0.0023,
       0.0025, 0.0031, 0.0032, 0.0033, 0.0034, 0.004 , 0.0046, 0.0049]), 'lambdas': array([0.0001, 0.0001, 0.0002, 0.0003, 0.0005, 0.0007, 0.0007, 0.0008,
       0.0009, 0.0011, 0.0013, 0.0014, 0.0016, 0.0017, 0.0019, 0.0023,
       0.0025, 0.0031, 0.0032, 0.0033, 0.0034, 0.004 , 0.0046, 0.0049]), 'D_scores': array([6315.4166, 3797.6322, 2358.9046, 1801.1158, 1066.2184,  738.521 ,
        684.7318,  636.9468,  530.6514,  442.8995,  371.7418,  364.1997,
        303.6591,  297.8675,  254.8494,  211.8067,  195.7609,  158.3182,
        150.4837,  147.4025,  143.192 ,  121.224 ,  105.9296,   99.5597])}",diff_mean_diff_covariance,2
MY-small_mu,24,polynomial,"{'degree': 2, 'gamma': 0.001607100176813045, 'coef0': 1.0}","polynomial(coef0=1.0, degree=2, gamma=0.001607100176813045)",0.6090909090909091,rbf,"{'C': 2.0, 'gamma': 'scale'}","{'thetas': array([0.0003, 0.0007, 0.0009, 0.0013, 0.0019, 0.0031, 0.0033, 0.0044,
       0.0054, 0.0061, 0.0088, 0.009 , 0.0108, 0.0118, 0.0128, 0.0139,
       0.0167, 0.0174, 0.0204, 0.0229, 0.0238, 0.0245, 0.0264, 0.0308]), 'lambdas': array([0.0003, 0.0007, 0.0009, 0.0013, 0.0019, 0.0031, 0.0033, 0.0044,
       0.0054, 0.0061, 0.0088, 0.009 , 0.0108, 0.0118, 0.0128, 0.0139,
       0.0167, 0.0174, 0.0204, 0.0229, 0.0238, 0.0245, 0.0264, 0.0308]), 'D_scores': array([1503.9762,  726.6407,  573.2304,  378.5999,  254.892 ,  160.0317,
        147.9814,  109.8928,   89.8987,   78.6056,   54.07  ,   52.7552,
         43.4334,   39.6058,   36.5333,   33.2905,   27.4566,   26.2468,
         22.0548,   19.4086,   18.6759,   18.0686,   16.6495,   13.9983])}",diff_mean_diff_covariance,2
MY-small_mu,24,sigmoid,"{'gamma': 0.001607100176813045, 'coef0': 0.0}","sigmoid(coef0=0.0, gamma=0.001607100176813045)",0.7818181818181819,poly,"{'C': 1.0, 'gamma': 'scale', 'degree': 2, 'coef0': 1.0}","{'thetas': array([      0.0024,       0.0033,       0.0079,       0.0118,
             0.0197,       0.0216,       0.0231,       0.0329,
             0.0412,       0.0415,       0.0478, 8346077.5801,
       6863134.1315, 5900142.0176, 4861972.315 , 3940487.9496,
       3791576.1422, 3357507.2606, 2775907.0475, 2612227.5036,
       2546043.4325, 2192171.7962, 1963231.2067, 1844184.9764]), 'lambdas': array([      0.0024,       0.0033,       0.0079,       0.0118,
             0.0197,       0.0216,       0.0231,       0.0329,
             0.0412,       0.0415,       0.0478, 8346077.5801,
       6863134.1315, 5900142.0176, 4861972.315 , 3940487.9496,
       3791576.1422, 3357507.2606, 2775907.0475, 2612227.5036,
       2546043.4325, 2192171.7962, 1963231.2067, 1844184.9764]), 'D_scores': array([204.5041, 148.7078,  60.6507,  39.5781,  22.9362,  20.7784,
        19.2838,  13.0267,  10.0386,   9.9576,   8.4483,   7.4687,
         7.3708,   7.2953,   7.1986,   7.0934,   7.0741,   7.0135,
         6.9183,   6.8879,   6.8751,   6.8002,   6.7451,   6.7139])}",diff_mean_diff_covariance,2
MY-small_mu,28,linear,{},linear,0.6636363636363637,rbf,"{'C': 2.0, 'gamma': 'scale'}","{'thetas': array([      0.    ,       0.    ,       0.    ,       0.0004,
             0.0012,       0.0023,       0.0054,       0.0062,
             0.0093,       0.0112,       0.0134,       0.015 ,
             0.0167,       0.022 ,       0.0241,       0.0265,
             0.0321,       0.0326,       0.0439,       0.0464,
             0.0516, 7519118.9291, 7131282.6989, 6590560.1073,
       5403076.1409,       0.0543, 4902481.6989, 4573436.9246]), 'lambdas': array([      0.    ,       0.    ,       0.    ,       0.0004,
             0.0012,       0.0023,       0.0054,       0.0062,
             0.0093,       0.0112,       0.0134,       0.015 ,
             0.0167,       0.022 ,       0.0241,       0.0265,
             0.0321,       0.0326,       0.0439,       0.0464,
             0.0516, 7519118.9291, 7131282.6989, 6590560.1073,
       5403076.1409,       0.0543, 4902481.6989, 4573436.9246]), 'D_scores': array([8.6936e+08, 6.6330e+08, 4.1832e+08, 1.2135e+03, 4.2962e+02,
       2.1462e+02, 8.9997e+01, 7.7287e+01, 5.1069e+01, 4.1872e+01,
       3.4637e+01, 3.0777e+01, 2.7344e+01, 2.0352e+01, 1.8439e+01,
       1.6588e+01, 1.3368e+01, 1.3132e+01, 9.3294e+00, 8.7439e+00,
       7.7115e+00, 7.4165e+00, 7.3900e+00, 7.3506e+00, 7.2514e+00,
       7.2467e+00, 7.2027e+00, 7.1680e+00])}",diff_mean_diff_covariance,2
MY-small_mu,28,rbf,{'gamma': 0.001607100176813045},rbf(gamma=0.001607100176813045),0.7,rbf,"{'C': 2.0, 'gamma': 0.5}","{'thetas': array([0.    , 0.0001, 0.0001, 0.0002, 0.0003, 0.0004, 0.0005, 0.0005,
       0.0006, 0.0007, 0.0011, 0.0015, 0.0016, 0.0018, 0.002 , 0.0022,
       0.0025, 0.0029, 0.0034, 0.0036, 0.0037, 0.0046, 0.0049, 0.0054,
       0.0058, 0.0069, 0.0072, 0.008 ]), 'lambdas': array([0.    , 0.0001, 0.0001, 0.0002, 0.0003, 0.0004, 0.0005, 0.0005,
       0.0006, 0.0007, 0.0011, 0.0015, 0.0016, 0.0018, 0.002 , 0.0022,
       0.0025, 0.0029, 0.0034, 0.0036, 0.0037, 0.0046, 0.0049, 0.0054,
       0.0058, 0.0069, 0.0072, 0.008 ]), 'D_scores': array([38028.9198,  9895.7688,  7257.5821,  2371.1802,  1929.7122,
        1312.1098,  1020.3983,   908.9096,   828.4153,   676.4318,
         432.183 ,   326.2076,   300.6784,   281.4898,   248.5828,
         220.9464,   198.0182,   168.9341,   144.6227,   136.2348,
         131.3771,   106.6771,    99.717 ,    89.2445,    83.5356,
          68.9975,    66.3867,    59.95  ])}",diff_mean_diff_covariance,2
MY-small_mu,28,laplacian,{'gamma': 0.001607100176813045},laplacian(gamma=0.001607100176813045),0.6545454545454545,rbf,"{'C': 0.5, 'gamma': 0.5}","{'thetas': array([0.0001, 0.0002, 0.0003, 0.0003, 0.0004, 0.0004, 0.0007, 0.0008,
       0.0009, 0.001 , 0.0012, 0.0016, 0.0017, 0.0018, 0.0021, 0.0023,
       0.0026, 0.0028, 0.0032, 0.0036, 0.0038, 0.0039, 0.0043, 0.0048,
       0.0055, 0.006 , 0.0064, 0.0065]), 'lambdas': array([0.0001, 0.0002, 0.0003, 0.0003, 0.0004, 0.0004, 0.0007, 0.0008,
       0.0009, 0.001 , 0.0012, 0.0016, 0.0017, 0.0018, 0.0021, 0.0023,
       0.0026, 0.0028, 0.0032, 0.0036, 0.0038, 0.0039, 0.0043, 0.0048,
       0.0055, 0.006 , 0.0064, 0.0065]), 'D_scores': array([7165.0677, 3052.0711, 1761.5557, 1517.2365, 1292.4628, 1134.4973,
        705.4018,  632.5277,  561.1375,  508.3848,  428.4138,  314.8075,
        290.1559,  281.3868,  233.4274,  216.8654,  186.4038,  176.8005,
        152.85  ,  137.1923,  127.832 ,  123.7498,  113.9597,  101.5043,
         87.6697,   80.1958,   75.2434,   74.2203])}",diff_mean_diff_covariance,2
MY-small_mu,28,polynomial,"{'degree': 2, 'gamma': 0.001607100176813045, 'coef0': 1.0}","polynomial(coef0=1.0, degree=2, gamma=0.001607100176813045)",0.6636363636363637,rbf,"{'C': 2.0, 'gamma': 0.5}","{'thetas': array([0.    , 0.0004, 0.0006, 0.0009, 0.0013, 0.0021, 0.003 , 0.0042,
       0.0047, 0.0062, 0.0074, 0.0078, 0.0087, 0.0091, 0.012 , 0.0135,
       0.0159, 0.0187, 0.0192, 0.0217, 0.024 , 0.0283, 0.0289, 0.0356,
       0.0371, 0.038 , 0.0412, 0.0514]), 'lambdas': array([0.    , 0.0004, 0.0006, 0.0009, 0.0013, 0.0021, 0.003 , 0.0042,
       0.0047, 0.0062, 0.0074, 0.0078, 0.0087, 0.0091, 0.012 , 0.0135,
       0.0159, 0.0187, 0.0192, 0.0217, 0.024 , 0.0283, 0.0289, 0.0356,
       0.0371, 0.038 , 0.0412, 0.0514]), 'D_scores': array([14322.222 ,  1156.9995,   808.7902,   567.7291,   390.8865,
         232.0317,   163.8216,   116.8107,   103.6943,    77.2341,
          64.9056,    60.8716,    54.6702,    52.2943,    38.9743,
          34.2637,    28.8403,    24.1889,    23.5468,    20.6471,
          18.4379,    15.3601,    15.0361,    11.8627,    11.3401,
          11.0112,    10.0437,     7.7361])}",diff_mean_diff_covariance,2
MY-small_mu,28,sigmoid,"{'gamma': 0.001607100176813045, 'coef0': 0.0}","sigmoid(coef0=0.0, gamma=0.001607100176813045)",0.7818181818181819,rbf,"{'C': 2.0, 'gamma': 'scale'}","{'thetas': array([      0.0052,       0.0081,       0.0105,       0.0133,
             0.02  ,       0.0211,       0.031 ,       0.0329,
             0.0373,       0.0437,       0.0454, 6771941.5889,
       6369911.6383, 5673108.4891, 4819190.2736, 4157605.8534,
       3880590.9937, 3528573.4466, 3028980.5915, 2705222.1834,
       2535236.1092, 2400186.656 , 2162730.6961, 2030132.1262,
       1780561.9141,       0.0581, 1652108.4747, 1487376.1165]), 'lambdas': array([      0.0052,       0.0081,       0.0105,       0.0133,
             0.02  ,       0.0211,       0.031 ,       0.0329,
             0.0373,       0.0437,       0.0454, 6771941.5889,
       6369911.6383, 5673108.4891, 4819190.2736, 4157605.8534,
       3880590.9937, 3528573.4466, 3028980.5915, 2705222.1834,
       2535236.1092, 2400186.656 , 2162730.6961, 2030132.1262,
       1780561.9141,       0.0581, 1652108.4747, 1487376.1165]), 'D_scores': array([93.0899, 58.9862, 44.7229, 35.0101, 22.5223, 21.3253, 13.8794,
       12.9921, 11.2879,  9.3824,  8.9661,  7.3641,  7.3337,  7.2757,
        7.1944,  7.1203,  7.0858,  7.0382,  6.9619,  6.9053,  6.8731,
        6.8464,  6.794 ,  6.7618,  6.6962,  6.6917,  6.6591,  6.6063])}",diff_mean_diff_covariance,2
MY-small_mu,32,linear,{},linear,0.6727272727272727,rbf,"{'C': 2.0, 'gamma': 'scale'}","{'thetas': array([      0.    ,       0.    ,       0.    ,       0.0008,
             0.005 ,       0.0053,       0.0072,       0.01  ,
             0.012 ,       0.0135,       0.0159,       0.0191,
             0.0242,       0.0264,       0.033 ,       0.035 ,
             0.0395,       0.044 ,       0.0485,       0.0523,
       8452011.0409, 8089455.3421, 6475160.1161, 5545735.1178,
       5066070.3126, 4388471.5713, 4034409.0194, 3630798.3745,
       3228283.2462, 2958204.6783,       0.0564, 2717049.403 ]), 'lambdas': array([      0.    ,       0.    ,       0.    ,       0.0008,
             0.005 ,       0.0053,       0.0072,       0.01  ,
             0.012 ,       0.0135,       0.0159,       0.0191,
             0.0242,       0.0264,       0.033 ,       0.035 ,
             0.0395,       0.044 ,       0.0485,       0.0523,
       8452011.0409, 8089455.3421, 6475160.1161, 5545735.1178,
       5066070.3126, 4388471.5713, 4034409.0194, 3630798.3745,
       3228283.2462, 2958204.6783,       0.0564, 2717049.403 ]), 'D_scores': array([8.6776e+08, 4.0086e+08, 2.5339e+08, 6.1327e+02, 9.7340e+01,
       9.1288e+01, 6.6222e+01, 4.7274e+01, 3.8978e+01, 3.4363e+01,
       2.8825e+01, 2.3725e+01, 1.8298e+01, 1.6657e+01, 1.2967e+01,
       1.2128e+01, 1.0540e+01, 9.3136e+00, 8.3065e+00, 7.5855e+00,
       7.4750e+00, 7.4530e+00, 7.3418e+00, 7.2643e+00, 7.2191e+00,
       7.1472e+00, 7.1052e+00, 7.0525e+00, 6.9937e+00, 6.9502e+00,
       6.9278e+00, 6.9076e+00])}",diff_mean_diff_covariance,2
MY-small_mu,32,rbf,{'gamma': 0.001607100176813045},rbf(gamma=0.001607100176813045),0.7636363636363637,rbf,"{'C': 2.0, 'gamma': 0.5}","{'thetas': array([0.    , 0.    , 0.0001, 0.0002, 0.0002, 0.0002, 0.0005, 0.0009,
       0.0009, 0.0011, 0.0015, 0.0016, 0.0018, 0.0021, 0.0025, 0.0026,
       0.0031, 0.0037, 0.0038, 0.0041, 0.0048, 0.005 , 0.0059, 0.0064,
       0.0069, 0.0075, 0.0084, 0.0085, 0.009 , 0.0105, 0.0109, 0.0112]), 'lambdas': array([0.    , 0.    , 0.0001, 0.0002, 0.0002, 0.0002, 0.0005, 0.0009,
       0.0009, 0.0011, 0.0015, 0.0016, 0.0018, 0.0021, 0.0025, 0.0026,
       0.0031, 0.0037, 0.0038, 0.0041, 0.0048, 0.005 , 0.0059, 0.0064,
       0.0069, 0.0075, 0.0084, 0.0085, 0.009 , 0.0105, 0.0109, 0.0112]), 'D_scores': array([49306.0879, 10549.0066,  7148.85  ,  3051.2975,  2940.9182,
        2001.5763,  1003.6954,   573.6977,   538.6825,   447.2328,
         337.5683,   304.5105,   278.407 ,   238.8187,   194.1313,
         189.1406,   160.1223,   132.4328,   128.9835,   119.0804,
          99.9776,    96.2953,    81.3419,    75.0127,    69.4499,
          63.6516,    56.6111,    55.8773,    52.5633,    44.6777,
          43.2986,    41.8117])}",diff_mean_diff_covariance,2
MY-small_mu,32,laplacian,{'gamma': 0.001607100176813045},laplacian(gamma=0.001607100176813045),0.6090909090909091,rbf,"{'C': 0.5, 'gamma': 0.5}","{'thetas': array([0.    , 0.0001, 0.0002, 0.0003, 0.0003, 0.0005, 0.0006, 0.0009,
       0.0009, 0.001 , 0.0012, 0.0014, 0.0015, 0.002 , 0.0021, 0.0024,
       0.0026, 0.0028, 0.003 , 0.0033, 0.0035, 0.004 , 0.0041, 0.0046,
       0.0051, 0.0055, 0.0056, 0.0059, 0.0065, 0.0079, 0.008 , 0.0086]), 'lambdas': array([0.    , 0.0001, 0.0002, 0.0003, 0.0003, 0.0005, 0.0006, 0.0009,
       0.0009, 0.001 , 0.0012, 0.0014, 0.0015, 0.002 , 0.0021, 0.0024,
       0.0026, 0.0028, 0.003 , 0.0033, 0.0035, 0.004 , 0.0041, 0.0046,
       0.0051, 0.0055, 0.0056, 0.0059, 0.0065, 0.0079, 0.008 , 0.0086]), 'D_scores': array([11350.0984,  6577.0099,  2762.7899,  1944.3852,  1732.1703,
         929.5005,   830.7522,   571.5647,   542.1134,   500.881 ,
         426.1289,   357.8545,   337.3643,   246.3439,   229.3741,
         208.7369,   185.7855,   174.2583,   162.7787,   148.7477,
         140.0814,   122.6523,   119.3724,   105.6268,    95.5435,
          87.8857,    85.4817,    81.6512,    74.2907,    60.5545,
          59.3034,    55.2692])}",diff_mean_diff_covariance,2
MY-small_mu,32,polynomial,"{'degree': 2, 'gamma': 0.001607100176813045, 'coef0': 1.0}","polynomial(coef0=1.0, degree=2, gamma=0.001607100176813045)",0.6454545454545455,rbf,"{'C': 1.0, 'gamma': 'scale'}","{'thetas': array([      0.    ,       0.    ,       0.0004,       0.0009,
             0.0028,       0.003 ,       0.0045,       0.0051,
             0.0058,       0.0071,       0.0076,       0.0098,
             0.0114,       0.0124,       0.0131,       0.0166,
             0.0184,       0.02  ,       0.0223,       0.024 ,
             0.0263,       0.0311,       0.0329,       0.0351,
             0.0404,       0.0424,       0.0462,       0.0494,
             0.053 ,       0.0557,       0.0576, 1533347.3734]), 'lambdas': array([      0.    ,       0.    ,       0.0004,       0.0009,
             0.0028,       0.003 ,       0.0045,       0.0051,
             0.0058,       0.0071,       0.0076,       0.0098,
             0.0114,       0.0124,       0.0131,       0.0166,
             0.0184,       0.02  ,       0.0223,       0.024 ,
             0.0263,       0.0311,       0.0329,       0.0351,
             0.0404,       0.0424,       0.0462,       0.0494,
             0.053 ,       0.0557,       0.0576, 1533347.3734]), 'D_scores': array([260775.8216,  17650.1656,   1374.6146,    533.2115,    174.7994,
          165.629 ,    108.7122,     94.5735,     83.1448,     67.0815,
           63.0539,     48.1618,     41.1103,     37.6738,     35.476 ,
           27.6382,     24.6606,     22.5165,     20.0152,     18.4778,
           16.6937,     13.8519,     12.976 ,     12.0674,     10.2629,
            9.7222,      8.7822,      8.1143,      7.4574,      7.0274,
            6.7538,      6.6226])}",diff_mean_diff_covariance,2
MY-small_mu,32,sigmoid,"{'gamma': 0.001607100176813045, 'coef0': 0.0}","sigmoid(coef0=0.0, gamma=0.001607100176813045)",0.7363636363636363,rbf,"{'C': 1.0, 'gamma': 'scale'}","{'thetas': array([      0.0017,       0.0029,       0.0064,       0.0076,
             0.0111,       0.0138,       0.0164,       0.0204,
             0.0227,       0.03  ,       0.0364,       0.0485,
       7274519.8994, 6569787.2653, 5599599.1338,       0.0542,
       4681189.4853, 4092254.3804, 3662317.0926, 3436464.7257,
       3310413.3928, 2759426.8688, 2328494.5614, 2225585.9866,
       1996981.4671, 1803153.2531, 1695750.545 , 1593711.7497,
       1499305.6603, 1343310.4421, 1191408.5461, 1151649.7334]), 'lambdas': array([      0.0017,       0.0029,       0.0064,       0.0076,
             0.0111,       0.0138,       0.0164,       0.0204,
             0.0227,       0.03  ,       0.0364,       0.0485,
       7274519.8994, 6569787.2653, 5599599.1338,       0.0542,
       4681189.4853, 4092254.3804, 3662317.0926, 3436464.7257,
       3310413.3928, 2759426.8688, 2328494.5614, 2225585.9866,
       1996981.4671, 1803153.2531, 1695750.545 , 1593711.7497,
       1499305.6603, 1343310.4421, 1191408.5461, 1151649.7334]), 'D_scores': array([285.6469, 171.2706,  75.0394,  62.4657,  42.1475,  33.6044,
        27.9946,  22.04  ,  19.6583,  14.4293,  11.5809,   8.2943,
         7.3999,   7.349 ,   7.2692,   7.2629,   7.1795,   7.1123,
         7.0568,   7.025 ,   7.0063,   6.9153,   6.8305,   6.8078,
         6.7537,   6.7026,   6.6718,   6.6408,   6.6103,   6.5553,
         6.4954,   6.4784])}",diff_mean_diff_covariance,2
KFDA-1D,1,linear,{},linear,0.7090909090909091,rbf,"{'C': 2.0, 'gamma': 'scale'}","{'top_lambda': 4.956067148042438, 'd_norm': 116.87032021250725}",diff_mean_diff_covariance,3
KFDA-1D,1,rbf,{'gamma': 0.0015911107230262862},rbf(gamma=0.0015911107230262862),0.41818181818181815,rbf,"{'C': 2.0, 'gamma': 'scale'}","{'top_lambda': 29656.506811392155, 'd_norm': 0.15889166599169424}",diff_mean_diff_covariance,3
KFDA-1D,1,laplacian,{'gamma': 0.0015911107230262862},laplacian(gamma=0.0015911107230262862),0.4909090909090909,rbf,"{'C': 2.0, 'gamma': 'scale'}","{'top_lambda': 28174.149692711406, 'd_norm': 0.11509983298004822}",diff_mean_diff_covariance,3
KFDA-1D,1,polynomial,"{'degree': 2, 'gamma': 0.0015911107230262862, 'coef0': 1.0}","polynomial(coef0=1.0, degree=2, gamma=0.0015911107230262862)",0.4090909090909091,rbf,"{'C': 2.0, 'gamma': 0.5}","{'top_lambda': 18077.713755384008, 'd_norm': 0.5627305438712309}",diff_mean_diff_covariance,3
KFDA-1D,1,sigmoid,"{'gamma': 0.0015911107230262862, 'coef0': 0.0}","sigmoid(coef0=0.0, gamma=0.0015911107230262862)",0.6818181818181818,linear,{'C': 0.5},"{'top_lambda': 4.339306411535731, 'd_norm': 0.15426075618413101}",diff_mean_diff_covariance,3
MY-large_mu,1,linear,{},linear,0.6909090909090909,linear,{'C': 0.5},"{'thetas': array([0.]), 'lambdas': array([0.]), 'gvals': array([4.0508e+08])}",diff_mean_diff_covariance,3
MY-large_mu,1,rbf,{'gamma': 0.0015911107230262862},rbf(gamma=0.0015911107230262862),0.6,rbf,"{'C': 2.0, 'gamma': 0.5}","{'thetas': array([0.]), 'lambdas': array([0.]), 'gvals': array([881679.9682])}",diff_mean_diff_covariance,3
MY-large_mu,1,laplacian,{'gamma': 0.0015911107230262862},laplacian(gamma=0.0015911107230262862),0.6181818181818182,rbf,"{'C': 2.0, 'gamma': 'scale'}","{'thetas': array([0.]), 'lambdas': array([0.]), 'gvals': array([53215.8783])}",diff_mean_diff_covariance,3
MY-large_mu,1,polynomial,"{'degree': 2, 'gamma': 0.0015911107230262862, 'coef0': 1.0}","polynomial(coef0=1.0, degree=2, gamma=0.0015911107230262862)",0.6,rbf,"{'C': 2.0, 'gamma': 'scale'}","{'thetas': array([0.0008]), 'lambdas': array([0.0008]), 'gvals': array([603.9377])}",diff_mean_diff_covariance,3
MY-large_mu,1,sigmoid,"{'gamma': 0.0015911107230262862, 'coef0': 0.0}","sigmoid(coef0=0.0, gamma=0.0015911107230262862)",0.6727272727272727,linear,{'C': 0.5},"{'thetas': array([0.0038]), 'lambdas': array([0.0038]), 'gvals': array([127.5279])}",diff_mean_diff_covariance,3
MY-large_mu,2,linear,{},linear,0.6818181818181818,rbf,"{'C': 2.0, 'gamma': 'scale'}","{'thetas': array([0., 0.]), 'lambdas': array([0., 0.]), 'gvals': array([1.2145e+09, 8.0435e+08])}",diff_mean_diff_covariance,3
MY-large_mu,2,rbf,{'gamma': 0.0015911107230262862},rbf(gamma=0.0015911107230262862),0.5363636363636364,poly,"{'C': 2.0, 'gamma': 'scale', 'degree': 2, 'coef0': 1.0}","{'thetas': array([0., 0.]), 'lambdas': array([0., 0.]), 'gvals': array([14060.6566, 11641.575 ])}",diff_mean_diff_covariance,3
MY-large_mu,2,laplacian,{'gamma': 0.0015911107230262862},laplacian(gamma=0.0015911107230262862),0.5818181818181818,poly,"{'C': 0.5, 'gamma': 'scale', 'degree': 2, 'coef0': 1.0}","{'thetas': array([0.    , 0.0002]), 'lambdas': array([0.    , 0.0002]), 'gvals': array([31257.9407,  2968.6971])}",diff_mean_diff_covariance,3
MY-large_mu,2,polynomial,"{'degree': 2, 'gamma': 0.0015911107230262862, 'coef0': 1.0}","polynomial(coef0=1.0, degree=2, gamma=0.0015911107230262862)",0.5909090909090909,rbf,"{'C': 1.0, 'gamma': 'scale'}","{'thetas': array([0.0003, 0.0007]), 'lambdas': array([0.0003, 0.0007]), 'gvals': array([1510.4308,  673.7881])}",diff_mean_diff_covariance,3
MY-large_mu,2,sigmoid,"{'gamma': 0.0015911107230262862, 'coef0': 0.0}","sigmoid(coef0=0.0, gamma=0.0015911107230262862)",0.6636363636363637,rbf,"{'C': 1.0, 'gamma': 'scale'}","{'thetas': array([0.0039, 0.0055]), 'lambdas': array([0.0039, 0.0055]), 'gvals': array([125.3303,  87.2384])}",diff_mean_diff_covariance,3
MY-large_mu,3,linear,{},linear,0.7090909090909091,rbf,"{'C': 1.0, 'gamma': 0.5}","{'thetas': array([0., 0., 0.]), 'lambdas': array([0., 0., 0.]), 'gvals': array([1.7587e+09, 1.2083e+09, 1.2880e+08])}",diff_mean_diff_covariance,3
MY-large_mu,3,rbf,{'gamma': 0.0015911107230262862},rbf(gamma=0.0015911107230262862),0.6090909090909091,rbf,"{'C': 2.0, 'gamma': 0.5}","{'thetas': array([0.    , 0.0001, 0.0001]), 'lambdas': array([0.    , 0.0001, 0.0001]), 'gvals': array([16050.6867,  8064.1284,  6163.8378])}",diff_mean_diff_covariance,3
MY-large_mu,3,laplacian,{'gamma': 0.0015911107230262862},laplacian(gamma=0.0015911107230262862),0.5909090909090909,rbf,"{'C': 2.0, 'gamma': 0.5}","{'thetas': array([0.    , 0.0001, 0.0002]), 'lambdas': array([0.    , 0.0001, 0.0002]), 'gvals': array([14329.6953,  3334.9953,  2659.5329])}",diff_mean_diff_covariance,3
MY-large_mu,3,polynomial,"{'degree': 2, 'gamma': 0.0015911107230262862, 'coef0': 1.0}","polynomial(coef0=1.0, degree=2, gamma=0.0015911107230262862)",0.7090909090909091,rbf,"{'C': 2.0, 'gamma': 0.5}","{'thetas': array([0.0001, 0.0005, 0.0011]), 'lambdas': array([0.0001, 0.0005, 0.0011]), 'gvals': array([4627.3141, 1062.7899,  464.4739])}",diff_mean_diff_covariance,3
MY-large_mu,3,sigmoid,"{'gamma': 0.0015911107230262862, 'coef0': 0.0}","sigmoid(coef0=0.0, gamma=0.0015911107230262862)",0.7727272727272727,poly,"{'C': 1.0, 'gamma': 'scale', 'degree': 2, 'coef0': 1.0}","{'thetas': array([0.0043, 0.0049, 0.0141]), 'lambdas': array([0.0043, 0.0049, 0.0141]), 'gvals': array([114.2034,  99.8588,  32.845 ])}",diff_mean_diff_covariance,3
MY-large_mu,4,linear,{},linear,0.7181818181818181,rbf,"{'C': 1.0, 'gamma': 0.5}","{'thetas': array([0.    , 0.    , 0.    , 0.0001]), 'lambdas': array([0.    , 0.    , 0.    , 0.0001]), 'gvals': array([4.1797e+09, 4.0867e+08, 3.0323e+08, 6.0360e+03])}",diff_mean_diff_covariance,3
MY-large_mu,4,rbf,{'gamma': 0.0015911107230262862},rbf(gamma=0.0015911107230262862),0.5363636363636364,rbf,"{'C': 2.0, 'gamma': 0.5}","{'thetas': array([0.    , 0.0001, 0.0003, 0.0004]), 'lambdas': array([0.    , 0.0001, 0.0003, 0.0004]), 'gvals': array([18621.5035,  6928.2277,  1969.5387,  1411.5917])}",diff_mean_diff_covariance,3
MY-large_mu,4,laplacian,{'gamma': 0.0015911107230262862},laplacian(gamma=0.0015911107230262862),0.6090909090909091,rbf,"{'C': 2.0, 'gamma': 0.5}","{'thetas': array([0.    , 0.0001, 0.0001, 0.0002]), 'lambdas': array([0.    , 0.0001, 0.0001, 0.0002]), 'gvals': array([16936.5061,  4170.8839,  3726.9699,  2512.402 ])}",diff_mean_diff_covariance,3
MY-large_mu,4,polynomial,"{'degree': 2, 'gamma': 0.0015911107230262862, 'coef0': 1.0}","polynomial(coef0=1.0, degree=2, gamma=0.0015911107230262862)",0.5727272727272728,rbf,"{'C': 2.0, 'gamma': 0.5}","{'thetas': array([0.0002, 0.0003, 0.0009, 0.0014]), 'lambdas': array([0.0002, 0.0003, 0.0009, 0.0014]), 'gvals': array([2688.6653, 1701.4321,  550.2404,  341.1479])}",diff_mean_diff_covariance,3
MY-large_mu,4,sigmoid,"{'gamma': 0.0015911107230262862, 'coef0': 0.0}","sigmoid(coef0=0.0, gamma=0.0015911107230262862)",0.7181818181818181,rbf,"{'C': 1.0, 'gamma': 'scale'}","{'thetas': array([0.0004, 0.0035, 0.0055, 0.0085]), 'lambdas': array([0.0004, 0.0035, 0.0055, 0.0085]), 'gvals': array([1344.2665,  140.8033,   88.0891,   55.6103])}",diff_mean_diff_covariance,3
MY-large_mu,5,linear,{},linear,0.6818181818181818,rbf,"{'C': 0.5, 'gamma': 0.5}","{'thetas': array([0.    , 0.    , 0.    , 0.0019, 0.0025]), 'lambdas': array([0.    , 0.    , 0.    , 0.0019, 0.0025]), 'gvals': array([1.8502e+09, 5.6692e+08, 3.9698e+08, 2.5420e+02, 2.0035e+02])}",diff_mean_diff_covariance,3
MY-large_mu,5,rbf,{'gamma': 0.0015911107230262862},rbf(gamma=0.0015911107230262862),0.5454545454545454,rbf,"{'C': 1.0, 'gamma': 0.5}","{'thetas': array([0.    , 0.0001, 0.0001, 0.0002, 0.0002]), 'lambdas': array([0.    , 0.0001, 0.0001, 0.0002, 0.0002]), 'gvals': array([60704.3699,  7261.0029,  4354.9546,  3094.0601,  2203.6998])}",diff_mean_diff_covariance,3
MY-large_mu,5,laplacian,{'gamma': 0.0015911107230262862},laplacian(gamma=0.0015911107230262862),0.5181818181818182,rbf,"{'C': 0.5, 'gamma': 0.5}","{'thetas': array([0.0001, 0.0001, 0.0002, 0.0003, 0.0003]), 'lambdas': array([0.0001, 0.0001, 0.0002, 0.0003, 0.0003]), 'gvals': array([5817.3762, 3487.6848, 2855.1754, 1875.4464, 1848.2871])}",diff_mean_diff_covariance,3
MY-large_mu,5,polynomial,"{'degree': 2, 'gamma': 0.0015911107230262862, 'coef0': 1.0}","polynomial(coef0=1.0, degree=2, gamma=0.0015911107230262862)",0.6090909090909091,rbf,"{'C': 2.0, 'gamma': 0.5}","{'thetas': array([0.0001, 0.0002, 0.0005, 0.001 , 0.0017]), 'lambdas': array([0.0001, 0.0002, 0.0005, 0.001 , 0.0017]), 'gvals': array([3678.2806, 2092.5046, 1067.4611,  509.0611,  289.8186])}",diff_mean_diff_covariance,3
MY-large_mu,5,sigmoid,"{'gamma': 0.0015911107230262862, 'coef0': 0.0}","sigmoid(coef0=0.0, gamma=0.0015911107230262862)",0.7,rbf,"{'C': 0.5, 'gamma': 0.5}","{'thetas': array([0.0005, 0.0017, 0.0055, 0.01  , 0.0124]), 'lambdas': array([0.0005, 0.0017, 0.0055, 0.01  , 0.0124]), 'gvals': array([922.8161, 291.5427,  88.4944,  47.4244,  37.7505])}",diff_mean_diff_covariance,3
MY-large_mu,6,linear,{},linear,0.7363636363636363,rbf,"{'C': 2.0, 'gamma': 'scale'}","{'thetas': array([0., 0., 0., 0., 0., 0.]), 'lambdas': array([0., 0., 0., 0., 0., 0.]), 'gvals': array([1.1508e+09, 7.1806e+08, 5.5889e+08, 3.5336e+08, 1.8725e+08,
       2.9541e+04])}",diff_mean_diff_covariance,3
MY-large_mu,6,rbf,{'gamma': 0.0015911107230262862},rbf(gamma=0.0015911107230262862),0.5454545454545454,rbf,"{'C': 0.5, 'gamma': 0.5}","{'thetas': array([0.    , 0.    , 0.0001, 0.0002, 0.0003, 0.0004]), 'lambdas': array([0.    , 0.    , 0.0001, 0.0002, 0.0003, 0.0004]), 'gvals': array([61051.2054, 12013.9054,  4933.9393,  2174.2554,  1455.757 ,
        1376.1143])}",diff_mean_diff_covariance,3
MY-large_mu,6,laplacian,{'gamma': 0.0015911107230262862},laplacian(gamma=0.0015911107230262862),0.5818181818181818,rbf,"{'C': 2.0, 'gamma': 0.5}","{'thetas': array([0.    , 0.0001, 0.0001, 0.0002, 0.0004, 0.0005]), 'lambdas': array([0.    , 0.0001, 0.0001, 0.0002, 0.0004, 0.0005]), 'gvals': array([125931.2116,   6575.6569,   5235.3803,   2713.8167,   1338.02  ,
         1088.7889])}",diff_mean_diff_covariance,3
MY-large_mu,6,polynomial,"{'degree': 2, 'gamma': 0.0015911107230262862, 'coef0': 1.0}","polynomial(coef0=1.0, degree=2, gamma=0.0015911107230262862)",0.6181818181818182,rbf,"{'C': 1.0, 'gamma': 'scale'}","{'thetas': array([0.0008, 0.001 , 0.0017, 0.0022, 0.0034, 0.0049]), 'lambdas': array([0.0008, 0.001 , 0.0017, 0.0022, 0.0034, 0.0049]), 'gvals': array([606.1695, 513.7994, 286.0239, 226.458 , 142.9096,  99.4445])}",diff_mean_diff_covariance,3
MY-large_mu,6,sigmoid,"{'gamma': 0.0015911107230262862, 'coef0': 0.0}","sigmoid(coef0=0.0, gamma=0.0015911107230262862)",0.7363636363636363,rbf,"{'C': 0.5, 'gamma': 0.5}","{'thetas': array([0.0026, 0.0032, 0.0067, 0.009 , 0.0171, 0.0187]), 'lambdas': array([0.0026, 0.0032, 0.0067, 0.009 , 0.0171, 0.0187]), 'gvals': array([188.9868, 150.9721,  71.1621,  52.6793,  26.7404,  24.3069])}",diff_mean_diff_covariance,3
MY-large_mu,7,linear,{},linear,0.7363636363636363,rbf,"{'C': 1.0, 'gamma': 0.5}","{'thetas': array([0.    , 0.    , 0.    , 0.    , 0.    , 0.0014, 0.0022]), 'lambdas': array([0.    , 0.    , 0.    , 0.    , 0.    , 0.0014, 0.0022]), 'gvals': array([7.2242e+09, 1.0092e+09, 5.0561e+08, 2.5395e+08, 1.6874e+08,
       3.5500e+02, 2.2708e+02])}",diff_mean_diff_covariance,3
MY-large_mu,7,rbf,{'gamma': 0.0015911107230262862},rbf(gamma=0.0015911107230262862),0.6,rbf,"{'C': 2.0, 'gamma': 0.5}","{'thetas': array([0.    , 0.0001, 0.0002, 0.0002, 0.0003, 0.0004, 0.0005]), 'lambdas': array([0.    , 0.0001, 0.0002, 0.0002, 0.0003, 0.0004, 0.0005]), 'gvals': array([97964.6844,  7054.2915,  3309.2653,  2713.7199,  1436.3478,
        1247.2163,   909.3066])}",diff_mean_diff_covariance,3
MY-large_mu,7,laplacian,{'gamma': 0.0015911107230262862},laplacian(gamma=0.0015911107230262862),0.509090909090909,rbf,"{'C': 2.0, 'gamma': 0.5}","{'thetas': array([0.    , 0.0001, 0.0001, 0.0002, 0.0003, 0.0004, 0.0005]), 'lambdas': array([0.    , 0.0001, 0.0001, 0.0002, 0.0003, 0.0004, 0.0005]), 'gvals': array([34437.2645,  6926.0927,  4771.3672,  2167.6102,  1464.3354,
        1151.6799,   941.1605])}",diff_mean_diff_covariance,3
MY-large_mu,7,polynomial,"{'degree': 2, 'gamma': 0.0015911107230262862, 'coef0': 1.0}","polynomial(coef0=1.0, degree=2, gamma=0.0015911107230262862)",0.5363636363636364,rbf,"{'C': 0.5, 'gamma': 0.5}","{'thetas': array([0.0002, 0.0006, 0.0008, 0.0016, 0.0019, 0.0021, 0.0034]), 'lambdas': array([0.0002, 0.0006, 0.0008, 0.0016, 0.0019, 0.0021, 0.0034]), 'gvals': array([2062.7957,  884.577 ,  591.6473,  300.8843,  254.4947,  236.3952,
        143.9517])}",diff_mean_diff_covariance,3
MY-large_mu,7,sigmoid,"{'gamma': 0.0015911107230262862, 'coef0': 0.0}","sigmoid(coef0=0.0, gamma=0.0015911107230262862)",0.7,rbf,"{'C': 0.5, 'gamma': 'scale'}","{'thetas': array([0.0026, 0.0038, 0.0079, 0.0134, 0.0176, 0.0191, 0.0208]), 'lambdas': array([0.0026, 0.0038, 0.0079, 0.0134, 0.0176, 0.0191, 0.0208]), 'gvals': array([185.6324, 127.4763,  60.6316,  34.5807,  25.8636,  23.6848,
        21.6263])}",diff_mean_diff_covariance,3
MY-large_mu,8,linear,{},linear,0.7,rbf,"{'C': 0.5, 'gamma': 0.5}","{'thetas': array([0.    , 0.    , 0.    , 0.    , 0.0004, 0.0027, 0.004 , 0.006 ]), 'lambdas': array([0.    , 0.    , 0.    , 0.    , 0.0004, 0.0027, 0.004 , 0.006 ]), 'gvals': array([1.1768e+09, 1.0663e+09, 4.4177e+08, 4.2551e+08, 1.2051e+03,
       1.8420e+02, 1.2113e+02, 8.0327e+01])}",diff_mean_diff_covariance,3
MY-large_mu,8,rbf,{'gamma': 0.0015911107230262862},rbf(gamma=0.0015911107230262862),0.6363636363636364,rbf,"{'C': 2.0, 'gamma': 0.5}","{'thetas': array([0.    , 0.    , 0.0001, 0.0002, 0.0002, 0.0003, 0.0004, 0.0004]), 'lambdas': array([0.    , 0.    , 0.0001, 0.0002, 0.0002, 0.0003, 0.0004, 0.0004]), 'gvals': array([17227.854 , 12265.7032,  6375.0768,  2900.1779,  2526.3519,
        1927.9239,  1247.41  ,  1162.6913])}",diff_mean_diff_covariance,3
MY-large_mu,8,laplacian,{'gamma': 0.0015911107230262862},laplacian(gamma=0.0015911107230262862),0.5909090909090909,rbf,"{'C': 2.0, 'gamma': 0.5}","{'thetas': array([0.    , 0.0001, 0.0002, 0.0003, 0.0004, 0.0004, 0.0005, 0.0006]), 'lambdas': array([0.    , 0.0001, 0.0002, 0.0003, 0.0004, 0.0004, 0.0005, 0.0006]), 'gvals': array([12698.882 ,  7154.4394,  2821.8232,  1802.5323,  1324.1613,
        1237.9532,   923.8589,   771.6465])}",diff_mean_diff_covariance,3
MY-large_mu,8,polynomial,"{'degree': 2, 'gamma': 0.0015911107230262862, 'coef0': 1.0}","polynomial(coef0=1.0, degree=2, gamma=0.0015911107230262862)",0.6727272727272727,rbf,"{'C': 2.0, 'gamma': 0.5}","{'thetas': array([0.0003, 0.0006, 0.0011, 0.0018, 0.0022, 0.003 , 0.0043, 0.005 ]), 'lambdas': array([0.0003, 0.0006, 0.0011, 0.0018, 0.0022, 0.003 , 0.0043, 0.005 ]), 'gvals': array([1617.918 ,  821.1843,  454.9366,  272.239 ,  221.5781,  163.4421,
        112.6007,   96.7123])}",diff_mean_diff_covariance,3
MY-large_mu,8,sigmoid,"{'gamma': 0.0015911107230262862, 'coef0': 0.0}","sigmoid(coef0=0.0, gamma=0.0015911107230262862)",0.6909090909090909,rbf,"{'C': 0.5, 'gamma': 'scale'}","{'thetas': array([0.0018, 0.0043, 0.0075, 0.0137, 0.0183, 0.0201, 0.022 , 0.029 ]), 'lambdas': array([0.0018, 0.0043, 0.0075, 0.0137, 0.0183, 0.0201, 0.022 , 0.029 ]), 'gvals': array([274.6068, 114.2739,  63.3875,  33.8357,  24.853 ,  22.3789,
        20.369 ,  14.9462])}",diff_mean_diff_covariance,3
MY-large_mu,10,linear,{},linear,0.7636363636363637,rbf,"{'C': 1.0, 'gamma': 'scale'}","{'thetas': array([0.    , 0.    , 0.001 , 0.0026, 0.0039, 0.0053, 0.0068, 0.0095,
       0.0127, 0.015 ]), 'lambdas': array([0.    , 0.    , 0.001 , 0.0026, 0.0039, 0.0053, 0.0068, 0.0095,
       0.0127, 0.015 ]), 'gvals': array([9.3770e+08, 2.4863e+08, 4.7559e+02, 1.8909e+02, 1.2594e+02,
       9.0817e+01, 7.0295e+01, 4.9681e+01, 3.6560e+01, 3.0790e+01])}",diff_mean_diff_covariance,3
MY-large_mu,10,rbf,{'gamma': 0.0015911107230262862},rbf(gamma=0.0015911107230262862),0.6818181818181818,rbf,"{'C': 2.0, 'gamma': 0.5}","{'thetas': array([0.    , 0.    , 0.0001, 0.0001, 0.0001, 0.0002, 0.0004, 0.0004,
       0.0006, 0.0007]), 'lambdas': array([0.    , 0.    , 0.0001, 0.0001, 0.0001, 0.0002, 0.0004, 0.0004,
       0.0006, 0.0007]), 'gvals': array([228861.3036,  13039.4079,   8571.1022,   4896.8746,   3519.9795,
         2652.4134,   1375.9259,   1217.2752,    883.8126,    719.8366])}",diff_mean_diff_covariance,3
MY-large_mu,10,laplacian,{'gamma': 0.0015911107230262862},laplacian(gamma=0.0015911107230262862),0.5818181818181818,rbf,"{'C': 2.0, 'gamma': 0.5}","{'thetas': array([0.    , 0.0001, 0.0002, 0.0004, 0.0004, 0.0005, 0.0006, 0.0007,
       0.0007, 0.0009]), 'lambdas': array([0.    , 0.0001, 0.0002, 0.0004, 0.0004, 0.0005, 0.0006, 0.0007,
       0.0007, 0.0009]), 'gvals': array([10416.1524,  4137.0551,  2175.3743,  1359.6981,  1285.3231,
         937.0134,   831.5136,   696.96  ,   669.3565,   538.5113])}",diff_mean_diff_covariance,3
MY-large_mu,10,polynomial,"{'degree': 2, 'gamma': 0.0015911107230262862, 'coef0': 1.0}","polynomial(coef0=1.0, degree=2, gamma=0.0015911107230262862)",0.6909090909090909,rbf,"{'C': 1.0, 'gamma': 0.5}","{'thetas': array([0.0001, 0.0005, 0.0008, 0.0013, 0.002 , 0.0028, 0.0034, 0.0042,
       0.0054, 0.0058]), 'lambdas': array([0.0001, 0.0005, 0.0008, 0.0013, 0.002 , 0.0028, 0.0034, 0.0042,
       0.0054, 0.0058]), 'gvals': array([4228.6538, 1004.3602,  657.5735,  372.8595,  250.3696,  172.8618,
        144.2753,  114.8023,   90.1225,   83.011 ])}",diff_mean_diff_covariance,3
MY-large_mu,10,sigmoid,"{'gamma': 0.0015911107230262862, 'coef0': 0.0}","sigmoid(coef0=0.0, gamma=0.0015911107230262862)",0.7545454545454545,rbf,"{'C': 1.0, 'gamma': 'scale'}","{'thetas': array([0.0041, 0.0061, 0.0122, 0.0167, 0.0186, 0.0207, 0.0273, 0.0363,
       0.0466, 0.0516]), 'lambdas': array([0.0041, 0.0061, 0.0122, 0.0167, 0.0186, 0.0207, 0.0273, 0.0363,
       0.0466, 0.0516]), 'gvals': array([119.1747,  79.1399,  38.4271,  27.3186,  24.4194,  21.7404,
        16.018 ,  11.6095,   8.6942,   7.7059])}",diff_mean_diff_covariance,3
MY-large_mu,12,linear,{},linear,0.7363636363636363,rbf,"{'C': 0.5, 'gamma': 'scale'}","{'thetas': array([0.    , 0.    , 0.    , 0.    , 0.0006, 0.0012, 0.0019, 0.0046,
       0.0063, 0.0089, 0.0102, 0.0134]), 'lambdas': array([0.    , 0.    , 0.    , 0.    , 0.0006, 0.0012, 0.0019, 0.0046,
       0.0063, 0.0089, 0.0102, 0.0134]), 'gvals': array([1.2861e+09, 6.6479e+08, 5.1039e+08, 3.7574e+08, 8.3150e+02,
       4.2428e+02, 2.6660e+02, 1.0663e+02, 7.6656e+01, 5.3452e+01,
       4.6345e+01, 3.4671e+01])}",diff_mean_diff_covariance,3
MY-large_mu,12,rbf,{'gamma': 0.0015911107230262862},rbf(gamma=0.0015911107230262862),0.6272727272727273,rbf,"{'C': 2.0, 'gamma': 0.5}","{'thetas': array([0.    , 0.    , 0.0001, 0.0001, 0.0002, 0.0002, 0.0004, 0.0006,
       0.0006, 0.0008, 0.0011, 0.0013]), 'lambdas': array([0.    , 0.    , 0.0001, 0.0001, 0.0002, 0.0002, 0.0004, 0.0006,
       0.0006, 0.0008, 0.0011, 0.0013]), 'gvals': array([158153.7879,  12627.9365,   9090.0997,   3841.3079,   2814.9134,
         2448.4858,   1216.0159,    809.9884,    808.208 ,    614.9561,
          467.9161,    374.566 ])}",diff_mean_diff_covariance,3
MY-large_mu,12,laplacian,{'gamma': 0.0015911107230262862},laplacian(gamma=0.0015911107230262862),0.6454545454545455,rbf,"{'C': 2.0, 'gamma': 0.5}","{'thetas': array([0.    , 0.0001, 0.0002, 0.0003, 0.0003, 0.0005, 0.0006, 0.0007,
       0.0008, 0.0009, 0.0011, 0.0014]), 'lambdas': array([0.    , 0.0001, 0.0002, 0.0003, 0.0003, 0.0005, 0.0006, 0.0007,
       0.0008, 0.0009, 0.0011, 0.0014]), 'gvals': array([13655.9619,  4476.3227,  2210.8105,  1967.3767,  1623.5521,
        1086.9621,   855.9098,   750.2316,   650.3206,   535.8389,
         445.7348,   357.0829])}",diff_mean_diff_covariance,3
MY-large_mu,12,polynomial,"{'degree': 2, 'gamma': 0.0015911107230262862, 'coef0': 1.0}","polynomial(coef0=1.0, degree=2, gamma=0.0015911107230262862)",0.6545454545454545,rbf,"{'C': 0.5, 'gamma': 0.5}","{'thetas': array([0.    , 0.0003, 0.0012, 0.0014, 0.0016, 0.002 , 0.0034, 0.0043,
       0.0048, 0.006 , 0.0077, 0.0085]), 'lambdas': array([0.    , 0.0003, 0.0012, 0.0014, 0.0016, 0.002 , 0.0034, 0.0043,
       0.0048, 0.006 , 0.0077, 0.0085]), 'gvals': array([37818.8362,  1952.0421,   428.2127,   357.6077,   307.2467,
         249.3662,   143.8663,   114.0618,   100.9848,    80.0145,
          62.117 ,    55.9224])}",diff_mean_diff_covariance,3
MY-large_mu,12,sigmoid,"{'gamma': 0.0015911107230262862, 'coef0': 0.0}","sigmoid(coef0=0.0, gamma=0.0015911107230262862)",0.7818181818181819,rbf,"{'C': 0.5, 'gamma': 'scale'}","{'thetas': array([      0.0002,       0.0016,       0.0084,       0.0101,
             0.0125,       0.0152,       0.0204,       0.0248,
             0.0364,       0.0452,       0.051 , 7820138.7793]), 'lambdas': array([      0.0002,       0.0016,       0.0084,       0.0101,
             0.0125,       0.0152,       0.0204,       0.0248,
             0.0364,       0.0452,       0.051 , 7820138.7793]), 'gvals': array([2149.8547,  300.2808,   56.6802,   46.8337,   37.324 ,   30.2526,
         22.0325,   17.786 ,   11.5732,    9.0247,    7.8207,    7.4361])}",diff_mean_diff_covariance,3
MY-large_mu,14,linear,{},linear,0.7363636363636363,rbf,"{'C': 1.0, 'gamma': 'scale'}","{'thetas': array([0.    , 0.    , 0.0001, 0.0009, 0.0013, 0.0028, 0.0034, 0.0051,
       0.0089, 0.0105, 0.0121, 0.0141, 0.0167, 0.0181]), 'lambdas': array([0.    , 0.    , 0.0001, 0.0009, 0.0013, 0.0028, 0.0034, 0.0051,
       0.0089, 0.0105, 0.0121, 0.0141, 0.0167, 0.0181]), 'gvals': array([3.3254e+09, 7.2361e+08, 6.2309e+03, 5.7543e+02, 3.7205e+02,
       1.7222e+02, 1.4205e+02, 9.4513e+01, 5.3277e+01, 4.4724e+01,
       3.8666e+01, 3.2815e+01, 2.7343e+01, 2.5085e+01])}",diff_mean_diff_covariance,3
MY-large_mu,14,rbf,{'gamma': 0.0015911107230262862},rbf(gamma=0.0015911107230262862),0.6545454545454545,rbf,"{'C': 2.0, 'gamma': 0.5}","{'thetas': array([0.    , 0.    , 0.0001, 0.0001, 0.0003, 0.0003, 0.0004, 0.0005,
       0.0006, 0.0009, 0.0009, 0.0011, 0.0014, 0.0015]), 'lambdas': array([0.    , 0.    , 0.0001, 0.0001, 0.0003, 0.0003, 0.0004, 0.0005,
       0.0006, 0.0009, 0.0009, 0.0011, 0.0014, 0.0015]), 'gvals': array([27375.9732, 12709.7492,  5489.9112,  4304.6671,  1970.5088,
        1682.5157,  1359.2803,  1065.0356,   772.4747,   578.3651,
         540.8364,   451.3971,   356.2791,   320.05  ])}",diff_mean_diff_covariance,3
MY-large_mu,14,laplacian,{'gamma': 0.0015911107230262862},laplacian(gamma=0.0015911107230262862),0.6454545454545455,rbf,"{'C': 2.0, 'gamma': 0.5}","{'thetas': array([0.0001, 0.0001, 0.0002, 0.0003, 0.0005, 0.0005, 0.0006, 0.0007,
       0.001 , 0.0011, 0.0013, 0.0014, 0.0016, 0.0019]), 'lambdas': array([0.0001, 0.0001, 0.0002, 0.0003, 0.0005, 0.0005, 0.0006, 0.0007,
       0.001 , 0.0011, 0.0013, 0.0014, 0.0016, 0.0019]), 'gvals': array([8788.2446, 4252.2646, 2287.0187, 1818.4603, 1057.8026,  997.9805,
        869.5748,  693.7935,  508.1472,  438.7132,  387.0846,  347.7422,
        299.6464,  254.0796])}",diff_mean_diff_covariance,3
MY-large_mu,14,polynomial,"{'degree': 2, 'gamma': 0.0015911107230262862, 'coef0': 1.0}","polynomial(coef0=1.0, degree=2, gamma=0.0015911107230262862)",0.6636363636363637,rbf,"{'C': 0.5, 'gamma': 0.5}","{'thetas': array([0.0002, 0.0007, 0.0013, 0.0016, 0.0025, 0.0027, 0.0035, 0.0061,
       0.0062, 0.0066, 0.0088, 0.0092, 0.0097, 0.0111]), 'lambdas': array([0.0002, 0.0007, 0.0013, 0.0016, 0.0025, 0.0027, 0.0035, 0.0061,
       0.0062, 0.0066, 0.0088, 0.0092, 0.0097, 0.0111]), 'gvals': array([2845.8272,  738.6285,  373.1506,  313.9966,  195.9149,  181.6805,
        138.4882,   79.4313,   77.7119,   72.2029,   54.0224,   51.3862,
         48.7517,   42.2004])}",diff_mean_diff_covariance,3
MY-large_mu,14,sigmoid,"{'gamma': 0.0015911107230262862, 'coef0': 0.0}","sigmoid(coef0=0.0, gamma=0.0015911107230262862)",0.7909090909090909,rbf,"{'C': 1.0, 'gamma': 'scale'}","{'thetas': array([      0.002 ,       0.0039,       0.0108,       0.0124,
             0.0133,       0.0179,       0.0202,       0.0243,
             0.0311,       0.0375,       0.0444,       0.0506,
       6378142.7313, 5233605.0152]), 'lambdas': array([      0.002 ,       0.0039,       0.0108,       0.0124,
             0.0133,       0.0179,       0.0202,       0.0243,
             0.0311,       0.0375,       0.0444,       0.0506,
       6378142.7313, 5233605.0152]), 'gvals': array([248.7194, 124.0381,  43.3731,  37.7792,  34.8188,  25.4761,
        22.3136,  18.2317,  13.8362,  11.208 ,   9.1972,   7.8909,
         7.3342,   7.2353])}",diff_mean_diff_covariance,3
MY-large_mu,16,linear,{},linear,0.7,rbf,"{'C': 0.5, 'gamma': 'scale'}","{'thetas': array([0.    , 0.    , 0.    , 0.    , 0.    , 0.0001, 0.0017, 0.0025,
       0.0052, 0.0067, 0.0079, 0.0095, 0.0165, 0.0192, 0.0216, 0.0238]), 'lambdas': array([0.    , 0.    , 0.    , 0.    , 0.    , 0.0001, 0.0017, 0.0025,
       0.0052, 0.0067, 0.0079, 0.0095, 0.0165, 0.0192, 0.0216, 0.0238]), 'gvals': array([2.2402e+09, 6.9658e+08, 4.9758e+08, 3.2328e+08, 2.0321e+08,
       3.6106e+03, 2.8860e+02, 1.9273e+02, 9.2988e+01, 7.1567e+01,
       6.0216e+01, 4.9712e+01, 2.7782e+01, 2.3539e+01, 2.0698e+01,
       1.8614e+01])}",diff_mean_diff_covariance,3
MY-large_mu,16,rbf,{'gamma': 0.0015911107230262862},rbf(gamma=0.0015911107230262862),0.7181818181818181,rbf,"{'C': 2.0, 'gamma': 0.5}","{'thetas': array([0.    , 0.    , 0.0001, 0.0001, 0.0001, 0.0001, 0.0003, 0.0004,
       0.0004, 0.0007, 0.0008, 0.001 , 0.0013, 0.0016, 0.0019, 0.0021]), 'lambdas': array([0.    , 0.    , 0.0001, 0.0001, 0.0001, 0.0001, 0.0003, 0.0004,
       0.0004, 0.0007, 0.0008, 0.001 , 0.0013, 0.0016, 0.0019, 0.0021]), 'gvals': array([22949.6094, 16901.822 ,  9782.3539,  5703.0229,  4785.0238,
        3366.059 ,  1962.8267,  1306.5996,  1119.5642,   733.9789,
         638.1916,   516.877 ,   392.105 ,   317.6888,   254.8805,
         231.3638])}",diff_mean_diff_covariance,3
MY-large_mu,16,laplacian,{'gamma': 0.0015911107230262862},laplacian(gamma=0.0015911107230262862),0.6363636363636364,rbf,"{'C': 2.0, 'gamma': 0.5}","{'thetas': array([0.    , 0.0001, 0.0002, 0.0002, 0.0003, 0.0006, 0.0006, 0.0007,
       0.0008, 0.0011, 0.0012, 0.0013, 0.0016, 0.0018, 0.002 , 0.0027]), 'lambdas': array([0.    , 0.0001, 0.0002, 0.0002, 0.0003, 0.0006, 0.0006, 0.0007,
       0.0008, 0.0011, 0.0012, 0.0013, 0.0016, 0.0018, 0.002 , 0.0027]), 'gvals': array([26539.7639,  4908.3527,  2717.8975,  2125.4898,  1799.5804,
         871.8875,   799.7851,   690.546 ,   623.5313,   465.5819,
         402.7746,   381.7362,   311.5885,   275.3214,   244.252 ,
         181.7639])}",diff_mean_diff_covariance,3
MY-large_mu,16,polynomial,"{'degree': 2, 'gamma': 0.0015911107230262862, 'coef0': 1.0}","polynomial(coef0=1.0, degree=2, gamma=0.0015911107230262862)",0.7,rbf,"{'C': 2.0, 'gamma': 0.5}","{'thetas': array([0.0002, 0.0004, 0.0006, 0.0011, 0.0015, 0.0023, 0.0033, 0.0045,
       0.0058, 0.0062, 0.0085, 0.0095, 0.0102, 0.0132, 0.0138, 0.0147]), 'lambdas': array([0.0002, 0.0004, 0.0006, 0.0011, 0.0015, 0.0023, 0.0033, 0.0045,
       0.0058, 0.0062, 0.0085, 0.0095, 0.0102, 0.0132, 0.0138, 0.0147]), 'gvals': array([2548.1122, 1326.0224,  768.9019,  458.8365,  327.5799,  212.4188,
        147.5341,  109.0015,   82.909 ,   77.2684,   56.2005,   49.531 ,
         46.2374,   35.1895,   33.4936,   31.452 ])}",diff_mean_diff_covariance,3
MY-large_mu,16,sigmoid,"{'gamma': 0.0015911107230262862, 'coef0': 0.0}","sigmoid(coef0=0.0, gamma=0.0015911107230262862)",0.7181818181818181,rbf,"{'C': 2.0, 'gamma': 'scale'}","{'thetas': array([      0.0018,       0.0041,       0.0081,       0.011 ,
             0.0156,       0.0185,       0.0253,       0.0319,
             0.0353,       0.0409,       0.043 , 8853915.3333,
       5901689.7568, 5735798.9848, 5455685.3596, 4474997.6151]), 'lambdas': array([      0.0018,       0.0041,       0.0081,       0.011 ,
             0.0156,       0.0185,       0.0253,       0.0319,
             0.0353,       0.0409,       0.043 , 8853915.3333,
       5901689.7568, 5735798.9848, 5455685.3596, 4474997.6151]), 'gvals': array([273.1255, 117.5719,  58.6793,  42.7449,  29.4359,  24.4609,
        17.391 ,  13.4465,  12.0049,  10.1239,   9.5607,   7.4982,
         7.2954,   7.2811,   7.2561,   7.157 ])}",diff_mean_diff_covariance,3
MY-large_mu,20,linear,{},linear,0.7727272727272727,rbf,"{'C': 1.0, 'gamma': 'scale'}","{'thetas': array([0.    , 0.    , 0.    , 0.0003, 0.0011, 0.0026, 0.0032, 0.0042,
       0.0054, 0.0066, 0.0106, 0.014 , 0.0146, 0.0154, 0.0197, 0.0228,
       0.0247, 0.03  , 0.0325, 0.0362]), 'lambdas': array([0.    , 0.    , 0.    , 0.0003, 0.0011, 0.0026, 0.0032, 0.0042,
       0.0054, 0.0066, 0.0106, 0.014 , 0.0146, 0.0154, 0.0197, 0.0228,
       0.0247, 0.03  , 0.0325, 0.0362]), 'gvals': array([4.0024e+08, 3.0506e+08, 2.5456e+08, 1.5247e+03, 4.5731e+02,
       1.9014e+02, 1.5219e+02, 1.1549e+02, 8.9370e+01, 7.2923e+01,
       4.4575e+01, 3.3107e+01, 3.1677e+01, 2.9980e+01, 2.2921e+01,
       1.9582e+01, 1.7876e+01, 1.4436e+01, 1.3189e+01, 1.1657e+01])}",diff_mean_diff_covariance,3
MY-large_mu,20,rbf,{'gamma': 0.0015911107230262862},rbf(gamma=0.0015911107230262862),0.6818181818181818,rbf,"{'C': 2.0, 'gamma': 0.5}","{'thetas': array([0.    , 0.    , 0.    , 0.0001, 0.0001, 0.0003, 0.0005, 0.0005,
       0.0006, 0.0007, 0.0009, 0.0009, 0.0012, 0.0012, 0.0018, 0.0022,
       0.0024, 0.0027, 0.0028, 0.0031]), 'lambdas': array([0.    , 0.    , 0.    , 0.0001, 0.0001, 0.0003, 0.0005, 0.0005,
       0.0006, 0.0007, 0.0009, 0.0009, 0.0012, 0.0012, 0.0018, 0.0022,
       0.0024, 0.0027, 0.0028, 0.0031]), 'gvals': array([58159.7761, 16506.8886, 11100.3279,  4715.6998,  3896.3385,
        1771.6613,  1068.6814,   972.3912,   780.9223,   687.4186,
         577.5723,   543.6564,   416.8714,   400.8946,   269.542 ,
         219.6401,   205.9045,   179.2692,   174.9552,   159.1371])}",diff_mean_diff_covariance,3
MY-large_mu,20,laplacian,{'gamma': 0.0015911107230262862},laplacian(gamma=0.0015911107230262862),0.6272727272727273,rbf,"{'C': 0.5, 'gamma': 0.5}","{'thetas': array([0.0001, 0.0001, 0.0002, 0.0002, 0.0003, 0.0004, 0.0006, 0.0007,
       0.0009, 0.001 , 0.0012, 0.0012, 0.0014, 0.0015, 0.0016, 0.0018,
       0.0022, 0.0023, 0.0024, 0.0027]), 'lambdas': array([0.0001, 0.0001, 0.0002, 0.0002, 0.0003, 0.0004, 0.0006, 0.0007,
       0.0009, 0.001 , 0.0012, 0.0012, 0.0014, 0.0015, 0.0016, 0.0018,
       0.0022, 0.0023, 0.0024, 0.0027]), 'gvals': array([8638.5204, 3911.0141, 3082.5063, 2102.8092, 1573.6596, 1321.8782,
        840.6333,  713.8815,  578.6771,  480.0417,  410.3939,  399.174 ,
        352.4528,  325.6277,  300.5677,  275.7165,  219.7507,  214.2051,
        205.468 ,  180.5656])}",diff_mean_diff_covariance,3
MY-large_mu,20,polynomial,"{'degree': 2, 'gamma': 0.0015911107230262862, 'coef0': 1.0}","polynomial(coef0=1.0, degree=2, gamma=0.0015911107230262862)",0.6636363636363637,rbf,"{'C': 2.0, 'gamma': 0.5}","{'thetas': array([0.0001, 0.0005, 0.001 , 0.0017, 0.0019, 0.0023, 0.0029, 0.0031,
       0.004 , 0.0053, 0.0069, 0.0088, 0.0097, 0.0104, 0.0129, 0.0136,
       0.0155, 0.0167, 0.0181, 0.019 ]), 'lambdas': array([0.0001, 0.0005, 0.001 , 0.0017, 0.0019, 0.0023, 0.0029, 0.0031,
       0.004 , 0.0053, 0.0069, 0.0088, 0.0097, 0.0104, 0.0129, 0.0136,
       0.0155, 0.0167, 0.0181, 0.019 ]), 'gvals': array([3886.7833,  951.2408,  500.585 ,  295.1909,  255.8364,  210.4484,
        167.7401,  157.3971,  120.4707,   90.8426,   69.5729,   53.8999,
         48.8188,   45.0787,   36.164 ,   34.1574,   29.6913,   27.4471,
         25.1356,   23.8394])}",diff_mean_diff_covariance,3
MY-large_mu,20,sigmoid,"{'gamma': 0.0015911107230262862, 'coef0': 0.0}","sigmoid(coef0=0.0, gamma=0.0015911107230262862)",0.7727272727272727,poly,"{'C': 2.0, 'gamma': 'scale', 'degree': 2, 'coef0': 1.0}","{'thetas': array([      0.0004,       0.0037,       0.007 ,       0.0123,
             0.0143,       0.0209,       0.023 ,       0.0251,
             0.0317,       0.0372,       0.0413,       0.0494,
             0.0521, 6211468.5387, 5753987.7036, 5028303.3884,
       4698411.3216, 4425834.2337, 4050745.8325, 3387599.573 ]), 'lambdas': array([      0.0004,       0.0037,       0.007 ,       0.0123,
             0.0143,       0.0209,       0.023 ,       0.0251,
             0.0317,       0.0372,       0.0413,       0.0494,
             0.0521, 6211468.5387, 5753987.7036, 5028303.3884,
       4698411.3216, 4425834.2337, 4050745.8325, 3387599.573 ]), 'gvals': array([1118.314 ,  133.3235,   68.0705,   37.8345,   32.3388,   21.4973,
         19.3716,   17.5926,   13.5541,   11.3091,   10.0133,    8.1088,
          7.6111,    7.321 ,    7.2827,    7.2153,    7.1814,    7.1515,
          7.1072,    7.0178])}",diff_mean_diff_covariance,3
MY-large_mu,24,linear,{},linear,0.7818181818181819,rbf,"{'C': 2.0, 'gamma': 'scale'}","{'thetas': array([      0.    ,       0.    ,       0.    ,       0.    ,
             0.    ,       0.0002,       0.001 ,       0.0025,
             0.0028,       0.006 ,       0.0084,       0.0098,
             0.015 ,       0.0179,       0.0191,       0.0211,
             0.0226,       0.0267,       0.0277,       0.0336,
             0.0383,       0.0398,       0.0452, 8798793.405 ]), 'lambdas': array([      0.    ,       0.    ,       0.    ,       0.    ,
             0.    ,       0.0002,       0.001 ,       0.0025,
             0.0028,       0.006 ,       0.0084,       0.0098,
             0.015 ,       0.0179,       0.0191,       0.0211,
             0.0226,       0.0267,       0.0277,       0.0336,
             0.0383,       0.0398,       0.0452, 8798793.405 ]), 'gvals': array([5.2818e+08, 3.3557e+08, 2.7962e+08, 2.6623e+08, 2.1044e+08,
       2.5077e+03, 4.9084e+02, 1.9385e+02, 1.7208e+02, 8.0797e+01,
       5.6384e+01, 4.7990e+01, 3.0688e+01, 2.5436e+01, 2.3764e+01,
       2.1225e+01, 1.9755e+01, 1.6406e+01, 1.5750e+01, 1.2705e+01,
       1.0928e+01, 1.0465e+01, 9.0187e+00, 7.4951e+00])}",diff_mean_diff_covariance,3
MY-large_mu,24,rbf,{'gamma': 0.0015911107230262862},rbf(gamma=0.0015911107230262862),0.7363636363636363,rbf,"{'C': 2.0, 'gamma': 0.5}","{'thetas': array([0.    , 0.0001, 0.0001, 0.0001, 0.0002, 0.0002, 0.0003, 0.0004,
       0.0006, 0.0007, 0.0009, 0.0012, 0.0015, 0.0016, 0.0018, 0.0023,
       0.0024, 0.0026, 0.0031, 0.0036, 0.0038, 0.0041, 0.0042, 0.0051]), 'lambdas': array([0.    , 0.0001, 0.0001, 0.0001, 0.0002, 0.0002, 0.0003, 0.0004,
       0.0006, 0.0007, 0.0009, 0.0012, 0.0015, 0.0016, 0.0018, 0.0023,
       0.0024, 0.0026, 0.0031, 0.0036, 0.0038, 0.0041, 0.0042, 0.0051]), 'gvals': array([18575.8371,  6994.6211,  4699.3106,  4578.5424,  2825.4772,
        2145.9154,  1622.0871,  1387.1193,   895.2853,   700.0684,
         531.1951,   411.2305,   338.1975,   308.7326,   268.5676,
         212.1697,   204.1712,   187.9785,   157.2513,   135.0168,
         128.0768,   117.2587,   115.7906,    95.4567])}",diff_mean_diff_covariance,3
MY-large_mu,24,laplacian,{'gamma': 0.0015911107230262862},laplacian(gamma=0.0015911107230262862),0.6272727272727273,rbf,"{'C': 2.0, 'gamma': 0.5}","{'thetas': array([0.    , 0.0001, 0.0002, 0.0003, 0.0003, 0.0004, 0.0007, 0.0007,
       0.0009, 0.001 , 0.0011, 0.0013, 0.0013, 0.0016, 0.0019, 0.0021,
       0.0023, 0.0024, 0.0029, 0.003 , 0.0033, 0.0035, 0.0038, 0.0043]), 'lambdas': array([0.    , 0.0001, 0.0002, 0.0003, 0.0003, 0.0004, 0.0007, 0.0007,
       0.0009, 0.001 , 0.0011, 0.0013, 0.0013, 0.0016, 0.0019, 0.0021,
       0.0023, 0.0024, 0.0029, 0.003 , 0.0033, 0.0035, 0.0038, 0.0043]), 'gvals': array([18608.5833,  4936.1699,  3046.5424,  1981.5603,  1587.6257,
        1118.1352,   729.6484,   680.2488,   570.2553,   511.9853,
         446.3291,   381.8656,   375.9109,   302.8257,   262.9314,
         233.8706,   215.2368,   205.5803,   167.8911,   162.062 ,
         148.9985,   138.0404,   126.897 ,   111.8735])}",diff_mean_diff_covariance,3
MY-large_mu,24,polynomial,"{'degree': 2, 'gamma': 0.0015911107230262862, 'coef0': 1.0}","polynomial(coef0=1.0, degree=2, gamma=0.0015911107230262862)",0.6454545454545455,rbf,"{'C': 1.0, 'gamma': 'scale'}","{'thetas': array([0.0002, 0.0004, 0.0008, 0.0014, 0.0017, 0.002 , 0.0033, 0.0038,
       0.0048, 0.0073, 0.0082, 0.0091, 0.0096, 0.0103, 0.0136, 0.0143,
       0.0154, 0.0163, 0.0192, 0.0215, 0.0226, 0.0273, 0.0294, 0.0313]), 'lambdas': array([0.0002, 0.0004, 0.0008, 0.0014, 0.0017, 0.002 , 0.0033, 0.0038,
       0.0048, 0.0073, 0.0082, 0.0091, 0.0096, 0.0103, 0.0136, 0.0143,
       0.0154, 0.0163, 0.0192, 0.0215, 0.0226, 0.0273, 0.0294, 0.0313]), 'gvals': array([2249.0153, 1155.1633,  608.276 ,  349.2527,  286.3499,  246.1079,
        146.6782,  126.7807,  100.372 ,   65.4869,   58.1699,   51.8475,
         49.3599,   45.7532,   34.1209,   32.4178,   29.8273,   28.1008,
         23.5563,   20.8702,   19.7035,   16.0292,   14.7586,   13.7395])}",diff_mean_diff_covariance,3
MY-large_mu,24,sigmoid,"{'gamma': 0.0015911107230262862, 'coef0': 0.0}","sigmoid(coef0=0.0, gamma=0.0015911107230262862)",0.7272727272727273,rbf,"{'C': 2.0, 'gamma': 'scale'}","{'thetas': array([      0.0017,       0.0061,       0.007 ,       0.0091,
             0.0192,       0.0232,       0.0254,       0.028 ,
             0.0299,       0.0344,       0.0404,       0.0491,
       8438023.4907, 7091460.0453, 5711567.9441,       0.0548,
       4571180.115 , 4411211.687 , 3929423.3863, 3616602.8156,
       3352346.9175, 2904645.1078, 2584712.8442, 2328466.9789]), 'lambdas': array([      0.0017,       0.0061,       0.007 ,       0.0091,
             0.0192,       0.0232,       0.0254,       0.028 ,
             0.0299,       0.0344,       0.0404,       0.0491,
       8438023.4907, 7091460.0453, 5711567.9441,       0.0548,
       4571180.115 , 4411211.687 , 3929423.3863, 3616602.8156,
       3352346.9175, 2904645.1078, 2584712.8442, 2328466.9789]), 'gvals': array([295.4619,  78.6327,  68.4392,  51.9108,  23.585 ,  19.2024,
        17.3442,  15.5586,  14.4612,  12.3329,  10.2742,   8.1821,
         7.4741,   7.3872,   7.279 ,   7.1718,   7.1676,   7.1498,
         7.092 ,   7.0505,   7.0126,   6.9409,   6.8826,   6.8304])}",diff_mean_diff_covariance,3
MY-large_mu,28,linear,{},linear,0.7727272727272727,rbf,"{'C': 2.0, 'gamma': 'scale'}","{'thetas': array([      0.    ,       0.    ,       0.    ,       0.0012,
             0.0018,       0.0037,       0.0051,       0.009 ,
             0.011 ,       0.0128,       0.0132,       0.0178,
             0.0206,       0.0228,       0.0263,       0.029 ,
             0.0316,       0.038 ,       0.0404,       0.0495,
             0.0523, 7342056.5071, 6578236.5216, 5783037.0823,
       4995764.9957,       0.0549, 3974609.8714, 3619421.916 ]), 'lambdas': array([      0.    ,       0.    ,       0.    ,       0.0012,
             0.0018,       0.0037,       0.0051,       0.009 ,
             0.011 ,       0.0128,       0.0132,       0.0178,
             0.0206,       0.0228,       0.0263,       0.029 ,
             0.0316,       0.038 ,       0.0404,       0.0495,
             0.0523, 7342056.5071, 6578236.5216, 5783037.0823,
       4995764.9957,       0.0549, 3974609.8714, 3619421.916 ]), 'gvals': array([1.8089e+09, 1.3275e+09, 4.8283e+08, 4.1513e+02, 2.7505e+02,
       1.3197e+02, 9.4188e+01, 5.2879e+01, 4.2565e+01, 3.6246e+01,
       3.5164e+01, 2.5641e+01, 2.1783e+01, 1.9543e+01, 1.6659e+01,
       1.4985e+01, 1.3602e+01, 1.1018e+01, 1.0269e+01, 8.0906e+00,
       7.5817e+00, 7.4046e+00, 7.3496e+00, 7.2852e+00, 7.2121e+00,
       7.1491e+00, 7.0977e+00, 7.0509e+00])}",diff_mean_diff_covariance,3
MY-large_mu,28,rbf,{'gamma': 0.0015911107230262862},rbf(gamma=0.0015911107230262862),0.7,rbf,"{'C': 2.0, 'gamma': 0.5}","{'thetas': array([0.    , 0.    , 0.0001, 0.0001, 0.0002, 0.0002, 0.0003, 0.0004,
       0.0005, 0.0006, 0.001 , 0.0011, 0.0013, 0.0014, 0.0019, 0.0019,
       0.0023, 0.0024, 0.0026, 0.0028, 0.0032, 0.0035, 0.0042, 0.0042,
       0.0046, 0.0051, 0.0059, 0.0061]), 'lambdas': array([0.    , 0.    , 0.0001, 0.0001, 0.0002, 0.0002, 0.0003, 0.0004,
       0.0005, 0.0006, 0.001 , 0.0011, 0.0013, 0.0014, 0.0019, 0.0019,
       0.0023, 0.0024, 0.0026, 0.0028, 0.0032, 0.0035, 0.0042, 0.0042,
       0.0046, 0.0051, 0.0059, 0.0061]), 'gvals': array([86409.8508, 57549.3874,  6682.8948,  3889.6941,  2808.6472,
        2469.5127,  1548.4903,  1224.7593,   953.1811,   773.5754,
         519.7278,   455.92  ,   390.0476,   355.3249,   265.6438,
         257.5756,   218.5227,   204.0706,   187.019 ,   175.6346,
         153.4344,   139.125 ,   116.4397,   114.7774,   105.0128,
          94.4966,    82.2512,    78.4587])}",diff_mean_diff_covariance,3
MY-large_mu,28,laplacian,{'gamma': 0.0015911107230262862},laplacian(gamma=0.0015911107230262862),0.7,rbf,"{'C': 1.0, 'gamma': 0.5}","{'thetas': array([0.    , 0.0001, 0.0002, 0.0003, 0.0003, 0.0004, 0.0005, 0.0006,
       0.0007, 0.0008, 0.0009, 0.0011, 0.0012, 0.0014, 0.0016, 0.0018,
       0.0021, 0.0021, 0.0024, 0.0028, 0.0035, 0.0037, 0.0039, 0.0044,
       0.0046, 0.0049, 0.0055, 0.0058]), 'lambdas': array([0.    , 0.0001, 0.0002, 0.0003, 0.0003, 0.0004, 0.0005, 0.0006,
       0.0007, 0.0008, 0.0009, 0.0011, 0.0012, 0.0014, 0.0016, 0.0018,
       0.0021, 0.0021, 0.0024, 0.0028, 0.0035, 0.0037, 0.0039, 0.0044,
       0.0046, 0.0049, 0.0055, 0.0058]), 'gvals': array([42408.0066,  3808.1473,  2532.672 ,  1807.1701,  1547.146 ,
        1252.0917,  1076.4403,   870.7066,   704.3885,   648.0838,
         572.938 ,   436.7769,   402.9507,   347.8131,   318.2277,
         269.0078,   231.6955,   229.1368,   202.5058,   173.4596,
         138.285 ,   133.5847,   124.2776,   110.4628,   106.1015,
          99.2069,    88.1939,    82.8911])}",diff_mean_diff_covariance,3
MY-large_mu,28,polynomial,"{'degree': 2, 'gamma': 0.0015911107230262862, 'coef0': 1.0}","polynomial(coef0=1.0, degree=2, gamma=0.0015911107230262862)",0.7090909090909091,rbf,"{'C': 2.0, 'gamma': 'scale'}","{'thetas': array([0.0002, 0.0007, 0.0012, 0.0021, 0.0023, 0.004 , 0.0044, 0.0054,
       0.0061, 0.0077, 0.0082, 0.0099, 0.0106, 0.0113, 0.0122, 0.0149,
       0.0166, 0.0184, 0.0199, 0.0231, 0.0237, 0.026 , 0.0274, 0.0315,
       0.0344, 0.0381, 0.0412, 0.0468]), 'lambdas': array([0.0002, 0.0007, 0.0012, 0.0021, 0.0023, 0.004 , 0.0044, 0.0054,
       0.0061, 0.0077, 0.0082, 0.0099, 0.0106, 0.0113, 0.0122, 0.0149,
       0.0166, 0.0184, 0.0199, 0.0231, 0.0237, 0.026 , 0.0274, 0.0315,
       0.0344, 0.0381, 0.0412, 0.0468]), 'gvals': array([2192.3017,  667.3126,  413.7305,  239.3648,  211.6759,  120.8976,
        109.2354,   88.9441,   78.4301,   61.7558,   57.9553,   47.6252,
         44.4547,   41.3537,   38.1565,   30.9191,   27.6052,   24.6706,
         22.6809,   19.2746,   18.7536,   16.9302,   15.9643,   13.6483,
         12.3521,   10.995 ,   10.0322,    8.6595])}",diff_mean_diff_covariance,3
MY-large_mu,28,sigmoid,"{'gamma': 0.0015911107230262862, 'coef0': 0.0}","sigmoid(coef0=0.0, gamma=0.0015911107230262862)",0.7818181818181819,rbf,"{'C': 1.0, 'gamma': 'scale'}","{'thetas': array([      0.004 ,       0.0056,       0.0104,       0.015 ,
             0.0168,       0.0233,       0.029 ,       0.0312,
             0.0346,       0.0372,       0.0458,       0.0528,
       6978656.6495, 6506614.1483, 5099994.7148, 4400898.2438,
       3619989.3589, 3387209.8482, 3155954.175 , 2793531.0866,
       2718629.1882, 2531396.9675, 2427996.0363,       0.0569,
       2070874.1207, 2034558.5011, 1811715.1503, 1630184.3738]), 'lambdas': array([      0.004 ,       0.0056,       0.0104,       0.015 ,
             0.0168,       0.0233,       0.029 ,       0.0312,
             0.0346,       0.0372,       0.0458,       0.0528,
       6978656.6495, 6506614.1483, 5099994.7148, 4400898.2438,
       3619989.3589, 3387209.8482, 3155954.175 , 2793531.0866,
       2718629.1882, 2531396.9675, 2427996.0363,       0.0569,
       2070874.1207, 2034558.5011, 1811715.1503, 1630184.3738]), 'gvals': array([121.5739,  85.8963,  45.1396,  30.8162,  27.2577,  19.0622,
        14.9425,  13.8046,  12.2833,  11.2791,   8.8703,   7.499 ,
         7.3792,   7.3442,   7.2224,   7.1487,   7.051 ,   7.0178,
         6.9824,   6.9214,   6.9078,   6.8721,   6.8513,   6.8482,
         6.7717,   6.7629,   6.7049,   6.6521])}",diff_mean_diff_covariance,3
MY-large_mu,32,linear,{},linear,0.7636363636363637,rbf,"{'C': 2.0, 'gamma': 'scale'}","{'thetas': array([      0.    ,       0.    ,       0.    ,       0.    ,
             0.0003,       0.0006,       0.0014,       0.0038,
             0.0045,       0.0063,       0.0071,       0.0102,
             0.0124,       0.0149,       0.0184,       0.0219,
             0.0238,       0.0263,       0.0277,       0.0327,
             0.0432,       0.0469, 8706093.895 , 7577850.6142,
       6861702.747 , 5995911.8686, 5234601.6205, 5128516.0822,
       3946261.7573, 3696319.6818, 3420913.6752, 3120947.3689]), 'lambdas': array([      0.    ,       0.    ,       0.    ,       0.    ,
             0.0003,       0.0006,       0.0014,       0.0038,
             0.0045,       0.0063,       0.0071,       0.0102,
             0.0124,       0.0149,       0.0184,       0.0219,
             0.0238,       0.0263,       0.0277,       0.0327,
             0.0432,       0.0469, 8706093.895 , 7577850.6142,
       6861702.747 , 5995911.8686, 5234601.6205, 5128516.0822,
       3946261.7573, 3696319.6818, 3420913.6752, 3120947.3689]), 'gvals': array([1.2361e+09, 5.4489e+08, 4.0095e+08, 2.8527e+08, 1.6613e+03,
       8.7060e+02, 3.4792e+02, 1.2704e+02, 1.0878e+02, 7.6567e+01,
       6.7216e+01, 4.6013e+01, 3.7678e+01, 3.0987e+01, 2.4745e+01,
       2.0434e+01, 1.8603e+01, 1.6667e+01, 1.5754e+01, 1.3067e+01,
       9.5090e+00, 8.6383e+00, 7.4898e+00, 7.4204e+00, 7.3707e+00,
       7.3033e+00, 7.2354e+00, 7.2252e+00, 7.0941e+00, 7.0614e+00,
       7.0227e+00, 6.9768e+00])}",diff_mean_diff_covariance,3
MY-large_mu,32,rbf,{'gamma': 0.0015911107230262862},rbf(gamma=0.0015911107230262862),0.5909090909090909,rbf,"{'C': 2.0, 'gamma': 0.5}","{'thetas': array([0.    , 0.0001, 0.0001, 0.0001, 0.0002, 0.0003, 0.0004, 0.0006,
       0.0008, 0.001 , 0.0012, 0.0013, 0.0014, 0.0018, 0.002 , 0.0021,
       0.0022, 0.0027, 0.0028, 0.0035, 0.0037, 0.004 , 0.0044, 0.005 ,
       0.0055, 0.0064, 0.0071, 0.0083, 0.0091, 0.0095, 0.0107, 0.0118]), 'lambdas': array([0.    , 0.0001, 0.0001, 0.0001, 0.0002, 0.0003, 0.0004, 0.0006,
       0.0008, 0.001 , 0.0012, 0.0013, 0.0014, 0.0018, 0.002 , 0.0021,
       0.0022, 0.0027, 0.0028, 0.0035, 0.0037, 0.004 , 0.0044, 0.005 ,
       0.0055, 0.0064, 0.0071, 0.0083, 0.0091, 0.0095, 0.0107, 0.0118]), 'gvals': array([170862.5995,   9745.2783,   6763.4697,   4158.4428,   2183.0721,
         1954.8392,   1120.2295,    792.9321,    603.2609,    497.3421,
          424.1378,    387.2822,    346.6748,    278.8462,    249.4999,
          235.7637,    227.184 ,    184.7168,    173.3658,    140.7594,
          133.23  ,    122.0894,    110.8095,     96.3704,     87.8238,
           75.3372,     67.1627,     57.607 ,     52.1418,     49.8403,
           43.9762,     39.7751])}",diff_mean_diff_covariance,3
MY-large_mu,32,laplacian,{'gamma': 0.0015911107230262862},laplacian(gamma=0.0015911107230262862),0.5545454545454546,rbf,"{'C': 2.0, 'gamma': 0.5}","{'thetas': array([0.    , 0.0001, 0.0002, 0.0003, 0.0003, 0.0004, 0.0006, 0.0007,
       0.0008, 0.001 , 0.0011, 0.0013, 0.0016, 0.0017, 0.002 , 0.0023,
       0.0025, 0.0026, 0.0029, 0.0034, 0.0035, 0.0039, 0.0042, 0.0045,
       0.0048, 0.0057, 0.0061, 0.0062, 0.0064, 0.008 , 0.0082, 0.0091]), 'lambdas': array([0.    , 0.0001, 0.0002, 0.0003, 0.0003, 0.0004, 0.0006, 0.0007,
       0.0008, 0.001 , 0.0011, 0.0013, 0.0016, 0.0017, 0.002 , 0.0023,
       0.0025, 0.0026, 0.0029, 0.0034, 0.0035, 0.0039, 0.0042, 0.0045,
       0.0048, 0.0057, 0.0061, 0.0062, 0.0064, 0.008 , 0.0082, 0.0091]), 'gvals': array([12023.5406,  7552.3197,  3226.986 ,  1954.631 ,  1477.0429,
        1269.4055,   882.9438,   734.07  ,   627.4138,   507.5364,
         453.5726,   378.6931,   302.9878,   285.9783,   244.916 ,
         218.6345,   198.2041,   192.0877,   169.3818,   143.1744,
         139.947 ,   125.8438,   115.9877,   108.8419,   100.8357,
          84.1242,    79.1784,    78.0644,    75.4176,    59.9525,
          58.189 ,    52.3943])}",diff_mean_diff_covariance,3
MY-large_mu,32,polynomial,"{'degree': 2, 'gamma': 0.0015911107230262862, 'coef0': 1.0}","polynomial(coef0=1.0, degree=2, gamma=0.0015911107230262862)",0.5818181818181818,rbf,"{'C': 2.0, 'gamma': 'scale'}","{'thetas': array([      0.0002,       0.0002,       0.0009,       0.0011,
             0.0015,       0.0027,       0.0036,       0.0039,
             0.0054,       0.0057,       0.0064,       0.0074,
             0.0084,       0.0099,       0.0117,       0.0134,
             0.0148,       0.017 ,       0.0181,       0.0229,
             0.026 ,       0.0302,       0.0325,       0.0353,
             0.0404,       0.0447,       0.0509,       0.0527,
             0.0582, 1615271.6864,  482648.2914,  420514.7728]), 'lambdas': array([      0.0002,       0.0002,       0.0009,       0.0011,
             0.0015,       0.0027,       0.0036,       0.0039,
             0.0054,       0.0057,       0.0064,       0.0074,
             0.0084,       0.0099,       0.0117,       0.0134,
             0.0148,       0.017 ,       0.0181,       0.0229,
             0.026 ,       0.0302,       0.0325,       0.0353,
             0.0404,       0.0447,       0.0509,       0.0527,
             0.0582, 1615271.6864,  482648.2914,  420514.7728]), 'gvals': array([3323.9652, 2291.9584,  554.1882,  455.4623,  325.3963,  179.9468,
        133.868 ,  125.5514,   88.991 ,   85.0259,   75.655 ,   64.5859,
         56.5499,   47.5037,   39.9201,   34.5279,   31.1146,   26.8898,
         25.0775,   19.4464,   16.8976,   14.2952,   13.1559,   12.0041,
         10.2619,    9.1349,    7.8332,    7.5115,    6.6714,    6.6475,
          6.0435,    5.9746])}",diff_mean_diff_covariance,3
MY-large_mu,32,sigmoid,"{'gamma': 0.0015911107230262862, 'coef0': 0.0}","sigmoid(coef0=0.0, gamma=0.0015911107230262862)",0.7818181818181819,poly,"{'C': 2.0, 'gamma': 'scale', 'degree': 2, 'coef0': 1.0}","{'thetas': array([      0.0018,       0.0041,       0.0081,       0.011 ,
             0.0145,       0.02  ,       0.0233,       0.0273,
             0.035 ,       0.0384,       0.045 ,       0.0461,
       8386662.1503, 7259980.8757, 5964483.6821, 5433565.7582,
       4485426.0049, 4233899.4742, 3139818.8689, 3064377.1846,
       3009944.2577, 2831333.1339, 2456573.1008, 2051449.1907,
       1931599.6753, 1772124.205 , 1766489.8255, 1549839.907 ,
       1465224.8533, 1447548.5189, 1250658.1822, 1140587.1482]), 'lambdas': array([      0.0018,       0.0041,       0.0081,       0.011 ,
             0.0145,       0.02  ,       0.0233,       0.0273,
             0.035 ,       0.0384,       0.045 ,       0.0461,
       8386662.1503, 7259980.8757, 5964483.6821, 5433565.7582,
       4485426.0049, 4233899.4742, 3139818.8689, 3064377.1846,
       3009944.2577, 2831333.1339, 2456573.1008, 2051449.1907,
       1931599.6753, 1772124.205 , 1766489.8255, 1549839.907 ,
       1465224.8533, 1447548.5189, 1250658.1822, 1140587.1482]), 'gvals': array([279.2588, 118.5007,  58.461 ,  42.733 ,  31.933 ,  22.5674,
        19.1211,  16.0415,  12.1177,  10.8783,   9.0713,   8.8047,
         7.4711,   7.3989,   7.3007,   7.2541,   7.1582,   7.1293,
         6.9798,   6.9677,   6.9587,   6.9281,   6.8571,   6.767 ,
         6.7369,   6.6938,   6.6923,   6.6268,   6.5988,   6.5927,
         6.5196,   6.4735])}",diff_mean_diff_covariance,3
MY-small_mu,1,linear,{},linear,0.5818181818181818,rbf,"{'C': 0.5, 'gamma': 0.5}","{'thetas': array([0.]), 'lambdas': array([0.]), 'D_scores': array([4.0508e+08])}",diff_mean_diff_covariance,3
MY-small_mu,1,rbf,{'gamma': 0.0015911107230262862},rbf(gamma=0.0015911107230262862),0.5636363636363636,rbf,"{'C': 2.0, 'gamma': 'scale'}","{'thetas': array([0.]), 'lambdas': array([0.]), 'D_scores': array([881680.8081])}",diff_mean_diff_covariance,3
MY-small_mu,1,laplacian,{'gamma': 0.0015911107230262862},laplacian(gamma=0.0015911107230262862),0.5272727272727272,rbf,"{'C': 2.0, 'gamma': 'scale'}","{'thetas': array([0.]), 'lambdas': array([0.]), 'D_scores': array([53216.6844])}",diff_mean_diff_covariance,3
MY-small_mu,1,polynomial,"{'degree': 2, 'gamma': 0.0015911107230262862, 'coef0': 1.0}","polynomial(coef0=1.0, degree=2, gamma=0.0015911107230262862)",0.6272727272727273,rbf,"{'C': 2.0, 'gamma': 'scale'}","{'thetas': array([0.0008]), 'lambdas': array([0.0008]), 'D_scores': array([603.9479])}",diff_mean_diff_covariance,3
MY-small_mu,1,sigmoid,"{'gamma': 0.0015911107230262862, 'coef0': 0.0}","sigmoid(coef0=0.0, gamma=0.0015911107230262862)",0.6363636363636364,rbf,"{'C': 1.0, 'gamma': 'scale'}","{'thetas': array([0.0038]), 'lambdas': array([0.0038]), 'D_scores': array([127.531])}",diff_mean_diff_covariance,3
MY-small_mu,2,linear,{},linear,0.5818181818181818,rbf,"{'C': 0.5, 'gamma': 'scale'}","{'thetas': array([0., 0.]), 'lambdas': array([0., 0.]), 'D_scores': array([1.2145e+09, 8.0435e+08])}",diff_mean_diff_covariance,3
MY-small_mu,2,rbf,{'gamma': 0.0015911107230262862},rbf(gamma=0.0015911107230262862),0.5545454545454546,rbf,"{'C': 2.0, 'gamma': 'scale'}","{'thetas': array([0., 0.]), 'lambdas': array([0., 0.]), 'D_scores': array([14060.6972, 11641.6071])}",diff_mean_diff_covariance,3
MY-small_mu,2,laplacian,{'gamma': 0.0015911107230262862},laplacian(gamma=0.0015911107230262862),0.6090909090909091,rbf,"{'C': 2.0, 'gamma': 'scale'}","{'thetas': array([0.    , 0.0002]), 'lambdas': array([0.    , 0.0002]), 'D_scores': array([31258.1569,  2968.7   ])}",diff_mean_diff_covariance,3
MY-small_mu,2,polynomial,"{'degree': 2, 'gamma': 0.0015911107230262862, 'coef0': 1.0}","polynomial(coef0=1.0, degree=2, gamma=0.0015911107230262862)",0.5454545454545454,rbf,"{'C': 2.0, 'gamma': 'scale'}","{'thetas': array([0.0003, 0.0007]), 'lambdas': array([0.0003, 0.0007]), 'D_scores': array([1510.5923,  673.7881])}",diff_mean_diff_covariance,3
MY-small_mu,2,sigmoid,"{'gamma': 0.0015911107230262862, 'coef0': 0.0}","sigmoid(coef0=0.0, gamma=0.0015911107230262862)",0.4818181818181818,rbf,"{'C': 1.0, 'gamma': 'scale'}","{'thetas': array([0.0039, 0.0055]), 'lambdas': array([0.0039, 0.0055]), 'D_scores': array([125.3631,  87.2482])}",diff_mean_diff_covariance,3
MY-small_mu,3,linear,{},linear,0.6545454545454545,rbf,"{'C': 2.0, 'gamma': 0.5}","{'thetas': array([0., 0., 0.]), 'lambdas': array([0., 0., 0.]), 'D_scores': array([1.7587e+09, 1.2083e+09, 1.2880e+08])}",diff_mean_diff_covariance,3
MY-small_mu,3,rbf,{'gamma': 0.0015911107230262862},rbf(gamma=0.0015911107230262862),0.6545454545454545,rbf,"{'C': 2.0, 'gamma': 0.5}","{'thetas': array([0.    , 0.0001, 0.0001]), 'lambdas': array([0.    , 0.0001, 0.0001]), 'D_scores': array([16050.8558,  8064.169 ,  6163.8755])}",diff_mean_diff_covariance,3
MY-small_mu,3,laplacian,{'gamma': 0.0015911107230262862},laplacian(gamma=0.0015911107230262862),0.6181818181818182,rbf,"{'C': 2.0, 'gamma': 0.5}","{'thetas': array([0.    , 0.0001, 0.0002]), 'lambdas': array([0.    , 0.0001, 0.0002]), 'D_scores': array([14329.7188,  3334.9953,  2659.533 ])}",diff_mean_diff_covariance,3
MY-small_mu,3,polynomial,"{'degree': 2, 'gamma': 0.0015911107230262862, 'coef0': 1.0}","polynomial(coef0=1.0, degree=2, gamma=0.0015911107230262862)",0.7181818181818181,rbf,"{'C': 2.0, 'gamma': 'scale'}","{'thetas': array([0.0001, 0.0005, 0.0011]), 'lambdas': array([0.0001, 0.0005, 0.0011]), 'D_scores': array([4627.503 , 1062.7902,  464.479 ])}",diff_mean_diff_covariance,3
MY-small_mu,3,sigmoid,"{'gamma': 0.0015911107230262862, 'coef0': 0.0}","sigmoid(coef0=0.0, gamma=0.0015911107230262862)",0.7363636363636363,rbf,"{'C': 0.5, 'gamma': 'scale'}","{'thetas': array([0.0043, 0.0049, 0.0141]), 'lambdas': array([0.0043, 0.0049, 0.0141]), 'D_scores': array([114.2039,  99.8933,  32.8453])}",diff_mean_diff_covariance,3
MY-small_mu,4,linear,{},linear,0.5454545454545454,rbf,"{'C': 2.0, 'gamma': 'scale'}","{'thetas': array([0.    , 0.    , 0.    , 0.0001]), 'lambdas': array([0.    , 0.    , 0.    , 0.0001]), 'D_scores': array([4.1797e+09, 4.0867e+08, 3.0323e+08, 6.0370e+03])}",diff_mean_diff_covariance,3
MY-small_mu,4,rbf,{'gamma': 0.0015911107230262862},rbf(gamma=0.0015911107230262862),0.5636363636363636,rbf,"{'C': 2.0, 'gamma': 0.5}","{'thetas': array([0.    , 0.0001, 0.0003, 0.0004]), 'lambdas': array([0.    , 0.0001, 0.0003, 0.0004]), 'D_scores': array([18621.5597,  6928.2932,  1969.546 ,  1411.616 ])}",diff_mean_diff_covariance,3
MY-small_mu,4,laplacian,{'gamma': 0.0015911107230262862},laplacian(gamma=0.0015911107230262862),0.6,rbf,"{'C': 2.0, 'gamma': 0.5}","{'thetas': array([0.    , 0.0001, 0.0001, 0.0002]), 'lambdas': array([0.    , 0.0001, 0.0001, 0.0002]), 'D_scores': array([16936.5073,  4170.9884,  3727.0086,  2512.4046])}",diff_mean_diff_covariance,3
MY-small_mu,4,polynomial,"{'degree': 2, 'gamma': 0.0015911107230262862, 'coef0': 1.0}","polynomial(coef0=1.0, degree=2, gamma=0.0015911107230262862)",0.6636363636363637,rbf,"{'C': 1.0, 'gamma': 0.5}","{'thetas': array([0.0002, 0.0003, 0.0009, 0.0014]), 'lambdas': array([0.0002, 0.0003, 0.0009, 0.0014]), 'D_scores': array([2688.699 , 1701.6483,  550.2458,  341.1479])}",diff_mean_diff_covariance,3
MY-small_mu,4,sigmoid,"{'gamma': 0.0015911107230262862, 'coef0': 0.0}","sigmoid(coef0=0.0, gamma=0.0015911107230262862)",0.5909090909090909,rbf,"{'C': 1.0, 'gamma': 'scale'}","{'thetas': array([0.0004, 0.0035, 0.0055, 0.0085]), 'lambdas': array([0.0004, 0.0035, 0.0055, 0.0085]), 'D_scores': array([1344.5396,  140.805 ,   88.0928,   55.6516])}",diff_mean_diff_covariance,3
MY-small_mu,5,linear,{},linear,0.6,rbf,"{'C': 0.5, 'gamma': 0.5}","{'thetas': array([0.    , 0.    , 0.    , 0.0019, 0.0025]), 'lambdas': array([0.    , 0.    , 0.    , 0.0019, 0.0025]), 'D_scores': array([1.8502e+09, 5.6692e+08, 3.9698e+08, 2.5425e+02, 2.0036e+02])}",diff_mean_diff_covariance,3
MY-small_mu,5,rbf,{'gamma': 0.0015911107230262862},rbf(gamma=0.0015911107230262862),0.6,rbf,"{'C': 2.0, 'gamma': 0.5}","{'thetas': array([0.    , 0.0001, 0.0001, 0.0002, 0.0002]), 'lambdas': array([0.    , 0.0001, 0.0001, 0.0002, 0.0002]), 'D_scores': array([60704.4634,  7261.0695,  4354.9663,  3094.062 ,  2203.7418])}",diff_mean_diff_covariance,3
MY-small_mu,5,laplacian,{'gamma': 0.0015911107230262862},laplacian(gamma=0.0015911107230262862),0.5454545454545454,rbf,"{'C': 1.0, 'gamma': 0.5}","{'thetas': array([0.0001, 0.0001, 0.0002, 0.0003, 0.0003]), 'lambdas': array([0.0001, 0.0001, 0.0002, 0.0003, 0.0003]), 'D_scores': array([5817.4034, 3487.809 , 2855.1762, 1875.4582, 1848.2872])}",diff_mean_diff_covariance,3
MY-small_mu,5,polynomial,"{'degree': 2, 'gamma': 0.0015911107230262862, 'coef0': 1.0}","polynomial(coef0=1.0, degree=2, gamma=0.0015911107230262862)",0.6636363636363637,rbf,"{'C': 2.0, 'gamma': 0.5}","{'thetas': array([0.0001, 0.0002, 0.0005, 0.001 , 0.0017]), 'lambdas': array([0.0001, 0.0002, 0.0005, 0.001 , 0.0017]), 'D_scores': array([3678.291 , 2092.5047, 1067.4703,  509.0906,  289.8204])}",diff_mean_diff_covariance,3
MY-small_mu,5,sigmoid,"{'gamma': 0.0015911107230262862, 'coef0': 0.0}","sigmoid(coef0=0.0, gamma=0.0015911107230262862)",0.6181818181818182,rbf,"{'C': 0.5, 'gamma': 'scale'}","{'thetas': array([0.0005, 0.0017, 0.0055, 0.01  , 0.0124]), 'lambdas': array([0.0005, 0.0017, 0.0055, 0.01  , 0.0124]), 'D_scores': array([922.8401, 291.576 ,  88.5085,  47.4562,  37.7512])}",diff_mean_diff_covariance,3
MY-small_mu,6,linear,{},linear,0.6818181818181818,rbf,"{'C': 2.0, 'gamma': 0.5}","{'thetas': array([0., 0., 0., 0., 0., 0.]), 'lambdas': array([0., 0., 0., 0., 0., 0.]), 'D_scores': array([1.1508e+09, 7.1806e+08, 5.5889e+08, 3.5336e+08, 1.8725e+08,
       2.9543e+04])}",diff_mean_diff_covariance,3
MY-small_mu,6,rbf,{'gamma': 0.0015911107230262862},rbf(gamma=0.0015911107230262862),0.6636363636363637,rbf,"{'C': 2.0, 'gamma': 0.5}","{'thetas': array([0.    , 0.    , 0.0001, 0.0002, 0.0003, 0.0004]), 'lambdas': array([0.    , 0.    , 0.0001, 0.0002, 0.0003, 0.0004]), 'D_scores': array([61051.4007, 12013.9057,  4933.945 ,  2174.2555,  1455.7585,
        1376.116 ])}",diff_mean_diff_covariance,3
MY-small_mu,6,laplacian,{'gamma': 0.0015911107230262862},laplacian(gamma=0.0015911107230262862),0.5818181818181818,rbf,"{'C': 1.0, 'gamma': 0.5}","{'thetas': array([0.    , 0.0001, 0.0001, 0.0002, 0.0004, 0.0005]), 'lambdas': array([0.    , 0.0001, 0.0001, 0.0002, 0.0004, 0.0005]), 'D_scores': array([125931.2879,   6575.6692,   5235.5057,   2713.8339,   1338.02  ,
         1088.7891])}",diff_mean_diff_covariance,3
MY-small_mu,6,polynomial,"{'degree': 2, 'gamma': 0.0015911107230262862, 'coef0': 1.0}","polynomial(coef0=1.0, degree=2, gamma=0.0015911107230262862)",0.6363636363636364,rbf,"{'C': 2.0, 'gamma': 0.5}","{'thetas': array([0.0008, 0.001 , 0.0017, 0.0022, 0.0034, 0.0049]), 'lambdas': array([0.0008, 0.001 , 0.0017, 0.0022, 0.0034, 0.0049]), 'D_scores': array([606.1752, 513.8177, 286.0293, 226.4875, 142.9101,  99.4446])}",diff_mean_diff_covariance,3
MY-small_mu,6,sigmoid,"{'gamma': 0.0015911107230262862, 'coef0': 0.0}","sigmoid(coef0=0.0, gamma=0.0015911107230262862)",0.7,rbf,"{'C': 2.0, 'gamma': 0.5}","{'thetas': array([0.0026, 0.0032, 0.0067, 0.009 , 0.0171, 0.0187]), 'lambdas': array([0.0026, 0.0032, 0.0067, 0.009 , 0.0171, 0.0187]), 'D_scores': array([189.0417, 150.9745,  71.1655,  52.681 ,  26.7408,  24.3081])}",diff_mean_diff_covariance,3
MY-small_mu,7,linear,{},linear,0.6272727272727273,rbf,"{'C': 2.0, 'gamma': 0.5}","{'thetas': array([0.    , 0.    , 0.    , 0.    , 0.    , 0.0014, 0.0022]), 'lambdas': array([0.    , 0.    , 0.    , 0.    , 0.    , 0.0014, 0.0022]), 'D_scores': array([7.2242e+09, 1.0092e+09, 5.0561e+08, 2.5395e+08, 1.6874e+08,
       3.5504e+02, 2.2708e+02])}",diff_mean_diff_covariance,3
MY-small_mu,7,rbf,{'gamma': 0.0015911107230262862},rbf(gamma=0.0015911107230262862),0.6363636363636364,rbf,"{'C': 2.0, 'gamma': 0.5}","{'thetas': array([0.    , 0.0001, 0.0002, 0.0002, 0.0003, 0.0004, 0.0005]), 'lambdas': array([0.    , 0.0001, 0.0002, 0.0002, 0.0003, 0.0004, 0.0005]), 'D_scores': array([97964.7558,  7054.293 ,  3309.3101,  2713.721 ,  1436.3484,
        1247.2268,   909.3066])}",diff_mean_diff_covariance,3
MY-small_mu,7,laplacian,{'gamma': 0.0015911107230262862},laplacian(gamma=0.0015911107230262862),0.5454545454545454,rbf,"{'C': 1.0, 'gamma': 0.5}","{'thetas': array([0.    , 0.0001, 0.0001, 0.0002, 0.0003, 0.0004, 0.0005]), 'lambdas': array([0.    , 0.0001, 0.0001, 0.0002, 0.0003, 0.0004, 0.0005]), 'D_scores': array([34437.285 ,  6926.105 ,  4771.3881,  2167.6235,  1464.3581,
        1151.6825,   941.1614])}",diff_mean_diff_covariance,3
MY-small_mu,7,polynomial,"{'degree': 2, 'gamma': 0.0015911107230262862, 'coef0': 1.0}","polynomial(coef0=1.0, degree=2, gamma=0.0015911107230262862)",0.5363636363636364,rbf,"{'C': 2.0, 'gamma': 0.5}","{'thetas': array([0.0002, 0.0006, 0.0008, 0.0016, 0.0019, 0.0021, 0.0034]), 'lambdas': array([0.0002, 0.0006, 0.0008, 0.0016, 0.0019, 0.0021, 0.0034]), 'D_scores': array([2063.0433,  884.6224,  591.6639,  300.8846,  254.4953,  236.4   ,
        143.9528])}",diff_mean_diff_covariance,3
MY-small_mu,7,sigmoid,"{'gamma': 0.0015911107230262862, 'coef0': 0.0}","sigmoid(coef0=0.0, gamma=0.0015911107230262862)",0.5818181818181818,poly,"{'C': 0.5, 'gamma': 'scale', 'degree': 2, 'coef0': 1.0}","{'thetas': array([0.0026, 0.0038, 0.0079, 0.0134, 0.0176, 0.0191, 0.0208]), 'lambdas': array([0.0026, 0.0038, 0.0079, 0.0134, 0.0176, 0.0191, 0.0208]), 'D_scores': array([185.7006, 127.4773,  60.6318,  34.5826,  25.8803,  23.6879,
        21.6265])}",diff_mean_diff_covariance,3
MY-small_mu,8,linear,{},linear,0.6181818181818182,rbf,"{'C': 0.5, 'gamma': 0.5}","{'thetas': array([0.    , 0.    , 0.    , 0.    , 0.0004, 0.0027, 0.004 , 0.006 ]), 'lambdas': array([0.    , 0.    , 0.    , 0.    , 0.0004, 0.0027, 0.004 , 0.006 ]), 'D_scores': array([1.1768e+09, 1.0663e+09, 4.4177e+08, 4.2551e+08, 1.2052e+03,
       1.8421e+02, 1.2114e+02, 8.0340e+01])}",diff_mean_diff_covariance,3
MY-small_mu,8,rbf,{'gamma': 0.0015911107230262862},rbf(gamma=0.0015911107230262862),0.6727272727272727,rbf,"{'C': 2.0, 'gamma': 0.5}","{'thetas': array([0.    , 0.    , 0.0001, 0.0002, 0.0002, 0.0003, 0.0004, 0.0004]), 'lambdas': array([0.    , 0.    , 0.0001, 0.0002, 0.0002, 0.0003, 0.0004, 0.0004]), 'D_scores': array([17227.8915, 12265.7052,  6375.116 ,  2900.2345,  2526.3614,
        1927.9383,  1247.4124,  1162.6947])}",diff_mean_diff_covariance,3
MY-small_mu,8,laplacian,{'gamma': 0.0015911107230262862},laplacian(gamma=0.0015911107230262862),0.6272727272727273,rbf,"{'C': 1.0, 'gamma': 0.5}","{'thetas': array([0.    , 0.0001, 0.0002, 0.0003, 0.0004, 0.0004, 0.0005, 0.0006]), 'lambdas': array([0.    , 0.0001, 0.0002, 0.0003, 0.0004, 0.0004, 0.0005, 0.0006]), 'D_scores': array([12698.8927,  7154.4613,  2821.84  ,  1802.5326,  1324.1617,
        1237.9638,   923.8593,   771.6494])}",diff_mean_diff_covariance,3
MY-small_mu,8,polynomial,"{'degree': 2, 'gamma': 0.0015911107230262862, 'coef0': 1.0}","polynomial(coef0=1.0, degree=2, gamma=0.0015911107230262862)",0.6090909090909091,rbf,"{'C': 1.0, 'gamma': 'scale'}","{'thetas': array([0.0003, 0.0006, 0.0011, 0.0018, 0.0022, 0.003 , 0.0043, 0.005 ]), 'lambdas': array([0.0003, 0.0006, 0.0011, 0.0018, 0.0022, 0.003 , 0.0043, 0.005 ]), 'D_scores': array([1617.9576,  821.1929,  454.9367,  272.2396,  221.5871,  163.4433,
        112.6091,   96.7163])}",diff_mean_diff_covariance,3
MY-small_mu,8,sigmoid,"{'gamma': 0.0015911107230262862, 'coef0': 0.0}","sigmoid(coef0=0.0, gamma=0.0015911107230262862)",0.6181818181818182,poly,"{'C': 0.5, 'gamma': 'scale', 'degree': 2, 'coef0': 1.0}","{'thetas': array([0.0018, 0.0043, 0.0075, 0.0137, 0.0183, 0.0201, 0.022 , 0.029 ]), 'lambdas': array([0.0018, 0.0043, 0.0075, 0.0137, 0.0183, 0.0201, 0.022 , 0.029 ]), 'D_scores': array([274.607 , 114.2784,  63.3943,  33.8441,  24.8546,  22.3857,
        20.3713,  14.9468])}",diff_mean_diff_covariance,3
MY-small_mu,10,linear,{},linear,0.7272727272727273,rbf,"{'C': 2.0, 'gamma': 0.5}","{'thetas': array([0.    , 0.    , 0.001 , 0.0026, 0.0039, 0.0053, 0.0068, 0.0095,
       0.0127, 0.015 ]), 'lambdas': array([0.    , 0.    , 0.001 , 0.0026, 0.0039, 0.0053, 0.0068, 0.0095,
       0.0127, 0.015 ]), 'D_scores': array([9.3770e+08, 2.4863e+08, 4.7564e+02, 1.8910e+02, 1.2601e+02,
       9.0821e+01, 7.0303e+01, 4.9729e+01, 3.6563e+01, 3.0791e+01])}",diff_mean_diff_covariance,3
MY-small_mu,10,rbf,{'gamma': 0.0015911107230262862},rbf(gamma=0.0015911107230262862),0.6545454545454545,rbf,"{'C': 2.0, 'gamma': 0.5}","{'thetas': array([0.    , 0.    , 0.0001, 0.0001, 0.0001, 0.0002, 0.0004, 0.0004,
       0.0006, 0.0007]), 'lambdas': array([0.    , 0.    , 0.0001, 0.0001, 0.0001, 0.0002, 0.0004, 0.0004,
       0.0006, 0.0007]), 'D_scores': array([228862.2523,  13039.4141,   8571.1453,   4896.8754,   3519.9795,
         2652.4339,   1375.9276,   1217.2754,    883.8221,    719.8405])}",diff_mean_diff_covariance,3
MY-small_mu,10,laplacian,{'gamma': 0.0015911107230262862},laplacian(gamma=0.0015911107230262862),0.5454545454545454,rbf,"{'C': 2.0, 'gamma': 0.5}","{'thetas': array([0.    , 0.0001, 0.0002, 0.0004, 0.0004, 0.0005, 0.0006, 0.0007,
       0.0007, 0.0009]), 'lambdas': array([0.    , 0.0001, 0.0002, 0.0004, 0.0004, 0.0005, 0.0006, 0.0007,
       0.0007, 0.0009]), 'D_scores': array([10416.1616,  4137.0559,  2175.3743,  1359.6982,  1285.3387,
         937.0176,   831.5384,   696.9614,   669.3629,   538.5128])}",diff_mean_diff_covariance,3
MY-small_mu,10,polynomial,"{'degree': 2, 'gamma': 0.0015911107230262862, 'coef0': 1.0}","polynomial(coef0=1.0, degree=2, gamma=0.0015911107230262862)",0.6454545454545455,rbf,"{'C': 2.0, 'gamma': 0.5}","{'thetas': array([0.0001, 0.0005, 0.0008, 0.0013, 0.002 , 0.0028, 0.0034, 0.0042,
       0.0054, 0.0058]), 'lambdas': array([0.0001, 0.0005, 0.0008, 0.0013, 0.002 , 0.0028, 0.0034, 0.0042,
       0.0054, 0.0058]), 'D_scores': array([4228.7664, 1004.3635,  657.5856,  372.8631,  250.3697,  172.868 ,
        144.2804,  114.8033,   90.1248,   83.011 ])}",diff_mean_diff_covariance,3
MY-small_mu,10,sigmoid,"{'gamma': 0.0015911107230262862, 'coef0': 0.0}","sigmoid(coef0=0.0, gamma=0.0015911107230262862)",0.7090909090909091,rbf,"{'C': 2.0, 'gamma': 'scale'}","{'thetas': array([0.0041, 0.0061, 0.0122, 0.0167, 0.0186, 0.0207, 0.0273, 0.0363,
       0.0466, 0.0516]), 'lambdas': array([0.0041, 0.0061, 0.0122, 0.0167, 0.0186, 0.0207, 0.0273, 0.0363,
       0.0466, 0.0516]), 'D_scores': array([119.2487,  79.1621,  38.4511,  27.3196,  24.4197,  21.7462,
        16.0186,  11.612 ,   8.6947,   7.709 ])}",diff_mean_diff_covariance,3
MY-small_mu,12,linear,{},linear,0.6,rbf,"{'C': 2.0, 'gamma': 'scale'}","{'thetas': array([0.    , 0.    , 0.    , 0.    , 0.0006, 0.0012, 0.0019, 0.0046,
       0.0063, 0.0089, 0.0102, 0.0134]), 'lambdas': array([0.    , 0.    , 0.    , 0.    , 0.0006, 0.0012, 0.0019, 0.0046,
       0.0063, 0.0089, 0.0102, 0.0134]), 'D_scores': array([1.2861e+09, 6.6479e+08, 5.1039e+08, 3.7574e+08, 8.3152e+02,
       4.2429e+02, 2.6662e+02, 1.0663e+02, 7.6658e+01, 5.3457e+01,
       4.6345e+01, 3.4679e+01])}",diff_mean_diff_covariance,3
MY-small_mu,12,rbf,{'gamma': 0.0015911107230262862},rbf(gamma=0.0015911107230262862),0.6727272727272727,rbf,"{'C': 2.0, 'gamma': 0.5}","{'thetas': array([0.    , 0.    , 0.0001, 0.0001, 0.0002, 0.0002, 0.0004, 0.0006,
       0.0006, 0.0008, 0.0011, 0.0013]), 'lambdas': array([0.    , 0.    , 0.0001, 0.0001, 0.0002, 0.0002, 0.0004, 0.0006,
       0.0006, 0.0008, 0.0011, 0.0013]), 'D_scores': array([158154.2135,  12627.9758,   9090.3616,   3841.3817,   2814.9146,
         2448.5124,   1216.0189,    809.9924,    808.208 ,    614.9563,
          467.9175,    374.5675])}",diff_mean_diff_covariance,3
MY-small_mu,12,laplacian,{'gamma': 0.0015911107230262862},laplacian(gamma=0.0015911107230262862),0.6636363636363637,rbf,"{'C': 2.0, 'gamma': 0.5}","{'thetas': array([0.    , 0.0001, 0.0002, 0.0003, 0.0003, 0.0005, 0.0006, 0.0007,
       0.0008, 0.0009, 0.0011, 0.0014]), 'lambdas': array([0.    , 0.0001, 0.0002, 0.0003, 0.0003, 0.0005, 0.0006, 0.0007,
       0.0008, 0.0009, 0.0011, 0.0014]), 'D_scores': array([13656.0018,  4476.3582,  2210.8178,  1967.3799,  1623.5546,
        1086.9668,   855.9158,   750.243 ,   650.321 ,   535.84  ,
         445.7349,   357.0876])}",diff_mean_diff_covariance,3
MY-small_mu,12,polynomial,"{'degree': 2, 'gamma': 0.0015911107230262862, 'coef0': 1.0}","polynomial(coef0=1.0, degree=2, gamma=0.0015911107230262862)",0.6090909090909091,rbf,"{'C': 0.5, 'gamma': 0.5}","{'thetas': array([0.    , 0.0003, 0.0012, 0.0014, 0.0016, 0.002 , 0.0034, 0.0043,
       0.0048, 0.006 , 0.0077, 0.0085]), 'lambdas': array([0.    , 0.0003, 0.0012, 0.0014, 0.0016, 0.002 , 0.0034, 0.0043,
       0.0048, 0.006 , 0.0077, 0.0085]), 'D_scores': array([37818.8369,  1952.2182,   428.2257,   357.6083,   307.2467,
         249.3663,   143.8667,   114.0653,   100.9855,    80.0195,
          62.1173,    55.9232])}",diff_mean_diff_covariance,3
MY-small_mu,12,sigmoid,"{'gamma': 0.0015911107230262862, 'coef0': 0.0}","sigmoid(coef0=0.0, gamma=0.0015911107230262862)",0.7181818181818181,rbf,"{'C': 0.5, 'gamma': 'scale'}","{'thetas': array([      0.0002,       0.0016,       0.0084,       0.0101,
             0.0125,       0.0152,       0.0204,       0.0248,
             0.0364,       0.0452,       0.051 , 7820138.7793]), 'lambdas': array([      0.0002,       0.0016,       0.0084,       0.0101,
             0.0125,       0.0152,       0.0204,       0.0248,
             0.0364,       0.0452,       0.051 , 7820138.7793]), 'D_scores': array([2149.8949,  300.3034,   56.6817,   46.8368,   37.3279,   30.2776,
         22.0404,   17.7862,   11.5742,    9.025 ,    7.8207,    7.4361])}",diff_mean_diff_covariance,3
MY-small_mu,14,linear,{},linear,0.6181818181818182,rbf,"{'C': 1.0, 'gamma': 0.5}","{'thetas': array([0.    , 0.    , 0.0001, 0.0009, 0.0013, 0.0028, 0.0034, 0.0051,
       0.0089, 0.0105, 0.0121, 0.0141, 0.0167, 0.0181]), 'lambdas': array([0.    , 0.    , 0.0001, 0.0009, 0.0013, 0.0028, 0.0034, 0.0051,
       0.0089, 0.0105, 0.0121, 0.0141, 0.0167, 0.0181]), 'D_scores': array([3.3254e+09, 7.2361e+08, 6.2316e+03, 5.7548e+02, 3.7210e+02,
       1.7223e+02, 1.4207e+02, 9.4516e+01, 5.3277e+01, 4.4750e+01,
       3.8675e+01, 3.2822e+01, 2.7345e+01, 2.5088e+01])}",diff_mean_diff_covariance,3
MY-small_mu,14,rbf,{'gamma': 0.0015911107230262862},rbf(gamma=0.0015911107230262862),0.6454545454545455,rbf,"{'C': 1.0, 'gamma': 0.5}","{'thetas': array([0.    , 0.    , 0.0001, 0.0001, 0.0003, 0.0003, 0.0004, 0.0005,
       0.0006, 0.0009, 0.0009, 0.0011, 0.0014, 0.0015]), 'lambdas': array([0.    , 0.    , 0.0001, 0.0001, 0.0003, 0.0003, 0.0004, 0.0005,
       0.0006, 0.0009, 0.0009, 0.0011, 0.0014, 0.0015]), 'D_scores': array([27376.0094, 12709.7697,  5490.0036,  4304.7232,  1970.5093,
        1682.524 ,  1359.2811,  1065.0356,   772.4838,   578.3847,
         540.8405,   451.3992,   356.2804,   320.05  ])}",diff_mean_diff_covariance,3
MY-small_mu,14,laplacian,{'gamma': 0.0015911107230262862},laplacian(gamma=0.0015911107230262862),0.6636363636363637,rbf,"{'C': 2.0, 'gamma': 0.5}","{'thetas': array([0.0001, 0.0001, 0.0002, 0.0003, 0.0005, 0.0005, 0.0006, 0.0007,
       0.001 , 0.0011, 0.0013, 0.0014, 0.0016, 0.0019]), 'lambdas': array([0.0001, 0.0001, 0.0002, 0.0003, 0.0005, 0.0005, 0.0006, 0.0007,
       0.001 , 0.0011, 0.0013, 0.0014, 0.0016, 0.0019]), 'D_scores': array([8788.2447, 4252.2675, 2287.0211, 1818.5279, 1057.814 ,  997.9875,
        869.5748,  693.7965,  508.1654,  438.7149,  387.0855,  347.7428,
        299.6479,  254.0825])}",diff_mean_diff_covariance,3
MY-small_mu,14,polynomial,"{'degree': 2, 'gamma': 0.0015911107230262862, 'coef0': 1.0}","polynomial(coef0=1.0, degree=2, gamma=0.0015911107230262862)",0.6090909090909091,rbf,"{'C': 1.0, 'gamma': 0.5}","{'thetas': array([0.0002, 0.0007, 0.0013, 0.0016, 0.0025, 0.0027, 0.0035, 0.0061,
       0.0062, 0.0066, 0.0088, 0.0092, 0.0097, 0.0111]), 'lambdas': array([0.0002, 0.0007, 0.0013, 0.0016, 0.0025, 0.0027, 0.0035, 0.0061,
       0.0062, 0.0066, 0.0088, 0.0092, 0.0097, 0.0111]), 'D_scores': array([2846.0417,  738.6327,  373.1528,  314.0125,  195.9238,  181.7004,
        138.4888,   79.4314,   77.7119,   72.2039,   54.0254,   51.3879,
         48.752 ,   42.2005])}",diff_mean_diff_covariance,3
MY-small_mu,14,sigmoid,"{'gamma': 0.0015911107230262862, 'coef0': 0.0}","sigmoid(coef0=0.0, gamma=0.0015911107230262862)",0.7272727272727273,rbf,"{'C': 1.0, 'gamma': 'scale'}","{'thetas': array([      0.002 ,       0.0039,       0.0108,       0.0124,
             0.0133,       0.0179,       0.0202,       0.0243,
             0.0311,       0.0375,       0.0444,       0.0506,
       6378142.7313, 5233605.0152]), 'lambdas': array([      0.002 ,       0.0039,       0.0108,       0.0124,
             0.0133,       0.0179,       0.0202,       0.0243,
             0.0311,       0.0375,       0.0444,       0.0506,
       6378142.7313, 5233605.0152]), 'D_scores': array([248.7207, 124.0826,  43.3831,  37.7809,  34.8343,  25.4801,
        22.3171,  18.2341,  13.8381,  11.2105,   9.1984,   7.8937,
         7.3342,   7.2353])}",diff_mean_diff_covariance,3
MY-small_mu,16,linear,{},linear,0.6636363636363637,rbf,"{'C': 2.0, 'gamma': 0.5}","{'thetas': array([0.    , 0.    , 0.    , 0.    , 0.    , 0.0001, 0.0017, 0.0025,
       0.0052, 0.0067, 0.0079, 0.0095, 0.0165, 0.0192, 0.0216, 0.0238]), 'lambdas': array([0.    , 0.    , 0.    , 0.    , 0.    , 0.0001, 0.0017, 0.0025,
       0.0052, 0.0067, 0.0079, 0.0095, 0.0165, 0.0192, 0.0216, 0.0238]), 'D_scores': array([2.2402e+09, 6.9658e+08, 4.9758e+08, 3.2328e+08, 2.0321e+08,
       3.6106e+03, 2.8864e+02, 1.9274e+02, 9.3073e+01, 7.1567e+01,
       6.0216e+01, 4.9714e+01, 2.7783e+01, 2.3545e+01, 2.0699e+01,
       1.8615e+01])}",diff_mean_diff_covariance,3
MY-small_mu,16,rbf,{'gamma': 0.0015911107230262862},rbf(gamma=0.0015911107230262862),0.7,rbf,"{'C': 2.0, 'gamma': 0.5}","{'thetas': array([0.    , 0.    , 0.0001, 0.0001, 0.0001, 0.0001, 0.0003, 0.0004,
       0.0004, 0.0007, 0.0008, 0.001 , 0.0013, 0.0016, 0.0019, 0.0021]), 'lambdas': array([0.    , 0.    , 0.0001, 0.0001, 0.0001, 0.0001, 0.0003, 0.0004,
       0.0004, 0.0007, 0.0008, 0.001 , 0.0013, 0.0016, 0.0019, 0.0021]), 'D_scores': array([22949.6249, 16901.8292,  9782.3615,  5703.0232,  4785.0335,
        3366.0938,  1962.8554,  1306.613 ,  1119.5642,   733.9809,
         638.1931,   516.8806,   392.1096,   317.6888,   254.8808,
         231.3653])}",diff_mean_diff_covariance,3
MY-small_mu,16,laplacian,{'gamma': 0.0015911107230262862},laplacian(gamma=0.0015911107230262862),0.6181818181818182,rbf,"{'C': 1.0, 'gamma': 0.5}","{'thetas': array([0.    , 0.0001, 0.0002, 0.0002, 0.0003, 0.0006, 0.0006, 0.0007,
       0.0008, 0.0011, 0.0012, 0.0013, 0.0016, 0.0018, 0.002 , 0.0027]), 'lambdas': array([0.    , 0.0001, 0.0002, 0.0002, 0.0003, 0.0006, 0.0006, 0.0007,
       0.0008, 0.0011, 0.0012, 0.0013, 0.0016, 0.0018, 0.002 , 0.0027]), 'D_scores': array([26539.9072,  4908.3532,  2717.9051,  2125.4912,  1799.6073,
         871.8884,   799.7906,   690.5519,   623.5332,   465.5821,
         402.7746,   381.7404,   311.592 ,   275.3215,   244.2521,
         181.7639])}",diff_mean_diff_covariance,3
MY-small_mu,16,polynomial,"{'degree': 2, 'gamma': 0.0015911107230262862, 'coef0': 1.0}","polynomial(coef0=1.0, degree=2, gamma=0.0015911107230262862)",0.6636363636363637,rbf,"{'C': 2.0, 'gamma': 0.5}","{'thetas': array([0.0002, 0.0004, 0.0006, 0.0011, 0.0015, 0.0023, 0.0033, 0.0045,
       0.0058, 0.0062, 0.0085, 0.0095, 0.0102, 0.0132, 0.0138, 0.0147]), 'lambdas': array([0.0002, 0.0004, 0.0006, 0.0011, 0.0015, 0.0023, 0.0033, 0.0045,
       0.0058, 0.0062, 0.0085, 0.0095, 0.0102, 0.0132, 0.0138, 0.0147]), 'D_scores': array([2548.1789, 1326.065 ,  768.9023,  458.8394,  327.5807,  212.4188,
        147.5572,  109.005 ,   82.9094,   77.2691,   56.2009,   49.5338,
         46.2376,   35.1899,   33.495 ,   31.4535])}",diff_mean_diff_covariance,3
MY-small_mu,16,sigmoid,"{'gamma': 0.0015911107230262862, 'coef0': 0.0}","sigmoid(coef0=0.0, gamma=0.0015911107230262862)",0.7090909090909091,poly,"{'C': 2.0, 'gamma': 'scale', 'degree': 2, 'coef0': 1.0}","{'thetas': array([      0.0018,       0.0041,       0.0081,       0.011 ,
             0.0156,       0.0185,       0.0253,       0.0319,
             0.0353,       0.0409,       0.043 , 8853915.3333,
       5901689.7568, 5735798.9848, 5455685.3596, 4474997.6151]), 'lambdas': array([      0.0018,       0.0041,       0.0081,       0.011 ,
             0.0156,       0.0185,       0.0253,       0.0319,
             0.0353,       0.0409,       0.043 , 8853915.3333,
       5901689.7568, 5735798.9848, 5455685.3596, 4474997.6151]), 'D_scores': array([273.1906, 117.5728,  58.6813,  42.7457,  29.4404,  24.4628,
        17.3912,  13.4474,  12.0056,  10.124 ,   9.5647,   7.4983,
         7.2954,   7.2811,   7.2561,   7.157 ])}",diff_mean_diff_covariance,3
MY-small_mu,20,linear,{},linear,0.7,rbf,"{'C': 1.0, 'gamma': 'scale'}","{'thetas': array([0.    , 0.    , 0.    , 0.0003, 0.0011, 0.0026, 0.0032, 0.0042,
       0.0054, 0.0066, 0.0106, 0.014 , 0.0146, 0.0154, 0.0197, 0.0228,
       0.0247, 0.03  , 0.0325, 0.0362]), 'lambdas': array([0.    , 0.    , 0.    , 0.0003, 0.0011, 0.0026, 0.0032, 0.0042,
       0.0054, 0.0066, 0.0106, 0.014 , 0.0146, 0.0154, 0.0197, 0.0228,
       0.0247, 0.03  , 0.0325, 0.0362]), 'D_scores': array([4.0024e+08, 3.0506e+08, 2.5456e+08, 1.5252e+03, 4.5741e+02,
       1.9014e+02, 1.5226e+02, 1.1552e+02, 8.9373e+01, 7.2966e+01,
       4.4615e+01, 3.3116e+01, 3.1678e+01, 2.9994e+01, 2.2925e+01,
       1.9582e+01, 1.7876e+01, 1.4438e+01, 1.3190e+01, 1.1657e+01])}",diff_mean_diff_covariance,3
MY-small_mu,20,rbf,{'gamma': 0.0015911107230262862},rbf(gamma=0.0015911107230262862),0.6545454545454545,rbf,"{'C': 2.0, 'gamma': 0.5}","{'thetas': array([0.    , 0.    , 0.    , 0.0001, 0.0001, 0.0003, 0.0005, 0.0005,
       0.0006, 0.0007, 0.0009, 0.0009, 0.0012, 0.0012, 0.0018, 0.0022,
       0.0024, 0.0027, 0.0028, 0.0031]), 'lambdas': array([0.    , 0.    , 0.    , 0.0001, 0.0001, 0.0003, 0.0005, 0.0005,
       0.0006, 0.0007, 0.0009, 0.0009, 0.0012, 0.0012, 0.0018, 0.0022,
       0.0024, 0.0027, 0.0028, 0.0031]), 'D_scores': array([58160.4422, 16507.1071, 11100.4202,  4715.6998,  3896.3783,
        1771.7061,  1068.6826,   972.3933,   780.9477,   687.4391,
         577.5762,   543.6567,   416.8714,   400.898 ,   269.5437,
         219.6401,   205.9047,   179.2693,   174.9559,   159.138 ])}",diff_mean_diff_covariance,3
MY-small_mu,20,laplacian,{'gamma': 0.0015911107230262862},laplacian(gamma=0.0015911107230262862),0.6727272727272727,rbf,"{'C': 1.0, 'gamma': 0.5}","{'thetas': array([0.0001, 0.0001, 0.0002, 0.0002, 0.0003, 0.0004, 0.0006, 0.0007,
       0.0009, 0.001 , 0.0012, 0.0012, 0.0014, 0.0015, 0.0016, 0.0018,
       0.0022, 0.0023, 0.0024, 0.0027]), 'lambdas': array([0.0001, 0.0001, 0.0002, 0.0002, 0.0003, 0.0004, 0.0006, 0.0007,
       0.0009, 0.001 , 0.0012, 0.0012, 0.0014, 0.0015, 0.0016, 0.0018,
       0.0022, 0.0023, 0.0024, 0.0027]), 'D_scores': array([8638.5643, 3911.0141, 3082.5255, 2102.8111, 1573.6613, 1321.915 ,
        840.6384,  713.8835,  578.6846,  480.0428,  410.3948,  399.1767,
        352.4609,  325.6286,  300.5677,  275.7174,  219.751 ,  214.2091,
        205.468 ,  180.5657])}",diff_mean_diff_covariance,3
MY-small_mu,20,polynomial,"{'degree': 2, 'gamma': 0.0015911107230262862, 'coef0': 1.0}","polynomial(coef0=1.0, degree=2, gamma=0.0015911107230262862)",0.7090909090909091,rbf,"{'C': 2.0, 'gamma': 0.5}","{'thetas': array([0.0001, 0.0005, 0.001 , 0.0017, 0.0019, 0.0023, 0.0029, 0.0031,
       0.004 , 0.0053, 0.0069, 0.0088, 0.0097, 0.0104, 0.0129, 0.0136,
       0.0155, 0.0167, 0.0181, 0.019 ]), 'lambdas': array([0.0001, 0.0005, 0.001 , 0.0017, 0.0019, 0.0023, 0.0029, 0.0031,
       0.004 , 0.0053, 0.0069, 0.0088, 0.0097, 0.0104, 0.0129, 0.0136,
       0.0155, 0.0167, 0.0181, 0.019 ]), 'D_scores': array([3887.1849,  951.2753,  500.6632,  295.242 ,  255.8369,  210.4538,
        167.7467,  157.3977,  120.4719,   90.8431,   69.5734,   53.9   ,
         48.82  ,   45.0787,   36.164 ,   34.1579,   29.6921,   27.4473,
         25.136 ,   23.8394])}",diff_mean_diff_covariance,3
MY-small_mu,20,sigmoid,"{'gamma': 0.0015911107230262862, 'coef0': 0.0}","sigmoid(coef0=0.0, gamma=0.0015911107230262862)",0.8090909090909091,poly,"{'C': 2.0, 'gamma': 'scale', 'degree': 2, 'coef0': 1.0}","{'thetas': array([      0.0004,       0.0037,       0.007 ,       0.0123,
             0.0143,       0.0209,       0.023 ,       0.0251,
             0.0317,       0.0372,       0.0413,       0.0494,
             0.0521, 6211468.5387, 5753987.7036, 5028303.3884,
       4698411.3216, 4425834.2337, 4050745.8325, 3387599.573 ]), 'lambdas': array([      0.0004,       0.0037,       0.007 ,       0.0123,
             0.0143,       0.0209,       0.023 ,       0.0251,
             0.0317,       0.0372,       0.0413,       0.0494,
             0.0521, 6211468.5387, 5753987.7036, 5028303.3884,
       4698411.3216, 4425834.2337, 4050745.8325, 3387599.573 ]), 'D_scores': array([1118.8624,  133.343 ,   68.1238,   37.8362,   32.3693,   21.498 ,
         19.3736,   17.6016,   13.5551,   11.3093,   10.0136,    8.1093,
          7.6111,    7.321 ,    7.2827,    7.2153,    7.1814,    7.1518,
          7.1072,    7.0178])}",diff_mean_diff_covariance,3
MY-small_mu,24,linear,{},linear,0.6818181818181818,rbf,"{'C': 2.0, 'gamma': 'scale'}","{'thetas': array([      0.    ,       0.    ,       0.    ,       0.    ,
             0.    ,       0.0002,       0.001 ,       0.0025,
             0.0028,       0.006 ,       0.0084,       0.0098,
             0.015 ,       0.0179,       0.0191,       0.0211,
             0.0226,       0.0267,       0.0277,       0.0336,
             0.0383,       0.0398,       0.0452, 8798793.405 ]), 'lambdas': array([      0.    ,       0.    ,       0.    ,       0.    ,
             0.    ,       0.0002,       0.001 ,       0.0025,
             0.0028,       0.006 ,       0.0084,       0.0098,
             0.015 ,       0.0179,       0.0191,       0.0211,
             0.0226,       0.0267,       0.0277,       0.0336,
             0.0383,       0.0398,       0.0452, 8798793.405 ]), 'D_scores': array([5.2818e+08, 3.3557e+08, 2.7962e+08, 2.6623e+08, 2.1044e+08,
       2.5080e+03, 4.9087e+02, 1.9386e+02, 1.7211e+02, 8.0810e+01,
       5.6416e+01, 4.8007e+01, 3.0689e+01, 2.5439e+01, 2.3765e+01,
       2.1226e+01, 1.9785e+01, 1.6406e+01, 1.5750e+01, 1.2706e+01,
       1.0928e+01, 1.0465e+01, 9.0192e+00, 7.4951e+00])}",diff_mean_diff_covariance,3
MY-small_mu,24,rbf,{'gamma': 0.0015911107230262862},rbf(gamma=0.0015911107230262862),0.6818181818181818,rbf,"{'C': 0.5, 'gamma': 0.5}","{'thetas': array([0.    , 0.0001, 0.0001, 0.0001, 0.0002, 0.0002, 0.0003, 0.0004,
       0.0006, 0.0007, 0.0009, 0.0012, 0.0015, 0.0016, 0.0018, 0.0023,
       0.0024, 0.0026, 0.0031, 0.0036, 0.0038, 0.0041, 0.0042, 0.0051]), 'lambdas': array([0.    , 0.0001, 0.0001, 0.0001, 0.0002, 0.0002, 0.0003, 0.0004,
       0.0006, 0.0007, 0.0009, 0.0012, 0.0015, 0.0016, 0.0018, 0.0023,
       0.0024, 0.0026, 0.0031, 0.0036, 0.0038, 0.0041, 0.0042, 0.0051]), 'D_scores': array([18575.9128,  6994.6211,  4699.3174,  4578.5457,  2825.4978,
        2145.9154,  1622.1349,  1387.1238,   895.2855,   700.0691,
         531.2063,   411.2328,   338.1988,   308.7331,   268.5698,
         212.1697,   204.1713,   187.9801,   157.2513,   135.017 ,
         128.0768,   117.2587,   115.7938,    95.4567])}",diff_mean_diff_covariance,3
MY-small_mu,24,laplacian,{'gamma': 0.0015911107230262862},laplacian(gamma=0.0015911107230262862),0.6636363636363637,rbf,"{'C': 2.0, 'gamma': 0.5}","{'thetas': array([0.    , 0.0001, 0.0002, 0.0003, 0.0003, 0.0004, 0.0007, 0.0007,
       0.0009, 0.001 , 0.0011, 0.0013, 0.0013, 0.0016, 0.0019, 0.0021,
       0.0023, 0.0024, 0.0029, 0.003 , 0.0033, 0.0035, 0.0038, 0.0043]), 'lambdas': array([0.    , 0.0001, 0.0002, 0.0003, 0.0003, 0.0004, 0.0007, 0.0007,
       0.0009, 0.001 , 0.0011, 0.0013, 0.0013, 0.0016, 0.0019, 0.0021,
       0.0023, 0.0024, 0.0029, 0.003 , 0.0033, 0.0035, 0.0038, 0.0043]), 'D_scores': array([18608.6951,  4936.1975,  3046.5453,  1981.5612,  1587.6261,
        1118.1368,   729.6525,   680.2518,   570.2611,   511.9901,
         446.3294,   381.8663,   375.9128,   302.8267,   262.9332,
         233.8706,   215.2378,   205.5834,   167.8913,   162.062 ,
         149.001 ,   138.0404,   126.8988,   111.8735])}",diff_mean_diff_covariance,3
MY-small_mu,24,polynomial,"{'degree': 2, 'gamma': 0.0015911107230262862, 'coef0': 1.0}","polynomial(coef0=1.0, degree=2, gamma=0.0015911107230262862)",0.6545454545454545,rbf,"{'C': 1.0, 'gamma': 'scale'}","{'thetas': array([0.0002, 0.0004, 0.0008, 0.0014, 0.0017, 0.002 , 0.0033, 0.0038,
       0.0048, 0.0073, 0.0082, 0.0091, 0.0096, 0.0103, 0.0136, 0.0143,
       0.0154, 0.0163, 0.0192, 0.0215, 0.0226, 0.0273, 0.0294, 0.0313]), 'lambdas': array([0.0002, 0.0004, 0.0008, 0.0014, 0.0017, 0.002 , 0.0033, 0.0038,
       0.0048, 0.0073, 0.0082, 0.0091, 0.0096, 0.0103, 0.0136, 0.0143,
       0.0154, 0.0163, 0.0192, 0.0215, 0.0226, 0.0273, 0.0294, 0.0313]), 'D_scores': array([2249.1237, 1155.2151,  608.3213,  349.2547,  286.3507,  246.1089,
        146.6925,  126.7807,  100.3736,   65.4871,   58.1749,   51.8483,
         49.3602,   45.7539,   34.1215,   32.4182,   29.8286,   28.1008,
         23.5569,   20.8702,   19.7051,   16.0295,   14.7588,   13.7395])}",diff_mean_diff_covariance,3
MY-small_mu,24,sigmoid,"{'gamma': 0.0015911107230262862, 'coef0': 0.0}","sigmoid(coef0=0.0, gamma=0.0015911107230262862)",0.7818181818181819,poly,"{'C': 2.0, 'gamma': 'scale', 'degree': 2, 'coef0': 1.0}","{'thetas': array([      0.0017,       0.0061,       0.007 ,       0.0091,
             0.0192,       0.0232,       0.0254,       0.028 ,
             0.0299,       0.0344,       0.0404,       0.0491,
       8438023.4907, 7091460.0453, 5711567.9441,       0.0548,
       4571180.115 , 4411211.687 , 3929423.3863, 3616602.8156,
       3352346.9175, 2904645.1078, 2584712.8442, 2328466.9789]), 'lambdas': array([      0.0017,       0.0061,       0.007 ,       0.0091,
             0.0192,       0.0232,       0.0254,       0.028 ,
             0.0299,       0.0344,       0.0404,       0.0491,
       8438023.4907, 7091460.0453, 5711567.9441,       0.0548,
       4571180.115 , 4411211.687 , 3929423.3863, 3616602.8156,
       3352346.9175, 2904645.1078, 2584712.8442, 2328466.9789]), 'D_scores': array([295.4685,  78.6371,  68.4544,  51.912 ,  23.5986,  19.2035,
        17.3489,  15.5631,  14.467 ,  12.3339,  10.2745,   8.1825,
         7.4741,   7.3872,   7.2791,   7.1722,   7.1676,   7.1499,
         7.092 ,   7.0505,   7.0127,   6.9409,   6.8826,   6.8304])}",diff_mean_diff_covariance,3
MY-small_mu,28,linear,{},linear,0.7363636363636363,rbf,"{'C': 2.0, 'gamma': 'scale'}","{'thetas': array([      0.    ,       0.    ,       0.    ,       0.0012,
             0.0018,       0.0037,       0.0051,       0.009 ,
             0.011 ,       0.0128,       0.0132,       0.0178,
             0.0206,       0.0228,       0.0263,       0.029 ,
             0.0316,       0.038 ,       0.0404,       0.0495,
             0.0523, 7342056.5071, 6578236.5216, 5783037.0823,
       4995764.9957,       0.0549, 3974609.8714, 3619421.916 ]), 'lambdas': array([      0.    ,       0.    ,       0.    ,       0.0012,
             0.0018,       0.0037,       0.0051,       0.009 ,
             0.011 ,       0.0128,       0.0132,       0.0178,
             0.0206,       0.0228,       0.0263,       0.029 ,
             0.0316,       0.038 ,       0.0404,       0.0495,
             0.0523, 7342056.5071, 6578236.5216, 5783037.0823,
       4995764.9957,       0.0549, 3974609.8714, 3619421.916 ]), 'D_scores': array([1.8089e+09, 1.3275e+09, 4.8283e+08, 4.1514e+02, 2.7507e+02,
       1.3204e+02, 9.4192e+01, 5.2905e+01, 4.2576e+01, 3.6248e+01,
       3.5178e+01, 2.5642e+01, 2.1785e+01, 1.9543e+01, 1.6660e+01,
       1.4988e+01, 1.3607e+01, 1.1021e+01, 1.0269e+01, 8.0918e+00,
       7.5846e+00, 7.4048e+00, 7.3496e+00, 7.2852e+00, 7.2121e+00,
       7.1580e+00, 7.0979e+00, 7.0509e+00])}",diff_mean_diff_covariance,3
MY-small_mu,28,rbf,{'gamma': 0.0015911107230262862},rbf(gamma=0.0015911107230262862),0.6909090909090909,rbf,"{'C': 2.0, 'gamma': 0.5}","{'thetas': array([0.    , 0.    , 0.0001, 0.0001, 0.0002, 0.0002, 0.0003, 0.0004,
       0.0005, 0.0006, 0.001 , 0.0011, 0.0013, 0.0014, 0.0019, 0.0019,
       0.0023, 0.0024, 0.0026, 0.0028, 0.0032, 0.0035, 0.0042, 0.0042,
       0.0046, 0.0051, 0.0059, 0.0061]), 'lambdas': array([0.    , 0.    , 0.0001, 0.0001, 0.0002, 0.0002, 0.0003, 0.0004,
       0.0005, 0.0006, 0.001 , 0.0011, 0.0013, 0.0014, 0.0019, 0.0019,
       0.0023, 0.0024, 0.0026, 0.0028, 0.0032, 0.0035, 0.0042, 0.0042,
       0.0046, 0.0051, 0.0059, 0.0061]), 'D_scores': array([86410.3263, 57549.4799,  6682.899 ,  3889.7112,  2808.6479,
        2469.5705,  1548.4973,  1224.7614,   953.1848,   773.5775,
         519.7279,   455.9208,   390.0477,   355.3249,   265.6499,
         257.5781,   218.5228,   204.0706,   187.0205,   175.6388,
         153.4345,   139.1265,   116.4418,   114.7785,   105.0132,
          94.4968,    82.2514,    78.4588])}",diff_mean_diff_covariance,3
MY-small_mu,28,laplacian,{'gamma': 0.0015911107230262862},laplacian(gamma=0.0015911107230262862),0.7363636363636363,rbf,"{'C': 2.0, 'gamma': 0.5}","{'thetas': array([0.    , 0.0001, 0.0002, 0.0003, 0.0003, 0.0004, 0.0005, 0.0006,
       0.0007, 0.0008, 0.0009, 0.0011, 0.0012, 0.0014, 0.0016, 0.0018,
       0.0021, 0.0021, 0.0024, 0.0028, 0.0035, 0.0037, 0.0039, 0.0044,
       0.0046, 0.0049, 0.0055, 0.0058]), 'lambdas': array([0.    , 0.0001, 0.0002, 0.0003, 0.0003, 0.0004, 0.0005, 0.0006,
       0.0007, 0.0008, 0.0009, 0.0011, 0.0012, 0.0014, 0.0016, 0.0018,
       0.0021, 0.0021, 0.0024, 0.0028, 0.0035, 0.0037, 0.0039, 0.0044,
       0.0046, 0.0049, 0.0055, 0.0058]), 'D_scores': array([42408.0422,  3808.1881,  2532.7095,  1807.208 ,  1547.1475,
        1252.093 ,  1076.4404,   870.7066,   704.3891,   648.0899,
         572.9429,   436.7777,   402.9513,   347.8194,   318.2316,
         269.0112,   231.6976,   229.138 ,   202.5064,   173.4597,
         138.2851,   133.5888,   124.2782,   110.4637,   106.102 ,
          99.2069,    88.1939,    82.8917])}",diff_mean_diff_covariance,3
MY-small_mu,28,polynomial,"{'degree': 2, 'gamma': 0.0015911107230262862, 'coef0': 1.0}","polynomial(coef0=1.0, degree=2, gamma=0.0015911107230262862)",0.7,rbf,"{'C': 2.0, 'gamma': 'scale'}","{'thetas': array([0.0002, 0.0007, 0.0012, 0.0021, 0.0023, 0.004 , 0.0044, 0.0054,
       0.0061, 0.0077, 0.0082, 0.0099, 0.0106, 0.0113, 0.0122, 0.0149,
       0.0166, 0.0184, 0.0199, 0.0231, 0.0237, 0.026 , 0.0274, 0.0315,
       0.0344, 0.0381, 0.0412, 0.0468]), 'lambdas': array([0.0002, 0.0007, 0.0012, 0.0021, 0.0023, 0.004 , 0.0044, 0.0054,
       0.0061, 0.0077, 0.0082, 0.0099, 0.0106, 0.0113, 0.0122, 0.0149,
       0.0166, 0.0184, 0.0199, 0.0231, 0.0237, 0.026 , 0.0274, 0.0315,
       0.0344, 0.0381, 0.0412, 0.0468]), 'D_scores': array([2192.4127,  667.3143,  413.7397,  239.3656,  211.676 ,  120.8989,
        109.2392,   88.9453,   78.4325,   61.7591,   57.9565,   47.6257,
         44.4547,   41.3538,   38.1612,   30.9191,   27.6061,   24.6713,
         22.6828,   19.2747,   18.7536,   16.9302,   15.9643,   13.6486,
         12.3522,   10.9957,   10.0323,    8.66  ])}",diff_mean_diff_covariance,3
MY-small_mu,28,sigmoid,"{'gamma': 0.0015911107230262862, 'coef0': 0.0}","sigmoid(coef0=0.0, gamma=0.0015911107230262862)",0.7909090909090909,poly,"{'C': 1.0, 'gamma': 'scale', 'degree': 2, 'coef0': 1.0}","{'thetas': array([      0.004 ,       0.0056,       0.0104,       0.015 ,
             0.0168,       0.0233,       0.029 ,       0.0312,
             0.0346,       0.0372,       0.0458,       0.0528,
       6978656.6495, 6506614.1483, 5099994.7148, 4400898.2438,
       3619989.3589, 3387209.8482, 3155954.175 , 2793531.0866,
       2718629.1882, 2531396.9675, 2427996.0363,       0.0569,
       2070874.1207, 2034558.5011, 1811715.1503, 1630184.3738]), 'lambdas': array([      0.004 ,       0.0056,       0.0104,       0.015 ,
             0.0168,       0.0233,       0.029 ,       0.0312,
             0.0346,       0.0372,       0.0458,       0.0528,
       6978656.6495, 6506614.1483, 5099994.7148, 4400898.2438,
       3619989.3589, 3387209.8482, 3155954.175 , 2793531.0866,
       2718629.1882, 2531396.9675, 2427996.0363,       0.0569,
       2070874.1207, 2034558.5011, 1811715.1503, 1630184.3738]), 'D_scores': array([121.593 ,  85.9182,  45.1436,  30.8259,  27.2598,  19.0645,
        14.9439,  13.8051,  12.2836,  11.2821,   8.8704,   7.499 ,
         7.3794,   7.3442,   7.2224,   7.1487,   7.0511,   7.0178,
         6.9825,   6.9215,   6.9078,   6.8722,   6.8513,   6.8512,
         6.7718,   6.7629,   6.7049,   6.6523])}",diff_mean_diff_covariance,3
MY-small_mu,32,linear,{},linear,0.5818181818181818,rbf,"{'C': 2.0, 'gamma': 'scale'}","{'thetas': array([      0.    ,       0.    ,       0.    ,       0.    ,
             0.0003,       0.0006,       0.0014,       0.0038,
             0.0045,       0.0063,       0.0071,       0.0102,
             0.0124,       0.0149,       0.0184,       0.0219,
             0.0238,       0.0263,       0.0277,       0.0327,
             0.0432,       0.0469, 8706093.895 , 7577850.6142,
       6861702.747 , 5995911.8686, 5234601.6205, 5128516.0822,
       3946261.7573, 3696319.6818, 3420913.6752, 3120947.3689]), 'lambdas': array([      0.    ,       0.    ,       0.    ,       0.    ,
             0.0003,       0.0006,       0.0014,       0.0038,
             0.0045,       0.0063,       0.0071,       0.0102,
             0.0124,       0.0149,       0.0184,       0.0219,
             0.0238,       0.0263,       0.0277,       0.0327,
             0.0432,       0.0469, 8706093.895 , 7577850.6142,
       6861702.747 , 5995911.8686, 5234601.6205, 5128516.0822,
       3946261.7573, 3696319.6818, 3420913.6752, 3120947.3689]), 'D_scores': array([1.2361e+09, 5.4489e+08, 4.0095e+08, 2.8527e+08, 1.6614e+03,
       8.7119e+02, 3.4793e+02, 1.2725e+02, 1.0893e+02, 7.6624e+01,
       6.7217e+01, 4.6042e+01, 3.7681e+01, 3.0995e+01, 2.4751e+01,
       2.0437e+01, 1.8604e+01, 1.6667e+01, 1.5756e+01, 1.3074e+01,
       9.5107e+00, 8.6419e+00, 7.4898e+00, 7.4204e+00, 7.3708e+00,
       7.3033e+00, 7.2355e+00, 7.2252e+00, 7.0941e+00, 7.0614e+00,
       7.0227e+00, 6.9774e+00])}",diff_mean_diff_covariance,3
MY-small_mu,32,rbf,{'gamma': 0.0015911107230262862},rbf(gamma=0.0015911107230262862),0.6090909090909091,rbf,"{'C': 2.0, 'gamma': 0.5}","{'thetas': array([0.    , 0.0001, 0.0001, 0.0001, 0.0002, 0.0003, 0.0004, 0.0006,
       0.0008, 0.001 , 0.0012, 0.0013, 0.0014, 0.0018, 0.002 , 0.0021,
       0.0022, 0.0027, 0.0028, 0.0035, 0.0037, 0.004 , 0.0044, 0.005 ,
       0.0055, 0.0064, 0.0071, 0.0083, 0.0091, 0.0095, 0.0107, 0.0118]), 'lambdas': array([0.    , 0.0001, 0.0001, 0.0001, 0.0002, 0.0003, 0.0004, 0.0006,
       0.0008, 0.001 , 0.0012, 0.0013, 0.0014, 0.0018, 0.002 , 0.0021,
       0.0022, 0.0027, 0.0028, 0.0035, 0.0037, 0.004 , 0.0044, 0.005 ,
       0.0055, 0.0064, 0.0071, 0.0083, 0.0091, 0.0095, 0.0107, 0.0118]), 'D_scores': array([170865.5671,   9745.2932,   6763.4741,   4158.4512,   2183.0726,
         1954.8458,   1120.2375,    792.9369,    603.2623,    497.3465,
          424.1388,    387.2833,    346.6748,    278.8469,    249.5002,
          235.7672,    227.1909,    184.7169,    173.366 ,    140.7595,
          133.2338,    122.0898,    110.8097,     96.3711,     87.8239,
           75.3372,     67.1627,     57.6072,     52.1421,     49.8404,
           43.9763,     39.7752])}",diff_mean_diff_covariance,3
MY-small_mu,32,laplacian,{'gamma': 0.0015911107230262862},laplacian(gamma=0.0015911107230262862),0.5909090909090909,rbf,"{'C': 2.0, 'gamma': 0.5}","{'thetas': array([0.    , 0.0001, 0.0002, 0.0003, 0.0003, 0.0004, 0.0006, 0.0007,
       0.0008, 0.001 , 0.0011, 0.0013, 0.0016, 0.0017, 0.002 , 0.0023,
       0.0025, 0.0026, 0.0029, 0.0034, 0.0035, 0.0039, 0.0042, 0.0045,
       0.0048, 0.0057, 0.0061, 0.0062, 0.0064, 0.008 , 0.0082, 0.0091]), 'lambdas': array([0.    , 0.0001, 0.0002, 0.0003, 0.0003, 0.0004, 0.0006, 0.0007,
       0.0008, 0.001 , 0.0011, 0.0013, 0.0016, 0.0017, 0.002 , 0.0023,
       0.0025, 0.0026, 0.0029, 0.0034, 0.0035, 0.0039, 0.0042, 0.0045,
       0.0048, 0.0057, 0.0061, 0.0062, 0.0064, 0.008 , 0.0082, 0.0091]), 'D_scores': array([12023.5467,  7552.3297,  3226.986 ,  1954.6701,  1477.0432,
        1269.4093,   882.9438,   734.0701,   627.4153,   507.5502,
         453.5729,   378.696 ,   302.9897,   285.9804,   244.919 ,
         218.6356,   198.2041,   192.0878,   169.3857,   143.1751,
         139.9505,   125.8441,   115.9883,   108.8425,   100.8366,
          84.1243,    79.18  ,    78.0644,    75.4177,    59.953 ,
          58.1891,    52.3948])}",diff_mean_diff_covariance,3
MY-small_mu,32,polynomial,"{'degree': 2, 'gamma': 0.0015911107230262862, 'coef0': 1.0}","polynomial(coef0=1.0, degree=2, gamma=0.0015911107230262862)",0.5727272727272728,rbf,"{'C': 2.0, 'gamma': 'scale'}","{'thetas': array([      0.0002,       0.0002,       0.0009,       0.0011,
             0.0015,       0.0027,       0.0036,       0.0039,
             0.0054,       0.0057,       0.0064,       0.0074,
             0.0084,       0.0099,       0.0117,       0.0134,
             0.0148,       0.017 ,       0.0181,       0.0229,
             0.026 ,       0.0302,       0.0325,       0.0353,
             0.0404,       0.0447,       0.0509,       0.0527,
             0.0582, 1615271.6864,  482648.2914,  420514.7728]), 'lambdas': array([      0.0002,       0.0002,       0.0009,       0.0011,
             0.0015,       0.0027,       0.0036,       0.0039,
             0.0054,       0.0057,       0.0064,       0.0074,
             0.0084,       0.0099,       0.0117,       0.0134,
             0.0148,       0.017 ,       0.0181,       0.0229,
             0.026 ,       0.0302,       0.0325,       0.0353,
             0.0404,       0.0447,       0.0509,       0.0527,
             0.0582, 1615271.6864,  482648.2914,  420514.7728]), 'D_scores': array([3323.9724, 2291.9584,  554.1885,  455.4642,  325.4144,  179.968 ,
        133.8725,  125.5541,   88.9917,   85.0305,   75.6585,   64.5859,
         56.5502,   47.5045,   39.9211,   34.5286,   31.1178,   26.8909,
         25.0787,   19.4466,   16.8976,   14.2959,   13.1559,   12.0042,
         10.262 ,    9.1349,    7.8332,    7.5115,    6.6714,    6.6486,
          6.0435,    5.9746])}",diff_mean_diff_covariance,3
MY-small_mu,32,sigmoid,"{'gamma': 0.0015911107230262862, 'coef0': 0.0}","sigmoid(coef0=0.0, gamma=0.0015911107230262862)",0.8,poly,"{'C': 2.0, 'gamma': 'scale', 'degree': 2, 'coef0': 1.0}","{'thetas': array([      0.0018,       0.0041,       0.0081,       0.011 ,
             0.0145,       0.02  ,       0.0233,       0.0273,
             0.035 ,       0.0384,       0.045 ,       0.0461,
       8386662.1503, 7259980.8757, 5964483.6821, 5433565.7582,
       4485426.0049, 4233899.4742, 3139818.8689, 3064377.1846,
       3009944.2577, 2831333.1339, 2456573.1008, 2051449.1907,
       1931599.6753, 1772124.205 , 1766489.8255, 1549839.907 ,
       1465224.8533, 1447548.5189, 1250658.1822, 1140587.1482]), 'lambdas': array([      0.0018,       0.0041,       0.0081,       0.011 ,
             0.0145,       0.02  ,       0.0233,       0.0273,
             0.035 ,       0.0384,       0.045 ,       0.0461,
       8386662.1503, 7259980.8757, 5964483.6821, 5433565.7582,
       4485426.0049, 4233899.4742, 3139818.8689, 3064377.1846,
       3009944.2577, 2831333.1339, 2456573.1008, 2051449.1907,
       1931599.6753, 1772124.205 , 1766489.8255, 1549839.907 ,
       1465224.8533, 1447548.5189, 1250658.1822, 1140587.1482]), 'D_scores': array([279.308 , 118.5605,  58.5022,  42.743 ,  31.939 ,  22.57  ,
        19.1279,  16.0418,  12.1178,  10.8792,   9.0759,   8.8132,
         7.4711,   7.399 ,   7.3007,   7.2541,   7.1582,   7.1295,
         6.9799,   6.9677,   6.9587,   6.9287,   6.8572,   6.767 ,
         6.7369,   6.6939,   6.6923,   6.6272,   6.5988,   6.5928,
         6.5198,   6.4736])}",diff_mean_diff_covariance,3
KFDA-1D,1,linear,{},linear,0.8,rbf,"{'C': 1.0, 'gamma': 0.5}","{'top_lambda': 18.14578961190826, 'd_norm': 95.50507930564329}",diff_mean_tiny_covariance_gap,1
KFDA-1D,1,rbf,{'gamma': 0.0017054574491412824},rbf(gamma=0.0017054574491412824),0.625,rbf,"{'C': 2.0, 'gamma': 'scale'}","{'top_lambda': 28415.732885286903, 'd_norm': 0.152944035776945}",diff_mean_tiny_covariance_gap,1
KFDA-1D,1,laplacian,{'gamma': 0.0017054574491412824},laplacian(gamma=0.0017054574491412824),0.6875,rbf,"{'C': 2.0, 'gamma': 'scale'}","{'top_lambda': 26176.919215544836, 'd_norm': 0.11172352946295097}",diff_mean_tiny_covariance_gap,1
KFDA-1D,1,polynomial,"{'degree': 2, 'gamma': 0.0017054574491412824, 'coef0': 1.0}","polynomial(coef0=1.0, degree=2, gamma=0.0017054574491412824)",0.65,rbf,"{'C': 2.0, 'gamma': 'scale'}","{'top_lambda': 17639.928092732192, 'd_norm': 0.5188617902882711}",diff_mean_tiny_covariance_gap,1
KFDA-1D,1,sigmoid,"{'gamma': 0.0017054574491412824, 'coef0': 0.0}","sigmoid(coef0=0.0, gamma=0.0017054574491412824)",0.775,linear,{'C': 0.5},"{'top_lambda': 18.966594188359068, 'd_norm': 0.13426641769149053}",diff_mean_tiny_covariance_gap,1
MY-large_mu,1,linear,{},linear,0.7125,rbf,"{'C': 2.0, 'gamma': 'scale'}","{'thetas': array([0.]), 'lambdas': array([0.]), 'gvals': array([9.5004e+09])}",diff_mean_tiny_covariance_gap,1
MY-large_mu,1,rbf,{'gamma': 0.0017054574491412824},rbf(gamma=0.0017054574491412824),0.525,rbf,"{'C': 1.0, 'gamma': 'scale'}","{'thetas': array([0.]), 'lambdas': array([0.]), 'gvals': array([28365.7248])}",diff_mean_tiny_covariance_gap,1
MY-large_mu,1,laplacian,{'gamma': 0.0017054574491412824},laplacian(gamma=0.0017054574491412824),0.5,poly,"{'C': 1.0, 'gamma': 'scale', 'degree': 2, 'coef0': 1.0}","{'thetas': array([0.]), 'lambdas': array([0.]), 'gvals': array([178939.7095])}",diff_mean_tiny_covariance_gap,1
MY-large_mu,1,polynomial,"{'degree': 2, 'gamma': 0.0017054574491412824, 'coef0': 1.0}","polynomial(coef0=1.0, degree=2, gamma=0.0017054574491412824)",0.5375,rbf,"{'C': 1.0, 'gamma': 'scale'}","{'thetas': array([0.0002]), 'lambdas': array([0.0002]), 'gvals': array([3051.7277])}",diff_mean_tiny_covariance_gap,1
MY-large_mu,1,sigmoid,"{'gamma': 0.0017054574491412824, 'coef0': 0.0}","sigmoid(coef0=0.0, gamma=0.0017054574491412824)",0.75,linear,{'C': 0.5},"{'thetas': array([0.0021]), 'lambdas': array([0.0021]), 'gvals': array([239.2496])}",diff_mean_tiny_covariance_gap,1
MY-large_mu,2,linear,{},linear,0.8375,rbf,"{'C': 2.0, 'gamma': 'scale'}","{'thetas': array([0., 0.]), 'lambdas': array([0., 0.]), 'gvals': array([6.9903e+08, 4.9120e+08])}",diff_mean_tiny_covariance_gap,1
MY-large_mu,2,rbf,{'gamma': 0.0017054574491412824},rbf(gamma=0.0017054574491412824),0.4875,rbf,"{'C': 0.5, 'gamma': 'scale'}","{'thetas': array([0., 0.]), 'lambdas': array([0., 0.]), 'gvals': array([109905.5234,  22143.1628])}",diff_mean_tiny_covariance_gap,1
MY-large_mu,2,laplacian,{'gamma': 0.0017054574491412824},laplacian(gamma=0.0017054574491412824),0.4625,rbf,"{'C': 2.0, 'gamma': 'scale'}","{'thetas': array([0.0001, 0.0001]), 'lambdas': array([0.0001, 0.0001]), 'gvals': array([9628.6544, 4937.4444])}",diff_mean_tiny_covariance_gap,1
MY-large_mu,2,polynomial,"{'degree': 2, 'gamma': 0.0017054574491412824, 'coef0': 1.0}","polynomial(coef0=1.0, degree=2, gamma=0.0017054574491412824)",0.525,rbf,"{'C': 0.5, 'gamma': 'scale'}","{'thetas': array([0.    , 0.0002]), 'lambdas': array([0.    , 0.0002]), 'gvals': array([38995.1089,  2760.0334])}",diff_mean_tiny_covariance_gap,1
MY-large_mu,2,sigmoid,"{'gamma': 0.0017054574491412824, 'coef0': 0.0}","sigmoid(coef0=0.0, gamma=0.0017054574491412824)",0.8375,rbf,"{'C': 1.0, 'gamma': 'scale'}","{'thetas': array([0.001 , 0.0037]), 'lambdas': array([0.001 , 0.0037]), 'gvals': array([484.7713, 132.6327])}",diff_mean_tiny_covariance_gap,1
MY-large_mu,3,linear,{},linear,0.775,rbf,"{'C': 2.0, 'gamma': 0.5}","{'thetas': array([0., 0., 0.]), 'lambdas': array([0., 0., 0.]), 'gvals': array([1.1953e+09, 7.8216e+08, 7.3697e+08])}",diff_mean_tiny_covariance_gap,1
MY-large_mu,3,rbf,{'gamma': 0.0017054574491412824},rbf(gamma=0.0017054574491412824),0.55,rbf,"{'C': 2.0, 'gamma': 0.5}","{'thetas': array([0., 0., 0.]), 'lambdas': array([0., 0., 0.]), 'gvals': array([105824.6142,  49963.0732,  26835.7573])}",diff_mean_tiny_covariance_gap,1
MY-large_mu,3,laplacian,{'gamma': 0.0017054574491412824},laplacian(gamma=0.0017054574491412824),0.5,rbf,"{'C': 0.5, 'gamma': 'scale'}","{'thetas': array([0.    , 0.0001, 0.0002]), 'lambdas': array([0.    , 0.0001, 0.0002]), 'gvals': array([62464.4409,  6717.327 ,  3263.9915])}",diff_mean_tiny_covariance_gap,1
MY-large_mu,3,polynomial,"{'degree': 2, 'gamma': 0.0017054574491412824, 'coef0': 1.0}","polynomial(coef0=1.0, degree=2, gamma=0.0017054574491412824)",0.525,rbf,"{'C': 1.0, 'gamma': 0.5}","{'thetas': array([0.    , 0.0009, 0.0017]), 'lambdas': array([0.    , 0.0009, 0.0017]), 'gvals': array([14699.4533,   571.2049,   298.5527])}",diff_mean_tiny_covariance_gap,1
MY-large_mu,3,sigmoid,"{'gamma': 0.0017054574491412824, 'coef0': 0.0}","sigmoid(coef0=0.0, gamma=0.0017054574491412824)",0.75,rbf,"{'C': 1.0, 'gamma': 0.5}","{'thetas': array([0.0017, 0.0082, 0.0084]), 'lambdas': array([0.0017, 0.0082, 0.0084]), 'gvals': array([290.6168,  58.1665,  56.2871])}",diff_mean_tiny_covariance_gap,1
MY-large_mu,4,linear,{},linear,0.75,rbf,"{'C': 2.0, 'gamma': 0.5}","{'thetas': array([0., 0., 0., 0.]), 'lambdas': array([0., 0., 0., 0.]), 'gvals': array([1.3088e+09, 8.6435e+08, 7.4249e+08, 5.9252e+08])}",diff_mean_tiny_covariance_gap,1
MY-large_mu,4,rbf,{'gamma': 0.0017054574491412824},rbf(gamma=0.0017054574491412824),0.5,rbf,"{'C': 1.0, 'gamma': 0.5}","{'thetas': array([0.    , 0.    , 0.0001, 0.0001]), 'lambdas': array([0.    , 0.    , 0.0001, 0.0001]), 'gvals': array([56946.4639, 16860.718 ,  8154.6798,  5378.7302])}",diff_mean_tiny_covariance_gap,1
MY-large_mu,4,laplacian,{'gamma': 0.0017054574491412824},laplacian(gamma=0.0017054574491412824),0.5125,rbf,"{'C': 1.0, 'gamma': 0.5}","{'thetas': array([0.    , 0.0001, 0.0001, 0.0004]), 'lambdas': array([0.    , 0.0001, 0.0001, 0.0004]), 'gvals': array([350574.6353,   7784.6598,   3432.411 ,   1362.5641])}",diff_mean_tiny_covariance_gap,1
MY-large_mu,4,polynomial,"{'degree': 2, 'gamma': 0.0017054574491412824, 'coef0': 1.0}","polynomial(coef0=1.0, degree=2, gamma=0.0017054574491412824)",0.5625,rbf,"{'C': 2.0, 'gamma': 0.5}","{'thetas': array([0.0001, 0.0005, 0.0011, 0.0012]), 'lambdas': array([0.0001, 0.0005, 0.0011, 0.0012]), 'gvals': array([6436.4375, 1013.4422,  435.1144,  417.0746])}",diff_mean_tiny_covariance_gap,1
MY-large_mu,4,sigmoid,"{'gamma': 0.0017054574491412824, 'coef0': 0.0}","sigmoid(coef0=0.0, gamma=0.0017054574491412824)",0.7,rbf,"{'C': 1.0, 'gamma': 'scale'}","{'thetas': array([0.0006, 0.0019, 0.0034, 0.0081]), 'lambdas': array([0.0006, 0.0019, 0.0034, 0.0081]), 'gvals': array([817.704 , 258.6464, 144.4166,  58.6818])}",diff_mean_tiny_covariance_gap,1
MY-large_mu,5,linear,{},linear,0.8125,rbf,"{'C': 0.5, 'gamma': 'scale'}","{'thetas': array([0., 0., 0., 0., 0.]), 'lambdas': array([0., 0., 0., 0., 0.]), 'gvals': array([3.3660e+09, 2.4123e+09, 6.0673e+08, 4.6907e+08, 2.6057e+08])}",diff_mean_tiny_covariance_gap,1
MY-large_mu,5,rbf,{'gamma': 0.0017054574491412824},rbf(gamma=0.0017054574491412824),0.5,rbf,"{'C': 0.5, 'gamma': 0.5}","{'thetas': array([0.    , 0.0001, 0.0001, 0.0002, 0.0004]), 'lambdas': array([0.    , 0.0001, 0.0001, 0.0002, 0.0004]), 'gvals': array([28094.7148,  9784.4549,  5120.0029,  2740.7328,  1278.685 ])}",diff_mean_tiny_covariance_gap,1
MY-large_mu,5,laplacian,{'gamma': 0.0017054574491412824},laplacian(gamma=0.0017054574491412824),0.5125,rbf,"{'C': 1.0, 'gamma': 0.5}","{'thetas': array([0.    , 0.0001, 0.0001, 0.0002, 0.0003]), 'lambdas': array([0.    , 0.0001, 0.0001, 0.0002, 0.0003]), 'gvals': array([31891.7136,  5093.5335,  3761.4142,  2337.5381,  1634.2981])}",diff_mean_tiny_covariance_gap,1
MY-large_mu,5,polynomial,"{'degree': 2, 'gamma': 0.0017054574491412824, 'coef0': 1.0}","polynomial(coef0=1.0, degree=2, gamma=0.0017054574491412824)",0.6625,rbf,"{'C': 2.0, 'gamma': 0.5}","{'thetas': array([0.0006, 0.0008, 0.0011, 0.0016, 0.0024]), 'lambdas': array([0.0006, 0.0008, 0.0011, 0.0016, 0.0024]), 'gvals': array([890.9452, 639.3781, 438.3612, 305.4073, 201.6219])}",diff_mean_tiny_covariance_gap,1
MY-large_mu,5,sigmoid,"{'gamma': 0.0017054574491412824, 'coef0': 0.0}","sigmoid(coef0=0.0, gamma=0.0017054574491412824)",0.75,poly,"{'C': 1.0, 'gamma': 'scale', 'degree': 2, 'coef0': 1.0}","{'thetas': array([0.0003, 0.0007, 0.0034, 0.0057, 0.0107]), 'lambdas': array([0.0003, 0.0007, 0.0034, 0.0057, 0.0107]), 'gvals': array([1714.3099,  695.3853,  143.7696,   84.8984,   44.0675])}",diff_mean_tiny_covariance_gap,1
MY-large_mu,6,linear,{},linear,0.75,rbf,"{'C': 0.5, 'gamma': 0.5}","{'thetas': array([0.    , 0.    , 0.    , 0.    , 0.0004, 0.0018]), 'lambdas': array([0.    , 0.    , 0.    , 0.    , 0.0004, 0.0018]), 'gvals': array([4.6077e+10, 1.0779e+09, 3.4026e+08, 2.6375e+08, 1.2410e+03,
       2.7144e+02])}",diff_mean_tiny_covariance_gap,1
MY-large_mu,6,rbf,{'gamma': 0.0017054574491412824},rbf(gamma=0.0017054574491412824),0.55,rbf,"{'C': 2.0, 'gamma': 0.5}","{'thetas': array([0.    , 0.    , 0.0002, 0.0002, 0.0003, 0.0004]), 'lambdas': array([0.    , 0.    , 0.0002, 0.0002, 0.0003, 0.0004]), 'gvals': array([24740.8186, 19722.0681,  2973.2038,  2431.9245,  1723.8663,
        1158.0266])}",diff_mean_tiny_covariance_gap,1
MY-large_mu,6,laplacian,{'gamma': 0.0017054574491412824},laplacian(gamma=0.0017054574491412824),0.65,rbf,"{'C': 2.0, 'gamma': 0.5}","{'thetas': array([0.    , 0.0001, 0.0002, 0.0004, 0.0004, 0.0005]), 'lambdas': array([0.    , 0.0001, 0.0002, 0.0004, 0.0004, 0.0005]), 'gvals': array([21091.2089,  3565.7698,  2426.1114,  1357.6564,  1112.008 ,
        1045.076 ])}",diff_mean_tiny_covariance_gap,1
MY-large_mu,6,polynomial,"{'degree': 2, 'gamma': 0.0017054574491412824, 'coef0': 1.0}","polynomial(coef0=1.0, degree=2, gamma=0.0017054574491412824)",0.6625,rbf,"{'C': 0.5, 'gamma': 0.5}","{'thetas': array([0.0006, 0.0009, 0.0011, 0.0019, 0.0029, 0.0032]), 'lambdas': array([0.0006, 0.0009, 0.0011, 0.0019, 0.0029, 0.0032]), 'gvals': array([821.126 , 533.5793, 462.4818, 253.9633, 171.889 , 154.7506])}",diff_mean_tiny_covariance_gap,1
MY-large_mu,6,sigmoid,"{'gamma': 0.0017054574491412824, 'coef0': 0.0}","sigmoid(coef0=0.0, gamma=0.0017054574491412824)",0.7875,poly,"{'C': 0.5, 'gamma': 'scale', 'degree': 2, 'coef0': 1.0}","{'thetas': array([0.0018, 0.0041, 0.0078, 0.0114, 0.0133, 0.0183]), 'lambdas': array([0.0018, 0.0041, 0.0078, 0.0114, 0.0133, 0.0183]), 'gvals': array([277.8627, 119.7262,  60.8414,  41.3086,  34.7999,  24.8217])}",diff_mean_tiny_covariance_gap,1
MY-large_mu,7,linear,{},linear,0.725,rbf,"{'C': 1.0, 'gamma': 0.5}","{'thetas': array([0.    , 0.    , 0.    , 0.    , 0.    , 0.    , 0.0002]), 'lambdas': array([0.    , 0.    , 0.    , 0.    , 0.    , 0.    , 0.0002]), 'gvals': array([3.3999e+10, 2.1653e+09, 1.3004e+09, 5.0652e+08, 3.6366e+08,
       2.5439e+08, 3.1549e+03])}",diff_mean_tiny_covariance_gap,1
MY-large_mu,7,rbf,{'gamma': 0.0017054574491412824},rbf(gamma=0.0017054574491412824),0.5,rbf,"{'C': 0.5, 'gamma': 0.5}","{'thetas': array([0.    , 0.    , 0.0001, 0.0001, 0.0001, 0.0001, 0.0003]), 'lambdas': array([0.    , 0.    , 0.0001, 0.0001, 0.0001, 0.0001, 0.0003]), 'gvals': array([73757.4662, 10302.9237,  9544.2305,  7413.19  ,  4608.374 ,
        3876.5778,  1703.5557])}",diff_mean_tiny_covariance_gap,1
MY-large_mu,7,laplacian,{'gamma': 0.0017054574491412824},laplacian(gamma=0.0017054574491412824),0.65,rbf,"{'C': 2.0, 'gamma': 0.5}","{'thetas': array([0.    , 0.0001, 0.0002, 0.0003, 0.0004, 0.0005, 0.0006]), 'lambdas': array([0.    , 0.0001, 0.0002, 0.0003, 0.0004, 0.0005, 0.0006]), 'gvals': array([146957.1985,   4218.791 ,   3067.3327,   1934.1205,   1266.6529,
         1027.5616,    865.3684])}",diff_mean_tiny_covariance_gap,1
MY-large_mu,7,polynomial,"{'degree': 2, 'gamma': 0.0017054574491412824, 'coef0': 1.0}","polynomial(coef0=1.0, degree=2, gamma=0.0017054574491412824)",0.65,rbf,"{'C': 0.5, 'gamma': 0.5}","{'thetas': array([0.0004, 0.0006, 0.001 , 0.0013, 0.0017, 0.0038, 0.0048]), 'lambdas': array([0.0004, 0.0006, 0.001 , 0.0013, 0.0017, 0.0038, 0.0048]), 'gvals': array([1230.7874,  782.4808,  506.3184,  380.5693,  283.5292,  128.7673,
        101.9766])}",diff_mean_tiny_covariance_gap,1
MY-large_mu,7,sigmoid,"{'gamma': 0.0017054574491412824, 'coef0': 0.0}","sigmoid(coef0=0.0, gamma=0.0017054574491412824)",0.75,rbf,"{'C': 1.0, 'gamma': 0.5}","{'thetas': array([0.0086, 0.0105, 0.0127, 0.0169, 0.0205, 0.0237, 0.027 ]), 'lambdas': array([0.0086, 0.0105, 0.0127, 0.0169, 0.0205, 0.0237, 0.027 ]), 'gvals': array([55.1811, 44.7569, 36.8059, 27.001 , 21.944 , 18.6956, 16.1839])}",diff_mean_tiny_covariance_gap,1
MY-large_mu,8,linear,{},linear,0.8125,rbf,"{'C': 2.0, 'gamma': 'scale'}","{'thetas': array([0.    , 0.    , 0.    , 0.    , 0.0001, 0.0016, 0.002 , 0.0038]), 'lambdas': array([0.    , 0.    , 0.    , 0.    , 0.0001, 0.0016, 0.002 , 0.0038]), 'gvals': array([3.4098e+09, 5.0910e+08, 3.3499e+08, 2.3813e+08, 9.2991e+03,
       3.1348e+02, 2.4187e+02, 1.2859e+02])}",diff_mean_tiny_covariance_gap,1
MY-large_mu,8,rbf,{'gamma': 0.0017054574491412824},rbf(gamma=0.0017054574491412824),0.5375,rbf,"{'C': 1.0, 'gamma': 0.5}","{'thetas': array([0.    , 0.    , 0.    , 0.0001, 0.0002, 0.0003, 0.0004, 0.0004]), 'lambdas': array([0.    , 0.    , 0.    , 0.0001, 0.0002, 0.0003, 0.0004, 0.0004]), 'gvals': array([63269.1018, 32218.9713, 12414.5155,  3516.2896,  2024.2459,
        1480.4727,  1390.8136,  1209.3409])}",diff_mean_tiny_covariance_gap,1
MY-large_mu,8,laplacian,{'gamma': 0.0017054574491412824},laplacian(gamma=0.0017054574491412824),0.575,rbf,"{'C': 2.0, 'gamma': 0.5}","{'thetas': array([0.    , 0.0001, 0.0001, 0.0002, 0.0003, 0.0004, 0.0005, 0.0007]), 'lambdas': array([0.    , 0.0001, 0.0001, 0.0002, 0.0003, 0.0004, 0.0005, 0.0007]), 'gvals': array([10103.1468,  4878.2854,  3744.4455,  2522.0156,  1612.123 ,
        1214.8914,   913.5913,   739.8892])}",diff_mean_tiny_covariance_gap,1
MY-large_mu,8,polynomial,"{'degree': 2, 'gamma': 0.0017054574491412824, 'coef0': 1.0}","polynomial(coef0=1.0, degree=2, gamma=0.0017054574491412824)",0.7125,rbf,"{'C': 0.5, 'gamma': 0.5}","{'thetas': array([0.0002, 0.0003, 0.001 , 0.0015, 0.0019, 0.0021, 0.0045, 0.0054]), 'lambdas': array([0.0002, 0.0003, 0.001 , 0.0015, 0.0019, 0.0021, 0.0045, 0.0054]), 'gvals': array([2516.6785, 1461.9925,  496.4707,  339.5221,  265.1332,  232.8724,
        106.985 ,   89.5103])}",diff_mean_tiny_covariance_gap,1
MY-large_mu,8,sigmoid,"{'gamma': 0.0017054574491412824, 'coef0': 0.0}","sigmoid(coef0=0.0, gamma=0.0017054574491412824)",0.7625,rbf,"{'C': 0.5, 'gamma': 0.5}","{'thetas': array([0.0011, 0.0021, 0.0066, 0.0095, 0.0136, 0.0145, 0.0192, 0.0257]), 'lambdas': array([0.0011, 0.0021, 0.0066, 0.0095, 0.0136, 0.0145, 0.0192, 0.0257]), 'gvals': array([440.2306, 234.9475,  73.0928,  49.652 ,  34.2463,  31.9137,
        23.5808,  17.1219])}",diff_mean_tiny_covariance_gap,1
MY-large_mu,10,linear,{},linear,0.8375,rbf,"{'C': 2.0, 'gamma': 'scale'}","{'thetas': array([0.    , 0.    , 0.    , 0.    , 0.    , 0.    , 0.0016, 0.0037,
       0.0049, 0.0055]), 'lambdas': array([0.    , 0.    , 0.    , 0.    , 0.    , 0.    , 0.0016, 0.0037,
       0.0049, 0.0055]), 'gvals': array([2.8926e+10, 3.2351e+09, 9.9694e+08, 6.8153e+08, 5.8034e+08,
       3.2192e+08, 3.0692e+02, 1.3340e+02, 9.8793e+01, 8.7692e+01])}",diff_mean_tiny_covariance_gap,1
MY-large_mu,10,rbf,{'gamma': 0.0017054574491412824},rbf(gamma=0.0017054574491412824),0.575,rbf,"{'C': 2.0, 'gamma': 0.5}","{'thetas': array([0.    , 0.    , 0.0001, 0.0001, 0.0001, 0.0001, 0.0002, 0.0005,
       0.0006, 0.0008]), 'lambdas': array([0.    , 0.    , 0.0001, 0.0001, 0.0001, 0.0001, 0.0002, 0.0005,
       0.0006, 0.0008]), 'gvals': array([107347.3309,  28519.5731,   9437.8711,   7858.7836,   4547.7939,
         4062.8833,   2795.1118,    943.246 ,    794.3946,    636.53  ])}",diff_mean_tiny_covariance_gap,1
MY-large_mu,10,laplacian,{'gamma': 0.0017054574491412824},laplacian(gamma=0.0017054574491412824),0.6,rbf,"{'C': 2.0, 'gamma': 0.5}","{'thetas': array([0.    , 0.0001, 0.0001, 0.0002, 0.0004, 0.0005, 0.0006, 0.0006,
       0.0007, 0.0009]), 'lambdas': array([0.    , 0.0001, 0.0001, 0.0002, 0.0004, 0.0005, 0.0006, 0.0006,
       0.0007, 0.0009]), 'gvals': array([12105.3936,  6895.7438,  4550.5751,  2089.8901,  1295.7585,
        1023.1888,   893.1742,   797.506 ,   756.322 ,   522.9185])}",diff_mean_tiny_covariance_gap,1
MY-large_mu,10,polynomial,"{'degree': 2, 'gamma': 0.0017054574491412824, 'coef0': 1.0}","polynomial(coef0=1.0, degree=2, gamma=0.0017054574491412824)",0.725,rbf,"{'C': 0.5, 'gamma': 0.5}","{'thetas': array([0.0002, 0.0015, 0.0017, 0.0025, 0.0031, 0.0038, 0.0041, 0.006 ,
       0.0074, 0.0086]), 'lambdas': array([0.0002, 0.0015, 0.0017, 0.0025, 0.0031, 0.0038, 0.0041, 0.006 ,
       0.0074, 0.0086]), 'gvals': array([2240.8842,  325.0389,  288.7512,  193.9033,  158.5674,  128.1646,
        119.5151,   80.6212,   64.349 ,   55.0559])}",diff_mean_tiny_covariance_gap,1
MY-large_mu,10,sigmoid,"{'gamma': 0.0017054574491412824, 'coef0': 0.0}","sigmoid(coef0=0.0, gamma=0.0017054574491412824)",0.8,rbf,"{'C': 2.0, 'gamma': 0.5}","{'thetas': array([0.0005, 0.004 , 0.0067, 0.0077, 0.0086, 0.013 , 0.0173, 0.0224,
       0.0274, 0.032 ]), 'lambdas': array([0.0005, 0.004 , 0.0067, 0.0077, 0.0086, 0.013 , 0.0173, 0.0224,
       0.0274, 0.032 ]), 'gvals': array([1102.7706,  120.2192,   71.7257,   62.1749,   55.4712,   35.6535,
         26.376 ,   19.9656,   15.9635,   13.3878])}",diff_mean_tiny_covariance_gap,1
MY-large_mu,12,linear,{},linear,0.8,rbf,"{'C': 2.0, 'gamma': 'scale'}","{'thetas': array([0.    , 0.    , 0.    , 0.    , 0.    , 0.    , 0.    , 0.0005,
       0.0011, 0.0019, 0.0053, 0.007 ]), 'lambdas': array([0.    , 0.    , 0.    , 0.    , 0.    , 0.    , 0.    , 0.0005,
       0.0011, 0.0019, 0.0053, 0.007 ]), 'gvals': array([9.6716e+10, 1.2154e+09, 8.1506e+08, 5.0289e+08, 2.8218e+08,
       2.1322e+08, 1.8297e+08, 9.5880e+02, 4.3417e+02, 2.6061e+02,
       9.0497e+01, 6.8333e+01])}",diff_mean_tiny_covariance_gap,1
MY-large_mu,12,rbf,{'gamma': 0.0017054574491412824},rbf(gamma=0.0017054574491412824),0.625,rbf,"{'C': 1.0, 'gamma': 0.5}","{'thetas': array([0.    , 0.    , 0.    , 0.0001, 0.0001, 0.0001, 0.0003, 0.0003,
       0.0005, 0.0006, 0.0009, 0.0012]), 'lambdas': array([0.    , 0.    , 0.    , 0.0001, 0.0001, 0.0001, 0.0003, 0.0003,
       0.0005, 0.0006, 0.0009, 0.0012]), 'gvals': array([46779.6313, 27890.0916, 14222.3813,  9644.1462,  4906.4258,
        4527.5605,  1994.3853,  1826.7215,   983.0621,   808.2713,
         533.4911,   429.8546])}",diff_mean_tiny_covariance_gap,1
MY-large_mu,12,laplacian,{'gamma': 0.0017054574491412824},laplacian(gamma=0.0017054574491412824),0.6,rbf,"{'C': 1.0, 'gamma': 0.5}","{'thetas': array([0.0001, 0.0001, 0.0002, 0.0003, 0.0003, 0.0003, 0.0004, 0.0006,
       0.0008, 0.001 , 0.0011, 0.0013]), 'lambdas': array([0.0001, 0.0001, 0.0002, 0.0003, 0.0003, 0.0003, 0.0004, 0.0006,
       0.0008, 0.001 , 0.0011, 0.0013]), 'gvals': array([7062.8874, 3981.4799, 2697.2945, 1872.5875, 1686.0901, 1624.3765,
       1264.3342,  866.835 ,  662.0125,  506.9374,  451.2263,  378.8607])}",diff_mean_tiny_covariance_gap,1
MY-large_mu,12,polynomial,"{'degree': 2, 'gamma': 0.0017054574491412824, 'coef0': 1.0}","polynomial(coef0=1.0, degree=2, gamma=0.0017054574491412824)",0.65,rbf,"{'C': 0.5, 'gamma': 0.5}","{'thetas': array([0.0003, 0.0008, 0.0015, 0.0021, 0.0028, 0.0039, 0.0046, 0.0057,
       0.0075, 0.0084, 0.011 , 0.0131]), 'lambdas': array([0.0003, 0.0008, 0.0015, 0.0021, 0.0028, 0.0039, 0.0046, 0.0057,
       0.0075, 0.0084, 0.011 , 0.0131]), 'gvals': array([1458.4304,  641.1012,  322.1919,  237.1349,  172.1267,  124.3369,
        104.7274,   85.3757,   63.9085,   56.6965,   42.56  ,   35.5695])}",diff_mean_tiny_covariance_gap,1
MY-large_mu,12,sigmoid,"{'gamma': 0.0017054574491412824, 'coef0': 0.0}","sigmoid(coef0=0.0, gamma=0.0017054574491412824)",0.7875,rbf,"{'C': 0.5, 'gamma': 'scale'}","{'thetas': array([      0.0003,       0.0043,       0.008 ,       0.0089,
             0.0109,       0.0165,       0.021 ,       0.0329,
             0.0402,       0.045 ,       0.0473, 6237000.2673]), 'lambdas': array([      0.0003,       0.0043,       0.008 ,       0.0089,
             0.0109,       0.0165,       0.021 ,       0.0329,
             0.0402,       0.045 ,       0.0473, 6237000.2673]), 'gvals': array([1637.9275,  112.44  ,   59.9126,   53.0809,   43.0289,   27.7567,
         21.4009,   13.0114,   10.3404,    9.0517,    8.5505,    7.323 ])}",diff_mean_tiny_covariance_gap,1
MY-large_mu,14,linear,{},linear,0.725,rbf,"{'C': 1.0, 'gamma': 'scale'}","{'thetas': array([0.    , 0.    , 0.    , 0.    , 0.    , 0.    , 0.    , 0.0007,
       0.0009, 0.002 , 0.0027, 0.0041, 0.005 , 0.007 ]), 'lambdas': array([0.    , 0.    , 0.    , 0.    , 0.    , 0.    , 0.    , 0.0007,
       0.0009, 0.002 , 0.0027, 0.0041, 0.005 , 0.007 ]), 'gvals': array([1.9269e+09, 9.7845e+08, 7.6882e+08, 4.2118e+08, 4.0925e+08,
       2.8339e+08, 2.4165e+08, 7.1244e+02, 5.3050e+02, 2.5158e+02,
       1.8517e+02, 1.1910e+02, 9.5886e+01, 6.8384e+01])}",diff_mean_tiny_covariance_gap,1
MY-large_mu,14,rbf,{'gamma': 0.0017054574491412824},rbf(gamma=0.0017054574491412824),0.5,rbf,"{'C': 2.0, 'gamma': 0.5}","{'thetas': array([0.    , 0.    , 0.    , 0.0001, 0.0001, 0.0002, 0.0003, 0.0004,
       0.0004, 0.0005, 0.0008, 0.001 , 0.0013, 0.0015]), 'lambdas': array([0.    , 0.    , 0.    , 0.0001, 0.0001, 0.0002, 0.0003, 0.0004,
       0.0004, 0.0005, 0.0008, 0.001 , 0.0013, 0.0015]), 'gvals': array([93290.8279, 18023.2061, 11442.3825,  5330.7139,  4164.1991,
        2822.6314,  1677.4118,  1317.4769,  1170.3966,   924.2957,
         600.3846,   498.7604,   381.2284,   331.3295])}",diff_mean_tiny_covariance_gap,1
MY-large_mu,14,laplacian,{'gamma': 0.0017054574491412824},laplacian(gamma=0.0017054574491412824),0.625,rbf,"{'C': 2.0, 'gamma': 0.5}","{'thetas': array([0.    , 0.0001, 0.0002, 0.0002, 0.0003, 0.0004, 0.0005, 0.0007,
       0.0007, 0.0008, 0.001 , 0.0011, 0.0014, 0.0015]), 'lambdas': array([0.    , 0.0001, 0.0002, 0.0002, 0.0003, 0.0004, 0.0005, 0.0007,
       0.0007, 0.0008, 0.001 , 0.0011, 0.0014, 0.0015]), 'gvals': array([818706.7184,   6748.7399,   2501.7589,   2055.1524,   1891.5494,
         1116.5667,    967.8953,    759.4347,    665.603 ,    626.1793,
          478.7221,    446.8146,    355.2934,    325.3099])}",diff_mean_tiny_covariance_gap,1
MY-large_mu,14,polynomial,"{'degree': 2, 'gamma': 0.0017054574491412824, 'coef0': 1.0}","polynomial(coef0=1.0, degree=2, gamma=0.0017054574491412824)",0.725,rbf,"{'C': 2.0, 'gamma': 0.5}","{'thetas': array([0.0006, 0.001 , 0.0012, 0.0021, 0.0027, 0.003 , 0.0043, 0.0054,
       0.0066, 0.0072, 0.0089, 0.0104, 0.0117, 0.0133]), 'lambdas': array([0.0006, 0.001 , 0.0012, 0.0021, 0.0027, 0.003 , 0.0043, 0.0054,
       0.0066, 0.0072, 0.0089, 0.0104, 0.0117, 0.0133]), 'gvals': array([796.3975, 515.3796, 404.0925, 232.0927, 184.8627, 163.8175,
       112.9089,  89.3171,  72.6694,  66.1445,  53.5992,  45.4373,
        39.9892,  34.9584])}",diff_mean_tiny_covariance_gap,1
MY-large_mu,14,sigmoid,"{'gamma': 0.0017054574491412824, 'coef0': 0.0}","sigmoid(coef0=0.0, gamma=0.0017054574491412824)",0.8125,rbf,"{'C': 2.0, 'gamma': 'scale'}","{'thetas': array([      0.0012,       0.0015,       0.0035,       0.0047,
             0.0095,       0.0103,       0.0133,       0.0172,
             0.0212,       0.0286,       0.0326,       0.0349,
             0.0469, 5804054.029 ]), 'lambdas': array([      0.0012,       0.0015,       0.0035,       0.0047,
             0.0095,       0.0103,       0.0133,       0.0172,
             0.0212,       0.0286,       0.0326,       0.0349,
             0.0469, 5804054.029 ]), 'gvals': array([410.1521, 319.1665, 139.0732, 104.0617,  49.8267,  45.6736,
        34.915 ,  26.5966,  21.1771,  15.2047,  13.1255,  12.1318,
         8.633 ,   7.287 ])}",diff_mean_tiny_covariance_gap,1
MY-large_mu,16,linear,{},linear,0.8125,rbf,"{'C': 0.5, 'gamma': 'scale'}","{'thetas': array([0.    , 0.    , 0.0003, 0.0008, 0.0015, 0.0023, 0.0046, 0.0073,
       0.0083, 0.0117, 0.0129, 0.0168, 0.0225, 0.0258, 0.0265, 0.0322]), 'lambdas': array([0.    , 0.    , 0.0003, 0.0008, 0.0015, 0.0023, 0.0046, 0.0073,
       0.0083, 0.0117, 0.0129, 0.0168, 0.0225, 0.0258, 0.0265, 0.0322]), 'gvals': array([4.7583e+08, 3.2945e+08, 1.7684e+03, 6.1504e+02, 3.3756e+02,
       2.1556e+02, 1.0480e+02, 6.5428e+01, 5.7494e+01, 3.9978e+01,
       3.5981e+01, 2.7257e+01, 1.9846e+01, 1.7059e+01, 1.6565e+01,
       1.3322e+01])}",diff_mean_tiny_covariance_gap,1
MY-large_mu,16,rbf,{'gamma': 0.0017054574491412824},rbf(gamma=0.0017054574491412824),0.625,rbf,"{'C': 2.0, 'gamma': 0.5}","{'thetas': array([0.    , 0.    , 0.0001, 0.0001, 0.0002, 0.0003, 0.0004, 0.0005,
       0.0006, 0.0008, 0.001 , 0.0012, 0.0016, 0.002 , 0.0021, 0.0025]), 'lambdas': array([0.    , 0.    , 0.0001, 0.0001, 0.0002, 0.0003, 0.0004, 0.0005,
       0.0006, 0.0008, 0.001 , 0.0012, 0.0016, 0.002 , 0.0021, 0.0025]), 'gvals': array([41557.1485, 16898.7994,  7728.6721,  6422.1367,  2717.6078,
        1560.5678,  1305.2972,  1043.9662,   767.5614,   612.3694,
         506.219 ,   404.4179,   305.5782,   248.2897,   231.6254,
         194.6465])}",diff_mean_tiny_covariance_gap,1
MY-large_mu,16,laplacian,{'gamma': 0.0017054574491412824},laplacian(gamma=0.0017054574491412824),0.6375,rbf,"{'C': 1.0, 'gamma': 0.5}","{'thetas': array([0.0001, 0.0001, 0.0003, 0.0003, 0.0004, 0.0005, 0.0007, 0.0007,
       0.001 , 0.0011, 0.0013, 0.0014, 0.0016, 0.0019, 0.002 , 0.0025]), 'lambdas': array([0.0001, 0.0001, 0.0003, 0.0003, 0.0004, 0.0005, 0.0007, 0.0007,
       0.001 , 0.0011, 0.0013, 0.0014, 0.0016, 0.0019, 0.002 , 0.0025]), 'gvals': array([4431.2973, 3810.3607, 1715.2283, 1436.8077, 1110.6742,  930.8372,
        739.7999,  669.8502,  486.0673,  441.6201,  371.4247,  346.4928,
        308.1134,  265.3858,  242.8047,  197.6592])}",diff_mean_tiny_covariance_gap,1
MY-large_mu,16,polynomial,"{'degree': 2, 'gamma': 0.0017054574491412824, 'coef0': 1.0}","polynomial(coef0=1.0, degree=2, gamma=0.0017054574491412824)",0.7625,rbf,"{'C': 2.0, 'gamma': 0.5}","{'thetas': array([0.    , 0.0004, 0.0006, 0.0011, 0.0016, 0.0018, 0.0032, 0.004 ,
       0.0051, 0.0066, 0.0076, 0.0099, 0.0111, 0.0142, 0.0158, 0.0167]), 'lambdas': array([0.    , 0.0004, 0.0006, 0.0011, 0.0016, 0.0018, 0.0032, 0.004 ,
       0.0051, 0.0066, 0.0076, 0.0099, 0.0111, 0.0142, 0.0158, 0.0167]), 'gvals': array([15767.9326,  1124.5751,   823.2068,   459.9383,   302.7907,
         276.7496,   154.3585,   122.5452,    95.7703,    72.7875,
          63.1041,    47.6394,    42.3008,    32.4883,    29.065 ,
          27.3274])}",diff_mean_tiny_covariance_gap,1
MY-large_mu,16,sigmoid,"{'gamma': 0.0017054574491412824, 'coef0': 0.0}","sigmoid(coef0=0.0, gamma=0.0017054574491412824)",0.75,rbf,"{'C': 2.0, 'gamma': 'scale'}","{'thetas': array([      0.0002,       0.0014,       0.0095,       0.0102,
             0.0164,       0.0197,       0.0244,       0.0306,
             0.0397,       0.0453,       0.0476, 6494763.2996,
       5715720.9294, 4740834.5655, 4245333.7317, 4131773.2627]), 'lambdas': array([      0.0002,       0.0014,       0.0095,       0.0102,
             0.0164,       0.0197,       0.0244,       0.0306,
             0.0397,       0.0453,       0.0476, 6494763.2996,
       5715720.9294, 4740834.5655, 4245333.7317, 4131773.2627]), 'gvals': array([2218.669 ,  347.0458,   49.6948,   46.0033,   27.9841,   22.9008,
         18.1509,   14.1173,   10.4733,    9.    ,    8.4735,    7.3433,
          7.2794,    7.1859,    7.1307,    7.1171])}",diff_mean_tiny_covariance_gap,1
MY-large_mu,20,linear,{},linear,0.825,rbf,"{'C': 0.5, 'gamma': 'scale'}","{'thetas': array([      0.    ,       0.    ,       0.0001,       0.0004,
             0.0024,       0.0032,       0.0051,       0.0088,
             0.0102,       0.0113,       0.0142,       0.0183,
             0.0202,       0.0233,       0.0294,       0.0332,
             0.0387,       0.0424,       0.0486, 5950268.0693]), 'lambdas': array([      0.    ,       0.    ,       0.0001,       0.0004,
             0.0024,       0.0032,       0.0051,       0.0088,
             0.0102,       0.0113,       0.0142,       0.0183,
             0.0202,       0.0233,       0.0294,       0.0332,
             0.0387,       0.0424,       0.0486, 5950268.0693]), 'gvals': array([7.4732e+08, 4.7518e+08, 5.1434e+03, 1.2557e+03, 2.0204e+02,
       1.5530e+02, 9.5528e+01, 5.4009e+01, 4.6314e+01, 4.1491e+01,
       3.2622e+01, 2.4853e+01, 2.2247e+01, 1.9071e+01, 1.4724e+01,
       1.2876e+01, 1.0781e+01, 9.7131e+00, 8.2707e+00, 7.2995e+00])}",diff_mean_tiny_covariance_gap,1
MY-large_mu,20,rbf,{'gamma': 0.0017054574491412824},rbf(gamma=0.0017054574491412824),0.75,rbf,"{'C': 2.0, 'gamma': 0.5}","{'thetas': array([0.0001, 0.0001, 0.0001, 0.0002, 0.0003, 0.0004, 0.0005, 0.0006,
       0.0007, 0.0012, 0.0012, 0.0014, 0.0017, 0.0023, 0.0025, 0.0026,
       0.0028, 0.0032, 0.0033, 0.0037]), 'lambdas': array([0.0001, 0.0001, 0.0001, 0.0002, 0.0003, 0.0004, 0.0005, 0.0006,
       0.0007, 0.0012, 0.0012, 0.0014, 0.0017, 0.0023, 0.0025, 0.0026,
       0.0028, 0.0032, 0.0033, 0.0037]), 'gvals': array([7730.9667, 7109.3486, 3565.4161, 2285.5338, 1579.1721, 1207.185 ,
        966.2479,  796.0639,  671.1317,  423.0752,  414.9883,  355.7747,
        283.0424,  215.5264,  199.975 ,  188.9998,  174.4798,  155.3274,
        149.9667,  132.7028])}",diff_mean_tiny_covariance_gap,1
MY-large_mu,20,laplacian,{'gamma': 0.0017054574491412824},laplacian(gamma=0.0017054574491412824),0.7,rbf,"{'C': 0.5, 'gamma': 0.5}","{'thetas': array([0.    , 0.0001, 0.0001, 0.0003, 0.0003, 0.0004, 0.0005, 0.0005,
       0.0007, 0.0008, 0.0009, 0.001 , 0.001 , 0.0013, 0.0014, 0.0019,
       0.002 , 0.0023, 0.0027, 0.003 ]), 'lambdas': array([0.    , 0.0001, 0.0001, 0.0003, 0.0003, 0.0004, 0.0005, 0.0005,
       0.0007, 0.0008, 0.0009, 0.001 , 0.001 , 0.0013, 0.0014, 0.0019,
       0.002 , 0.0023, 0.0027, 0.003 ]), 'gvals': array([16103.9184,  7812.6332,  5048.9298,  1843.1544,  1580.5303,
        1131.7636,  1069.5301,   907.1159,   704.7265,   611.4952,
         548.9784,   507.9693,   490.1171,   393.5684,   351.4429,
         254.3422,   245.8162,   210.5334,   183.05  ,   163.7431])}",diff_mean_tiny_covariance_gap,1
MY-large_mu,20,polynomial,"{'degree': 2, 'gamma': 0.0017054574491412824, 'coef0': 1.0}","polynomial(coef0=1.0, degree=2, gamma=0.0017054574491412824)",0.7375,rbf,"{'C': 1.0, 'gamma': 0.5}","{'thetas': array([0.    , 0.0009, 0.0013, 0.0017, 0.0023, 0.003 , 0.0045, 0.0052,
       0.0056, 0.0066, 0.0087, 0.0101, 0.0107, 0.0112, 0.0159, 0.017 ,
       0.0187, 0.0216, 0.0234, 0.0261]), 'lambdas': array([0.    , 0.0009, 0.0013, 0.0017, 0.0023, 0.003 , 0.0045, 0.0052,
       0.0056, 0.0066, 0.0087, 0.0101, 0.0107, 0.0112, 0.0159, 0.017 ,
       0.0187, 0.0216, 0.0234, 0.0261]), 'gvals': array([44679.772 ,   574.1167,   380.3192,   286.7966,   212.6382,
         162.384 ,   107.2857,    93.3371,    85.7773,    72.6219,
          54.3689,    46.9202,    44.0116,    41.8465,    28.9228,
          26.8754,    24.2861,    20.7187,    19.0195,    16.8305])}",diff_mean_tiny_covariance_gap,1
MY-large_mu,20,sigmoid,"{'gamma': 0.0017054574491412824, 'coef0': 0.0}","sigmoid(coef0=0.0, gamma=0.0017054574491412824)",0.7875,rbf,"{'C': 1.0, 'gamma': 'scale'}","{'thetas': array([      0.0044,       0.0057,       0.0089,       0.0121,
             0.0186,       0.0229,       0.0254,       0.0298,
             0.0387,       0.0425, 5104474.9566, 4597446.148 ,
       3951959.3691, 3330480.7927,       0.0561, 2958039.3411,
       2550142.808 , 2466241.584 , 2301784.4354, 2085313.5321]), 'lambdas': array([      0.0044,       0.0057,       0.0089,       0.0121,
             0.0186,       0.0229,       0.0254,       0.0298,
             0.0387,       0.0425, 5104474.9566, 4597446.148 ,
       3951959.3691, 3330480.7927,       0.0561, 2958039.3411,
       2550142.808 , 2466241.584 , 2301784.4354, 2085313.5321]), 'gvals': array([109.8641,  84.3999,  53.3199,  38.4977,  24.3972,  19.4799,
        17.3131,  14.5344,  10.7982,   9.6971,   7.2228,   7.1705,
         7.0949,   7.0093,   6.9655,   6.95  ,   6.8758,   6.8591,
         6.8246,   6.7752])}",diff_mean_tiny_covariance_gap,1
MY-large_mu,24,linear,{},linear,0.75,rbf,"{'C': 0.5, 'gamma': 'scale'}","{'thetas': array([0.    , 0.    , 0.    , 0.    , 0.    , 0.    , 0.    , 0.    ,
       0.0007, 0.0019, 0.0034, 0.0045, 0.0053, 0.0068, 0.0113, 0.0158,
       0.0162, 0.0215, 0.023 , 0.0267, 0.0278, 0.0309, 0.0413, 0.0445]), 'lambdas': array([0.    , 0.    , 0.    , 0.    , 0.    , 0.    , 0.    , 0.    ,
       0.0007, 0.0019, 0.0034, 0.0045, 0.0053, 0.0068, 0.0113, 0.0158,
       0.0162, 0.0215, 0.023 , 0.0267, 0.0278, 0.0309, 0.0413, 0.0445]), 'gvals': array([2.1310e+10, 1.4397e+10, 1.0860e+09, 8.4884e+08, 6.2421e+08,
       3.4061e+08, 2.2701e+08, 2.1858e+08, 7.3454e+02, 2.5979e+02,
       1.4377e+02, 1.0905e+02, 9.0497e+01, 7.0868e+01, 4.1396e+01,
       2.9063e+01, 2.8234e+01, 2.0801e+01, 1.9363e+01, 1.6407e+01,
       1.5664e+01, 1.3958e+01, 1.0025e+01, 9.1912e+00])}",diff_mean_tiny_covariance_gap,1
MY-large_mu,24,rbf,{'gamma': 0.0017054574491412824},rbf(gamma=0.0017054574491412824),0.6375,rbf,"{'C': 2.0, 'gamma': 0.5}","{'thetas': array([0.    , 0.    , 0.0001, 0.0002, 0.0002, 0.0002, 0.0003, 0.0004,
       0.0005, 0.0007, 0.0011, 0.0012, 0.0015, 0.0021, 0.0024, 0.0025,
       0.003 , 0.0033, 0.0036, 0.0037, 0.0042, 0.0048, 0.0056, 0.006 ]), 'lambdas': array([0.    , 0.    , 0.0001, 0.0002, 0.0002, 0.0002, 0.0003, 0.0004,
       0.0005, 0.0007, 0.0011, 0.0012, 0.0015, 0.0021, 0.0024, 0.0025,
       0.003 , 0.0033, 0.0036, 0.0037, 0.0042, 0.0048, 0.0056, 0.006 ]), 'gvals': array([83382.5728, 36802.0244,  8112.4715,  3300.7069,  2471.0806,
        2013.4241,  1739.4078,  1152.722 ,   921.8518,   695.8884,
         446.3488,   415.0223,   319.0562,   232.9638,   204.3029,
         197.693 ,   163.4648,   150.4278,   136.946 ,   130.1352,
         115.3154,   101.9261,    86.3224,    80.3993])}",diff_mean_tiny_covariance_gap,1
MY-large_mu,24,laplacian,{'gamma': 0.0017054574491412824},laplacian(gamma=0.0017054574491412824),0.6625,rbf,"{'C': 1.0, 'gamma': 0.5}","{'thetas': array([0.    , 0.0002, 0.0002, 0.0003, 0.0003, 0.0004, 0.0006, 0.0007,
       0.0008, 0.0009, 0.0012, 0.0013, 0.0014, 0.0016, 0.0018, 0.0021,
       0.0022, 0.0027, 0.0028, 0.003 , 0.0033, 0.0035, 0.0038, 0.0042]), 'lambdas': array([0.    , 0.0002, 0.0002, 0.0003, 0.0003, 0.0004, 0.0006, 0.0007,
       0.0008, 0.0009, 0.0012, 0.0013, 0.0014, 0.0016, 0.0018, 0.0021,
       0.0022, 0.0027, 0.0028, 0.003 , 0.0033, 0.0035, 0.0038, 0.0042]), 'gvals': array([238604.9893,   3278.7401,   2964.4298,   1897.315 ,   1468.753 ,
         1126.3293,    851.9729,    714.197 ,    662.1216,    523.326 ,
          416.3784,    385.4593,    346.2372,    309.2789,    273.7416,
          239.6202,    226.5909,    179.2539,    174.3872,    164.2548,
          145.9238,    140.7523,    129.7325,    116.1443])}",diff_mean_tiny_covariance_gap,1
MY-large_mu,24,polynomial,"{'degree': 2, 'gamma': 0.0017054574491412824, 'coef0': 1.0}","polynomial(coef0=1.0, degree=2, gamma=0.0017054574491412824)",0.65,rbf,"{'C': 0.5, 'gamma': 0.5}","{'thetas': array([0.0003, 0.0003, 0.0009, 0.0021, 0.0022, 0.0025, 0.004 , 0.0043,
       0.0074, 0.0078, 0.0101, 0.0105, 0.0137, 0.0146, 0.0155, 0.0163,
       0.0211, 0.0224, 0.0266, 0.0281, 0.0326, 0.0368, 0.0378, 0.0434]), 'lambdas': array([0.0003, 0.0003, 0.0009, 0.0021, 0.0022, 0.0025, 0.004 , 0.0043,
       0.0074, 0.0078, 0.0101, 0.0105, 0.0137, 0.0146, 0.0155, 0.0163,
       0.0211, 0.0224, 0.0266, 0.0281, 0.0326, 0.0368, 0.0378, 0.0434]), 'gvals': array([1617.278 , 1439.4115,  532.5014,  237.4865,  223.4052,  193.005 ,
        122.2784,  112.9227,   65.0496,   61.1045,   46.6748,   45.0596,
         33.8442,   31.6858,   29.5793,   28.1361,   21.3135,   19.8791,
         16.4776,   15.4859,   13.1104,   11.4514,   11.0884,    9.4621])}",diff_mean_tiny_covariance_gap,1
MY-large_mu,24,sigmoid,"{'gamma': 0.0017054574491412824, 'coef0': 0.0}","sigmoid(coef0=0.0, gamma=0.0017054574491412824)",0.8,rbf,"{'C': 2.0, 'gamma': 'scale'}","{'thetas': array([      0.002 ,       0.0037,       0.0057,       0.0081,
             0.0121,       0.0152,       0.0236,       0.029 ,
             0.0326,       0.0374,       0.039 ,       0.0458,
       6215565.838 , 5862199.1861, 4716932.6705, 4416070.9039,
       4146977.8136, 3569630.0048, 3199576.5474, 2857019.6245,
       2832553.2773, 2355214.0695, 2166447.4165, 2024915.0075]), 'lambdas': array([      0.002 ,       0.0037,       0.0057,       0.0081,
             0.0121,       0.0152,       0.0236,       0.029 ,
             0.0326,       0.0374,       0.039 ,       0.0458,
       6215565.838 , 5862199.1861, 4716932.6705, 4416070.9039,
       4146977.8136, 3569630.0048, 3199576.5474, 2857019.6245,
       2832553.2773, 2355214.0695, 2166447.4165, 2024915.0075]), 'gvals': array([241.0513, 130.6283,  84.0695,  58.8692,  38.5548,  30.3395,
        18.8211,  14.9625,  13.1334,  11.2361,  10.6965,   8.8677,
         7.3213,   7.292 ,   7.1833,   7.1504,   7.1189,   7.044 ,
         6.9893,   6.9326,   6.9283,   6.8361,   6.7943,   6.7605])}",diff_mean_tiny_covariance_gap,1
MY-large_mu,28,linear,{},linear,0.8,rbf,"{'C': 2.0, 'gamma': 'scale'}","{'thetas': array([      0.    ,       0.    ,       0.    ,       0.    ,
             0.    ,       0.0008,       0.0016,       0.0049,
             0.0063,       0.0077,       0.0122,       0.013 ,
             0.0172,       0.0218,       0.0245,       0.0277,
             0.0324,       0.0377,       0.0401,       0.0463,
             0.0489, 7766768.5472,       0.0537, 5624252.2153,
       5543555.141 , 5134535.3449, 4633649.1551, 4111524.0002]), 'lambdas': array([      0.    ,       0.    ,       0.    ,       0.    ,
             0.    ,       0.0008,       0.0016,       0.0049,
             0.0063,       0.0077,       0.0122,       0.013 ,
             0.0172,       0.0218,       0.0245,       0.0277,
             0.0324,       0.0377,       0.0401,       0.0463,
             0.0489, 7766768.5472,       0.0537, 5624252.2153,
       5543555.141 , 5134535.3449, 4633649.1551, 4111524.0002]), 'gvals': array([3.5453e+09, 1.1189e+09, 2.8308e+08, 1.7867e+08, 1.5856e+08,
       6.1811e+02, 3.0289e+02, 9.9831e+01, 7.5801e+01, 6.1700e+01,
       3.8180e+01, 3.5916e+01, 2.6603e+01, 2.0565e+01, 1.8053e+01,
       1.5759e+01, 1.3237e+01, 1.1138e+01, 1.0368e+01, 8.7661e+00,
       8.2148e+00, 7.4327e+00, 7.3568e+00, 7.2713e+00, 7.2641e+00,
       7.2258e+00, 7.1744e+00, 7.1147e+00])}",diff_mean_tiny_covariance_gap,1
MY-large_mu,28,rbf,{'gamma': 0.0017054574491412824},rbf(gamma=0.0017054574491412824),0.6875,rbf,"{'C': 1.0, 'gamma': 0.5}","{'thetas': array([0.    , 0.0001, 0.0002, 0.0002, 0.0002, 0.0003, 0.0005, 0.0007,
       0.0009, 0.001 , 0.0014, 0.0014, 0.0017, 0.0023, 0.0025, 0.0026,
       0.003 , 0.004 , 0.004 , 0.0041, 0.0049, 0.0053, 0.0056, 0.0059,
       0.007 , 0.0077, 0.0084, 0.009 ]), 'lambdas': array([0.    , 0.0001, 0.0002, 0.0002, 0.0002, 0.0003, 0.0005, 0.0007,
       0.0009, 0.001 , 0.0014, 0.0014, 0.0017, 0.0023, 0.0025, 0.0026,
       0.003 , 0.004 , 0.004 , 0.0041, 0.0049, 0.0053, 0.0056, 0.0059,
       0.007 , 0.0077, 0.0084, 0.009 ]), 'gvals': array([31711.4403,  7061.8804,  3172.0768,  2973.129 ,  2041.2382,
        1512.6416,  1010.8225,   671.2339,   557.6626,   491.5436,
         347.7683,   343.6488,   291.5117,   218.1758,   195.3455,
         192.0695,   165.7549,   121.6029,   120.6151,   118.3155,
          97.9386,    90.8236,    85.7663,    81.8461,    68.5246,
          61.9361,    56.5768,    52.7481])}",diff_mean_tiny_covariance_gap,1
MY-large_mu,28,laplacian,{'gamma': 0.0017054574491412824},laplacian(gamma=0.0017054574491412824),0.75,rbf,"{'C': 0.5, 'gamma': 0.5}","{'thetas': array([0.0001, 0.0002, 0.0002, 0.0003, 0.0003, 0.0005, 0.0006, 0.0007,
       0.0008, 0.001 , 0.0011, 0.0013, 0.0016, 0.0016, 0.002 , 0.0024,
       0.0025, 0.0028, 0.0033, 0.0035, 0.0037, 0.0045, 0.0045, 0.0049,
       0.0059, 0.0061, 0.0066, 0.0075]), 'lambdas': array([0.0001, 0.0002, 0.0002, 0.0003, 0.0003, 0.0005, 0.0006, 0.0007,
       0.0008, 0.001 , 0.0011, 0.0013, 0.0016, 0.0016, 0.002 , 0.0024,
       0.0025, 0.0028, 0.0033, 0.0035, 0.0037, 0.0045, 0.0045, 0.0049,
       0.0059, 0.0061, 0.0066, 0.0075]), 'gvals': array([4537.6858, 2752.3896, 2354.1658, 1943.3155, 1606.9286, 1019.8697,
        881.7943,  711.7957,  633.0587,  485.2334,  456.6171,  376.5851,
        316.4779,  300.4274,  247.1777,  207.3793,  197.8624,  178.0273,
        147.2155,  141.4625,  133.5082,  108.658 ,  107.727 ,   98.1347,
         82.3244,   78.264 ,   72.4995,   63.6419])}",diff_mean_tiny_covariance_gap,1
MY-large_mu,28,polynomial,"{'degree': 2, 'gamma': 0.0017054574491412824, 'coef0': 1.0}","polynomial(coef0=1.0, degree=2, gamma=0.0017054574491412824)",0.65,rbf,"{'C': 2.0, 'gamma': 'scale'}","{'thetas': array([0.0001, 0.0004, 0.0011, 0.0019, 0.0022, 0.0035, 0.0039, 0.0049,
       0.0068, 0.009 , 0.01  , 0.0114, 0.0123, 0.0155, 0.017 , 0.0177,
       0.0209, 0.0217, 0.0236, 0.0246, 0.0281, 0.0337, 0.0347, 0.0375,
       0.0407, 0.047 , 0.0529, 0.0573]), 'lambdas': array([0.0001, 0.0004, 0.0011, 0.0019, 0.0022, 0.0035, 0.0039, 0.0049,
       0.0068, 0.009 , 0.01  , 0.0114, 0.0123, 0.0155, 0.017 , 0.0177,
       0.0209, 0.0217, 0.0236, 0.0246, 0.0281, 0.0337, 0.0347, 0.0375,
       0.0407, 0.047 , 0.0529, 0.0573]), 'gvals': array([3363.6803, 1135.2138,  461.3178,  257.6157,  221.3943,  141.1672,
        125.7262,   98.9057,   70.2644,   52.4165,   47.3639,   41.1911,
         37.9798,   29.7444,   26.9509,   25.7394,   21.4672,   20.6597,
         18.8313,   17.9611,   15.5186,   12.626 ,   12.2227,   11.2037,
         10.1782,    8.6123,    7.4875,    6.7934])}",diff_mean_tiny_covariance_gap,1
MY-large_mu,28,sigmoid,"{'gamma': 0.0017054574491412824, 'coef0': 0.0}","sigmoid(coef0=0.0, gamma=0.0017054574491412824)",0.8375,rbf,"{'C': 1.0, 'gamma': 'scale'}","{'thetas': array([      0.001 ,       0.0044,       0.0069,       0.0148,
             0.0167,       0.0206,       0.0301,       0.0334,
             0.0451, 6417189.6076,       0.0546, 4795691.8037,
       4577588.6396, 4055390.9282, 3674863.9658, 3143464.6394,
       2964828.5569, 2948792.7057, 2588404.2754, 2472933.2068,
       2075446.2524, 2007192.8427, 1961171.1031, 1702402.7426,
       1517192.3866, 1421880.4283, 1375148.2001, 1310455.1924]), 'lambdas': array([      0.001 ,       0.0044,       0.0069,       0.0148,
             0.0167,       0.0206,       0.0301,       0.0334,
             0.0451, 6417189.6076,       0.0546, 4795691.8037,
       4577588.6396, 4055390.9282, 3674863.9658, 3143464.6394,
       2964828.5569, 2948792.7057, 2588404.2754, 2472933.2068,
       2075446.2524, 2007192.8427, 1961171.1031, 1702402.7426,
       1517192.3866, 1421880.4283, 1375148.2001, 1310455.1924]), 'gvals': array([490.4683, 111.193 ,  69.9358,  31.1212,  27.465 ,  21.8859,
        14.3345,  12.7865,   9.0296,   7.3372,   7.2113,   7.1916,
         7.1683,   7.1078,   7.0585,   6.9804,   6.9512,   6.9485,
         6.8833,   6.8605,   6.7728,   6.7561,   6.7445,   6.6738,
         6.6162,   6.5837,   6.567 ,   6.5429])}",diff_mean_tiny_covariance_gap,1
MY-large_mu,32,linear,{},linear,0.75,rbf,"{'C': 2.0, 'gamma': 'scale'}","{'thetas': array([      0.    ,       0.    ,       0.    ,       0.    ,
             0.    ,       0.0012,       0.0018,       0.0038,
             0.0049,       0.0057,       0.0072,       0.0079,
             0.0122,       0.0159,       0.0182,       0.0205,
             0.0254,       0.0264,       0.0337,       0.0339,
             0.0408,       0.0444,       0.0478,       0.0521,
       6564146.3435, 5514193.3942, 5246143.5711, 4722323.709 ,
       4649425.4187, 4099331.0732, 3945815.8448, 3606091.1321]), 'lambdas': array([      0.    ,       0.    ,       0.    ,       0.    ,
             0.    ,       0.0012,       0.0018,       0.0038,
             0.0049,       0.0057,       0.0072,       0.0079,
             0.0122,       0.0159,       0.0182,       0.0205,
             0.0254,       0.0264,       0.0337,       0.0339,
             0.0408,       0.0444,       0.0478,       0.0521,
       6564146.3435, 5514193.3942, 5246143.5711, 4722323.709 ,
       4649425.4187, 4099331.0732, 3945815.8448, 3606091.1321]), 'gvals': array([4.5592e+09, 3.9818e+09, 7.4799e+08, 5.4853e+08, 4.6579e+08,
       4.2310e+02, 2.7911e+02, 1.2825e+02, 9.8581e+01, 8.3952e+01,
       6.6721e+01, 6.0151e+01, 3.8175e+01, 2.8839e+01, 2.4962e+01,
       2.1982e+01, 1.7366e+01, 1.6657e+01, 1.2644e+01, 1.2571e+01,
       1.0152e+01, 9.2002e+00, 8.4377e+00, 7.6236e+00, 7.3486e+00,
       7.2614e+00, 7.2365e+00, 7.1839e+00, 7.1761e+00, 7.1132e+00,
       7.0941e+00, 7.0491e+00])}",diff_mean_tiny_covariance_gap,1
MY-large_mu,32,rbf,{'gamma': 0.0017054574491412824},rbf(gamma=0.0017054574491412824),0.725,rbf,"{'C': 2.0, 'gamma': 0.5}","{'thetas': array([0.    , 0.    , 0.0001, 0.0001, 0.0001, 0.0001, 0.0002, 0.0003,
       0.0004, 0.0006, 0.0008, 0.0009, 0.0011, 0.0013, 0.0019, 0.0021,
       0.0025, 0.0028, 0.0031, 0.0035, 0.0039, 0.0043, 0.0048, 0.0054,
       0.0055, 0.0063, 0.0068, 0.0081, 0.0087, 0.0097, 0.01  , 0.0111]), 'lambdas': array([0.    , 0.    , 0.0001, 0.0001, 0.0001, 0.0001, 0.0002, 0.0003,
       0.0004, 0.0006, 0.0008, 0.0009, 0.0011, 0.0013, 0.0019, 0.0021,
       0.0025, 0.0028, 0.0031, 0.0035, 0.0039, 0.0043, 0.0048, 0.0054,
       0.0055, 0.0063, 0.0068, 0.0081, 0.0087, 0.0097, 0.01  , 0.0111]), 'gvals': array([44075.829 , 13536.426 ,  8938.8612,  5531.8013,  4474.5783,
        3563.7003,  2292.7467,  1510.2061,  1257.5597,   771.7907,
         623.2461,   544.9472,   433.9732,   373.3079,   256.1983,
         230.8472,   193.5286,   177.5295,   159.0467,   138.0072,
         124.4535,   112.3521,   100.6487,    89.4482,    88.1554,
          76.415 ,    70.8977,    59.0552,    54.3132,    48.5556,
          47.1489,    42.4908])}",diff_mean_tiny_covariance_gap,1
MY-large_mu,32,laplacian,{'gamma': 0.0017054574491412824},laplacian(gamma=0.0017054574491412824),0.725,rbf,"{'C': 0.5, 'gamma': 0.5}","{'thetas': array([0.    , 0.0001, 0.0001, 0.0002, 0.0003, 0.0003, 0.0005, 0.0007,
       0.0007, 0.0009, 0.001 , 0.0011, 0.0012, 0.0013, 0.0015, 0.0018,
       0.002 , 0.0022, 0.0024, 0.0026, 0.0033, 0.0035, 0.0039, 0.0041,
       0.0044, 0.0046, 0.0051, 0.0053, 0.006 , 0.0062, 0.0066, 0.0077]), 'lambdas': array([0.    , 0.0001, 0.0001, 0.0002, 0.0003, 0.0003, 0.0005, 0.0007,
       0.0007, 0.0009, 0.001 , 0.0011, 0.0012, 0.0013, 0.0015, 0.0018,
       0.002 , 0.0022, 0.0024, 0.0026, 0.0033, 0.0035, 0.0039, 0.0041,
       0.0044, 0.0046, 0.0051, 0.0053, 0.006 , 0.0062, 0.0066, 0.0077]), 'gvals': array([72123.0254,  9938.7523,  4435.4826,  2679.1772,  1713.1528,
        1457.1565,   985.5127,   724.7592,   665.9013,   540.2566,
         492.8694,   435.4695,   421.2488,   387.123 ,   331.6683,
         273.8243,   247.9603,   227.4503,   202.6334,   185.9163,
         148.7214,   140.8107,   125.2307,   118.4267,   110.7858,
         104.5001,    95.5203,    91.6217,    79.8223,    77.7854,
          73.2619,    61.7958])}",diff_mean_tiny_covariance_gap,1
MY-large_mu,32,polynomial,"{'degree': 2, 'gamma': 0.0017054574491412824, 'coef0': 1.0}","polynomial(coef0=1.0, degree=2, gamma=0.0017054574491412824)",0.6,rbf,"{'C': 2.0, 'gamma': 'scale'}","{'thetas': array([      0.0001,       0.0004,       0.0011,       0.0015,
             0.0029,       0.003 ,       0.004 ,       0.005 ,
             0.007 ,       0.0086,       0.0096,       0.0103,
             0.0111,       0.0136,       0.0142,       0.0165,
             0.018 ,       0.0213,       0.023 ,       0.0242,
             0.0276,       0.0312,       0.0359,       0.0391,
             0.04  ,       0.0472,       0.0509,       0.0563,
       1355169.6844,       0.06  ,  384219.1301,  328028.3304]), 'lambdas': array([      0.0001,       0.0004,       0.0011,       0.0015,
             0.0029,       0.003 ,       0.004 ,       0.005 ,
             0.007 ,       0.0086,       0.0096,       0.0103,
             0.0111,       0.0136,       0.0142,       0.0165,
             0.018 ,       0.0213,       0.023 ,       0.0242,
             0.0276,       0.0312,       0.0359,       0.0391,
             0.04  ,       0.0472,       0.0509,       0.0563,
       1355169.6844,       0.06  ,  384219.1301,  328028.3304]), 'gvals': array([4224.0314, 1110.6444,  450.4835,  338.3932,  171.6593,  164.8213,
        121.3087,   96.0857,   68.2911,   55.2059,   49.1063,   45.6691,
         42.2174,   34.2464,   32.5954,   27.686 ,   25.2819,   21.034 ,
         19.3887,   18.3363,   15.7985,   13.7981,   11.7731,   10.6824,
         10.3987,    8.5611,    7.8376,    6.9397,    6.5597,    6.4321,
          5.9295,    5.8504])}",diff_mean_tiny_covariance_gap,1
MY-large_mu,32,sigmoid,"{'gamma': 0.0017054574491412824, 'coef0': 0.0}","sigmoid(coef0=0.0, gamma=0.0017054574491412824)",0.7875,rbf,"{'C': 1.0, 'gamma': 'scale'}","{'thetas': array([      0.0013,       0.0057,       0.0061,       0.0076,
             0.0096,       0.0175,       0.0228,       0.0272,
             0.0298,       0.0374,       0.0415,       0.0508,
       5298330.0131, 4868504.1087, 4254319.4276, 3957030.3871,
       3766371.9928, 3537552.4443, 3268009.4306, 2733656.0707,
             0.0565, 2580174.0971, 2438640.4297, 2295826.0011,
       2091915.7686, 1995684.2533, 1725061.9036, 1567827.0761,
       1501284.2752, 1388945.7414, 1262819.4427, 1179300.0761]), 'lambdas': array([      0.0013,       0.0057,       0.0061,       0.0076,
             0.0096,       0.0175,       0.0228,       0.0272,
             0.0298,       0.0374,       0.0415,       0.0508,
       5298330.0131, 4868504.1087, 4254319.4276, 3957030.3871,
       3766371.9928, 3537552.4443, 3268009.4306, 2733656.0707,
             0.0565, 2580174.0971, 2438640.4297, 2295826.0011,
       2091915.7686, 1995684.2533, 1725061.9036, 1567827.0761,
       1501284.2752, 1388945.7414, 1262819.4427, 1179300.0761]), 'gvals': array([382.202 ,  84.8362,  78.3169,  62.735 ,  49.0471,  26.0616,
        19.5386,  16.0806,  14.5201,  11.2381,   9.963 ,   7.8596,
         7.2415,   7.1991,   7.1317,   7.0955,   7.0708,   7.0395,
         6.9998,   6.9106,   6.91  ,   6.8817,   6.8535,   6.8233,
         6.7768,   6.7532,   6.6804,   6.6326,   6.6109,   6.572 ,
         6.5244,   6.4902])}",diff_mean_tiny_covariance_gap,1
MY-small_mu,1,linear,{},linear,0.65,rbf,"{'C': 0.5, 'gamma': 'scale'}","{'thetas': array([0.]), 'lambdas': array([0.]), 'D_scores': array([9.5004e+09])}",diff_mean_tiny_covariance_gap,1
MY-small_mu,1,rbf,{'gamma': 0.0017054574491412824},rbf(gamma=0.0017054574491412824),0.5625,rbf,"{'C': 2.0, 'gamma': 'scale'}","{'thetas': array([0.]), 'lambdas': array([0.]), 'D_scores': array([28365.7379])}",diff_mean_tiny_covariance_gap,1
MY-small_mu,1,laplacian,{'gamma': 0.0017054574491412824},laplacian(gamma=0.0017054574491412824),0.6125,sigmoid,"{'C': 1.0, 'gamma': 'scale', 'coef0': 0.0}","{'thetas': array([0.]), 'lambdas': array([0.]), 'D_scores': array([178939.9777])}",diff_mean_tiny_covariance_gap,1
MY-small_mu,1,polynomial,"{'degree': 2, 'gamma': 0.0017054574491412824, 'coef0': 1.0}","polynomial(coef0=1.0, degree=2, gamma=0.0017054574491412824)",0.575,rbf,"{'C': 2.0, 'gamma': 'scale'}","{'thetas': array([0.0002]), 'lambdas': array([0.0002]), 'D_scores': array([3051.7341])}",diff_mean_tiny_covariance_gap,1
MY-small_mu,1,sigmoid,"{'gamma': 0.0017054574491412824, 'coef0': 0.0}","sigmoid(coef0=0.0, gamma=0.0017054574491412824)",0.65,rbf,"{'C': 2.0, 'gamma': 'scale'}","{'thetas': array([0.0021]), 'lambdas': array([0.0021]), 'D_scores': array([239.2508])}",diff_mean_tiny_covariance_gap,1
MY-small_mu,2,linear,{},linear,0.6875,rbf,"{'C': 2.0, 'gamma': 'scale'}","{'thetas': array([0., 0.]), 'lambdas': array([0., 0.]), 'D_scores': array([6.9903e+08, 4.9120e+08])}",diff_mean_tiny_covariance_gap,1
MY-small_mu,2,rbf,{'gamma': 0.0017054574491412824},rbf(gamma=0.0017054574491412824),0.525,rbf,"{'C': 1.0, 'gamma': 'scale'}","{'thetas': array([0., 0.]), 'lambdas': array([0., 0.]), 'D_scores': array([109905.5518,  22143.3753])}",diff_mean_tiny_covariance_gap,1
MY-small_mu,2,laplacian,{'gamma': 0.0017054574491412824},laplacian(gamma=0.0017054574491412824),0.575,rbf,"{'C': 2.0, 'gamma': 'scale'}","{'thetas': array([0.0001, 0.0001]), 'lambdas': array([0.0001, 0.0001]), 'D_scores': array([9628.7768, 4937.4447])}",diff_mean_tiny_covariance_gap,1
MY-small_mu,2,polynomial,"{'degree': 2, 'gamma': 0.0017054574491412824, 'coef0': 1.0}","polynomial(coef0=1.0, degree=2, gamma=0.0017054574491412824)",0.5625,rbf,"{'C': 1.0, 'gamma': 'scale'}","{'thetas': array([0.    , 0.0002]), 'lambdas': array([0.    , 0.0002]), 'D_scores': array([38995.1357,  2760.05  ])}",diff_mean_tiny_covariance_gap,1
MY-small_mu,2,sigmoid,"{'gamma': 0.0017054574491412824, 'coef0': 0.0}","sigmoid(coef0=0.0, gamma=0.0017054574491412824)",0.6125,rbf,"{'C': 2.0, 'gamma': 'scale'}","{'thetas': array([0.001 , 0.0037]), 'lambdas': array([0.001 , 0.0037]), 'D_scores': array([484.7809, 132.6329])}",diff_mean_tiny_covariance_gap,1
MY-small_mu,3,linear,{},linear,0.6625,rbf,"{'C': 0.5, 'gamma': 'scale'}","{'thetas': array([0., 0., 0.]), 'lambdas': array([0., 0., 0.]), 'D_scores': array([1.1953e+09, 7.8216e+08, 7.3697e+08])}",diff_mean_tiny_covariance_gap,1
MY-small_mu,3,rbf,{'gamma': 0.0017054574491412824},rbf(gamma=0.0017054574491412824),0.5875,rbf,"{'C': 2.0, 'gamma': 0.5}","{'thetas': array([0., 0., 0.]), 'lambdas': array([0., 0., 0.]), 'D_scores': array([105824.9414,  49963.1191,  26835.7657])}",diff_mean_tiny_covariance_gap,1
MY-small_mu,3,laplacian,{'gamma': 0.0017054574491412824},laplacian(gamma=0.0017054574491412824),0.5625,rbf,"{'C': 1.0, 'gamma': 0.5}","{'thetas': array([0.    , 0.0001, 0.0002]), 'lambdas': array([0.    , 0.0001, 0.0002]), 'D_scores': array([62464.9171,  6717.3323,  3264.0261])}",diff_mean_tiny_covariance_gap,1
MY-small_mu,3,polynomial,"{'degree': 2, 'gamma': 0.0017054574491412824, 'coef0': 1.0}","polynomial(coef0=1.0, degree=2, gamma=0.0017054574491412824)",0.5625,rbf,"{'C': 2.0, 'gamma': 0.5}","{'thetas': array([0.    , 0.0009, 0.0017]), 'lambdas': array([0.    , 0.0009, 0.0017]), 'D_scores': array([14699.6776,   571.2068,   298.5591])}",diff_mean_tiny_covariance_gap,1
MY-small_mu,3,sigmoid,"{'gamma': 0.0017054574491412824, 'coef0': 0.0}","sigmoid(coef0=0.0, gamma=0.0017054574491412824)",0.65,rbf,"{'C': 0.5, 'gamma': 'scale'}","{'thetas': array([0.0017, 0.0082, 0.0084]), 'lambdas': array([0.0017, 0.0082, 0.0084]), 'D_scores': array([290.7518,  58.1665,  56.2871])}",diff_mean_tiny_covariance_gap,1
MY-small_mu,4,linear,{},linear,0.7125,rbf,"{'C': 2.0, 'gamma': 0.5}","{'thetas': array([0., 0., 0., 0.]), 'lambdas': array([0., 0., 0., 0.]), 'D_scores': array([1.3088e+09, 8.6435e+08, 7.4249e+08, 5.9252e+08])}",diff_mean_tiny_covariance_gap,1
MY-small_mu,4,rbf,{'gamma': 0.0017054574491412824},rbf(gamma=0.0017054574491412824),0.5125,rbf,"{'C': 2.0, 'gamma': 0.5}","{'thetas': array([0.    , 0.    , 0.0001, 0.0001]), 'lambdas': array([0.    , 0.    , 0.0001, 0.0001]), 'D_scores': array([56946.4871, 16860.7196,  8154.6817,  5378.7411])}",diff_mean_tiny_covariance_gap,1
MY-small_mu,4,laplacian,{'gamma': 0.0017054574491412824},laplacian(gamma=0.0017054574491412824),0.55,rbf,"{'C': 2.0, 'gamma': 0.5}","{'thetas': array([0.    , 0.0001, 0.0001, 0.0004]), 'lambdas': array([0.    , 0.0001, 0.0001, 0.0004]), 'D_scores': array([350577.8602,   7784.6598,   3432.4198,   1362.5725])}",diff_mean_tiny_covariance_gap,1
MY-small_mu,4,polynomial,"{'degree': 2, 'gamma': 0.0017054574491412824, 'coef0': 1.0}","polynomial(coef0=1.0, degree=2, gamma=0.0017054574491412824)",0.6125,rbf,"{'C': 2.0, 'gamma': 0.5}","{'thetas': array([0.0001, 0.0005, 0.0011, 0.0012]), 'lambdas': array([0.0001, 0.0005, 0.0011, 0.0012]), 'D_scores': array([6436.4935, 1013.4425,  435.115 ,  417.0752])}",diff_mean_tiny_covariance_gap,1
MY-small_mu,4,sigmoid,"{'gamma': 0.0017054574491412824, 'coef0': 0.0}","sigmoid(coef0=0.0, gamma=0.0017054574491412824)",0.525,rbf,"{'C': 0.5, 'gamma': 0.5}","{'thetas': array([0.0006, 0.0019, 0.0034, 0.0081]), 'lambdas': array([0.0006, 0.0019, 0.0034, 0.0081]), 'D_scores': array([817.8336, 258.672 , 144.4503,  58.6892])}",diff_mean_tiny_covariance_gap,1
MY-small_mu,5,linear,{},linear,0.725,rbf,"{'C': 2.0, 'gamma': 'scale'}","{'thetas': array([0., 0., 0., 0., 0.]), 'lambdas': array([0., 0., 0., 0., 0.]), 'D_scores': array([3.3660e+09, 2.4123e+09, 6.0673e+08, 4.6907e+08, 2.6057e+08])}",diff_mean_tiny_covariance_gap,1
MY-small_mu,5,rbf,{'gamma': 0.0017054574491412824},rbf(gamma=0.0017054574491412824),0.6,rbf,"{'C': 2.0, 'gamma': 0.5}","{'thetas': array([0.    , 0.0001, 0.0001, 0.0002, 0.0004]), 'lambdas': array([0.    , 0.0001, 0.0001, 0.0002, 0.0004]), 'D_scores': array([28094.722 ,  9784.6304,  5120.0167,  2740.7392,  1278.6859])}",diff_mean_tiny_covariance_gap,1
MY-small_mu,5,laplacian,{'gamma': 0.0017054574491412824},laplacian(gamma=0.0017054574491412824),0.6625,rbf,"{'C': 2.0, 'gamma': 0.5}","{'thetas': array([0.    , 0.0001, 0.0001, 0.0002, 0.0003]), 'lambdas': array([0.    , 0.0001, 0.0001, 0.0002, 0.0003]), 'D_scores': array([31891.8503,  5093.5522,  3761.4265,  2337.5565,  1634.3288])}",diff_mean_tiny_covariance_gap,1
MY-small_mu,5,polynomial,"{'degree': 2, 'gamma': 0.0017054574491412824, 'coef0': 1.0}","polynomial(coef0=1.0, degree=2, gamma=0.0017054574491412824)",0.675,rbf,"{'C': 0.5, 'gamma': 0.5}","{'thetas': array([0.0006, 0.0008, 0.0011, 0.0016, 0.0024]), 'lambdas': array([0.0006, 0.0008, 0.0011, 0.0016, 0.0024]), 'D_scores': array([890.9653, 639.4689, 438.363 , 305.4152, 201.6236])}",diff_mean_tiny_covariance_gap,1
MY-small_mu,5,sigmoid,"{'gamma': 0.0017054574491412824, 'coef0': 0.0}","sigmoid(coef0=0.0, gamma=0.0017054574491412824)",0.775,rbf,"{'C': 0.5, 'gamma': 0.5}","{'thetas': array([0.0003, 0.0007, 0.0034, 0.0057, 0.0107]), 'lambdas': array([0.0003, 0.0007, 0.0034, 0.0057, 0.0107]), 'D_scores': array([1715.2094,  695.6393,  143.7702,   84.916 ,   44.0766])}",diff_mean_tiny_covariance_gap,1
MY-small_mu,6,linear,{},linear,0.7,rbf,"{'C': 0.5, 'gamma': 0.5}","{'thetas': array([0.    , 0.    , 0.    , 0.    , 0.0004, 0.0018]), 'lambdas': array([0.    , 0.    , 0.    , 0.    , 0.0004, 0.0018]), 'D_scores': array([4.6077e+10, 1.0779e+09, 3.4026e+08, 2.6375e+08, 1.2411e+03,
       2.7150e+02])}",diff_mean_tiny_covariance_gap,1
MY-small_mu,6,rbf,{'gamma': 0.0017054574491412824},rbf(gamma=0.0017054574491412824),0.5375,rbf,"{'C': 2.0, 'gamma': 0.5}","{'thetas': array([0.    , 0.    , 0.0002, 0.0002, 0.0003, 0.0004]), 'lambdas': array([0.    , 0.    , 0.0002, 0.0002, 0.0003, 0.0004]), 'D_scores': array([24741.4159, 19722.0699,  2973.271 ,  2431.9451,  1723.8887,
        1158.0353])}",diff_mean_tiny_covariance_gap,1
MY-small_mu,6,laplacian,{'gamma': 0.0017054574491412824},laplacian(gamma=0.0017054574491412824),0.625,rbf,"{'C': 1.0, 'gamma': 0.5}","{'thetas': array([0.    , 0.0001, 0.0002, 0.0004, 0.0004, 0.0005]), 'lambdas': array([0.    , 0.0001, 0.0002, 0.0004, 0.0004, 0.0005]), 'D_scores': array([21091.2267,  3565.812 ,  2426.1147,  1357.6566,  1112.0086,
        1045.0995])}",diff_mean_tiny_covariance_gap,1
MY-small_mu,6,polynomial,"{'degree': 2, 'gamma': 0.0017054574491412824, 'coef0': 1.0}","polynomial(coef0=1.0, degree=2, gamma=0.0017054574491412824)",0.6625,rbf,"{'C': 1.0, 'gamma': 0.5}","{'thetas': array([0.0006, 0.0009, 0.0011, 0.0019, 0.0029, 0.0032]), 'lambdas': array([0.0006, 0.0009, 0.0011, 0.0019, 0.0029, 0.0032]), 'D_scores': array([821.1264, 533.5802, 462.4893, 253.969 , 171.8907, 154.7698])}",diff_mean_tiny_covariance_gap,1
MY-small_mu,6,sigmoid,"{'gamma': 0.0017054574491412824, 'coef0': 0.0}","sigmoid(coef0=0.0, gamma=0.0017054574491412824)",0.7125,rbf,"{'C': 0.5, 'gamma': 0.5}","{'thetas': array([0.0018, 0.0041, 0.0078, 0.0114, 0.0133, 0.0183]), 'lambdas': array([0.0018, 0.0041, 0.0078, 0.0114, 0.0133, 0.0183]), 'D_scores': array([277.8644, 119.7263,  60.8776,  41.311 ,  34.8015,  24.8296])}",diff_mean_tiny_covariance_gap,1
MY-small_mu,7,linear,{},linear,0.675,rbf,"{'C': 0.5, 'gamma': 0.5}","{'thetas': array([0.    , 0.    , 0.    , 0.    , 0.    , 0.    , 0.0002]), 'lambdas': array([0.    , 0.    , 0.    , 0.    , 0.    , 0.    , 0.0002]), 'D_scores': array([3.3999e+10, 2.1653e+09, 1.3004e+09, 5.0652e+08, 3.6366e+08,
       2.5439e+08, 3.1549e+03])}",diff_mean_tiny_covariance_gap,1
MY-small_mu,7,rbf,{'gamma': 0.0017054574491412824},rbf(gamma=0.0017054574491412824),0.575,rbf,"{'C': 1.0, 'gamma': 0.5}","{'thetas': array([0.    , 0.    , 0.0001, 0.0001, 0.0001, 0.0001, 0.0003]), 'lambdas': array([0.    , 0.    , 0.0001, 0.0001, 0.0001, 0.0001, 0.0003]), 'D_scores': array([73757.8561, 10302.9904,  9544.2381,  7413.2122,  4608.3791,
        3876.587 ,  1703.5732])}",diff_mean_tiny_covariance_gap,1
MY-small_mu,7,laplacian,{'gamma': 0.0017054574491412824},laplacian(gamma=0.0017054574491412824),0.675,rbf,"{'C': 2.0, 'gamma': 0.5}","{'thetas': array([0.    , 0.0001, 0.0002, 0.0003, 0.0004, 0.0005, 0.0006]), 'lambdas': array([0.    , 0.0001, 0.0002, 0.0003, 0.0004, 0.0005, 0.0006]), 'D_scores': array([146957.3122,   4218.797 ,   3067.3391,   1934.1845,   1266.6665,
         1027.5764,    865.3813])}",diff_mean_tiny_covariance_gap,1
MY-small_mu,7,polynomial,"{'degree': 2, 'gamma': 0.0017054574491412824, 'coef0': 1.0}","polynomial(coef0=1.0, degree=2, gamma=0.0017054574491412824)",0.625,rbf,"{'C': 0.5, 'gamma': 0.5}","{'thetas': array([0.0004, 0.0006, 0.001 , 0.0013, 0.0017, 0.0038, 0.0048]), 'lambdas': array([0.0004, 0.0006, 0.001 , 0.0013, 0.0017, 0.0038, 0.0048]), 'D_scores': array([1230.9025,  782.4879,  506.3192,  380.5714,  283.5916,  128.7673,
        101.9788])}",diff_mean_tiny_covariance_gap,1
MY-small_mu,7,sigmoid,"{'gamma': 0.0017054574491412824, 'coef0': 0.0}","sigmoid(coef0=0.0, gamma=0.0017054574491412824)",0.75,rbf,"{'C': 2.0, 'gamma': 0.5}","{'thetas': array([0.0086, 0.0105, 0.0127, 0.0169, 0.0205, 0.0237, 0.027 ]), 'lambdas': array([0.0086, 0.0105, 0.0127, 0.0169, 0.0205, 0.0237, 0.027 ]), 'D_scores': array([55.2112, 44.7727, 36.8115, 27.0033, 21.9485, 18.7041, 16.1847])}",diff_mean_tiny_covariance_gap,1
MY-small_mu,8,linear,{},linear,0.75,rbf,"{'C': 0.5, 'gamma': 0.5}","{'thetas': array([0.    , 0.    , 0.    , 0.    , 0.0001, 0.0016, 0.002 , 0.0038]), 'lambdas': array([0.    , 0.    , 0.    , 0.    , 0.0001, 0.0016, 0.002 , 0.0038]), 'D_scores': array([3.4098e+09, 5.0910e+08, 3.3499e+08, 2.3813e+08, 9.3007e+03,
       3.1360e+02, 2.4187e+02, 1.2870e+02])}",diff_mean_tiny_covariance_gap,1
MY-small_mu,8,rbf,{'gamma': 0.0017054574491412824},rbf(gamma=0.0017054574491412824),0.65,rbf,"{'C': 2.0, 'gamma': 0.5}","{'thetas': array([0.    , 0.    , 0.    , 0.0001, 0.0002, 0.0003, 0.0004, 0.0004]), 'lambdas': array([0.    , 0.    , 0.    , 0.0001, 0.0002, 0.0003, 0.0004, 0.0004]), 'D_scores': array([63269.3789, 32218.9833, 12414.5304,  3516.2928,  2024.2464,
        1480.4856,  1390.8149,  1209.3559])}",diff_mean_tiny_covariance_gap,1
MY-small_mu,8,laplacian,{'gamma': 0.0017054574491412824},laplacian(gamma=0.0017054574491412824),0.6,rbf,"{'C': 2.0, 'gamma': 0.5}","{'thetas': array([0.    , 0.0001, 0.0001, 0.0002, 0.0003, 0.0004, 0.0005, 0.0007]), 'lambdas': array([0.    , 0.0001, 0.0001, 0.0002, 0.0003, 0.0004, 0.0005, 0.0007]), 'D_scores': array([10103.1468,  4878.3174,  3744.446 ,  2522.0422,  1612.1305,
        1214.8915,   913.5932,   739.8902])}",diff_mean_tiny_covariance_gap,1
MY-small_mu,8,polynomial,"{'degree': 2, 'gamma': 0.0017054574491412824, 'coef0': 1.0}","polynomial(coef0=1.0, degree=2, gamma=0.0017054574491412824)",0.75,rbf,"{'C': 0.5, 'gamma': 0.5}","{'thetas': array([0.0002, 0.0003, 0.001 , 0.0015, 0.0019, 0.0021, 0.0045, 0.0054]), 'lambdas': array([0.0002, 0.0003, 0.001 , 0.0015, 0.0019, 0.0021, 0.0045, 0.0054]), 'D_scores': array([2516.6819, 1461.9999,  496.4707,  339.5224,  265.1405,  232.8808,
        106.986 ,   89.5114])}",diff_mean_tiny_covariance_gap,1
MY-small_mu,8,sigmoid,"{'gamma': 0.0017054574491412824, 'coef0': 0.0}","sigmoid(coef0=0.0, gamma=0.0017054574491412824)",0.7875,rbf,"{'C': 1.0, 'gamma': 0.5}","{'thetas': array([0.0011, 0.0021, 0.0066, 0.0095, 0.0136, 0.0145, 0.0192, 0.0257]), 'lambdas': array([0.0011, 0.0021, 0.0066, 0.0095, 0.0136, 0.0145, 0.0192, 0.0257]), 'D_scores': array([440.2896, 234.9507,  73.1121,  49.6651,  34.2477,  31.925 ,
        23.5823,  17.1273])}",diff_mean_tiny_covariance_gap,1
MY-small_mu,10,linear,{},linear,0.7375,rbf,"{'C': 2.0, 'gamma': 0.5}","{'thetas': array([0.    , 0.    , 0.    , 0.    , 0.    , 0.    , 0.0016, 0.0037,
       0.0049, 0.0055]), 'lambdas': array([0.    , 0.    , 0.    , 0.    , 0.    , 0.    , 0.0016, 0.0037,
       0.0049, 0.0055]), 'D_scores': array([2.8926e+10, 3.2351e+09, 9.9694e+08, 6.8153e+08, 5.8034e+08,
       3.2192e+08, 3.0728e+02, 1.3346e+02, 9.8801e+01, 8.7692e+01])}",diff_mean_tiny_covariance_gap,1
MY-small_mu,10,rbf,{'gamma': 0.0017054574491412824},rbf(gamma=0.0017054574491412824),0.65,rbf,"{'C': 2.0, 'gamma': 0.5}","{'thetas': array([0.    , 0.    , 0.0001, 0.0001, 0.0001, 0.0001, 0.0002, 0.0005,
       0.0006, 0.0008]), 'lambdas': array([0.    , 0.    , 0.0001, 0.0001, 0.0001, 0.0001, 0.0002, 0.0005,
       0.0006, 0.0008]), 'D_scores': array([107347.9937,  28519.6366,   9437.8716,   7858.7842,   4547.8404,
         4062.8933,   2795.1151,    943.2621,    794.3951,    636.5348])}",diff_mean_tiny_covariance_gap,1
MY-small_mu,10,laplacian,{'gamma': 0.0017054574491412824},laplacian(gamma=0.0017054574491412824),0.6375,rbf,"{'C': 0.5, 'gamma': 0.5}","{'thetas': array([0.    , 0.0001, 0.0001, 0.0002, 0.0004, 0.0005, 0.0006, 0.0006,
       0.0007, 0.0009]), 'lambdas': array([0.    , 0.0001, 0.0001, 0.0002, 0.0004, 0.0005, 0.0006, 0.0006,
       0.0007, 0.0009]), 'D_scores': array([12105.4944,  6895.7552,  4550.5757,  2089.911 ,  1295.7615,
        1023.1929,   893.1798,   797.5077,   756.3282,   522.9221])}",diff_mean_tiny_covariance_gap,1
MY-small_mu,10,polynomial,"{'degree': 2, 'gamma': 0.0017054574491412824, 'coef0': 1.0}","polynomial(coef0=1.0, degree=2, gamma=0.0017054574491412824)",0.675,rbf,"{'C': 2.0, 'gamma': 0.5}","{'thetas': array([0.0002, 0.0015, 0.0017, 0.0025, 0.0031, 0.0038, 0.0041, 0.006 ,
       0.0074, 0.0086]), 'lambdas': array([0.0002, 0.0015, 0.0017, 0.0025, 0.0031, 0.0038, 0.0041, 0.006 ,
       0.0074, 0.0086]), 'D_scores': array([2240.8843,  325.0873,  288.7512,  193.9157,  158.5688,  128.1657,
        119.5157,   80.6265,   64.3491,   55.0582])}",diff_mean_tiny_covariance_gap,1
MY-small_mu,10,sigmoid,"{'gamma': 0.0017054574491412824, 'coef0': 0.0}","sigmoid(coef0=0.0, gamma=0.0017054574491412824)",0.7625,rbf,"{'C': 2.0, 'gamma': 0.5}","{'thetas': array([0.0005, 0.004 , 0.0067, 0.0077, 0.0086, 0.013 , 0.0173, 0.0224,
       0.0274, 0.032 ]), 'lambdas': array([0.0005, 0.004 , 0.0067, 0.0077, 0.0086, 0.013 , 0.0173, 0.0224,
       0.0274, 0.032 ]), 'D_scores': array([1103.3907,  120.2455,   71.7258,   62.1801,   55.4746,   35.6545,
         26.3789,   19.971 ,   15.9636,   13.391 ])}",diff_mean_tiny_covariance_gap,1
MY-small_mu,12,linear,{},linear,0.7,rbf,"{'C': 0.5, 'gamma': 'scale'}","{'thetas': array([0.    , 0.    , 0.    , 0.    , 0.    , 0.    , 0.    , 0.0005,
       0.0011, 0.0019, 0.0053, 0.007 ]), 'lambdas': array([0.    , 0.    , 0.    , 0.    , 0.    , 0.    , 0.    , 0.0005,
       0.0011, 0.0019, 0.0053, 0.007 ]), 'D_scores': array([9.6716e+10, 1.2154e+09, 8.1506e+08, 5.0289e+08, 2.8218e+08,
       2.1322e+08, 1.8297e+08, 9.5903e+02, 4.3419e+02, 2.6064e+02,
       9.0497e+01, 6.8384e+01])}",diff_mean_tiny_covariance_gap,1
MY-small_mu,12,rbf,{'gamma': 0.0017054574491412824},rbf(gamma=0.0017054574491412824),0.65,rbf,"{'C': 0.5, 'gamma': 0.5}","{'thetas': array([0.    , 0.    , 0.    , 0.0001, 0.0001, 0.0001, 0.0003, 0.0003,
       0.0005, 0.0006, 0.0009, 0.0012]), 'lambdas': array([0.    , 0.    , 0.    , 0.0001, 0.0001, 0.0001, 0.0003, 0.0003,
       0.0005, 0.0006, 0.0009, 0.0012]), 'D_scores': array([46779.7187, 27890.1237, 14222.5357,  9644.2613,  4906.4767,
        4527.6128,  1994.3854,  1826.7223,   983.0622,   808.2728,
         533.4994,   429.8558])}",diff_mean_tiny_covariance_gap,1
MY-small_mu,12,laplacian,{'gamma': 0.0017054574491412824},laplacian(gamma=0.0017054574491412824),0.6,rbf,"{'C': 0.5, 'gamma': 0.5}","{'thetas': array([0.0001, 0.0001, 0.0002, 0.0003, 0.0003, 0.0003, 0.0004, 0.0006,
       0.0008, 0.001 , 0.0011, 0.0013]), 'lambdas': array([0.0001, 0.0001, 0.0002, 0.0003, 0.0003, 0.0003, 0.0004, 0.0006,
       0.0008, 0.001 , 0.0011, 0.0013]), 'D_scores': array([7062.912 , 3981.4988, 2697.3237, 1872.6432, 1686.1116, 1624.3781,
       1264.3345,  866.8393,  662.0126,  506.9409,  451.2416,  378.8678])}",diff_mean_tiny_covariance_gap,1
MY-small_mu,12,polynomial,"{'degree': 2, 'gamma': 0.0017054574491412824, 'coef0': 1.0}","polynomial(coef0=1.0, degree=2, gamma=0.0017054574491412824)",0.6875,rbf,"{'C': 1.0, 'gamma': 0.5}","{'thetas': array([0.0003, 0.0008, 0.0015, 0.0021, 0.0028, 0.0039, 0.0046, 0.0057,
       0.0075, 0.0084, 0.011 , 0.0131]), 'lambdas': array([0.0003, 0.0008, 0.0015, 0.0021, 0.0028, 0.0039, 0.0046, 0.0057,
       0.0075, 0.0084, 0.011 , 0.0131]), 'D_scores': array([1458.4811,  641.1051,  322.1939,  237.1415,  172.1315,  124.3383,
        104.7284,   85.3807,   63.9107,   56.6972,   42.5602,   35.5696])}",diff_mean_tiny_covariance_gap,1
MY-small_mu,12,sigmoid,"{'gamma': 0.0017054574491412824, 'coef0': 0.0}","sigmoid(coef0=0.0, gamma=0.0017054574491412824)",0.675,rbf,"{'C': 0.5, 'gamma': 'scale'}","{'thetas': array([      0.0003,       0.0043,       0.008 ,       0.0089,
             0.0109,       0.0165,       0.021 ,       0.0329,
             0.0402,       0.045 ,       0.0473, 6237000.2673]), 'lambdas': array([      0.0003,       0.0043,       0.008 ,       0.0089,
             0.0109,       0.0165,       0.021 ,       0.0329,
             0.0402,       0.045 ,       0.0473, 6237000.2673]), 'D_scores': array([1638.1188,  112.4446,   59.9133,   53.0929,   43.109 ,   27.7593,
         21.4029,   13.035 ,   10.3419,    9.0519,    8.5518,    7.323 ])}",diff_mean_tiny_covariance_gap,1
MY-small_mu,14,linear,{},linear,0.675,rbf,"{'C': 2.0, 'gamma': 0.5}","{'thetas': array([0.    , 0.    , 0.    , 0.    , 0.    , 0.    , 0.    , 0.0007,
       0.0009, 0.002 , 0.0027, 0.0041, 0.005 , 0.007 ]), 'lambdas': array([0.    , 0.    , 0.    , 0.    , 0.    , 0.    , 0.    , 0.0007,
       0.0009, 0.002 , 0.0027, 0.0041, 0.005 , 0.007 ]), 'D_scores': array([1.9269e+09, 9.7845e+08, 7.6882e+08, 4.2118e+08, 4.0925e+08,
       2.8339e+08, 2.4165e+08, 7.1251e+02, 5.3056e+02, 2.5160e+02,
       1.8520e+02, 1.1910e+02, 9.5886e+01, 6.8385e+01])}",diff_mean_tiny_covariance_gap,1
MY-small_mu,14,rbf,{'gamma': 0.0017054574491412824},rbf(gamma=0.0017054574491412824),0.5375,rbf,"{'C': 2.0, 'gamma': 0.5}","{'thetas': array([0.    , 0.    , 0.    , 0.0001, 0.0001, 0.0002, 0.0003, 0.0004,
       0.0004, 0.0005, 0.0008, 0.001 , 0.0013, 0.0015]), 'lambdas': array([0.    , 0.    , 0.    , 0.0001, 0.0001, 0.0002, 0.0003, 0.0004,
       0.0004, 0.0005, 0.0008, 0.001 , 0.0013, 0.0015]), 'D_scores': array([93290.8402, 18023.2638, 11442.3898,  5330.7463,  4164.2031,
        2822.6576,  1677.4129,  1317.487 ,  1170.4084,   924.2964,
         600.3865,   498.7615,   381.2319,   331.3384])}",diff_mean_tiny_covariance_gap,1
MY-small_mu,14,laplacian,{'gamma': 0.0017054574491412824},laplacian(gamma=0.0017054574491412824),0.675,rbf,"{'C': 1.0, 'gamma': 0.5}","{'thetas': array([0.    , 0.0001, 0.0002, 0.0002, 0.0003, 0.0004, 0.0005, 0.0007,
       0.0007, 0.0008, 0.001 , 0.0011, 0.0014, 0.0015]), 'lambdas': array([0.    , 0.0001, 0.0002, 0.0002, 0.0003, 0.0004, 0.0005, 0.0007,
       0.0007, 0.0008, 0.001 , 0.0011, 0.0014, 0.0015]), 'D_scores': array([818707.2212,   6748.7413,   2501.759 ,   2055.1546,   1891.5495,
         1116.5935,    967.8959,    759.435 ,    665.61  ,    626.1794,
          478.7292,    446.8237,    355.2934,    325.3178])}",diff_mean_tiny_covariance_gap,1
MY-small_mu,14,polynomial,"{'degree': 2, 'gamma': 0.0017054574491412824, 'coef0': 1.0}","polynomial(coef0=1.0, degree=2, gamma=0.0017054574491412824)",0.775,rbf,"{'C': 2.0, 'gamma': 0.5}","{'thetas': array([0.0006, 0.001 , 0.0012, 0.0021, 0.0027, 0.003 , 0.0043, 0.0054,
       0.0066, 0.0072, 0.0089, 0.0104, 0.0117, 0.0133]), 'lambdas': array([0.0006, 0.001 , 0.0012, 0.0021, 0.0027, 0.003 , 0.0043, 0.0054,
       0.0066, 0.0072, 0.0089, 0.0104, 0.0117, 0.0133]), 'D_scores': array([796.4003, 515.3862, 404.0929, 232.1037, 184.8637, 163.8178,
       112.9249,  89.3188,  72.6715,  66.1464,  53.6029,  45.4374,
        39.9893,  34.9602])}",diff_mean_tiny_covariance_gap,1
MY-small_mu,14,sigmoid,"{'gamma': 0.0017054574491412824, 'coef0': 0.0}","sigmoid(coef0=0.0, gamma=0.0017054574491412824)",0.7625,rbf,"{'C': 2.0, 'gamma': 'scale'}","{'thetas': array([      0.0012,       0.0015,       0.0035,       0.0047,
             0.0095,       0.0103,       0.0133,       0.0172,
             0.0212,       0.0286,       0.0326,       0.0349,
             0.0469, 5804054.029 ]), 'lambdas': array([      0.0012,       0.0015,       0.0035,       0.0047,
             0.0095,       0.0103,       0.0133,       0.0172,
             0.0212,       0.0286,       0.0326,       0.0349,
             0.0469, 5804054.029 ]), 'D_scores': array([410.1537, 319.2014, 139.1054, 104.0691,  49.8269,  45.6772,
        34.9151,  26.6002,  21.2008,  15.2058,  13.1358,  12.1324,
         8.6626,   7.287 ])}",diff_mean_tiny_covariance_gap,1
MY-small_mu,16,linear,{},linear,0.6625,rbf,"{'C': 0.5, 'gamma': 0.5}","{'thetas': array([0.    , 0.    , 0.0003, 0.0008, 0.0015, 0.0023, 0.0046, 0.0073,
       0.0083, 0.0117, 0.0129, 0.0168, 0.0225, 0.0258, 0.0265, 0.0322]), 'lambdas': array([0.    , 0.    , 0.0003, 0.0008, 0.0015, 0.0023, 0.0046, 0.0073,
       0.0083, 0.0117, 0.0129, 0.0168, 0.0225, 0.0258, 0.0265, 0.0322]), 'D_scores': array([4.7583e+08, 3.2945e+08, 1.7684e+03, 6.1507e+02, 3.3762e+02,
       2.1556e+02, 1.0480e+02, 6.5429e+01, 5.7499e+01, 3.9982e+01,
       3.5982e+01, 2.7270e+01, 1.9850e+01, 1.7059e+01, 1.6566e+01,
       1.3322e+01])}",diff_mean_tiny_covariance_gap,1
MY-small_mu,16,rbf,{'gamma': 0.0017054574491412824},rbf(gamma=0.0017054574491412824),0.625,rbf,"{'C': 2.0, 'gamma': 0.5}","{'thetas': array([0.    , 0.    , 0.0001, 0.0001, 0.0002, 0.0003, 0.0004, 0.0005,
       0.0006, 0.0008, 0.001 , 0.0012, 0.0016, 0.002 , 0.0021, 0.0025]), 'lambdas': array([0.    , 0.    , 0.0001, 0.0001, 0.0002, 0.0003, 0.0004, 0.0005,
       0.0006, 0.0008, 0.001 , 0.0012, 0.0016, 0.002 , 0.0021, 0.0025]), 'D_scores': array([41557.1639, 16898.9489,  7728.7356,  6422.1531,  2717.6092,
        1560.5686,  1305.2976,  1043.9687,   767.5727,   612.3711,
         506.2234,   404.418 ,   305.5795,   248.2977,   231.6347,
         194.6467])}",diff_mean_tiny_covariance_gap,1
MY-small_mu,16,laplacian,{'gamma': 0.0017054574491412824},laplacian(gamma=0.0017054574491412824),0.6875,rbf,"{'C': 2.0, 'gamma': 0.5}","{'thetas': array([0.0001, 0.0001, 0.0003, 0.0003, 0.0004, 0.0005, 0.0007, 0.0007,
       0.001 , 0.0011, 0.0013, 0.0014, 0.0016, 0.0019, 0.002 , 0.0025]), 'lambdas': array([0.0001, 0.0001, 0.0003, 0.0003, 0.0004, 0.0005, 0.0007, 0.0007,
       0.001 , 0.0011, 0.0013, 0.0014, 0.0016, 0.0019, 0.002 , 0.0025]), 'D_scores': array([4431.3058, 3810.3964, 1715.2318, 1436.8079, 1110.6742,  930.839 ,
        739.8102,  669.8555,  486.0685,  441.6212,  371.4254,  346.5059,
        308.131 ,  265.386 ,  242.8067,  197.6592])}",diff_mean_tiny_covariance_gap,1
MY-small_mu,16,polynomial,"{'degree': 2, 'gamma': 0.0017054574491412824, 'coef0': 1.0}","polynomial(coef0=1.0, degree=2, gamma=0.0017054574491412824)",0.65,rbf,"{'C': 0.5, 'gamma': 0.5}","{'thetas': array([0.    , 0.0004, 0.0006, 0.0011, 0.0016, 0.0018, 0.0032, 0.004 ,
       0.0051, 0.0066, 0.0076, 0.0099, 0.0111, 0.0142, 0.0158, 0.0167]), 'lambdas': array([0.    , 0.0004, 0.0006, 0.0011, 0.0016, 0.0018, 0.0032, 0.004 ,
       0.0051, 0.0066, 0.0076, 0.0099, 0.0111, 0.0142, 0.0158, 0.0167]), 'D_scores': array([15768.0065,  1124.6538,   823.2169,   459.9656,   302.7945,
         276.7534,   154.3654,   122.546 ,    95.7703,    72.7877,
          63.1042,    47.6394,    42.3027,    32.4887,    29.0652,
          27.3281])}",diff_mean_tiny_covariance_gap,1
MY-small_mu,16,sigmoid,"{'gamma': 0.0017054574491412824, 'coef0': 0.0}","sigmoid(coef0=0.0, gamma=0.0017054574491412824)",0.7125,poly,"{'C': 0.5, 'gamma': 'scale', 'degree': 2, 'coef0': 1.0}","{'thetas': array([      0.0002,       0.0014,       0.0095,       0.0102,
             0.0164,       0.0197,       0.0244,       0.0306,
             0.0397,       0.0453,       0.0476, 6494763.2996,
       5715720.9294, 4740834.5655, 4245333.7317, 4131773.2627]), 'lambdas': array([      0.0002,       0.0014,       0.0095,       0.0102,
             0.0164,       0.0197,       0.0244,       0.0306,
             0.0397,       0.0453,       0.0476, 6494763.2996,
       5715720.9294, 4740834.5655, 4245333.7317, 4131773.2627]), 'D_scores': array([2219.0562,  347.0505,   49.7038,   46.0055,   27.996 ,   22.9019,
         18.1545,   14.1238,   10.4764,    9.0002,    8.4755,    7.3433,
          7.2794,    7.1861,    7.1307,    7.1171])}",diff_mean_tiny_covariance_gap,1
MY-small_mu,20,linear,{},linear,0.6875,rbf,"{'C': 0.5, 'gamma': 'scale'}","{'thetas': array([      0.    ,       0.    ,       0.0001,       0.0004,
             0.0024,       0.0032,       0.0051,       0.0088,
             0.0102,       0.0113,       0.0142,       0.0183,
             0.0202,       0.0233,       0.0294,       0.0332,
             0.0387,       0.0424,       0.0486, 5950268.0693]), 'lambdas': array([      0.    ,       0.    ,       0.0001,       0.0004,
             0.0024,       0.0032,       0.0051,       0.0088,
             0.0102,       0.0113,       0.0142,       0.0183,
             0.0202,       0.0233,       0.0294,       0.0332,
             0.0387,       0.0424,       0.0486, 5950268.0693]), 'D_scores': array([7.4732e+08, 4.7518e+08, 5.1446e+03, 1.2557e+03, 2.0204e+02,
       1.5531e+02, 9.5548e+01, 5.4009e+01, 4.6317e+01, 4.1495e+01,
       3.2630e+01, 2.4855e+01, 2.2249e+01, 1.9072e+01, 1.4734e+01,
       1.2876e+01, 1.0786e+01, 9.7132e+00, 8.2714e+00, 7.2995e+00])}",diff_mean_tiny_covariance_gap,1
MY-small_mu,20,rbf,{'gamma': 0.0017054574491412824},rbf(gamma=0.0017054574491412824),0.725,rbf,"{'C': 2.0, 'gamma': 0.5}","{'thetas': array([0.0001, 0.0001, 0.0001, 0.0002, 0.0003, 0.0004, 0.0005, 0.0006,
       0.0007, 0.0012, 0.0012, 0.0014, 0.0017, 0.0023, 0.0025, 0.0026,
       0.0028, 0.0032, 0.0033, 0.0037]), 'lambdas': array([0.0001, 0.0001, 0.0001, 0.0002, 0.0003, 0.0004, 0.0005, 0.0006,
       0.0007, 0.0012, 0.0012, 0.0014, 0.0017, 0.0023, 0.0025, 0.0026,
       0.0028, 0.0032, 0.0033, 0.0037]), 'D_scores': array([7730.9704, 7109.3489, 3565.4169, 2285.5679, 1579.1889, 1207.1873,
        966.2489,  796.0639,  671.151 ,  423.081 ,  415.001 ,  355.7784,
        283.0427,  215.5273,  199.978 ,  188.9998,  174.4816,  155.3293,
        149.9667,  132.7032])}",diff_mean_tiny_covariance_gap,1
MY-small_mu,20,laplacian,{'gamma': 0.0017054574491412824},laplacian(gamma=0.0017054574491412824),0.725,rbf,"{'C': 0.5, 'gamma': 0.5}","{'thetas': array([0.    , 0.0001, 0.0001, 0.0003, 0.0003, 0.0004, 0.0005, 0.0005,
       0.0007, 0.0008, 0.0009, 0.001 , 0.001 , 0.0013, 0.0014, 0.0019,
       0.002 , 0.0023, 0.0027, 0.003 ]), 'lambdas': array([0.    , 0.0001, 0.0001, 0.0003, 0.0003, 0.0004, 0.0005, 0.0005,
       0.0007, 0.0008, 0.0009, 0.001 , 0.001 , 0.0013, 0.0014, 0.0019,
       0.002 , 0.0023, 0.0027, 0.003 ]), 'D_scores': array([16103.9201,  7812.6418,  5049.0786,  1843.1633,  1580.5524,
        1131.7636,  1069.5312,   907.1223,   704.748 ,   611.496 ,
         548.9786,   507.9717,   490.1188,   393.5685,   351.4429,
         254.3425,   245.8211,   210.5355,   183.053 ,   163.7445])}",diff_mean_tiny_covariance_gap,1
MY-small_mu,20,polynomial,"{'degree': 2, 'gamma': 0.0017054574491412824, 'coef0': 1.0}","polynomial(coef0=1.0, degree=2, gamma=0.0017054574491412824)",0.75,rbf,"{'C': 1.0, 'gamma': 0.5}","{'thetas': array([0.    , 0.0009, 0.0013, 0.0017, 0.0023, 0.003 , 0.0045, 0.0052,
       0.0056, 0.0066, 0.0087, 0.0101, 0.0107, 0.0112, 0.0159, 0.017 ,
       0.0187, 0.0216, 0.0234, 0.0261]), 'lambdas': array([0.    , 0.0009, 0.0013, 0.0017, 0.0023, 0.003 , 0.0045, 0.0052,
       0.0056, 0.0066, 0.0087, 0.0101, 0.0107, 0.0112, 0.0159, 0.017 ,
       0.0187, 0.0216, 0.0234, 0.0261]), 'D_scores': array([44679.8347,   574.1251,   380.3197,   286.7979,   212.6513,
         162.3849,   107.2955,    93.3455,    85.7777,    72.6246,
          54.3689,    46.9221,    44.0137,    41.8478,    28.9229,
          26.8756,    24.2865,    20.7214,    19.0198,    16.8313])}",diff_mean_tiny_covariance_gap,1
MY-small_mu,20,sigmoid,"{'gamma': 0.0017054574491412824, 'coef0': 0.0}","sigmoid(coef0=0.0, gamma=0.0017054574491412824)",0.7,poly,"{'C': 0.5, 'gamma': 'scale', 'degree': 2, 'coef0': 1.0}","{'thetas': array([      0.0044,       0.0057,       0.0089,       0.0121,
             0.0186,       0.0229,       0.0254,       0.0298,
             0.0387,       0.0425, 5104474.9566, 4597446.148 ,
       3951959.3691, 3330480.7927,       0.0561, 2958039.3411,
       2550142.808 , 2466241.584 , 2301784.4354, 2085313.5321]), 'lambdas': array([      0.0044,       0.0057,       0.0089,       0.0121,
             0.0186,       0.0229,       0.0254,       0.0298,
             0.0387,       0.0425, 5104474.9566, 4597446.148 ,
       3951959.3691, 3330480.7927,       0.0561, 2958039.3411,
       2550142.808 , 2466241.584 , 2301784.4354, 2085313.5321]), 'D_scores': array([109.8802,  84.4002,  53.3267,  38.5115,  24.4066,  19.4828,
        17.3151,  14.5352,  10.8001,   9.7061,   7.2228,   7.1705,
         7.0949,   7.0093,   6.9683,   6.9501,   6.8759,   6.8592,
         6.8247,   6.7754])}",diff_mean_tiny_covariance_gap,1
MY-small_mu,24,linear,{},linear,0.65,rbf,"{'C': 0.5, 'gamma': 0.5}","{'thetas': array([0.    , 0.    , 0.    , 0.    , 0.    , 0.    , 0.    , 0.    ,
       0.0007, 0.0019, 0.0034, 0.0045, 0.0053, 0.0068, 0.0113, 0.0158,
       0.0162, 0.0215, 0.023 , 0.0267, 0.0278, 0.0309, 0.0413, 0.0445]), 'lambdas': array([0.    , 0.    , 0.    , 0.    , 0.    , 0.    , 0.    , 0.    ,
       0.0007, 0.0019, 0.0034, 0.0045, 0.0053, 0.0068, 0.0113, 0.0158,
       0.0162, 0.0215, 0.023 , 0.0267, 0.0278, 0.0309, 0.0413, 0.0445]), 'D_scores': array([2.1310e+10, 1.4397e+10, 1.0860e+09, 8.4884e+08, 6.2421e+08,
       3.4061e+08, 2.2701e+08, 2.1858e+08, 7.3454e+02, 2.5980e+02,
       1.4377e+02, 1.0905e+02, 9.0532e+01, 7.0882e+01, 4.1404e+01,
       2.9067e+01, 2.8243e+01, 2.0802e+01, 1.9366e+01, 1.6421e+01,
       1.5668e+01, 1.3958e+01, 1.0030e+01, 9.1947e+00])}",diff_mean_tiny_covariance_gap,1
MY-small_mu,24,rbf,{'gamma': 0.0017054574491412824},rbf(gamma=0.0017054574491412824),0.6875,rbf,"{'C': 1.0, 'gamma': 0.5}","{'thetas': array([0.    , 0.    , 0.0001, 0.0002, 0.0002, 0.0002, 0.0003, 0.0004,
       0.0005, 0.0007, 0.0011, 0.0012, 0.0015, 0.0021, 0.0024, 0.0025,
       0.003 , 0.0033, 0.0036, 0.0037, 0.0042, 0.0048, 0.0056, 0.006 ]), 'lambdas': array([0.    , 0.    , 0.0001, 0.0002, 0.0002, 0.0002, 0.0003, 0.0004,
       0.0005, 0.0007, 0.0011, 0.0012, 0.0015, 0.0021, 0.0024, 0.0025,
       0.003 , 0.0033, 0.0036, 0.0037, 0.0042, 0.0048, 0.0056, 0.006 ]), 'D_scores': array([83382.7319, 36802.138 ,  8112.5362,  3300.7288,  2471.1321,
        2013.4241,  1739.4164,  1152.7223,   921.8612,   695.8889,
         446.3551,   415.0276,   319.0563,   232.9639,   204.304 ,
         197.693 ,   163.4649,   150.4337,   136.9511,   130.1354,
         115.3161,   101.9268,    86.3241,    80.3994])}",diff_mean_tiny_covariance_gap,1
MY-small_mu,24,laplacian,{'gamma': 0.0017054574491412824},laplacian(gamma=0.0017054574491412824),0.6625,rbf,"{'C': 1.0, 'gamma': 0.5}","{'thetas': array([0.    , 0.0002, 0.0002, 0.0003, 0.0003, 0.0004, 0.0006, 0.0007,
       0.0008, 0.0009, 0.0012, 0.0013, 0.0014, 0.0016, 0.0018, 0.0021,
       0.0022, 0.0027, 0.0028, 0.003 , 0.0033, 0.0035, 0.0038, 0.0042]), 'lambdas': array([0.    , 0.0002, 0.0002, 0.0003, 0.0003, 0.0004, 0.0006, 0.0007,
       0.0008, 0.0009, 0.0012, 0.0013, 0.0014, 0.0016, 0.0018, 0.0021,
       0.0022, 0.0027, 0.0028, 0.003 , 0.0033, 0.0035, 0.0038, 0.0042]), 'D_scores': array([238605.3048,   3278.7401,   2964.4316,   1897.3151,   1468.7583,
         1126.331 ,    851.9852,    714.2045,    662.1265,    523.3355,
          416.3828,    385.4603,    346.2377,    309.2809,    273.7417,
          239.6205,    226.594 ,    179.2543,    174.3876,    164.2551,
          145.9239,    140.7523,    129.7346,    116.1443])}",diff_mean_tiny_covariance_gap,1
MY-small_mu,24,polynomial,"{'degree': 2, 'gamma': 0.0017054574491412824, 'coef0': 1.0}","polynomial(coef0=1.0, degree=2, gamma=0.0017054574491412824)",0.6625,rbf,"{'C': 0.5, 'gamma': 0.5}","{'thetas': array([0.0003, 0.0003, 0.0009, 0.0021, 0.0022, 0.0025, 0.004 , 0.0043,
       0.0074, 0.0078, 0.0101, 0.0105, 0.0137, 0.0146, 0.0155, 0.0163,
       0.0211, 0.0224, 0.0266, 0.0281, 0.0326, 0.0368, 0.0378, 0.0434]), 'lambdas': array([0.0003, 0.0003, 0.0009, 0.0021, 0.0022, 0.0025, 0.004 , 0.0043,
       0.0074, 0.0078, 0.0101, 0.0105, 0.0137, 0.0146, 0.0155, 0.0163,
       0.0211, 0.0224, 0.0266, 0.0281, 0.0326, 0.0368, 0.0378, 0.0434]), 'D_scores': array([1617.392 , 1439.4624,  532.5268,  237.4886,  223.4065,  193.008 ,
        122.2794,  112.9271,   65.0496,   61.1045,   46.6764,   45.0596,
         33.8483,   31.6866,   29.5801,   28.1368,   21.3141,   19.8803,
         16.4776,   15.4859,   13.1104,   11.4514,   11.0889,    9.4622])}",diff_mean_tiny_covariance_gap,1
MY-small_mu,24,sigmoid,"{'gamma': 0.0017054574491412824, 'coef0': 0.0}","sigmoid(coef0=0.0, gamma=0.0017054574491412824)",0.7125,rbf,"{'C': 1.0, 'gamma': 'scale'}","{'thetas': array([      0.002 ,       0.0037,       0.0057,       0.0081,
             0.0121,       0.0152,       0.0236,       0.029 ,
             0.0326,       0.0374,       0.039 ,       0.0458,
       6215565.838 , 5862199.1861, 4716932.6705, 4416070.9039,
       4146977.8136, 3569630.0048, 3199576.5474, 2857019.6245,
       2832553.2773, 2355214.0695, 2166447.4165, 2024915.0075]), 'lambdas': array([      0.002 ,       0.0037,       0.0057,       0.0081,
             0.0121,       0.0152,       0.0236,       0.029 ,
             0.0326,       0.0374,       0.039 ,       0.0458,
       6215565.838 , 5862199.1861, 4716932.6705, 4416070.9039,
       4146977.8136, 3569630.0048, 3199576.5474, 2857019.6245,
       2832553.2773, 2355214.0695, 2166447.4165, 2024915.0075]), 'D_scores': array([241.0573, 130.7023,  84.07  ,  58.8775,  38.5581,  30.3436,
        18.8212,  14.9627,  13.1348,  11.2412,  10.702 ,   8.8696,
         7.3214,   7.292 ,   7.1834,   7.1504,   7.1189,   7.044 ,
         6.9893,   6.9327,   6.9284,   6.8361,   6.7943,   6.7606])}",diff_mean_tiny_covariance_gap,1
MY-small_mu,28,linear,{},linear,0.7375,rbf,"{'C': 2.0, 'gamma': 'scale'}","{'thetas': array([      0.    ,       0.    ,       0.    ,       0.    ,
             0.    ,       0.0008,       0.0016,       0.0049,
             0.0063,       0.0077,       0.0122,       0.013 ,
             0.0172,       0.0218,       0.0245,       0.0277,
             0.0324,       0.0377,       0.0401,       0.0463,
             0.0489, 7766768.5472,       0.0537, 5624252.2153,
       5543555.141 , 5134535.3449, 4633649.1551, 4111524.0002]), 'lambdas': array([      0.    ,       0.    ,       0.    ,       0.    ,
             0.    ,       0.0008,       0.0016,       0.0049,
             0.0063,       0.0077,       0.0122,       0.013 ,
             0.0172,       0.0218,       0.0245,       0.0277,
             0.0324,       0.0377,       0.0401,       0.0463,
             0.0489, 7766768.5472,       0.0537, 5624252.2153,
       5543555.141 , 5134535.3449, 4633649.1551, 4111524.0002]), 'D_scores': array([3.5453e+09, 1.1189e+09, 2.8308e+08, 1.7867e+08, 1.5856e+08,
       6.1837e+02, 3.0291e+02, 9.9833e+01, 7.5806e+01, 6.1701e+01,
       3.8207e+01, 3.5922e+01, 2.6620e+01, 2.0566e+01, 1.8064e+01,
       1.5759e+01, 1.3240e+01, 1.1139e+01, 1.0369e+01, 8.7671e+00,
       8.2201e+00, 7.4327e+00, 7.3580e+00, 7.2713e+00, 7.2641e+00,
       7.2258e+00, 7.1745e+00, 7.1147e+00])}",diff_mean_tiny_covariance_gap,1
MY-small_mu,28,rbf,{'gamma': 0.0017054574491412824},rbf(gamma=0.0017054574491412824),0.7,rbf,"{'C': 0.5, 'gamma': 0.5}","{'thetas': array([0.    , 0.0001, 0.0002, 0.0002, 0.0002, 0.0003, 0.0005, 0.0007,
       0.0009, 0.001 , 0.0014, 0.0014, 0.0017, 0.0023, 0.0025, 0.0026,
       0.003 , 0.004 , 0.004 , 0.0041, 0.0049, 0.0053, 0.0056, 0.0059,
       0.007 , 0.0077, 0.0084, 0.009 ]), 'lambdas': array([0.    , 0.0001, 0.0002, 0.0002, 0.0002, 0.0003, 0.0005, 0.0007,
       0.0009, 0.001 , 0.0014, 0.0014, 0.0017, 0.0023, 0.0025, 0.0026,
       0.003 , 0.004 , 0.004 , 0.0041, 0.0049, 0.0053, 0.0056, 0.0059,
       0.007 , 0.0077, 0.0084, 0.009 ]), 'D_scores': array([31711.5783,  7061.8813,  3172.0782,  2973.149 ,  2041.2503,
        1512.6476,  1010.8271,   671.2372,   557.6626,   491.5436,
         347.7764,   343.6498,   291.512 ,   218.1762,   195.3455,
         192.0696,   165.7553,   121.6044,   120.6154,   118.316 ,
          97.9393,    90.8236,    85.7668,    81.8466,    68.527 ,
          61.9387,    56.5771,    52.7482])}",diff_mean_tiny_covariance_gap,1
MY-small_mu,28,laplacian,{'gamma': 0.0017054574491412824},laplacian(gamma=0.0017054574491412824),0.75,rbf,"{'C': 0.5, 'gamma': 0.5}","{'thetas': array([0.0001, 0.0002, 0.0002, 0.0003, 0.0003, 0.0005, 0.0006, 0.0007,
       0.0008, 0.001 , 0.0011, 0.0013, 0.0016, 0.0016, 0.002 , 0.0024,
       0.0025, 0.0028, 0.0033, 0.0035, 0.0037, 0.0045, 0.0045, 0.0049,
       0.0059, 0.0061, 0.0066, 0.0075]), 'lambdas': array([0.0001, 0.0002, 0.0002, 0.0003, 0.0003, 0.0005, 0.0006, 0.0007,
       0.0008, 0.001 , 0.0011, 0.0013, 0.0016, 0.0016, 0.002 , 0.0024,
       0.0025, 0.0028, 0.0033, 0.0035, 0.0037, 0.0045, 0.0045, 0.0049,
       0.0059, 0.0061, 0.0066, 0.0075]), 'D_scores': array([4537.6895, 2752.3907, 2354.2384, 1943.3155, 1606.96  , 1019.8787,
        881.8271,  711.8035,  633.0611,  485.2364,  456.6171,  376.586 ,
        316.4783,  300.4274,  247.1778,  207.3803,  197.8627,  178.0273,
        147.2157,  141.4629,  133.5085,  108.6604,  107.7271,   98.1348,
         82.3269,   78.264 ,   72.5009,   63.6422])}",diff_mean_tiny_covariance_gap,1
MY-small_mu,28,polynomial,"{'degree': 2, 'gamma': 0.0017054574491412824, 'coef0': 1.0}","polynomial(coef0=1.0, degree=2, gamma=0.0017054574491412824)",0.675,rbf,"{'C': 2.0, 'gamma': 'scale'}","{'thetas': array([0.0001, 0.0004, 0.0011, 0.0019, 0.0022, 0.0035, 0.0039, 0.0049,
       0.0068, 0.009 , 0.01  , 0.0114, 0.0123, 0.0155, 0.017 , 0.0177,
       0.0209, 0.0217, 0.0236, 0.0246, 0.0281, 0.0337, 0.0347, 0.0375,
       0.0407, 0.047 , 0.0529, 0.0573]), 'lambdas': array([0.0001, 0.0004, 0.0011, 0.0019, 0.0022, 0.0035, 0.0039, 0.0049,
       0.0068, 0.009 , 0.01  , 0.0114, 0.0123, 0.0155, 0.017 , 0.0177,
       0.0209, 0.0217, 0.0236, 0.0246, 0.0281, 0.0337, 0.0347, 0.0375,
       0.0407, 0.047 , 0.0529, 0.0573]), 'D_scores': array([3363.7973, 1135.2565,  461.3182,  257.6185,  221.3956,  141.1779,
        125.7308,   98.91  ,   70.2651,   52.4169,   47.3642,   41.1924,
         37.9806,   29.7452,   26.9524,   25.7407,   21.4698,   20.6598,
         18.8318,   17.9614,   15.5186,   12.6269,   12.2232,   11.2037,
         10.1783,    8.6128,    7.4876,    6.7945])}",diff_mean_tiny_covariance_gap,1
MY-small_mu,28,sigmoid,"{'gamma': 0.0017054574491412824, 'coef0': 0.0}","sigmoid(coef0=0.0, gamma=0.0017054574491412824)",0.7125,rbf,"{'C': 0.5, 'gamma': 'scale'}","{'thetas': array([      0.001 ,       0.0044,       0.0069,       0.0148,
             0.0167,       0.0206,       0.0301,       0.0334,
             0.0451, 6417189.6076,       0.0546, 4795691.8037,
       4577588.6396, 4055390.9282, 3674863.9658, 3143464.6394,
       2964828.5569, 2948792.7057, 2588404.2754, 2472933.2068,
       2075446.2524, 2007192.8427, 1961171.1031, 1702402.7426,
       1517192.3866, 1421880.4283, 1375148.2001, 1310455.1924]), 'lambdas': array([      0.001 ,       0.0044,       0.0069,       0.0148,
             0.0167,       0.0206,       0.0301,       0.0334,
             0.0451, 6417189.6076,       0.0546, 4795691.8037,
       4577588.6396, 4055390.9282, 3674863.9658, 3143464.6394,
       2964828.5569, 2948792.7057, 2588404.2754, 2472933.2068,
       2075446.2524, 2007192.8427, 1961171.1031, 1702402.7426,
       1517192.3866, 1421880.4283, 1375148.2001, 1310455.1924]), 'D_scores': array([490.5797, 111.193 ,  69.9508,  31.138 ,  27.4733,  21.9039,
        14.3395,  12.7868,   9.0309,   7.3373,   7.2113,   7.1916,
         7.1684,   7.1078,   7.0586,   6.9804,   6.9512,   6.9485,
         6.8834,   6.8605,   6.7729,   6.7561,   6.7446,   6.674 ,
         6.6162,   6.5838,   6.567 ,   6.543 ])}",diff_mean_tiny_covariance_gap,1
MY-small_mu,32,linear,{},linear,0.7125,rbf,"{'C': 2.0, 'gamma': 'scale'}","{'thetas': array([      0.    ,       0.    ,       0.    ,       0.    ,
             0.    ,       0.0012,       0.0018,       0.0038,
             0.0049,       0.0057,       0.0072,       0.0079,
             0.0122,       0.0159,       0.0182,       0.0205,
             0.0254,       0.0264,       0.0337,       0.0339,
             0.0408,       0.0444,       0.0478,       0.0521,
       6564146.3435, 5514193.3942, 5246143.5711, 4722323.709 ,
       4649425.4187, 4099331.0732, 3945815.8448, 3606091.1321]), 'lambdas': array([      0.    ,       0.    ,       0.    ,       0.    ,
             0.    ,       0.0012,       0.0018,       0.0038,
             0.0049,       0.0057,       0.0072,       0.0079,
             0.0122,       0.0159,       0.0182,       0.0205,
             0.0254,       0.0264,       0.0337,       0.0339,
             0.0408,       0.0444,       0.0478,       0.0521,
       6564146.3435, 5514193.3942, 5246143.5711, 4722323.709 ,
       4649425.4187, 4099331.0732, 3945815.8448, 3606091.1321]), 'D_scores': array([4.5592e+09, 3.9818e+09, 7.4799e+08, 5.4853e+08, 4.6579e+08,
       4.2325e+02, 2.7919e+02, 1.2826e+02, 9.8593e+01, 8.3953e+01,
       6.6724e+01, 6.0151e+01, 3.8176e+01, 2.8839e+01, 2.4962e+01,
       2.1983e+01, 1.7366e+01, 1.6665e+01, 1.2645e+01, 1.2571e+01,
       1.0152e+01, 9.2079e+00, 8.4431e+00, 7.6238e+00, 7.3486e+00,
       7.2614e+00, 7.2366e+00, 7.1839e+00, 7.1762e+00, 7.1132e+00,
       7.0941e+00, 7.0491e+00])}",diff_mean_tiny_covariance_gap,1
MY-small_mu,32,rbf,{'gamma': 0.0017054574491412824},rbf(gamma=0.0017054574491412824),0.7375,rbf,"{'C': 2.0, 'gamma': 0.5}","{'thetas': array([0.    , 0.    , 0.0001, 0.0001, 0.0001, 0.0001, 0.0002, 0.0003,
       0.0004, 0.0006, 0.0008, 0.0009, 0.0011, 0.0013, 0.0019, 0.0021,
       0.0025, 0.0028, 0.0031, 0.0035, 0.0039, 0.0043, 0.0048, 0.0054,
       0.0055, 0.0063, 0.0068, 0.0081, 0.0087, 0.0097, 0.01  , 0.0111]), 'lambdas': array([0.    , 0.    , 0.0001, 0.0001, 0.0001, 0.0001, 0.0002, 0.0003,
       0.0004, 0.0006, 0.0008, 0.0009, 0.0011, 0.0013, 0.0019, 0.0021,
       0.0025, 0.0028, 0.0031, 0.0035, 0.0039, 0.0043, 0.0048, 0.0054,
       0.0055, 0.0063, 0.0068, 0.0081, 0.0087, 0.0097, 0.01  , 0.0111]), 'D_scores': array([44076.2422, 13536.6152,  8938.8756,  5531.8333,  4474.5792,
        3563.7028,  2292.748 ,  1510.2075,  1257.5756,   771.8052,
         623.2473,   544.9492,   433.9749,   373.3087,   256.1983,
         230.8475,   193.5286,   177.5304,   159.047 ,   138.008 ,
         124.4539,   112.3541,   100.6487,    89.4494,    88.1567,
          76.4156,    70.899 ,    59.0564,    54.3133,    48.5561,
          47.1489,    42.491 ])}",diff_mean_tiny_covariance_gap,1
MY-small_mu,32,laplacian,{'gamma': 0.0017054574491412824},laplacian(gamma=0.0017054574491412824),0.7,rbf,"{'C': 2.0, 'gamma': 0.5}","{'thetas': array([0.    , 0.0001, 0.0001, 0.0002, 0.0003, 0.0003, 0.0005, 0.0007,
       0.0007, 0.0009, 0.001 , 0.0011, 0.0012, 0.0013, 0.0015, 0.0018,
       0.002 , 0.0022, 0.0024, 0.0026, 0.0033, 0.0035, 0.0039, 0.0041,
       0.0044, 0.0046, 0.0051, 0.0053, 0.006 , 0.0062, 0.0066, 0.0077]), 'lambdas': array([0.    , 0.0001, 0.0001, 0.0002, 0.0003, 0.0003, 0.0005, 0.0007,
       0.0007, 0.0009, 0.001 , 0.0011, 0.0012, 0.0013, 0.0015, 0.0018,
       0.002 , 0.0022, 0.0024, 0.0026, 0.0033, 0.0035, 0.0039, 0.0041,
       0.0044, 0.0046, 0.0051, 0.0053, 0.006 , 0.0062, 0.0066, 0.0077]), 'D_scores': array([72123.2837,  9938.7715,  4435.4853,  2679.1786,  1713.1533,
        1457.2037,   985.5128,   724.7634,   665.9014,   540.2615,
         492.8694,   435.4748,   421.2489,   387.1239,   331.6691,
         273.8255,   247.9607,   227.4573,   202.6351,   185.9183,
         148.7224,   140.8111,   125.2308,   118.4268,   110.7858,
         104.5001,    95.5203,    91.6234,    79.8224,    77.7856,
          73.2619,    61.796 ])}",diff_mean_tiny_covariance_gap,1
MY-small_mu,32,polynomial,"{'degree': 2, 'gamma': 0.0017054574491412824, 'coef0': 1.0}","polynomial(coef0=1.0, degree=2, gamma=0.0017054574491412824)",0.575,rbf,"{'C': 2.0, 'gamma': 'scale'}","{'thetas': array([      0.0001,       0.0004,       0.0011,       0.0015,
             0.0029,       0.003 ,       0.004 ,       0.005 ,
             0.007 ,       0.0086,       0.0096,       0.0103,
             0.0111,       0.0136,       0.0142,       0.0165,
             0.018 ,       0.0213,       0.023 ,       0.0242,
             0.0276,       0.0312,       0.0359,       0.0391,
             0.04  ,       0.0472,       0.0509,       0.0563,
       1355169.6844,       0.06  ,  384219.1301,  328028.3304]), 'lambdas': array([      0.0001,       0.0004,       0.0011,       0.0015,
             0.0029,       0.003 ,       0.004 ,       0.005 ,
             0.007 ,       0.0086,       0.0096,       0.0103,
             0.0111,       0.0136,       0.0142,       0.0165,
             0.018 ,       0.0213,       0.023 ,       0.0242,
             0.0276,       0.0312,       0.0359,       0.0391,
             0.04  ,       0.0472,       0.0509,       0.0563,
       1355169.6844,       0.06  ,  384219.1301,  328028.3304]), 'D_scores': array([4224.0721, 1110.646 ,  450.5044,  338.394 ,  171.6626,  164.8225,
        121.3147,   96.0866,   68.2916,   55.2067,   49.1068,   45.67  ,
         42.2208,   34.2464,   32.5967,   27.686 ,   25.2819,   21.0344,
         19.3899,   18.3363,   15.7986,   13.8002,   11.7733,   10.6825,
         10.3993,    8.5612,    7.8378,    6.9397,    6.5607,    6.4321,
          5.9295,    5.8504])}",diff_mean_tiny_covariance_gap,1
MY-small_mu,32,sigmoid,"{'gamma': 0.0017054574491412824, 'coef0': 0.0}","sigmoid(coef0=0.0, gamma=0.0017054574491412824)",0.725,poly,"{'C': 0.5, 'gamma': 'scale', 'degree': 2, 'coef0': 1.0}","{'thetas': array([      0.0013,       0.0057,       0.0061,       0.0076,
             0.0096,       0.0175,       0.0228,       0.0272,
             0.0298,       0.0374,       0.0415,       0.0508,
       5298330.0131, 4868504.1087, 4254319.4276, 3957030.3871,
       3766371.9928, 3537552.4443, 3268009.4306, 2733656.0707,
             0.0565, 2580174.0971, 2438640.4297, 2295826.0011,
       2091915.7686, 1995684.2533, 1725061.9036, 1567827.0761,
       1501284.2752, 1388945.7414, 1262819.4427, 1179300.0761]), 'lambdas': array([      0.0013,       0.0057,       0.0061,       0.0076,
             0.0096,       0.0175,       0.0228,       0.0272,
             0.0298,       0.0374,       0.0415,       0.0508,
       5298330.0131, 4868504.1087, 4254319.4276, 3957030.3871,
       3766371.9928, 3537552.4443, 3268009.4306, 2733656.0707,
             0.0565, 2580174.0971, 2438640.4297, 2295826.0011,
       2091915.7686, 1995684.2533, 1725061.9036, 1567827.0761,
       1501284.2752, 1388945.7414, 1262819.4427, 1179300.0761]), 'D_scores': array([382.2604,  84.8416,  78.3175,  62.7444,  49.0472,  26.0616,
        19.5391,  16.0808,  14.5209,  11.2391,   9.9645,   7.8601,
         7.2415,   7.1993,   7.1317,   7.0955,   7.0709,   7.0395,
         6.9999,   6.9106,   6.9101,   6.8817,   6.8535,   6.8233,
         6.7768,   6.7534,   6.6804,   6.6328,   6.6109,   6.572 ,
         6.5245,   6.4902])}",diff_mean_tiny_covariance_gap,1
KFDA-1D,1,linear,{},linear,0.7875,rbf,"{'C': 1.0, 'gamma': 0.5}","{'top_lambda': 16.644475097376418, 'd_norm': 102.62272737176215}",diff_mean_tiny_covariance_gap,2
KFDA-1D,1,rbf,{'gamma': 0.0017054530536777348},rbf(gamma=0.0017054530536777348),0.3625,linear,{'C': 0.5},"{'top_lambda': 28879.45324308427, 'd_norm': 0.1549522215898662}",diff_mean_tiny_covariance_gap,2
KFDA-1D,1,laplacian,{'gamma': 0.0017054530536777348},laplacian(gamma=0.0017054530536777348),0.375,rbf,"{'C': 1.0, 'gamma': 0.5}","{'top_lambda': 27968.940302785293, 'd_norm': 0.11593867615332713}",diff_mean_tiny_covariance_gap,2
KFDA-1D,1,polynomial,"{'degree': 2, 'gamma': 0.0017054530536777348, 'coef0': 1.0}","polynomial(coef0=1.0, degree=2, gamma=0.0017054530536777348)",0.625,rbf,"{'C': 2.0, 'gamma': 'scale'}","{'top_lambda': 17900.767958508048, 'd_norm': 0.5381762277983883}",diff_mean_tiny_covariance_gap,2
KFDA-1D,1,sigmoid,"{'gamma': 0.0017054530536777348, 'coef0': 0.0}","sigmoid(coef0=0.0, gamma=0.0017054530536777348)",0.8125,linear,{'C': 0.5},"{'top_lambda': 17.177911387901837, 'd_norm': 0.14525773272665987}",diff_mean_tiny_covariance_gap,2
MY-large_mu,1,linear,{},linear,0.725,linear,{'C': 0.5},"{'thetas': array([0.]), 'lambdas': array([0.]), 'gvals': array([6.9822e+09])}",diff_mean_tiny_covariance_gap,2
MY-large_mu,1,rbf,{'gamma': 0.0017054530536777348},rbf(gamma=0.0017054530536777348),0.5,rbf,"{'C': 0.5, 'gamma': 'scale'}","{'thetas': array([0.]), 'lambdas': array([0.]), 'gvals': array([21029.8887])}",diff_mean_tiny_covariance_gap,2
MY-large_mu,1,laplacian,{'gamma': 0.0017054530536777348},laplacian(gamma=0.0017054530536777348),0.55,poly,"{'C': 2.0, 'gamma': 'scale', 'degree': 2, 'coef0': 1.0}","{'thetas': array([0.0001]), 'lambdas': array([0.0001]), 'gvals': array([5911.5658])}",diff_mean_tiny_covariance_gap,2
MY-large_mu,1,polynomial,"{'degree': 2, 'gamma': 0.0017054530536777348, 'coef0': 1.0}","polynomial(coef0=1.0, degree=2, gamma=0.0017054530536777348)",0.5125,rbf,"{'C': 0.5, 'gamma': 'scale'}","{'thetas': array([0.0001]), 'lambdas': array([0.0001]), 'gvals': array([6107.8867])}",diff_mean_tiny_covariance_gap,2
MY-large_mu,1,sigmoid,"{'gamma': 0.0017054530536777348, 'coef0': 0.0}","sigmoid(coef0=0.0, gamma=0.0017054530536777348)",0.7,linear,{'C': 0.5},"{'thetas': array([0.0007]), 'lambdas': array([0.0007]), 'gvals': array([722.7078])}",diff_mean_tiny_covariance_gap,2
MY-large_mu,2,linear,{},linear,0.7875,rbf,"{'C': 1.0, 'gamma': 'scale'}","{'thetas': array([0., 0.]), 'lambdas': array([0., 0.]), 'gvals': array([3.019e+09, 7.322e+08])}",diff_mean_tiny_covariance_gap,2
MY-large_mu,2,rbf,{'gamma': 0.0017054530536777348},rbf(gamma=0.0017054530536777348),0.625,rbf,"{'C': 2.0, 'gamma': 'scale'}","{'thetas': array([0., 0.]), 'lambdas': array([0., 0.]), 'gvals': array([154146.8122,  17258.9354])}",diff_mean_tiny_covariance_gap,2
MY-large_mu,2,laplacian,{'gamma': 0.0017054530536777348},laplacian(gamma=0.0017054530536777348),0.55,poly,"{'C': 1.0, 'gamma': 'scale', 'degree': 2, 'coef0': 1.0}","{'thetas': array([0.    , 0.0001]), 'lambdas': array([0.    , 0.0001]), 'gvals': array([100448.988 ,   5884.4839])}",diff_mean_tiny_covariance_gap,2
MY-large_mu,2,polynomial,"{'degree': 2, 'gamma': 0.0017054530536777348, 'coef0': 1.0}","polynomial(coef0=1.0, degree=2, gamma=0.0017054530536777348)",0.4875,poly,"{'C': 0.5, 'gamma': 'scale', 'degree': 2, 'coef0': 1.0}","{'thetas': array([0.0002, 0.0006]), 'lambdas': array([0.0002, 0.0006]), 'gvals': array([2409.0781,  778.5562])}",diff_mean_tiny_covariance_gap,2
MY-large_mu,2,sigmoid,"{'gamma': 0.0017054530536777348, 'coef0': 0.0}","sigmoid(coef0=0.0, gamma=0.0017054530536777348)",0.7875,rbf,"{'C': 0.5, 'gamma': 'scale'}","{'thetas': array([0.0021, 0.0042]), 'lambdas': array([0.0021, 0.0042]), 'gvals': array([238.4593, 116.8553])}",diff_mean_tiny_covariance_gap,2
MY-large_mu,3,linear,{},linear,0.7125,rbf,"{'C': 0.5, 'gamma': 'scale'}","{'thetas': array([0., 0., 0.]), 'lambdas': array([0., 0., 0.]), 'gvals': array([1.3895e+09, 8.5833e+08, 5.4056e+08])}",diff_mean_tiny_covariance_gap,2
MY-large_mu,3,rbf,{'gamma': 0.0017054530536777348},rbf(gamma=0.0017054530536777348),0.5125,rbf,"{'C': 2.0, 'gamma': 0.5}","{'thetas': array([0.    , 0.0001, 0.0001]), 'lambdas': array([0.    , 0.0001, 0.0001]), 'gvals': array([24731.9958,  8583.4802,  4506.9282])}",diff_mean_tiny_covariance_gap,2
MY-large_mu,3,laplacian,{'gamma': 0.0017054530536777348},laplacian(gamma=0.0017054530536777348),0.5,rbf,"{'C': 2.0, 'gamma': 0.5}","{'thetas': array([0.    , 0.0001, 0.0001]), 'lambdas': array([0.    , 0.0001, 0.0001]), 'gvals': array([28916.4526,  8641.8265,  5799.4145])}",diff_mean_tiny_covariance_gap,2
MY-large_mu,3,polynomial,"{'degree': 2, 'gamma': 0.0017054530536777348, 'coef0': 1.0}","polynomial(coef0=1.0, degree=2, gamma=0.0017054530536777348)",0.5625,rbf,"{'C': 1.0, 'gamma': 'scale'}","{'thetas': array([0.0004, 0.0007, 0.0012]), 'lambdas': array([0.0004, 0.0007, 0.0012]), 'gvals': array([1262.2171,  755.4127,  425.7422])}",diff_mean_tiny_covariance_gap,2
MY-large_mu,3,sigmoid,"{'gamma': 0.0017054530536777348, 'coef0': 0.0}","sigmoid(coef0=0.0, gamma=0.0017054530536777348)",0.75,rbf,"{'C': 0.5, 'gamma': 0.5}","{'thetas': array([0.0019, 0.0053, 0.0082]), 'lambdas': array([0.0019, 0.0053, 0.0082]), 'gvals': array([260.9003,  91.9407,  58.0567])}",diff_mean_tiny_covariance_gap,2
MY-large_mu,4,linear,{},linear,0.8,rbf,"{'C': 0.5, 'gamma': 0.5}","{'thetas': array([0., 0., 0., 0.]), 'lambdas': array([0., 0., 0., 0.]), 'gvals': array([1.9942e+10, 2.6218e+09, 8.2895e+08, 4.3606e+08])}",diff_mean_tiny_covariance_gap,2
MY-large_mu,4,rbf,{'gamma': 0.0017054530536777348},rbf(gamma=0.0017054530536777348),0.5,rbf,"{'C': 1.0, 'gamma': 0.5}","{'thetas': array([0.    , 0.    , 0.    , 0.0001]), 'lambdas': array([0.    , 0.    , 0.    , 0.0001]), 'gvals': array([57062.9019, 26916.2315, 16171.0714,  8372.1364])}",diff_mean_tiny_covariance_gap,2
MY-large_mu,4,laplacian,{'gamma': 0.0017054530536777348},laplacian(gamma=0.0017054530536777348),0.5125,rbf,"{'C': 2.0, 'gamma': 0.5}","{'thetas': array([0.    , 0.0001, 0.0002, 0.0002]), 'lambdas': array([0.    , 0.0001, 0.0002, 0.0002]), 'gvals': array([13454.8233,  4880.3559,  3117.2008,  2922.4243])}",diff_mean_tiny_covariance_gap,2
MY-large_mu,4,polynomial,"{'degree': 2, 'gamma': 0.0017054530536777348, 'coef0': 1.0}","polynomial(coef0=1.0, degree=2, gamma=0.0017054530536777348)",0.5,rbf,"{'C': 2.0, 'gamma': 0.5}","{'thetas': array([0.0002, 0.0005, 0.0014, 0.0022]), 'lambdas': array([0.0002, 0.0005, 0.0014, 0.0022]), 'gvals': array([2027.0522,  946.0734,  346.689 ,  219.1717])}",diff_mean_tiny_covariance_gap,2
MY-large_mu,4,sigmoid,"{'gamma': 0.0017054530536777348, 'coef0': 0.0}","sigmoid(coef0=0.0, gamma=0.0017054530536777348)",0.7375,rbf,"{'C': 0.5, 'gamma': 0.5}","{'thetas': array([0.001 , 0.0052, 0.0068, 0.0105]), 'lambdas': array([0.001 , 0.0052, 0.0068, 0.0105]), 'gvals': array([475.5514,  93.2185,  70.8612,  44.8079])}",diff_mean_tiny_covariance_gap,2
MY-large_mu,5,linear,{},linear,0.7375,rbf,"{'C': 0.5, 'gamma': 0.5}","{'thetas': array([0., 0., 0., 0., 0.]), 'lambdas': array([0., 0., 0., 0., 0.]), 'gvals': array([1.7012e+10, 3.5513e+09, 1.3462e+09, 3.8995e+08, 2.3633e+08])}",diff_mean_tiny_covariance_gap,2
MY-large_mu,5,rbf,{'gamma': 0.0017054530536777348},rbf(gamma=0.0017054530536777348),0.475,rbf,"{'C': 2.0, 'gamma': 0.5}","{'thetas': array([0.    , 0.    , 0.0001, 0.0001, 0.0002]), 'lambdas': array([0.    , 0.    , 0.0001, 0.0001, 0.0002]), 'gvals': array([27518.3739, 17351.4615,  5474.4162,  3463.3759,  2166.2853])}",diff_mean_tiny_covariance_gap,2
MY-large_mu,5,laplacian,{'gamma': 0.0017054530536777348},laplacian(gamma=0.0017054530536777348),0.5375,rbf,"{'C': 2.0, 'gamma': 0.5}","{'thetas': array([0.    , 0.0001, 0.0002, 0.0002, 0.0002]), 'lambdas': array([0.    , 0.0001, 0.0002, 0.0002, 0.0002]), 'gvals': array([12345.0809,  3702.5869,  3032.9025,  2455.1011,  2027.4318])}",diff_mean_tiny_covariance_gap,2
MY-large_mu,5,polynomial,"{'degree': 2, 'gamma': 0.0017054530536777348, 'coef0': 1.0}","polynomial(coef0=1.0, degree=2, gamma=0.0017054530536777348)",0.6,rbf,"{'C': 1.0, 'gamma': 0.5}","{'thetas': array([0.0003, 0.0005, 0.0009, 0.0015, 0.0018]), 'lambdas': array([0.0003, 0.0005, 0.0009, 0.0015, 0.0018]), 'gvals': array([1841.4471,  943.1325,  533.0515,  331.4617,  270.2287])}",diff_mean_tiny_covariance_gap,2
MY-large_mu,5,sigmoid,"{'gamma': 0.0017054530536777348, 'coef0': 0.0}","sigmoid(coef0=0.0, gamma=0.0017054530536777348)",0.7125,rbf,"{'C': 0.5, 'gamma': 0.5}","{'thetas': array([0.0005, 0.004 , 0.0049, 0.0058, 0.0084]), 'lambdas': array([0.0005, 0.004 , 0.0049, 0.0058, 0.0084]), 'gvals': array([1036.8655,  120.8075,   98.6188,   83.0458,   56.444 ])}",diff_mean_tiny_covariance_gap,2
MY-large_mu,6,linear,{},linear,0.7875,rbf,"{'C': 1.0, 'gamma': 0.5}","{'thetas': array([0.    , 0.    , 0.    , 0.    , 0.    , 0.0011]), 'lambdas': array([0.    , 0.    , 0.    , 0.    , 0.    , 0.0011]), 'gvals': array([8.7983e+09, 4.2232e+08, 3.9746e+08, 2.7886e+08, 2.2069e+08,
       4.3277e+02])}",diff_mean_tiny_covariance_gap,2
MY-large_mu,6,rbf,{'gamma': 0.0017054530536777348},rbf(gamma=0.0017054530536777348),0.65,rbf,"{'C': 2.0, 'gamma': 0.5}","{'thetas': array([0.    , 0.0001, 0.0001, 0.0002, 0.0004, 0.0005]), 'lambdas': array([0.    , 0.0001, 0.0001, 0.0002, 0.0004, 0.0005]), 'gvals': array([22890.1746,  8913.1432,  4458.3684,  2369.1297,  1352.2953,
        1087.0859])}",diff_mean_tiny_covariance_gap,2
MY-large_mu,6,laplacian,{'gamma': 0.0017054530536777348},laplacian(gamma=0.0017054530536777348),0.6125,rbf,"{'C': 2.0, 'gamma': 0.5}","{'thetas': array([0.    , 0.0001, 0.0002, 0.0003, 0.0003, 0.0003]), 'lambdas': array([0.    , 0.0001, 0.0002, 0.0003, 0.0003, 0.0003]), 'gvals': array([30191.9879,  5503.9678,  2543.9675,  1811.0638,  1569.4848,
        1436.8014])}",diff_mean_tiny_covariance_gap,2
MY-large_mu,6,polynomial,"{'degree': 2, 'gamma': 0.0017054530536777348, 'coef0': 1.0}","polynomial(coef0=1.0, degree=2, gamma=0.0017054530536777348)",0.6,rbf,"{'C': 2.0, 'gamma': 0.5}","{'thetas': array([0.0003, 0.0009, 0.0014, 0.002 , 0.0022, 0.003 ]), 'lambdas': array([0.0003, 0.0009, 0.0014, 0.002 , 0.0022, 0.003 ]), 'gvals': array([1684.5289,  572.0149,  345.4183,  246.2945,  227.9297,  163.4801])}",diff_mean_tiny_covariance_gap,2
MY-large_mu,6,sigmoid,"{'gamma': 0.0017054530536777348, 'coef0': 0.0}","sigmoid(coef0=0.0, gamma=0.0017054530536777348)",0.7625,rbf,"{'C': 0.5, 'gamma': 'scale'}","{'thetas': array([0.0007, 0.0028, 0.0038, 0.0062, 0.0125, 0.0139]), 'lambdas': array([0.0007, 0.0028, 0.0038, 0.0062, 0.0125, 0.0139]), 'gvals': array([714.1464, 177.3208, 128.7638,  78.231 ,  37.4388,  33.2195])}",diff_mean_tiny_covariance_gap,2
MY-large_mu,7,linear,{},linear,0.7625,rbf,"{'C': 2.0, 'gamma': 'scale'}","{'thetas': array([0.   , 0.   , 0.   , 0.   , 0.   , 0.   , 0.001]), 'lambdas': array([0.   , 0.   , 0.   , 0.   , 0.   , 0.   , 0.001]), 'gvals': array([7.5983e+09, 1.5302e+09, 7.7150e+08, 4.4299e+08, 2.8343e+08,
       2.3271e+08, 5.1272e+02])}",diff_mean_tiny_covariance_gap,2
MY-large_mu,7,rbf,{'gamma': 0.0017054530536777348},rbf(gamma=0.0017054530536777348),0.5625,rbf,"{'C': 2.0, 'gamma': 0.5}","{'thetas': array([0.    , 0.    , 0.0001, 0.0001, 0.0001, 0.0003, 0.0003]), 'lambdas': array([0.    , 0.    , 0.0001, 0.0001, 0.0001, 0.0003, 0.0003]), 'gvals': array([47872.0212, 19038.4403,  8958.694 ,  4445.4121,  3631.4868,
        1785.9504,  1605.4892])}",diff_mean_tiny_covariance_gap,2
MY-large_mu,7,laplacian,{'gamma': 0.0017054530536777348},laplacian(gamma=0.0017054530536777348),0.65,rbf,"{'C': 2.0, 'gamma': 0.5}","{'thetas': array([0.    , 0.0001, 0.0002, 0.0003, 0.0003, 0.0004, 0.0004]), 'lambdas': array([0.    , 0.0001, 0.0002, 0.0003, 0.0003, 0.0004, 0.0004]), 'gvals': array([12278.6668,  4551.9642,  3323.8348,  1898.5925,  1469.8949,
        1340.1251,  1235.0292])}",diff_mean_tiny_covariance_gap,2
MY-large_mu,7,polynomial,"{'degree': 2, 'gamma': 0.0017054530536777348, 'coef0': 1.0}","polynomial(coef0=1.0, degree=2, gamma=0.0017054530536777348)",0.6125,rbf,"{'C': 1.0, 'gamma': 0.5}","{'thetas': array([0.0001, 0.0006, 0.0009, 0.0014, 0.002 , 0.0027, 0.0036]), 'lambdas': array([0.0001, 0.0006, 0.0009, 0.0014, 0.002 , 0.0027, 0.0036]), 'gvals': array([4463.272 ,  792.2214,  575.6613,  358.4564,  249.0956,  182.5538,
        136.8069])}",diff_mean_tiny_covariance_gap,2
MY-large_mu,7,sigmoid,"{'gamma': 0.0017054530536777348, 'coef0': 0.0}","sigmoid(coef0=0.0, gamma=0.0017054530536777348)",0.7875,rbf,"{'C': 1.0, 'gamma': 'scale'}","{'thetas': array([0.0017, 0.0027, 0.0074, 0.0098, 0.0109, 0.0169, 0.0179]), 'lambdas': array([0.0017, 0.0027, 0.0074, 0.0098, 0.0109, 0.0169, 0.0179]), 'gvals': array([297.5679, 179.6579,  64.7148,  48.2712,  43.2777,  27.0743,
        25.3953])}",diff_mean_tiny_covariance_gap,2
MY-large_mu,8,linear,{},linear,0.725,rbf,"{'C': 2.0, 'gamma': 'scale'}","{'thetas': array([0., 0., 0., 0., 0., 0., 0., 0.]), 'lambdas': array([0., 0., 0., 0., 0., 0., 0., 0.]), 'gvals': array([8.4043e+09, 1.0682e+09, 5.7537e+08, 4.6689e+08, 3.7069e+08,
       3.0847e+08, 2.6708e+08, 2.4375e+08])}",diff_mean_tiny_covariance_gap,2
MY-large_mu,8,rbf,{'gamma': 0.0017054530536777348},rbf(gamma=0.0017054530536777348),0.575,rbf,"{'C': 2.0, 'gamma': 0.5}","{'thetas': array([0.    , 0.    , 0.0001, 0.0001, 0.0002, 0.0002, 0.0004, 0.0005]), 'lambdas': array([0.    , 0.    , 0.0001, 0.0001, 0.0002, 0.0002, 0.0004, 0.0005]), 'gvals': array([31639.9641, 20733.3487,  9754.3734,  4529.4584,  2840.0611,
        2042.4837,  1417.9341,  1093.9796])}",diff_mean_tiny_covariance_gap,2
MY-large_mu,8,laplacian,{'gamma': 0.0017054530536777348},laplacian(gamma=0.0017054530536777348),0.5625,rbf,"{'C': 2.0, 'gamma': 0.5}","{'thetas': array([0.    , 0.    , 0.0001, 0.0002, 0.0002, 0.0003, 0.0003, 0.0004]), 'lambdas': array([0.    , 0.    , 0.0001, 0.0002, 0.0002, 0.0003, 0.0003, 0.0004]), 'gvals': array([116195.6631,  10762.8361,   7244.3902,   3281.5289,   2340.9137,
         1591.3231,   1440.3789,   1363.1046])}",diff_mean_tiny_covariance_gap,2
MY-large_mu,8,polynomial,"{'degree': 2, 'gamma': 0.0017054530536777348, 'coef0': 1.0}","polynomial(coef0=1.0, degree=2, gamma=0.0017054530536777348)",0.625,rbf,"{'C': 1.0, 'gamma': 0.5}","{'thetas': array([0.0001, 0.0001, 0.0004, 0.0013, 0.002 , 0.0023, 0.0033, 0.0035]), 'lambdas': array([0.0001, 0.0001, 0.0004, 0.0013, 0.002 , 0.0023, 0.0033, 0.0035]), 'gvals': array([7684.4321, 4131.0473, 1221.8674,  367.5244,  242.2382,  212.9854,
        146.6518,  137.9628])}",diff_mean_tiny_covariance_gap,2
MY-large_mu,8,sigmoid,"{'gamma': 0.0017054530536777348, 'coef0': 0.0}","sigmoid(coef0=0.0, gamma=0.0017054530536777348)",0.7375,rbf,"{'C': 1.0, 'gamma': 'scale'}","{'thetas': array([0.0035, 0.0046, 0.0053, 0.0064, 0.009 , 0.0141, 0.0202, 0.0228]), 'lambdas': array([0.0035, 0.0046, 0.0053, 0.0064, 0.009 , 0.0141, 0.0202, 0.0228]), 'gvals': array([138.1235, 105.6366,  91.0885,  75.2851,  52.576 ,  32.7395,
        22.3191,  19.5318])}",diff_mean_tiny_covariance_gap,2
MY-large_mu,10,linear,{},linear,0.875,rbf,"{'C': 0.5, 'gamma': 'scale'}","{'thetas': array([0.    , 0.    , 0.    , 0.    , 0.    , 0.    , 0.0001, 0.001 ,
       0.002 , 0.0047]), 'lambdas': array([0.    , 0.    , 0.    , 0.    , 0.    , 0.    , 0.0001, 0.001 ,
       0.002 , 0.0047]), 'gvals': array([4.3893e+09, 8.3004e+08, 4.5697e+08, 3.8263e+08, 2.9838e+08,
       2.6187e+08, 5.3939e+03, 4.7305e+02, 2.4237e+02, 1.0399e+02])}",diff_mean_tiny_covariance_gap,2
MY-large_mu,10,rbf,{'gamma': 0.0017054530536777348},rbf(gamma=0.0017054530536777348),0.525,rbf,"{'C': 0.5, 'gamma': 0.5}","{'thetas': array([0.    , 0.    , 0.    , 0.0001, 0.0001, 0.0002, 0.0002, 0.0003,
       0.0005, 0.0006]), 'lambdas': array([0.    , 0.    , 0.    , 0.0001, 0.0001, 0.0002, 0.0002, 0.0003,
       0.0005, 0.0006]), 'gvals': array([67818.241 , 30093.9721, 13176.0364,  6263.1506,  4215.438 ,
        3090.92  ,  2125.4672,  1557.8175,  1097.1649,   825.8637])}",diff_mean_tiny_covariance_gap,2
MY-large_mu,10,laplacian,{'gamma': 0.0017054530536777348},laplacian(gamma=0.0017054530536777348),0.6375,rbf,"{'C': 0.5, 'gamma': 0.5}","{'thetas': array([0.    , 0.    , 0.0001, 0.0002, 0.0003, 0.0003, 0.0004, 0.0005,
       0.0007, 0.0007]), 'lambdas': array([0.    , 0.    , 0.0001, 0.0002, 0.0003, 0.0003, 0.0004, 0.0005,
       0.0007, 0.0007]), 'gvals': array([42113.9302, 15063.9856,  5398.6348,  2394.9528,  1892.2059,
        1743.9986,  1221.6525,   986.526 ,   731.8507,   681.5958])}",diff_mean_tiny_covariance_gap,2
MY-large_mu,10,polynomial,"{'degree': 2, 'gamma': 0.0017054530536777348, 'coef0': 1.0}","polynomial(coef0=1.0, degree=2, gamma=0.0017054530536777348)",0.675,rbf,"{'C': 2.0, 'gamma': 0.5}","{'thetas': array([0.0001, 0.0003, 0.0005, 0.0009, 0.0012, 0.0024, 0.0035, 0.0039,
       0.0055, 0.0069]), 'lambdas': array([0.0001, 0.0003, 0.0005, 0.0009, 0.0012, 0.0024, 0.0035, 0.0039,
       0.0055, 0.0069]), 'gvals': array([6829.8708, 1776.5623,  952.1078,  574.6116,  410.3622,  204.6895,
        138.9803,  125.6896,   88.2151,   69.2898])}",diff_mean_tiny_covariance_gap,2
MY-large_mu,10,sigmoid,"{'gamma': 0.0017054530536777348, 'coef0': 0.0}","sigmoid(coef0=0.0, gamma=0.0017054530536777348)",0.8125,rbf,"{'C': 0.5, 'gamma': 'scale'}","{'thetas': array([      0.0011,       0.0046,       0.0057,       0.0093,
             0.0161,       0.0178,       0.0269,       0.0353,
             0.0487, 6079471.5588]), 'lambdas': array([      0.0011,       0.0046,       0.0057,       0.0093,
             0.0161,       0.0178,       0.0269,       0.0353,
             0.0487, 6079471.5588]), 'gvals': array([465.0758, 104.7977,  84.3629,  50.9235,  28.5035,  25.5069,
        16.2811,  12.0038,   8.2512,   7.3102])}",diff_mean_tiny_covariance_gap,2
MY-large_mu,12,linear,{},linear,0.775,rbf,"{'C': 0.5, 'gamma': 'scale'}","{'thetas': array([0.    , 0.    , 0.    , 0.    , 0.    , 0.    , 0.    , 0.0005,
       0.0021, 0.0033, 0.0045, 0.005 ]), 'lambdas': array([0.    , 0.    , 0.    , 0.    , 0.    , 0.    , 0.    , 0.0005,
       0.0021, 0.0033, 0.0045, 0.005 ]), 'gvals': array([6.6862e+09, 2.9216e+09, 1.5712e+09, 1.0365e+09, 4.2319e+08,
       2.0673e+08, 1.9073e+04, 9.8092e+02, 2.3808e+02, 1.4591e+02,
       1.0763e+02, 9.5926e+01])}",diff_mean_tiny_covariance_gap,2
MY-large_mu,12,rbf,{'gamma': 0.0017054530536777348},rbf(gamma=0.0017054530536777348),0.5875,rbf,"{'C': 2.0, 'gamma': 0.5}","{'thetas': array([0.    , 0.    , 0.0001, 0.0001, 0.0001, 0.0003, 0.0005, 0.0006,
       0.0007, 0.0008, 0.001 , 0.0011]), 'lambdas': array([0.    , 0.    , 0.0001, 0.0001, 0.0001, 0.0003, 0.0005, 0.0006,
       0.0007, 0.0008, 0.001 , 0.0011]), 'gvals': array([22452.6242, 11827.1052,  5276.3782,  5068.062 ,  3635.0675,
        1524.6138,   921.2222,   883.4026,   760.5423,   620.6539,
         493.252 ,   460.2819])}",diff_mean_tiny_covariance_gap,2
MY-large_mu,12,laplacian,{'gamma': 0.0017054530536777348},laplacian(gamma=0.0017054530536777348),0.6875,rbf,"{'C': 2.0, 'gamma': 0.5}","{'thetas': array([0.0001, 0.0001, 0.0002, 0.0003, 0.0004, 0.0005, 0.0006, 0.0008,
       0.0008, 0.0011, 0.0011, 0.0012]), 'lambdas': array([0.0001, 0.0001, 0.0002, 0.0003, 0.0004, 0.0005, 0.0006, 0.0008,
       0.0008, 0.0011, 0.0011, 0.0012]), 'gvals': array([6624.5523, 3574.8989, 2170.9928, 1579.053 , 1369.9955,  979.0786,
        859.1678,  642.3717,  601.5036,  458.2332,  440.0066,  402.9129])}",diff_mean_tiny_covariance_gap,2
MY-large_mu,12,polynomial,"{'degree': 2, 'gamma': 0.0017054530536777348, 'coef0': 1.0}","polynomial(coef0=1.0, degree=2, gamma=0.0017054530536777348)",0.675,rbf,"{'C': 2.0, 'gamma': 0.5}","{'thetas': array([0.0005, 0.0012, 0.0017, 0.0018, 0.0024, 0.0033, 0.0043, 0.0055,
       0.0066, 0.0072, 0.0093, 0.01  ]), 'lambdas': array([0.0005, 0.0012, 0.0017, 0.0018, 0.0024, 0.0033, 0.0043, 0.0055,
       0.0066, 0.0072, 0.0093, 0.01  ]), 'gvals': array([1007.8257,  416.4179,  295.7161,  280.1988,  209.0574,  149.8485,
        112.8591,   88.336 ,   72.1885,   66.1853,   50.7277,   47.0993])}",diff_mean_tiny_covariance_gap,2
MY-large_mu,12,sigmoid,"{'gamma': 0.0017054530536777348, 'coef0': 0.0}","sigmoid(coef0=0.0, gamma=0.0017054530536777348)",0.7625,rbf,"{'C': 0.5, 'gamma': 'scale'}","{'thetas': array([0.0021, 0.0046, 0.0065, 0.0071, 0.0114, 0.0216, 0.0246, 0.0285,
       0.033 , 0.0357, 0.0401, 0.0494]), 'lambdas': array([0.0021, 0.0046, 0.0065, 0.0071, 0.0114, 0.0216, 0.0246, 0.0285,
       0.033 , 0.0357, 0.0401, 0.0494]), 'gvals': array([235.8018, 104.8475,  74.3862,  67.4231,  41.2671,  20.6963,
        17.9745,  15.2436,  12.9368,  11.8444,  10.3541,   8.1237])}",diff_mean_tiny_covariance_gap,2
MY-large_mu,14,linear,{},linear,0.7875,rbf,"{'C': 1.0, 'gamma': 'scale'}","{'thetas': array([0.    , 0.    , 0.    , 0.    , 0.    , 0.    , 0.    , 0.0004,
       0.0027, 0.0029, 0.0056, 0.0068, 0.0083, 0.01  ]), 'lambdas': array([0.    , 0.    , 0.    , 0.    , 0.    , 0.    , 0.    , 0.0004,
       0.0027, 0.0029, 0.0056, 0.0068, 0.0083, 0.01  ]), 'gvals': array([1.2368e+09, 6.5948e+08, 5.7482e+08, 5.1096e+08, 4.1399e+08,
       3.6427e+08, 3.2017e+08, 1.3961e+03, 1.8305e+02, 1.6796e+02,
       8.6224e+01, 7.0506e+01, 5.7357e+01, 4.7094e+01])}",diff_mean_tiny_covariance_gap,2
MY-large_mu,14,rbf,{'gamma': 0.0017054530536777348},rbf(gamma=0.0017054530536777348),0.6125,rbf,"{'C': 2.0, 'gamma': 0.5}","{'thetas': array([0.    , 0.0001, 0.0001, 0.0002, 0.0003, 0.0003, 0.0005, 0.0006,
       0.0008, 0.0012, 0.0014, 0.0015, 0.0018, 0.002 ]), 'lambdas': array([0.    , 0.0001, 0.0001, 0.0002, 0.0003, 0.0003, 0.0005, 0.0006,
       0.0008, 0.0012, 0.0014, 0.0015, 0.0018, 0.002 ]), 'gvals': array([46799220.4928,     8837.6273,     3949.0746,     2258.9617,
           1742.3528,     1477.9147,      913.4743,      807.9789,
            594.8101,      421.8209,      358.634 ,      324.1008,
            267.5446,      242.7809])}",diff_mean_tiny_covariance_gap,2
MY-large_mu,14,laplacian,{'gamma': 0.0017054530536777348},laplacian(gamma=0.0017054530536777348),0.65,rbf,"{'C': 0.5, 'gamma': 0.5}","{'thetas': array([0.    , 0.0001, 0.0002, 0.0002, 0.0003, 0.0004, 0.0005, 0.0006,
       0.0007, 0.0008, 0.001 , 0.0011, 0.0013, 0.0015]), 'lambdas': array([0.    , 0.0001, 0.0002, 0.0002, 0.0003, 0.0004, 0.0005, 0.0006,
       0.0007, 0.0008, 0.001 , 0.0011, 0.0013, 0.0015]), 'gvals': array([86432.7793,  4438.7792,  3072.1999,  2400.942 ,  1520.3174,
        1297.6033,  1014.4195,   850.8816,   675.2922,   597.0049,
         502.9416,   459.7054,   376.4238,   320.185 ])}",diff_mean_tiny_covariance_gap,2
MY-large_mu,14,polynomial,"{'degree': 2, 'gamma': 0.0017054530536777348, 'coef0': 1.0}","polynomial(coef0=1.0, degree=2, gamma=0.0017054530536777348)",0.6625,rbf,"{'C': 2.0, 'gamma': 0.5}","{'thetas': array([0.    , 0.0003, 0.0006, 0.0016, 0.0018, 0.0027, 0.0039, 0.0046,
       0.0053, 0.0068, 0.0079, 0.0086, 0.0115, 0.0133]), 'lambdas': array([0.    , 0.0003, 0.0006, 0.0016, 0.0018, 0.0027, 0.0039, 0.0046,
       0.0053, 0.0068, 0.0079, 0.0086, 0.0115, 0.0133]), 'gvals': array([11374.9126,  1762.016 ,   780.5828,   302.6149,   276.5819,
         184.0315,   123.6984,   104.4038,    90.7839,    70.4873,
          60.1519,    55.4243,    40.8276,    34.9982])}",diff_mean_tiny_covariance_gap,2
MY-large_mu,14,sigmoid,"{'gamma': 0.0017054530536777348, 'coef0': 0.0}","sigmoid(coef0=0.0, gamma=0.0017054530536777348)",0.7,rbf,"{'C': 0.5, 'gamma': 'scale'}","{'thetas': array([      0.    ,       0.0047,       0.0064,       0.0092,
             0.012 ,       0.0172,       0.0193,       0.0304,
             0.0308,       0.0345,       0.036 ,       0.0535,
       6954676.8706, 5558537.5805]), 'lambdas': array([      0.    ,       0.0047,       0.0064,       0.0092,
             0.012 ,       0.0172,       0.0193,       0.0304,
             0.0308,       0.0345,       0.036 ,       0.0535,
       6954676.8706, 5558537.5805]), 'gvals': array([21853.7781,   103.0634,    75.2809,    51.439 ,    38.9105,
          26.5568,    23.4173,    14.2155,    13.979 ,    12.3131,
          11.7382,     7.3829,     7.3775,     7.2654])}",diff_mean_tiny_covariance_gap,2
MY-large_mu,16,linear,{},linear,0.775,rbf,"{'C': 1.0, 'gamma': 'scale'}","{'thetas': array([0.    , 0.    , 0.0028, 0.0045, 0.0053, 0.0077, 0.0095, 0.0105,
       0.0114, 0.0157, 0.0172, 0.0186, 0.0207, 0.0233, 0.0244, 0.0259]), 'lambdas': array([0.    , 0.    , 0.0028, 0.0045, 0.0053, 0.0077, 0.0095, 0.0105,
       0.0114, 0.0157, 0.0172, 0.0186, 0.0207, 0.0233, 0.0244, 0.0259]), 'gvals': array([3.9427e+09, 3.1662e+08, 1.7369e+02, 1.0731e+02, 9.1270e+01,
       6.1804e+01, 4.9787e+01, 4.4774e+01, 4.1180e+01, 2.9335e+01,
       2.6494e+01, 2.4351e+01, 2.1682e+01, 1.9121e+01, 1.8119e+01,
       1.6969e+01])}",diff_mean_tiny_covariance_gap,2
MY-large_mu,16,rbf,{'gamma': 0.0017054530536777348},rbf(gamma=0.0017054530536777348),0.6,rbf,"{'C': 2.0, 'gamma': 0.5}","{'thetas': array([0.    , 0.0001, 0.0001, 0.0001, 0.0001, 0.0002, 0.0003, 0.0004,
       0.0005, 0.0007, 0.0009, 0.0014, 0.0016, 0.0017, 0.0021, 0.0023]), 'lambdas': array([0.    , 0.0001, 0.0001, 0.0001, 0.0001, 0.0002, 0.0003, 0.0004,
       0.0005, 0.0007, 0.0009, 0.0014, 0.0016, 0.0017, 0.0021, 0.0023]), 'gvals': array([25495.852 ,  7974.064 ,  7574.3299,  6333.0736,  4678.8842,
        2839.9917,  1670.3076,  1247.9747,   963.0092,   694.5466,
         529.4978,   351.592 ,   314.4565,   291.7009,   237.4221,
         216.4999])}",diff_mean_tiny_covariance_gap,2
MY-large_mu,16,laplacian,{'gamma': 0.0017054530536777348},laplacian(gamma=0.0017054530536777348),0.5375,rbf,"{'C': 2.0, 'gamma': 0.5}","{'thetas': array([0.    , 0.    , 0.0001, 0.0002, 0.0003, 0.0004, 0.0005, 0.0006,
       0.0006, 0.0008, 0.0009, 0.0012, 0.0014, 0.0015, 0.0017, 0.0018]), 'lambdas': array([0.    , 0.    , 0.0001, 0.0002, 0.0003, 0.0004, 0.0005, 0.0006,
       0.0006, 0.0008, 0.0009, 0.0012, 0.0014, 0.0015, 0.0017, 0.0018]), 'gvals': array([30750.8813, 13010.3696,  5715.0627,  2702.6808,  1759.7554,
        1364.5995,  1064.2911,   876.0166,   813.364 ,   614.0733,
         524.3587,   428.7838,   363.8664,   339.3351,   298.6275,
         281.4646])}",diff_mean_tiny_covariance_gap,2
MY-large_mu,16,polynomial,"{'degree': 2, 'gamma': 0.0017054530536777348, 'coef0': 1.0}","polynomial(coef0=1.0, degree=2, gamma=0.0017054530536777348)",0.7,rbf,"{'C': 0.5, 'gamma': 0.5}","{'thetas': array([0.0002, 0.0004, 0.0012, 0.0014, 0.0022, 0.0032, 0.005 , 0.0056,
       0.0059, 0.0069, 0.0086, 0.0106, 0.0109, 0.0115, 0.0129, 0.0137]), 'lambdas': array([0.0002, 0.0004, 0.0012, 0.0014, 0.0022, 0.0032, 0.005 , 0.0056,
       0.0059, 0.0069, 0.0086, 0.0106, 0.0109, 0.0115, 0.0129, 0.0137]), 'gvals': array([1999.0875, 1342.1083,  417.6824,  362.9748,  225.9424,  153.391 ,
         97.4367,   86.6995,   82.351 ,   69.4344,   55.393 ,   44.4928,
         43.0501,   40.614 ,   35.9998,   33.8872])}",diff_mean_tiny_covariance_gap,2
MY-large_mu,16,sigmoid,"{'gamma': 0.0017054530536777348, 'coef0': 0.0}","sigmoid(coef0=0.0, gamma=0.0017054530536777348)",0.725,rbf,"{'C': 1.0, 'gamma': 'scale'}","{'thetas': array([      0.0012,       0.0042,       0.006 ,       0.01  ,
             0.0114,       0.0132,       0.0229,       0.0253,
             0.0288,       0.0292,       0.0339,       0.0396,
             0.0429,       0.0518, 5931053.3863, 4463153.3046]), 'lambdas': array([      0.0012,       0.0042,       0.006 ,       0.01  ,
             0.0114,       0.0132,       0.0229,       0.0253,
             0.0288,       0.0292,       0.0339,       0.0396,
             0.0429,       0.0518, 5931053.3863, 4463153.3046]), 'gvals': array([414.4704, 116.0421,  80.3992,  47.048 ,  41.2401,  35.2841,
        19.4686,  17.3945,  15.0789,  14.8456,  12.5431,  10.5139,
         9.5831,   7.6774,   7.2979,   7.1557])}",diff_mean_tiny_covariance_gap,2
MY-large_mu,20,linear,{},linear,0.775,rbf,"{'C': 0.5, 'gamma': 'scale'}","{'thetas': array([0.    , 0.    , 0.    , 0.    , 0.    , 0.    , 0.0001, 0.0007,
       0.002 , 0.0025, 0.0067, 0.0085, 0.0091, 0.0108, 0.0145, 0.0167,
       0.0195, 0.0226, 0.0245, 0.0285]), 'lambdas': array([0.    , 0.    , 0.    , 0.    , 0.    , 0.    , 0.0001, 0.0007,
       0.002 , 0.0025, 0.0067, 0.0085, 0.0091, 0.0108, 0.0145, 0.0167,
       0.0195, 0.0226, 0.0245, 0.0285]), 'gvals': array([3.1859e+09, 1.2256e+09, 7.4056e+08, 3.7680e+08, 3.0545e+08,
       2.6124e+08, 4.0330e+03, 7.5434e+02, 2.4215e+02, 1.9508e+02,
       7.2081e+01, 5.6154e+01, 5.2020e+01, 4.3680e+01, 3.1931e+01,
       2.7407e+01, 2.3173e+01, 1.9692e+01, 1.8073e+01, 1.5276e+01])}",diff_mean_tiny_covariance_gap,2
MY-large_mu,20,rbf,{'gamma': 0.0017054530536777348},rbf(gamma=0.0017054530536777348),0.675,rbf,"{'C': 2.0, 'gamma': 0.5}","{'thetas': array([0.    , 0.    , 0.    , 0.0001, 0.0002, 0.0002, 0.0003, 0.0004,
       0.0004, 0.0006, 0.0008, 0.0011, 0.0013, 0.0017, 0.002 , 0.0022,
       0.0023, 0.0031, 0.0035, 0.004 ]), 'lambdas': array([0.    , 0.    , 0.    , 0.0001, 0.0002, 0.0002, 0.0003, 0.0004,
       0.0004, 0.0006, 0.0008, 0.0011, 0.0013, 0.0017, 0.002 , 0.0022,
       0.0023, 0.0031, 0.0035, 0.004 ]), 'gvals': array([27237.1253, 15177.9282, 11653.8491,  4708.2479,  2831.8764,
        2324.0066,  1611.1751,  1341.7264,  1221.2939,   856.0938,
         588.66  ,   442.6285,   374.7505,   290.3748,   249.6878,
         226.1211,   212.0588,   156.1394,   141.4264,   121.4433])}",diff_mean_tiny_covariance_gap,2
MY-large_mu,20,laplacian,{'gamma': 0.0017054530536777348},laplacian(gamma=0.0017054530536777348),0.6375,rbf,"{'C': 0.5, 'gamma': 0.5}","{'thetas': array([0.    , 0.0001, 0.0001, 0.0002, 0.0002, 0.0002, 0.0003, 0.0005,
       0.0006, 0.0007, 0.001 , 0.0011, 0.0013, 0.0015, 0.0016, 0.0017,
       0.0019, 0.0019, 0.0022, 0.0025]), 'lambdas': array([0.    , 0.0001, 0.0001, 0.0002, 0.0002, 0.0002, 0.0003, 0.0005,
       0.0006, 0.0007, 0.001 , 0.0011, 0.0013, 0.0015, 0.0016, 0.0017,
       0.0019, 0.0019, 0.0022, 0.0025]), 'gvals': array([99565.7187,  8313.4845,  7377.1681,  3118.3653,  2355.1817,
        2130.827 ,  1804.6113,   923.8986,   892.7044,   667.2931,
         494.6105,   451.5593,   371.4864,   327.5263,   311.7487,
         298.0269,   260.4128,   259.0243,   220.3253,   195.9908])}",diff_mean_tiny_covariance_gap,2
MY-large_mu,20,polynomial,"{'degree': 2, 'gamma': 0.0017054530536777348, 'coef0': 1.0}","polynomial(coef0=1.0, degree=2, gamma=0.0017054530536777348)",0.75,rbf,"{'C': 2.0, 'gamma': 0.5}","{'thetas': array([0.    , 0.0002, 0.0005, 0.0009, 0.0015, 0.0017, 0.0035, 0.0038,
       0.0048, 0.0062, 0.0072, 0.0086, 0.0091, 0.0124, 0.0134, 0.014 ,
       0.0161, 0.0187, 0.0227, 0.0254]), 'lambdas': array([0.    , 0.0002, 0.0005, 0.0009, 0.0015, 0.0017, 0.0035, 0.0038,
       0.0048, 0.0062, 0.0072, 0.0086, 0.0091, 0.0124, 0.0134, 0.014 ,
       0.0161, 0.0187, 0.0227, 0.0254]), 'gvals': array([10806.6472,  2311.9518,  1005.295 ,   541.502 ,   333.4294,
         294.6651,   139.2598,   127.3467,   101.4469,    76.9703,
          66.2156,    54.9575,    51.8298,    37.7199,    34.549 ,
          33.1002,    28.4473,    24.299 ,    19.6661,    17.3468])}",diff_mean_tiny_covariance_gap,2
MY-large_mu,20,sigmoid,"{'gamma': 0.0017054530536777348, 'coef0': 0.0}","sigmoid(coef0=0.0, gamma=0.0017054530536777348)",0.775,rbf,"{'C': 1.0, 'gamma': 'scale'}","{'thetas': array([      0.0011,       0.0066,       0.0089,       0.0114,
             0.0153,       0.0166,       0.0223,       0.0292,
             0.0344,       0.039 ,       0.0403,       0.0513,
       6510632.8839, 5406147.4525, 4382132.767 , 4221029.1634,
       3932217.3772, 3361760.7075, 3173847.4601, 2805057.3373]), 'lambdas': array([      0.0011,       0.0066,       0.0089,       0.0114,
             0.0153,       0.0166,       0.0223,       0.0292,
             0.0344,       0.039 ,       0.0403,       0.0513,
       6510632.8839, 5406147.4525, 4382132.767 , 4221029.1634,
       3932217.3772, 3361760.7075, 3173847.4601, 2805057.3373]), 'gvals': array([461.4393,  72.6666,  53.502 ,  40.9441,  30.0326,  27.633 ,
        20.0378,  14.8526,  12.3557,  10.7047,  10.3053,   7.7625,
         7.3445,   7.2515,   7.1465,   7.1278,   7.0924,   7.014 ,
         6.9852,   6.9235])}",diff_mean_tiny_covariance_gap,2
MY-large_mu,24,linear,{},linear,0.75,rbf,"{'C': 2.0, 'gamma': 'scale'}","{'thetas': array([0.    , 0.    , 0.    , 0.    , 0.    , 0.0007, 0.0015, 0.0018,
       0.0046, 0.0053, 0.0074, 0.008 , 0.0089, 0.0142, 0.0185, 0.0205,
       0.0223, 0.0251, 0.0302, 0.0349, 0.0377, 0.0393, 0.0455, 0.0537]), 'lambdas': array([0.    , 0.    , 0.    , 0.    , 0.    , 0.0007, 0.0015, 0.0018,
       0.0046, 0.0053, 0.0074, 0.008 , 0.0089, 0.0142, 0.0185, 0.0205,
       0.0223, 0.0251, 0.0302, 0.0349, 0.0377, 0.0393, 0.0455, 0.0537]), 'gvals': array([4.9780e+09, 1.8420e+09, 1.1507e+09, 9.5395e+08, 5.1774e+08,
       7.1576e+02, 3.2336e+02, 2.6743e+02, 1.0514e+02, 9.0360e+01,
       6.4403e+01, 5.9319e+01, 5.3223e+01, 3.2481e+01, 2.4575e+01,
       2.1896e+01, 2.0067e+01, 1.7576e+01, 1.4332e+01, 1.2142e+01,
       1.1108e+01, 1.0605e+01, 8.9330e+00, 7.3452e+00])}",diff_mean_tiny_covariance_gap,2
MY-large_mu,24,rbf,{'gamma': 0.0017054530536777348},rbf(gamma=0.0017054530536777348),0.6,rbf,"{'C': 0.5, 'gamma': 0.5}","{'thetas': array([0.    , 0.    , 0.0001, 0.0001, 0.0002, 0.0002, 0.0004, 0.0007,
       0.0008, 0.0011, 0.0011, 0.0013, 0.0015, 0.0021, 0.0024, 0.0028,
       0.0032, 0.0035, 0.0039, 0.004 , 0.0049, 0.0055, 0.0056, 0.0064]), 'lambdas': array([0.    , 0.    , 0.0001, 0.0001, 0.0002, 0.0002, 0.0004, 0.0007,
       0.0008, 0.0011, 0.0011, 0.0013, 0.0015, 0.0021, 0.0024, 0.0028,
       0.0032, 0.0035, 0.0039, 0.004 , 0.0049, 0.0055, 0.0056, 0.0064]), 'gvals': array([31300.2197, 13968.0819,  9367.9583,  3946.4297,  2673.0633,
        2254.443 ,  1220.8009,   753.1788,   591.6156,   469.4846,
         433.2281,   366.9139,   328.5929,   234.3465,   200.8948,
         172.2747,   154.6553,   138.0638,   125.7047,   121.1128,
          98.876 ,    87.6582,    85.5417,    74.6618])}",diff_mean_tiny_covariance_gap,2
MY-large_mu,24,laplacian,{'gamma': 0.0017054530536777348},laplacian(gamma=0.0017054530536777348),0.6125,rbf,"{'C': 1.0, 'gamma': 0.5}","{'thetas': array([0.    , 0.0001, 0.0001, 0.0002, 0.0003, 0.0004, 0.0004, 0.0005,
       0.0007, 0.0009, 0.001 , 0.0011, 0.0013, 0.0015, 0.0018, 0.0019,
       0.0021, 0.0023, 0.0025, 0.0029, 0.003 , 0.0036, 0.0038, 0.0043]), 'lambdas': array([0.    , 0.0001, 0.0001, 0.0002, 0.0003, 0.0004, 0.0004, 0.0005,
       0.0007, 0.0009, 0.001 , 0.0011, 0.0013, 0.0015, 0.0018, 0.0019,
       0.0021, 0.0023, 0.0025, 0.0029, 0.003 , 0.0036, 0.0038, 0.0043]), 'gvals': array([10540.9509,  6143.4637,  3902.4033,  2585.2263,  1638.7982,
        1340.3689,  1215.0214,   936.8528,   711.9631,   580.5242,
         498.2657,   469.0021,   369.6636,   325.6923,   272.5447,
         261.4542,   229.7796,   212.092 ,   195.5308,   168.1384,
         162.1982,   137.4327,   129.496 ,   113.8127])}",diff_mean_tiny_covariance_gap,2
MY-large_mu,24,polynomial,"{'degree': 2, 'gamma': 0.0017054530536777348, 'coef0': 1.0}","polynomial(coef0=1.0, degree=2, gamma=0.0017054530536777348)",0.6875,rbf,"{'C': 0.5, 'gamma': 0.5}","{'thetas': array([0.0001, 0.0002, 0.0009, 0.0017, 0.0028, 0.003 , 0.0043, 0.0046,
       0.0059, 0.0064, 0.0083, 0.01  , 0.0124, 0.0135, 0.0144, 0.0166,
       0.0172, 0.0199, 0.0205, 0.0255, 0.0263, 0.0273, 0.0341, 0.0406]), 'lambdas': array([0.0001, 0.0002, 0.0009, 0.0017, 0.0028, 0.003 , 0.0043, 0.0046,
       0.0059, 0.0064, 0.0083, 0.01  , 0.0124, 0.0135, 0.0144, 0.0166,
       0.0172, 0.0199, 0.0205, 0.0255, 0.0263, 0.0273, 0.0341, 0.0406]), 'gvals': array([4929.2729, 3053.5737,  522.608 ,  293.5014,  174.2578,  160.986 ,
        112.7065,  105.1544,   81.0756,   75.4602,   57.4204,   47.2598,
         37.5842,   34.4763,   32.0842,   27.519 ,   26.5467,   22.6744,
         21.9907,   17.268 ,   16.7137,   16.0399,   12.4877,   10.2071])}",diff_mean_tiny_covariance_gap,2
MY-large_mu,24,sigmoid,"{'gamma': 0.0017054530536777348, 'coef0': 0.0}","sigmoid(coef0=0.0, gamma=0.0017054530536777348)",0.8,rbf,"{'C': 1.0, 'gamma': 'scale'}","{'thetas': array([      0.005 ,       0.0063,       0.0072,       0.01  ,
             0.0113,       0.0179,       0.0206,       0.0286,
             0.0338,       0.0365,       0.0475,       0.0543,
       5168444.9553, 4887519.4599, 4401751.8255, 3612881.6676,
       3425002.4803, 3086229.5895, 2646308.5476, 2439189.3115,
       2163233.792 , 1991510.4892, 1972139.4813, 1714255.4782]), 'lambdas': array([      0.005 ,       0.0063,       0.0072,       0.01  ,
             0.0113,       0.0179,       0.0206,       0.0286,
             0.0338,       0.0365,       0.0475,       0.0543,
       5168444.9553, 4887519.4599, 4401751.8255, 3612881.6676,
       3425002.4803, 3086229.5895, 2646308.5476, 2439189.3115,
       2163233.792 , 1991510.4892, 1972139.4813, 1714255.4782]), 'gvals': array([97.6767, 76.4907, 66.7424, 47.2119, 41.4533, 25.3469, 21.8216,
       15.1965, 12.5849, 11.5494,  8.5051,  7.2457,  7.229 ,  7.2011,
        7.1488,  7.05  ,  7.0233,  6.9712,  6.8943,  6.8536,  6.7936,
        6.7522,  6.7473,  6.6772])}",diff_mean_tiny_covariance_gap,2
MY-large_mu,28,linear,{},linear,0.7375,rbf,"{'C': 1.0, 'gamma': 'scale'}","{'thetas': array([      0.    ,       0.    ,       0.    ,       0.    ,
             0.    ,       0.    ,       0.0008,       0.0018,
             0.003 ,       0.0049,       0.0062,       0.0071,
             0.0096,       0.0108,       0.0149,       0.0178,
             0.0198,       0.021 ,       0.0258,       0.0287,
             0.0345,       0.0368,       0.0424,       0.0517,
       7415751.1169, 6580357.6371, 6490284.4954, 5722883.791 ]), 'lambdas': array([      0.    ,       0.    ,       0.    ,       0.    ,
             0.    ,       0.    ,       0.0008,       0.0018,
             0.003 ,       0.0049,       0.0062,       0.0071,
             0.0096,       0.0108,       0.0149,       0.0178,
             0.0198,       0.021 ,       0.0258,       0.0287,
             0.0345,       0.0368,       0.0424,       0.0517,
       7415751.1169, 6580357.6371, 6490284.4954, 5722883.791 ]), 'gvals': array([1.6554e+09, 1.3933e+09, 5.6630e+08, 5.2743e+08, 5.0789e+08,
       2.2277e+08, 6.5278e+02, 2.6915e+02, 1.6187e+02, 9.8412e+01,
       7.7988e+01, 6.7126e+01, 4.9090e+01, 4.3661e+01, 3.0994e+01,
       2.5603e+01, 2.2783e+01, 2.1369e+01, 1.7022e+01, 1.5168e+01,
       1.2304e+01, 1.1437e+01, 9.7062e+00, 7.6881e+00, 7.4096e+00,
       7.3498e+00, 7.3429e+00, 7.2800e+00])}",diff_mean_tiny_covariance_gap,2
MY-large_mu,28,rbf,{'gamma': 0.0017054530536777348},rbf(gamma=0.0017054530536777348),0.6,rbf,"{'C': 1.0, 'gamma': 0.5}","{'thetas': array([0.    , 0.0001, 0.0001, 0.0002, 0.0004, 0.0005, 0.0006, 0.0008,
       0.001 , 0.0011, 0.0013, 0.0015, 0.0017, 0.002 , 0.0021, 0.0027,
       0.0031, 0.0035, 0.0038, 0.0042, 0.0046, 0.0051, 0.0054, 0.0064,
       0.0074, 0.0081, 0.0083, 0.0095]), 'lambdas': array([0.    , 0.0001, 0.0001, 0.0002, 0.0004, 0.0005, 0.0006, 0.0008,
       0.001 , 0.0011, 0.0013, 0.0015, 0.0017, 0.002 , 0.0021, 0.0027,
       0.0031, 0.0035, 0.0038, 0.0042, 0.0046, 0.0051, 0.0054, 0.0064,
       0.0074, 0.0081, 0.0083, 0.0095]), 'gvals': array([10124.3777,  5323.8704,  3618.3735,  2249.407 ,  1358.1719,
        1103.441 ,   866.1912,   609.1928,   477.7049,   457.8123,
         369.2746,   328.0911,   288.1589,   248.9115,   230.6543,
         184.5151,   157.276 ,   141.3094,   129.2364,   116.9823,
         105.0113,    94.4416,    89.5785,    75.3929,    64.4318,
          58.6204,    57.0123,    49.8431])}",diff_mean_tiny_covariance_gap,2
MY-large_mu,28,laplacian,{'gamma': 0.0017054530536777348},laplacian(gamma=0.0017054530536777348),0.675,rbf,"{'C': 0.5, 'gamma': 0.5}","{'thetas': array([0.    , 0.0001, 0.0002, 0.0002, 0.0003, 0.0004, 0.0005, 0.0007,
       0.0008, 0.0009, 0.001 , 0.0012, 0.0014, 0.0016, 0.0018, 0.0018,
       0.0021, 0.0023, 0.0026, 0.0028, 0.0033, 0.0036, 0.0041, 0.0043,
       0.0045, 0.0049, 0.0056, 0.0059]), 'lambdas': array([0.    , 0.0001, 0.0002, 0.0002, 0.0003, 0.0004, 0.0005, 0.0007,
       0.0008, 0.0009, 0.001 , 0.0012, 0.0014, 0.0016, 0.0018, 0.0018,
       0.0021, 0.0023, 0.0026, 0.0028, 0.0033, 0.0036, 0.0041, 0.0043,
       0.0045, 0.0049, 0.0056, 0.0059]), 'gvals': array([19136.4872,  4588.702 ,  3108.3156,  2132.5145,  1511.678 ,
        1140.9065,   966.2084,   663.6639,   597.8793,   526.9218,
         494.4104,   413.2622,   362.5986,   309.931 ,   268.9439,
         267.6306,   239.6822,   218.3218,   189.1881,   177.3643,
         147.5205,   136.8887,   117.51  ,   114.2359,   107.4363,
          98.3115,    86.917 ,    81.3722])}",diff_mean_tiny_covariance_gap,2
MY-large_mu,28,polynomial,"{'degree': 2, 'gamma': 0.0017054530536777348, 'coef0': 1.0}","polynomial(coef0=1.0, degree=2, gamma=0.0017054530536777348)",0.6125,rbf,"{'C': 2.0, 'gamma': 'scale'}","{'thetas': array([0.0003, 0.0007, 0.0011, 0.0016, 0.0025, 0.0033, 0.0044, 0.0046,
       0.0055, 0.0065, 0.0077, 0.0095, 0.0113, 0.013 , 0.0137, 0.0155,
       0.0185, 0.0203, 0.0218, 0.0232, 0.0272, 0.0297, 0.0348, 0.0401,
       0.0424, 0.0454, 0.0475, 0.054 ]), 'lambdas': array([0.0003, 0.0007, 0.0011, 0.0016, 0.0025, 0.0033, 0.0044, 0.0046,
       0.0055, 0.0065, 0.0077, 0.0095, 0.0113, 0.013 , 0.0137, 0.0155,
       0.0185, 0.0203, 0.0218, 0.0232, 0.0272, 0.0297, 0.0348, 0.0401,
       0.0424, 0.0454, 0.0475, 0.054 ]), 'gvals': array([1937.6593,  666.3288,  431.9147,  303.5928,  192.6866,  148.0018,
        109.6613,  104.7779,   87.483 ,   74.4964,   62.149 ,   49.8572,
         41.3224,   35.7719,   33.7557,   29.6096,   24.5327,   22.2029,
         20.5078,   19.2077,   16.0621,   14.5529,   12.1779,   10.3547,
          9.7133,    8.9574,    8.5047,    7.2971])}",diff_mean_tiny_covariance_gap,2
MY-large_mu,28,sigmoid,"{'gamma': 0.0017054530536777348, 'coef0': 0.0}","sigmoid(coef0=0.0, gamma=0.0017054530536777348)",0.75,rbf,"{'C': 2.0, 'gamma': 'scale'}","{'thetas': array([      0.0009,       0.0015,       0.0043,       0.007 ,
             0.0098,       0.0148,       0.0176,       0.0213,
             0.0233,       0.0297,       0.0318,       0.0464,
             0.0494, 6572117.785 , 5686619.81  , 5559888.3039,
       4654564.8252,       0.055 , 4085731.6803, 3982180.6301,
       3250795.0432, 3137401.1232, 3088746.8633, 2789191.0756,
       2332061.1743, 2159564.8619, 1931181.8802, 1895753.6885]), 'lambdas': array([      0.0009,       0.0015,       0.0043,       0.007 ,
             0.0098,       0.0148,       0.0176,       0.0213,
             0.0233,       0.0297,       0.0318,       0.0464,
             0.0494, 6572117.785 , 5686619.81  , 5559888.3039,
       4654564.8252,       0.055 , 4085731.6803, 3982180.6301,
       3250795.0432, 3137401.1232, 3088746.8633, 2789191.0756,
       2332061.1743, 2159564.8619, 1931181.8802, 1895753.6885]), 'gvals': array([568.3744, 331.4957, 112.3282,  68.7377,  48.0565,  31.2577,
        25.9393,  21.0343,  19.0577,  14.6016,  13.4781,   8.7398,
         8.1098,   7.3492,   7.2768,   7.2655,   7.1767,   7.1343,
         7.1115,   7.0987,   6.9972,   6.9795,   6.9716,   6.9206,
         6.8311,   6.7927,   6.7368,   6.7276])}",diff_mean_tiny_covariance_gap,2
MY-large_mu,32,linear,{},linear,0.7375,rbf,"{'C': 2.0, 'gamma': 'scale'}","{'thetas': array([      0.    ,       0.    ,       0.    ,       0.    ,
             0.    ,       0.    ,       0.0014,       0.002 ,
             0.003 ,       0.0062,       0.0088,       0.0108,
             0.013 ,       0.0146,       0.0161,       0.0205,
             0.0218,       0.024 ,       0.0305,       0.0332,
             0.0354,       0.038 ,       0.046 ,       0.0508,
       6560667.1849, 6002008.2947, 5197564.4043, 4560034.3431,
       4150534.1226, 3788597.5398, 3414531.6603, 3030663.3262]), 'lambdas': array([      0.    ,       0.    ,       0.    ,       0.    ,
             0.    ,       0.    ,       0.0014,       0.002 ,
             0.003 ,       0.0062,       0.0088,       0.0108,
             0.013 ,       0.0146,       0.0161,       0.0205,
             0.0218,       0.024 ,       0.0305,       0.0332,
             0.0354,       0.038 ,       0.046 ,       0.0508,
       6560667.1849, 6002008.2947, 5197564.4043, 4560034.3431,
       4150534.1226, 3788597.5398, 3414531.6603, 3030663.3262]), 'gvals': array([8.4735e+09, 1.7961e+09, 1.0290e+09, 4.6999e+08, 3.2890e+08,
       2.6394e+08, 3.5370e+02, 2.4451e+02, 1.6552e+02, 7.7883e+01,
       5.3663e+01, 4.3721e+01, 3.5827e+01, 3.1548e+01, 2.8534e+01,
       2.1922e+01, 2.0560e+01, 1.8483e+01, 1.4128e+01, 1.2869e+01,
       1.1963e+01, 1.1024e+01, 8.8295e+00, 7.8611e+00, 7.3483e+00,
       7.3038e+00, 7.2319e+00, 7.1664e+00, 7.1194e+00, 7.0738e+00,
       7.0218e+00, 6.9621e+00])}",diff_mean_tiny_covariance_gap,2
MY-large_mu,32,rbf,{'gamma': 0.0017054530536777348},rbf(gamma=0.0017054530536777348),0.6875,rbf,"{'C': 2.0, 'gamma': 0.5}","{'thetas': array([0.    , 0.    , 0.0001, 0.0001, 0.0002, 0.0003, 0.0004, 0.0005,
       0.0007, 0.0011, 0.0016, 0.0016, 0.0019, 0.0019, 0.0021, 0.0022,
       0.0025, 0.0029, 0.003 , 0.0036, 0.0043, 0.0047, 0.0049, 0.0058,
       0.006 , 0.0068, 0.0074, 0.0078, 0.0085, 0.0097, 0.0101, 0.0108]), 'lambdas': array([0.    , 0.    , 0.0001, 0.0001, 0.0002, 0.0003, 0.0004, 0.0005,
       0.0007, 0.0011, 0.0016, 0.0016, 0.0019, 0.0019, 0.0021, 0.0022,
       0.0025, 0.0029, 0.003 , 0.0036, 0.0043, 0.0047, 0.0049, 0.0058,
       0.006 , 0.0068, 0.0074, 0.0078, 0.0085, 0.0097, 0.0101, 0.0108]), 'gvals': array([39437.1821, 15034.742 ,  6104.2006,  3645.6399,  2386.1782,
        1454.1193,  1316.646 ,   957.3708,   677.947 ,   442.2199,
         315.4762,   314.2104,   265.6035,   256.9563,   237.4925,
         220.1561,   196.3984,   168.3384,   162.4345,   137.3279,
         112.4182,   102.2998,    99.8832,    82.915 ,    79.7869,
          70.8717,    64.4921,    60.8423,    55.665 ,    48.4898,
          46.6135,    43.4622])}",diff_mean_tiny_covariance_gap,2
MY-large_mu,32,laplacian,{'gamma': 0.0017054530536777348},laplacian(gamma=0.0017054530536777348),0.6875,rbf,"{'C': 2.0, 'gamma': 0.5}","{'thetas': array([0.    , 0.0001, 0.0001, 0.0002, 0.0003, 0.0004, 0.0004, 0.0005,
       0.0009, 0.001 , 0.0011, 0.0012, 0.0013, 0.0016, 0.0017, 0.0019,
       0.0022, 0.0024, 0.0028, 0.0033, 0.0033, 0.0038, 0.0039, 0.0044,
       0.0047, 0.0055, 0.0059, 0.0061, 0.0067, 0.0075, 0.0079, 0.0082]), 'lambdas': array([0.    , 0.0001, 0.0001, 0.0002, 0.0003, 0.0004, 0.0004, 0.0005,
       0.0009, 0.001 , 0.0011, 0.0012, 0.0013, 0.0016, 0.0017, 0.0019,
       0.0022, 0.0024, 0.0028, 0.0033, 0.0033, 0.0038, 0.0039, 0.0044,
       0.0047, 0.0055, 0.0059, 0.0061, 0.0067, 0.0075, 0.0079, 0.0082]), 'gvals': array([18579.1264,  4601.6326,  3537.784 ,  2428.6677,  1656.7089,
        1403.4986,  1251.3021,   979.1889,   579.7528,   513.4543,
         440.8322,   411.1471,   369.3848,   312.5265,   292.006 ,
         261.6793,   226.2483,   207.3163,   173.672 ,   149.586 ,
         146.976 ,   129.5652,   123.7943,   110.977 ,   103.9093,
          87.3257,    81.0926,    78.7038,    71.8583,    63.7695,
          60.6595,    57.773 ])}",diff_mean_tiny_covariance_gap,2
MY-large_mu,32,polynomial,"{'degree': 2, 'gamma': 0.0017054530536777348, 'coef0': 1.0}","polynomial(coef0=1.0, degree=2, gamma=0.0017054530536777348)",0.5875,rbf,"{'C': 2.0, 'gamma': 'scale'}","{'thetas': array([      0.0002,       0.0009,       0.001 ,       0.0015,
             0.0019,       0.0039,       0.0049,       0.0065,
             0.0077,       0.008 ,       0.0089,       0.0098,
             0.0106,       0.0116,       0.013 ,       0.0143,
             0.0183,       0.0199,       0.0207,       0.0216,
             0.0245,       0.0283,       0.0301,       0.0309,
             0.0375,       0.0421,       0.0447,       0.0474,
             0.0508, 1633675.9832,       0.0593,       0.0608]), 'lambdas': array([      0.0002,       0.0009,       0.001 ,       0.0015,
             0.0019,       0.0039,       0.0049,       0.0065,
             0.0077,       0.008 ,       0.0089,       0.0098,
             0.0106,       0.0116,       0.013 ,       0.0143,
             0.0183,       0.0199,       0.0207,       0.0216,
             0.0245,       0.0283,       0.0301,       0.0309,
             0.0375,       0.0421,       0.0447,       0.0474,
             0.0508, 1633675.9832,       0.0593,       0.0608]), 'gvals': array([2017.3947,  554.5463,  517.3744,  328.8655,  253.9236,  124.6549,
         99.2127,   73.8666,   62.3756,   59.7579,   53.4763,   48.4392,
         44.5243,   40.2819,   35.8241,   32.2271,   24.8127,   22.6608,
         21.754 ,   20.7674,   18.087 ,   15.4064,   14.36  ,   13.952 ,
         11.1918,    9.8012,    9.1292,    8.5315,    7.8601,    6.6532,
          6.514 ,    6.3248])}",diff_mean_tiny_covariance_gap,2
MY-large_mu,32,sigmoid,"{'gamma': 0.0017054530536777348, 'coef0': 0.0}","sigmoid(coef0=0.0, gamma=0.0017054530536777348)",0.825,rbf,"{'C': 2.0, 'gamma': 'scale'}","{'thetas': array([      0.0014,       0.0043,       0.0083,       0.0122,
             0.0139,       0.0164,       0.021 ,       0.0273,
             0.0318,       0.0371,       0.0406, 5842928.4347,
       5050452.1105,       0.0547, 4680948.6086, 3864673.2854,
       3558295.9992, 3148427.2984, 2621749.474 ,       0.0568,
       2477362.0858, 2341884.963 , 2133029.9057, 2023223.4522,
       1856396.5283, 1631592.9707, 1545688.5069, 1534559.1346,
       1420114.3898, 1384339.6414, 1285192.9979, 1249018.4862]), 'lambdas': array([      0.0014,       0.0043,       0.0083,       0.0122,
             0.0139,       0.0164,       0.021 ,       0.0273,
             0.0318,       0.0371,       0.0406, 5842928.4347,
       5050452.1105,       0.0547, 4680948.6086, 3864673.2854,
       3558295.9992, 3148427.2984, 2621749.474 ,       0.0568,
       2477362.0858, 2341884.963 , 2133029.9057, 2023223.4522,
       1856396.5283, 1631592.9707, 1545688.5069, 1534559.1346,
       1420114.3898, 1384339.6414, 1285192.9979, 1249018.4862]), 'gvals': array([347.3619, 113.3549,  57.6647,  38.3194,  33.2593,  27.8433,
        21.4151,  15.9873,  13.4846,  11.3452,  10.216 ,   7.2904,
         7.2175,   7.1852,   7.1795,   7.0837,   7.0424,   6.9812,
         6.8897,   6.8759,   6.8614,   6.8332,   6.7865,   6.7601,
         6.7171,   6.6525,   6.6255,   6.6219,   6.5831,   6.5704,
         6.5332,   6.5189])}",diff_mean_tiny_covariance_gap,2
MY-small_mu,1,linear,{},linear,0.6,rbf,"{'C': 2.0, 'gamma': 'scale'}","{'thetas': array([0.]), 'lambdas': array([0.]), 'D_scores': array([6.9822e+09])}",diff_mean_tiny_covariance_gap,2
MY-small_mu,1,rbf,{'gamma': 0.0017054530536777348},rbf(gamma=0.0017054530536777348),0.5,rbf,"{'C': 2.0, 'gamma': 'scale'}","{'thetas': array([0.]), 'lambdas': array([0.]), 'D_scores': array([21029.9199])}",diff_mean_tiny_covariance_gap,2
MY-small_mu,1,laplacian,{'gamma': 0.0017054530536777348},laplacian(gamma=0.0017054530536777348),0.5625,rbf,"{'C': 2.0, 'gamma': 'scale'}","{'thetas': array([0.0001]), 'lambdas': array([0.0001]), 'D_scores': array([5911.7065])}",diff_mean_tiny_covariance_gap,2
MY-small_mu,1,polynomial,"{'degree': 2, 'gamma': 0.0017054530536777348, 'coef0': 1.0}","polynomial(coef0=1.0, degree=2, gamma=0.0017054530536777348)",0.5875,rbf,"{'C': 2.0, 'gamma': 'scale'}","{'thetas': array([0.0001]), 'lambdas': array([0.0001]), 'D_scores': array([6107.9231])}",diff_mean_tiny_covariance_gap,2
MY-small_mu,1,sigmoid,"{'gamma': 0.0017054530536777348, 'coef0': 0.0}","sigmoid(coef0=0.0, gamma=0.0017054530536777348)",0.6875,rbf,"{'C': 2.0, 'gamma': 'scale'}","{'thetas': array([0.0007]), 'lambdas': array([0.0007]), 'D_scores': array([722.8469])}",diff_mean_tiny_covariance_gap,2
MY-small_mu,2,linear,{},linear,0.55,rbf,"{'C': 2.0, 'gamma': 'scale'}","{'thetas': array([0., 0.]), 'lambdas': array([0., 0.]), 'D_scores': array([3.019e+09, 7.322e+08])}",diff_mean_tiny_covariance_gap,2
MY-small_mu,2,rbf,{'gamma': 0.0017054530536777348},rbf(gamma=0.0017054530536777348),0.5,rbf,"{'C': 2.0, 'gamma': 'scale'}","{'thetas': array([0., 0.]), 'lambdas': array([0., 0.]), 'D_scores': array([154147.5198,  17258.9381])}",diff_mean_tiny_covariance_gap,2
MY-small_mu,2,laplacian,{'gamma': 0.0017054530536777348},laplacian(gamma=0.0017054530536777348),0.5875,rbf,"{'C': 2.0, 'gamma': 'scale'}","{'thetas': array([0.    , 0.0001]), 'lambdas': array([0.    , 0.0001]), 'D_scores': array([100449.3863,   5884.4892])}",diff_mean_tiny_covariance_gap,2
MY-small_mu,2,polynomial,"{'degree': 2, 'gamma': 0.0017054530536777348, 'coef0': 1.0}","polynomial(coef0=1.0, degree=2, gamma=0.0017054530536777348)",0.5125,rbf,"{'C': 0.5, 'gamma': 'scale'}","{'thetas': array([0.0002, 0.0006]), 'lambdas': array([0.0002, 0.0006]), 'D_scores': array([2409.0817,  778.5564])}",diff_mean_tiny_covariance_gap,2
MY-small_mu,2,sigmoid,"{'gamma': 0.0017054530536777348, 'coef0': 0.0}","sigmoid(coef0=0.0, gamma=0.0017054530536777348)",0.6875,rbf,"{'C': 2.0, 'gamma': 'scale'}","{'thetas': array([0.0021, 0.0042]), 'lambdas': array([0.0021, 0.0042]), 'D_scores': array([238.5072, 116.8555])}",diff_mean_tiny_covariance_gap,2
MY-small_mu,3,linear,{},linear,0.6,rbf,"{'C': 1.0, 'gamma': 'scale'}","{'thetas': array([0., 0., 0.]), 'lambdas': array([0., 0., 0.]), 'D_scores': array([1.3895e+09, 8.5833e+08, 5.4056e+08])}",diff_mean_tiny_covariance_gap,2
MY-small_mu,3,rbf,{'gamma': 0.0017054530536777348},rbf(gamma=0.0017054530536777348),0.525,rbf,"{'C': 2.0, 'gamma': 0.5}","{'thetas': array([0.    , 0.0001, 0.0001]), 'lambdas': array([0.    , 0.0001, 0.0001]), 'D_scores': array([24732.1539,  8583.5219,  4506.9361])}",diff_mean_tiny_covariance_gap,2
MY-small_mu,3,laplacian,{'gamma': 0.0017054530536777348},laplacian(gamma=0.0017054530536777348),0.525,rbf,"{'C': 2.0, 'gamma': 0.5}","{'thetas': array([0.    , 0.0001, 0.0001]), 'lambdas': array([0.    , 0.0001, 0.0001]), 'D_scores': array([28916.5705,  8641.8265,  5799.5376])}",diff_mean_tiny_covariance_gap,2
MY-small_mu,3,polynomial,"{'degree': 2, 'gamma': 0.0017054530536777348, 'coef0': 1.0}","polynomial(coef0=1.0, degree=2, gamma=0.0017054530536777348)",0.6,rbf,"{'C': 0.5, 'gamma': 0.5}","{'thetas': array([0.0004, 0.0007, 0.0012]), 'lambdas': array([0.0004, 0.0007, 0.0012]), 'D_scores': array([1262.2175,  755.4295,  425.7749])}",diff_mean_tiny_covariance_gap,2
MY-small_mu,3,sigmoid,"{'gamma': 0.0017054530536777348, 'coef0': 0.0}","sigmoid(coef0=0.0, gamma=0.0017054530536777348)",0.7375,rbf,"{'C': 2.0, 'gamma': 'scale'}","{'thetas': array([0.0019, 0.0053, 0.0082]), 'lambdas': array([0.0019, 0.0053, 0.0082]), 'D_scores': array([260.9082,  92.0477,  58.0567])}",diff_mean_tiny_covariance_gap,2
MY-small_mu,4,linear,{},linear,0.6875,rbf,"{'C': 2.0, 'gamma': 0.5}","{'thetas': array([0., 0., 0., 0.]), 'lambdas': array([0., 0., 0., 0.]), 'D_scores': array([1.9942e+10, 2.6218e+09, 8.2895e+08, 4.3606e+08])}",diff_mean_tiny_covariance_gap,2
MY-small_mu,4,rbf,{'gamma': 0.0017054530536777348},rbf(gamma=0.0017054530536777348),0.525,rbf,"{'C': 2.0, 'gamma': 0.5}","{'thetas': array([0.    , 0.    , 0.    , 0.0001]), 'lambdas': array([0.    , 0.    , 0.    , 0.0001]), 'D_scores': array([57063.156 , 26916.2317, 16171.1703,  8372.1556])}",diff_mean_tiny_covariance_gap,2
MY-small_mu,4,laplacian,{'gamma': 0.0017054530536777348},laplacian(gamma=0.0017054530536777348),0.5625,rbf,"{'C': 0.5, 'gamma': 0.5}","{'thetas': array([0.    , 0.0001, 0.0002, 0.0002]), 'lambdas': array([0.    , 0.0001, 0.0002, 0.0002]), 'D_scores': array([13454.8781,  4880.3564,  3117.2014,  2922.4244])}",diff_mean_tiny_covariance_gap,2
MY-small_mu,4,polynomial,"{'degree': 2, 'gamma': 0.0017054530536777348, 'coef0': 1.0}","polynomial(coef0=1.0, degree=2, gamma=0.0017054530536777348)",0.55,rbf,"{'C': 0.5, 'gamma': 0.5}","{'thetas': array([0.0002, 0.0005, 0.0014, 0.0022]), 'lambdas': array([0.0002, 0.0005, 0.0014, 0.0022]), 'D_scores': array([2027.0593,  946.0878,  346.7077,  219.1725])}",diff_mean_tiny_covariance_gap,2
MY-small_mu,4,sigmoid,"{'gamma': 0.0017054530536777348, 'coef0': 0.0}","sigmoid(coef0=0.0, gamma=0.0017054530536777348)",0.6875,rbf,"{'C': 2.0, 'gamma': 0.5}","{'thetas': array([0.001 , 0.0052, 0.0068, 0.0105]), 'lambdas': array([0.001 , 0.0052, 0.0068, 0.0105]), 'D_scores': array([475.6301,  93.2619,  70.8696,  44.808 ])}",diff_mean_tiny_covariance_gap,2
MY-small_mu,5,linear,{},linear,0.6875,rbf,"{'C': 2.0, 'gamma': 0.5}","{'thetas': array([0., 0., 0., 0., 0.]), 'lambdas': array([0., 0., 0., 0., 0.]), 'D_scores': array([1.7012e+10, 3.5513e+09, 1.3462e+09, 3.8995e+08, 2.3633e+08])}",diff_mean_tiny_covariance_gap,2
MY-small_mu,5,rbf,{'gamma': 0.0017054530536777348},rbf(gamma=0.0017054530536777348),0.5125,rbf,"{'C': 2.0, 'gamma': 0.5}","{'thetas': array([0.    , 0.    , 0.0001, 0.0001, 0.0002]), 'lambdas': array([0.    , 0.    , 0.0001, 0.0001, 0.0002]), 'D_scores': array([27518.4332, 17351.5029,  5474.4242,  3463.3832,  2166.2957])}",diff_mean_tiny_covariance_gap,2
MY-small_mu,5,laplacian,{'gamma': 0.0017054530536777348},laplacian(gamma=0.0017054530536777348),0.5,rbf,"{'C': 0.5, 'gamma': 0.5}","{'thetas': array([0.    , 0.0001, 0.0002, 0.0002, 0.0002]), 'lambdas': array([0.    , 0.0001, 0.0002, 0.0002, 0.0002]), 'D_scores': array([12345.1212,  3702.5986,  3032.9065,  2455.1086,  2027.4324])}",diff_mean_tiny_covariance_gap,2
MY-small_mu,5,polynomial,"{'degree': 2, 'gamma': 0.0017054530536777348, 'coef0': 1.0}","polynomial(coef0=1.0, degree=2, gamma=0.0017054530536777348)",0.55,rbf,"{'C': 1.0, 'gamma': 'scale'}","{'thetas': array([0.0003, 0.0005, 0.0009, 0.0015, 0.0018]), 'lambdas': array([0.0003, 0.0005, 0.0009, 0.0015, 0.0018]), 'D_scores': array([1841.4588,  943.1531,  533.1044,  331.4626,  270.2313])}",diff_mean_tiny_covariance_gap,2
MY-small_mu,5,sigmoid,"{'gamma': 0.0017054530536777348, 'coef0': 0.0}","sigmoid(coef0=0.0, gamma=0.0017054530536777348)",0.6375,rbf,"{'C': 0.5, 'gamma': 'scale'}","{'thetas': array([0.0005, 0.004 , 0.0049, 0.0058, 0.0084]), 'lambdas': array([0.0005, 0.004 , 0.0049, 0.0058, 0.0084]), 'D_scores': array([1036.9021,  120.862 ,   98.619 ,   83.0753,   56.444 ])}",diff_mean_tiny_covariance_gap,2
MY-small_mu,6,linear,{},linear,0.7125,rbf,"{'C': 2.0, 'gamma': 0.5}","{'thetas': array([0.    , 0.    , 0.    , 0.    , 0.    , 0.0011]), 'lambdas': array([0.    , 0.    , 0.    , 0.    , 0.    , 0.0011]), 'D_scores': array([8.7983e+09, 4.2232e+08, 3.9746e+08, 2.7886e+08, 2.2069e+08,
       4.3296e+02])}",diff_mean_tiny_covariance_gap,2
MY-small_mu,6,rbf,{'gamma': 0.0017054530536777348},rbf(gamma=0.0017054530536777348),0.6625,rbf,"{'C': 2.0, 'gamma': 0.5}","{'thetas': array([0.    , 0.0001, 0.0001, 0.0002, 0.0004, 0.0005]), 'lambdas': array([0.    , 0.0001, 0.0001, 0.0002, 0.0004, 0.0005]), 'D_scores': array([22890.1827,  8913.1509,  4458.5665,  2369.134 ,  1352.3081,
        1087.0918])}",diff_mean_tiny_covariance_gap,2
MY-small_mu,6,laplacian,{'gamma': 0.0017054530536777348},laplacian(gamma=0.0017054530536777348),0.6875,rbf,"{'C': 2.0, 'gamma': 0.5}","{'thetas': array([0.    , 0.0001, 0.0002, 0.0003, 0.0003, 0.0003]), 'lambdas': array([0.    , 0.0001, 0.0002, 0.0003, 0.0003, 0.0003]), 'D_scores': array([30192.0687,  5504.0778,  2543.9857,  1811.0671,  1569.4917,
        1436.8014])}",diff_mean_tiny_covariance_gap,2
MY-small_mu,6,polynomial,"{'degree': 2, 'gamma': 0.0017054530536777348, 'coef0': 1.0}","polynomial(coef0=1.0, degree=2, gamma=0.0017054530536777348)",0.6375,rbf,"{'C': 0.5, 'gamma': 0.5}","{'thetas': array([0.0003, 0.0009, 0.0014, 0.002 , 0.0022, 0.003 ]), 'lambdas': array([0.0003, 0.0009, 0.0014, 0.002 , 0.0022, 0.003 ]), 'D_scores': array([1684.6033,  572.0179,  345.4314,  246.318 ,  227.945 ,  163.482 ])}",diff_mean_tiny_covariance_gap,2
MY-small_mu,6,sigmoid,"{'gamma': 0.0017054530536777348, 'coef0': 0.0}","sigmoid(coef0=0.0, gamma=0.0017054530536777348)",0.625,rbf,"{'C': 0.5, 'gamma': 0.5}","{'thetas': array([0.0007, 0.0028, 0.0038, 0.0062, 0.0125, 0.0139]), 'lambdas': array([0.0007, 0.0028, 0.0038, 0.0062, 0.0125, 0.0139]), 'D_scores': array([714.6211, 177.3546, 128.82  ,  78.2548,  37.439 ,  33.2201])}",diff_mean_tiny_covariance_gap,2
MY-small_mu,7,linear,{},linear,0.6625,rbf,"{'C': 0.5, 'gamma': 0.5}","{'thetas': array([0.   , 0.   , 0.   , 0.   , 0.   , 0.   , 0.001]), 'lambdas': array([0.   , 0.   , 0.   , 0.   , 0.   , 0.   , 0.001]), 'D_scores': array([7.5983e+09, 1.5302e+09, 7.7150e+08, 4.4299e+08, 2.8343e+08,
       2.3271e+08, 5.1291e+02])}",diff_mean_tiny_covariance_gap,2
MY-small_mu,7,rbf,{'gamma': 0.0017054530536777348},rbf(gamma=0.0017054530536777348),0.6375,rbf,"{'C': 2.0, 'gamma': 0.5}","{'thetas': array([0.    , 0.    , 0.0001, 0.0001, 0.0001, 0.0003, 0.0003]), 'lambdas': array([0.    , 0.    , 0.0001, 0.0001, 0.0001, 0.0003, 0.0003]), 'D_scores': array([47872.0212, 19038.4564,  8958.7932,  4445.4189,  3631.4897,
        1785.9701,  1605.4968])}",diff_mean_tiny_covariance_gap,2
MY-small_mu,7,laplacian,{'gamma': 0.0017054530536777348},laplacian(gamma=0.0017054530536777348),0.675,rbf,"{'C': 2.0, 'gamma': 0.5}","{'thetas': array([0.    , 0.0001, 0.0002, 0.0003, 0.0003, 0.0004, 0.0004]), 'lambdas': array([0.    , 0.0001, 0.0002, 0.0003, 0.0003, 0.0004, 0.0004]), 'D_scores': array([12278.6705,  4551.9701,  3323.8719,  1898.6276,  1469.9441,
        1340.1648,  1235.0338])}",diff_mean_tiny_covariance_gap,2
MY-small_mu,7,polynomial,"{'degree': 2, 'gamma': 0.0017054530536777348, 'coef0': 1.0}","polynomial(coef0=1.0, degree=2, gamma=0.0017054530536777348)",0.6875,rbf,"{'C': 0.5, 'gamma': 0.5}","{'thetas': array([0.0001, 0.0006, 0.0009, 0.0014, 0.002 , 0.0027, 0.0036]), 'lambdas': array([0.0001, 0.0006, 0.0009, 0.0014, 0.002 , 0.0027, 0.0036]), 'D_scores': array([4463.6795,  792.2711,  575.7017,  358.4599,  249.0962,  182.5576,
        136.8115])}",diff_mean_tiny_covariance_gap,2
MY-small_mu,7,sigmoid,"{'gamma': 0.0017054530536777348, 'coef0': 0.0}","sigmoid(coef0=0.0, gamma=0.0017054530536777348)",0.7625,rbf,"{'C': 2.0, 'gamma': 'scale'}","{'thetas': array([0.0017, 0.0027, 0.0074, 0.0098, 0.0109, 0.0169, 0.0179]), 'lambdas': array([0.0017, 0.0027, 0.0074, 0.0098, 0.0109, 0.0169, 0.0179]), 'D_scores': array([297.5787, 179.6589,  64.715 ,  48.2714,  43.2792,  27.0929,
        25.3973])}",diff_mean_tiny_covariance_gap,2
MY-small_mu,8,linear,{},linear,0.7125,rbf,"{'C': 0.5, 'gamma': 0.5}","{'thetas': array([0., 0., 0., 0., 0., 0., 0., 0.]), 'lambdas': array([0., 0., 0., 0., 0., 0., 0., 0.]), 'D_scores': array([8.4043e+09, 1.0682e+09, 5.7537e+08, 4.6689e+08, 3.7069e+08,
       3.0847e+08, 2.6708e+08, 2.4375e+08])}",diff_mean_tiny_covariance_gap,2
MY-small_mu,8,rbf,{'gamma': 0.0017054530536777348},rbf(gamma=0.0017054530536777348),0.65,rbf,"{'C': 2.0, 'gamma': 0.5}","{'thetas': array([0.    , 0.    , 0.0001, 0.0001, 0.0002, 0.0002, 0.0004, 0.0005]), 'lambdas': array([0.    , 0.    , 0.0001, 0.0001, 0.0002, 0.0002, 0.0004, 0.0005]), 'D_scores': array([31640.1044, 20733.3609,  9754.3907,  4529.4599,  2840.064 ,
        2042.4962,  1417.9459,  1093.9849])}",diff_mean_tiny_covariance_gap,2
MY-small_mu,8,laplacian,{'gamma': 0.0017054530536777348},laplacian(gamma=0.0017054530536777348),0.5875,rbf,"{'C': 1.0, 'gamma': 0.5}","{'thetas': array([0.    , 0.    , 0.0001, 0.0002, 0.0002, 0.0003, 0.0003, 0.0004]), 'lambdas': array([0.    , 0.    , 0.0001, 0.0002, 0.0002, 0.0003, 0.0003, 0.0004]), 'D_scores': array([116197.3223,  10762.8372,   7244.479 ,   3281.5319,   2341.0524,
         1591.3255,   1440.3946,   1363.106 ])}",diff_mean_tiny_covariance_gap,2
MY-small_mu,8,polynomial,"{'degree': 2, 'gamma': 0.0017054530536777348, 'coef0': 1.0}","polynomial(coef0=1.0, degree=2, gamma=0.0017054530536777348)",0.5875,rbf,"{'C': 0.5, 'gamma': 0.5}","{'thetas': array([0.0001, 0.0001, 0.0004, 0.0013, 0.002 , 0.0023, 0.0033, 0.0035]), 'lambdas': array([0.0001, 0.0001, 0.0004, 0.0013, 0.002 , 0.0023, 0.0033, 0.0035]), 'D_scores': array([7684.4457, 4131.0473, 1221.8683,  367.5252,  242.24  ,  212.9957,
        146.655 ,  137.9664])}",diff_mean_tiny_covariance_gap,2
MY-small_mu,8,sigmoid,"{'gamma': 0.0017054530536777348, 'coef0': 0.0}","sigmoid(coef0=0.0, gamma=0.0017054530536777348)",0.6,rbf,"{'C': 2.0, 'gamma': 'scale'}","{'thetas': array([0.0035, 0.0046, 0.0053, 0.0064, 0.009 , 0.0141, 0.0202, 0.0228]), 'lambdas': array([0.0035, 0.0046, 0.0053, 0.0064, 0.009 , 0.0141, 0.0202, 0.0228]), 'D_scores': array([138.1267, 105.6636,  91.1553,  75.3164,  52.5783,  32.7418,
        22.3206,  19.5345])}",diff_mean_tiny_covariance_gap,2
MY-small_mu,10,linear,{},linear,0.725,rbf,"{'C': 0.5, 'gamma': 0.5}","{'thetas': array([0.    , 0.    , 0.    , 0.    , 0.    , 0.    , 0.0001, 0.001 ,
       0.002 , 0.0047]), 'lambdas': array([0.    , 0.    , 0.    , 0.    , 0.    , 0.    , 0.0001, 0.001 ,
       0.002 , 0.0047]), 'D_scores': array([4.3893e+09, 8.3004e+08, 4.5697e+08, 3.8263e+08, 2.9838e+08,
       2.6187e+08, 5.3941e+03, 4.7325e+02, 2.4239e+02, 1.0405e+02])}",diff_mean_tiny_covariance_gap,2
MY-small_mu,10,rbf,{'gamma': 0.0017054530536777348},rbf(gamma=0.0017054530536777348),0.625,rbf,"{'C': 1.0, 'gamma': 0.5}","{'thetas': array([0.    , 0.    , 0.    , 0.0001, 0.0001, 0.0002, 0.0002, 0.0003,
       0.0005, 0.0006]), 'lambdas': array([0.    , 0.    , 0.    , 0.0001, 0.0001, 0.0002, 0.0002, 0.0003,
       0.0005, 0.0006]), 'D_scores': array([67818.2445, 30094.0064, 13176.0371,  6263.175 ,  4215.4392,
        3090.9201,  2125.473 ,  1557.8423,  1097.1651,   825.8653])}",diff_mean_tiny_covariance_gap,2
MY-small_mu,10,laplacian,{'gamma': 0.0017054530536777348},laplacian(gamma=0.0017054530536777348),0.6625,rbf,"{'C': 1.0, 'gamma': 0.5}","{'thetas': array([0.    , 0.    , 0.0001, 0.0002, 0.0003, 0.0003, 0.0004, 0.0005,
       0.0007, 0.0007]), 'lambdas': array([0.    , 0.    , 0.0001, 0.0002, 0.0003, 0.0003, 0.0004, 0.0005,
       0.0007, 0.0007]), 'D_scores': array([42114.1363, 15063.9913,  5398.6354,  2394.9806,  1892.2094,
        1743.9987,  1221.6561,   986.5463,   731.8516,   681.5995])}",diff_mean_tiny_covariance_gap,2
MY-small_mu,10,polynomial,"{'degree': 2, 'gamma': 0.0017054530536777348, 'coef0': 1.0}","polynomial(coef0=1.0, degree=2, gamma=0.0017054530536777348)",0.65,rbf,"{'C': 0.5, 'gamma': 0.5}","{'thetas': array([0.0001, 0.0003, 0.0005, 0.0009, 0.0012, 0.0024, 0.0035, 0.0039,
       0.0055, 0.0069]), 'lambdas': array([0.0001, 0.0003, 0.0005, 0.0009, 0.0012, 0.0024, 0.0035, 0.0039,
       0.0055, 0.0069]), 'D_scores': array([6829.8757, 1776.5999,  952.1081,  574.656 ,  410.3642,  204.69  ,
        138.9807,  125.6897,   88.2161,   69.2899])}",diff_mean_tiny_covariance_gap,2
MY-small_mu,10,sigmoid,"{'gamma': 0.0017054530536777348, 'coef0': 0.0}","sigmoid(coef0=0.0, gamma=0.0017054530536777348)",0.6625,rbf,"{'C': 2.0, 'gamma': 0.5}","{'thetas': array([      0.0011,       0.0046,       0.0057,       0.0093,
             0.0161,       0.0178,       0.0269,       0.0353,
             0.0487, 6079471.5588]), 'lambdas': array([      0.0011,       0.0046,       0.0057,       0.0093,
             0.0161,       0.0178,       0.0269,       0.0353,
             0.0487, 6079471.5588]), 'D_scores': array([465.3618, 104.811 ,  84.3788,  50.9369,  28.5126,  25.5104,
        16.2871,  12.0038,   8.2522,   7.3102])}",diff_mean_tiny_covariance_gap,2
MY-small_mu,12,linear,{},linear,0.6125,rbf,"{'C': 1.0, 'gamma': 'scale'}","{'thetas': array([0.    , 0.    , 0.    , 0.    , 0.    , 0.    , 0.    , 0.0005,
       0.0021, 0.0033, 0.0045, 0.005 ]), 'lambdas': array([0.    , 0.    , 0.    , 0.    , 0.    , 0.    , 0.    , 0.0005,
       0.0021, 0.0033, 0.0045, 0.005 ]), 'D_scores': array([6.6862e+09, 2.9216e+09, 1.5712e+09, 1.0365e+09, 4.2319e+08,
       2.0673e+08, 1.9075e+04, 9.8101e+02, 2.3817e+02, 1.4592e+02,
       1.0763e+02, 9.5972e+01])}",diff_mean_tiny_covariance_gap,2
MY-small_mu,12,rbf,{'gamma': 0.0017054530536777348},rbf(gamma=0.0017054530536777348),0.575,rbf,"{'C': 1.0, 'gamma': 0.5}","{'thetas': array([0.    , 0.    , 0.0001, 0.0001, 0.0001, 0.0003, 0.0005, 0.0006,
       0.0007, 0.0008, 0.001 , 0.0011]), 'lambdas': array([0.    , 0.    , 0.0001, 0.0001, 0.0001, 0.0003, 0.0005, 0.0006,
       0.0007, 0.0008, 0.001 , 0.0011]), 'D_scores': array([22452.7808, 11827.2312,  5276.3849,  5068.0659,  3635.0884,
        1524.6145,   921.2224,   883.446 ,   760.5664,   620.6582,
         493.2568,   460.288 ])}",diff_mean_tiny_covariance_gap,2
MY-small_mu,12,laplacian,{'gamma': 0.0017054530536777348},laplacian(gamma=0.0017054530536777348),0.7125,rbf,"{'C': 2.0, 'gamma': 0.5}","{'thetas': array([0.0001, 0.0001, 0.0002, 0.0003, 0.0004, 0.0005, 0.0006, 0.0008,
       0.0008, 0.0011, 0.0011, 0.0012]), 'lambdas': array([0.0001, 0.0001, 0.0002, 0.0003, 0.0004, 0.0005, 0.0006, 0.0008,
       0.0008, 0.0011, 0.0011, 0.0012]), 'D_scores': array([6624.6285, 3574.8992, 2171.0073, 1579.0554, 1369.9966,  979.0839,
        859.1787,  642.3718,  601.5068,  458.2417,  440.0077,  402.92  ])}",diff_mean_tiny_covariance_gap,2
MY-small_mu,12,polynomial,"{'degree': 2, 'gamma': 0.0017054530536777348, 'coef0': 1.0}","polynomial(coef0=1.0, degree=2, gamma=0.0017054530536777348)",0.6375,rbf,"{'C': 0.5, 'gamma': 0.5}","{'thetas': array([0.0005, 0.0012, 0.0017, 0.0018, 0.0024, 0.0033, 0.0043, 0.0055,
       0.0066, 0.0072, 0.0093, 0.01  ]), 'lambdas': array([0.0005, 0.0012, 0.0017, 0.0018, 0.0024, 0.0033, 0.0043, 0.0055,
       0.0066, 0.0072, 0.0093, 0.01  ]), 'D_scores': array([1007.8279,  416.4218,  295.7162,  280.1997,  209.1044,  149.8502,
        112.8664,   88.337 ,   72.1899,   66.1897,   50.7305,   47.0998])}",diff_mean_tiny_covariance_gap,2
MY-small_mu,12,sigmoid,"{'gamma': 0.0017054530536777348, 'coef0': 0.0}","sigmoid(coef0=0.0, gamma=0.0017054530536777348)",0.6375,rbf,"{'C': 0.5, 'gamma': 'scale'}","{'thetas': array([0.0021, 0.0046, 0.0065, 0.0071, 0.0114, 0.0216, 0.0246, 0.0285,
       0.033 , 0.0357, 0.0401, 0.0494]), 'lambdas': array([0.0021, 0.0046, 0.0065, 0.0071, 0.0114, 0.0216, 0.0246, 0.0285,
       0.033 , 0.0357, 0.0401, 0.0494]), 'D_scores': array([235.9294, 104.8486,  74.3863,  67.46  ,  41.2671,  20.7021,
        17.9843,  15.2436,  12.9387,  11.8482,  10.3549,   8.1486])}",diff_mean_tiny_covariance_gap,2
MY-small_mu,14,linear,{},linear,0.6875,rbf,"{'C': 2.0, 'gamma': 0.5}","{'thetas': array([0.    , 0.    , 0.    , 0.    , 0.    , 0.    , 0.    , 0.0004,
       0.0027, 0.0029, 0.0056, 0.0068, 0.0083, 0.01  ]), 'lambdas': array([0.    , 0.    , 0.    , 0.    , 0.    , 0.    , 0.    , 0.0004,
       0.0027, 0.0029, 0.0056, 0.0068, 0.0083, 0.01  ]), 'D_scores': array([1.2368e+09, 6.5948e+08, 5.7482e+08, 5.1096e+08, 4.1399e+08,
       3.6427e+08, 3.2017e+08, 1.3963e+03, 1.8305e+02, 1.6796e+02,
       8.6241e+01, 7.0523e+01, 5.7358e+01, 4.7101e+01])}",diff_mean_tiny_covariance_gap,2
MY-small_mu,14,rbf,{'gamma': 0.0017054530536777348},rbf(gamma=0.0017054530536777348),0.625,rbf,"{'C': 1.0, 'gamma': 0.5}","{'thetas': array([0.    , 0.0001, 0.0001, 0.0002, 0.0003, 0.0003, 0.0005, 0.0006,
       0.0008, 0.0012, 0.0014, 0.0015, 0.0018, 0.002 ]), 'lambdas': array([0.    , 0.0001, 0.0001, 0.0002, 0.0003, 0.0003, 0.0005, 0.0006,
       0.0008, 0.0012, 0.0014, 0.0015, 0.0018, 0.002 ]), 'D_scores': array([46799220.5233,     8837.6289,     3949.0843,     2258.9623,
           1742.3906,     1477.9223,      913.4755,      807.979 ,
            594.8138,      421.8266,      358.6408,      324.1072,
            267.552 ,      242.781 ])}",diff_mean_tiny_covariance_gap,2
MY-small_mu,14,laplacian,{'gamma': 0.0017054530536777348},laplacian(gamma=0.0017054530536777348),0.6875,rbf,"{'C': 0.5, 'gamma': 0.5}","{'thetas': array([0.    , 0.0001, 0.0002, 0.0002, 0.0003, 0.0004, 0.0005, 0.0006,
       0.0007, 0.0008, 0.001 , 0.0011, 0.0013, 0.0015]), 'lambdas': array([0.    , 0.0001, 0.0002, 0.0002, 0.0003, 0.0004, 0.0005, 0.0006,
       0.0007, 0.0008, 0.001 , 0.0011, 0.0013, 0.0015]), 'D_scores': array([86433.3619,  4438.7934,  3072.2233,  2400.9736,  1520.3198,
        1297.6543,  1014.4197,   850.8818,   675.3059,   597.0133,
         502.9416,   459.7081,   376.4257,   320.1928])}",diff_mean_tiny_covariance_gap,2
MY-small_mu,14,polynomial,"{'degree': 2, 'gamma': 0.0017054530536777348, 'coef0': 1.0}","polynomial(coef0=1.0, degree=2, gamma=0.0017054530536777348)",0.6375,rbf,"{'C': 1.0, 'gamma': 0.5}","{'thetas': array([0.    , 0.0003, 0.0006, 0.0016, 0.0018, 0.0027, 0.0039, 0.0046,
       0.0053, 0.0068, 0.0079, 0.0086, 0.0115, 0.0133]), 'lambdas': array([0.    , 0.0003, 0.0006, 0.0016, 0.0018, 0.0027, 0.0039, 0.0046,
       0.0053, 0.0068, 0.0079, 0.0086, 0.0115, 0.0133]), 'D_scores': array([11374.974 ,  1762.0295,   780.6313,   302.6151,   276.5926,
         184.0447,   123.7069,   104.4221,    90.7893,    70.4879,
          60.1522,    55.4268,    40.8319,    34.9983])}",diff_mean_tiny_covariance_gap,2
MY-small_mu,14,sigmoid,"{'gamma': 0.0017054530536777348, 'coef0': 0.0}","sigmoid(coef0=0.0, gamma=0.0017054530536777348)",0.65,rbf,"{'C': 1.0, 'gamma': 'scale'}","{'thetas': array([      0.    ,       0.0047,       0.0064,       0.0092,
             0.012 ,       0.0172,       0.0193,       0.0304,
             0.0308,       0.0345,       0.036 ,       0.0535,
       6954676.8706, 5558537.5805]), 'lambdas': array([      0.    ,       0.0047,       0.0064,       0.0092,
             0.012 ,       0.0172,       0.0193,       0.0304,
             0.0308,       0.0345,       0.036 ,       0.0535,
       6954676.8706, 5558537.5805]), 'D_scores': array([21856.4912,   103.0736,    75.3   ,    51.4437,    38.9116,
          26.5574,    23.4184,    14.2216,    13.9792,    12.3196,
          11.74  ,     7.3829,     7.3775,     7.2654])}",diff_mean_tiny_covariance_gap,2
MY-small_mu,16,linear,{},linear,0.6875,rbf,"{'C': 2.0, 'gamma': 0.5}","{'thetas': array([0.    , 0.    , 0.0028, 0.0045, 0.0053, 0.0077, 0.0095, 0.0105,
       0.0114, 0.0157, 0.0172, 0.0186, 0.0207, 0.0233, 0.0244, 0.0259]), 'lambdas': array([0.    , 0.    , 0.0028, 0.0045, 0.0053, 0.0077, 0.0095, 0.0105,
       0.0114, 0.0157, 0.0172, 0.0186, 0.0207, 0.0233, 0.0244, 0.0259]), 'D_scores': array([3.9427e+09, 3.1662e+08, 1.7370e+02, 1.0741e+02, 9.1274e+01,
       6.1806e+01, 4.9818e+01, 4.4777e+01, 4.1196e+01, 2.9336e+01,
       2.6522e+01, 2.4351e+01, 2.1683e+01, 1.9121e+01, 1.8129e+01,
       1.6972e+01])}",diff_mean_tiny_covariance_gap,2
MY-small_mu,16,rbf,{'gamma': 0.0017054530536777348},rbf(gamma=0.0017054530536777348),0.625,rbf,"{'C': 2.0, 'gamma': 0.5}","{'thetas': array([0.    , 0.0001, 0.0001, 0.0001, 0.0001, 0.0002, 0.0003, 0.0004,
       0.0005, 0.0007, 0.0009, 0.0014, 0.0016, 0.0017, 0.0021, 0.0023]), 'lambdas': array([0.    , 0.0001, 0.0001, 0.0001, 0.0001, 0.0002, 0.0003, 0.0004,
       0.0005, 0.0007, 0.0009, 0.0014, 0.0016, 0.0017, 0.0021, 0.0023]), 'D_scores': array([25495.8566,  7974.0658,  7574.3862,  6333.0995,  4678.9571,
        2839.9926,  1670.3104,  1247.9751,   963.0106,   694.5683,
         529.5007,   351.5964,   314.4593,   291.7024,   237.4227,
         216.5004])}",diff_mean_tiny_covariance_gap,2
MY-small_mu,16,laplacian,{'gamma': 0.0017054530536777348},laplacian(gamma=0.0017054530536777348),0.5375,rbf,"{'C': 2.0, 'gamma': 0.5}","{'thetas': array([0.    , 0.    , 0.0001, 0.0002, 0.0003, 0.0004, 0.0005, 0.0006,
       0.0006, 0.0008, 0.0009, 0.0012, 0.0014, 0.0015, 0.0017, 0.0018]), 'lambdas': array([0.    , 0.    , 0.0001, 0.0002, 0.0003, 0.0004, 0.0005, 0.0006,
       0.0006, 0.0008, 0.0009, 0.0012, 0.0014, 0.0015, 0.0017, 0.0018]), 'D_scores': array([30751.2932, 13010.3971,  5715.1082,  2702.6852,  1759.7557,
        1364.6036,  1064.3135,   876.0198,   813.371 ,   614.0776,
         524.3596,   428.786 ,   363.8666,   339.342 ,   298.6284,
         281.4648])}",diff_mean_tiny_covariance_gap,2
MY-small_mu,16,polynomial,"{'degree': 2, 'gamma': 0.0017054530536777348, 'coef0': 1.0}","polynomial(coef0=1.0, degree=2, gamma=0.0017054530536777348)",0.725,rbf,"{'C': 0.5, 'gamma': 0.5}","{'thetas': array([0.0002, 0.0004, 0.0012, 0.0014, 0.0022, 0.0032, 0.005 , 0.0056,
       0.0059, 0.0069, 0.0086, 0.0106, 0.0109, 0.0115, 0.0129, 0.0137]), 'lambdas': array([0.0002, 0.0004, 0.0012, 0.0014, 0.0022, 0.0032, 0.005 , 0.0056,
       0.0059, 0.0069, 0.0086, 0.0106, 0.0109, 0.0115, 0.0129, 0.0137]), 'D_scores': array([1999.1447, 1342.1403,  417.7125,  362.9925,  225.9424,  153.3967,
         97.4468,   86.7015,   82.3518,   69.435 ,   55.393 ,   44.4928,
         43.0524,   40.6142,   35.9999,   33.8876])}",diff_mean_tiny_covariance_gap,2
MY-small_mu,16,sigmoid,"{'gamma': 0.0017054530536777348, 'coef0': 0.0}","sigmoid(coef0=0.0, gamma=0.0017054530536777348)",0.6875,rbf,"{'C': 2.0, 'gamma': 0.5}","{'thetas': array([      0.0012,       0.0042,       0.006 ,       0.01  ,
             0.0114,       0.0132,       0.0229,       0.0253,
             0.0288,       0.0292,       0.0339,       0.0396,
             0.0429,       0.0518, 5931053.3863, 4463153.3046]), 'lambdas': array([      0.0012,       0.0042,       0.006 ,       0.01  ,
             0.0114,       0.0132,       0.0229,       0.0253,
             0.0288,       0.0292,       0.0339,       0.0396,
             0.0429,       0.0518, 5931053.3863, 4463153.3046]), 'D_scores': array([414.5571, 116.3394,  80.4007,  47.0778,  41.2417,  35.2841,
        19.4718,  17.3979,  15.0789,  14.8459,  12.5465,  10.5147,
         9.5859,   7.6785,   7.2981,   7.1557])}",diff_mean_tiny_covariance_gap,2
MY-small_mu,20,linear,{},linear,0.65,rbf,"{'C': 0.5, 'gamma': 'scale'}","{'thetas': array([0.    , 0.    , 0.    , 0.    , 0.    , 0.    , 0.0001, 0.0007,
       0.002 , 0.0025, 0.0067, 0.0085, 0.0091, 0.0108, 0.0145, 0.0167,
       0.0195, 0.0226, 0.0245, 0.0285]), 'lambdas': array([0.    , 0.    , 0.    , 0.    , 0.    , 0.    , 0.0001, 0.0007,
       0.002 , 0.0025, 0.0067, 0.0085, 0.0091, 0.0108, 0.0145, 0.0167,
       0.0195, 0.0226, 0.0245, 0.0285]), 'D_scores': array([3.1859e+09, 1.2256e+09, 7.4056e+08, 3.7680e+08, 3.0545e+08,
       2.6124e+08, 4.0330e+03, 7.5435e+02, 2.4217e+02, 1.9520e+02,
       7.2087e+01, 5.6163e+01, 5.2020e+01, 4.3681e+01, 3.1938e+01,
       2.7409e+01, 2.3174e+01, 1.9705e+01, 1.8076e+01, 1.5293e+01])}",diff_mean_tiny_covariance_gap,2
MY-small_mu,20,rbf,{'gamma': 0.0017054530536777348},rbf(gamma=0.0017054530536777348),0.6875,rbf,"{'C': 0.5, 'gamma': 0.5}","{'thetas': array([0.    , 0.    , 0.    , 0.0001, 0.0002, 0.0002, 0.0003, 0.0004,
       0.0004, 0.0006, 0.0008, 0.0011, 0.0013, 0.0017, 0.002 , 0.0022,
       0.0023, 0.0031, 0.0035, 0.004 ]), 'lambdas': array([0.    , 0.    , 0.    , 0.0001, 0.0002, 0.0002, 0.0003, 0.0004,
       0.0004, 0.0006, 0.0008, 0.0011, 0.0013, 0.0017, 0.002 , 0.0022,
       0.0023, 0.0031, 0.0035, 0.004 ]), 'D_scores': array([27237.2262, 15177.9528, 11653.883 ,  4708.2816,  2831.9019,
        2324.0068,  1611.1759,  1341.7438,  1221.2945,   856.0956,
         588.6608,   442.6285,   374.7525,   290.3753,   249.689 ,
         226.1258,   212.059 ,   156.1412,   141.427 ,   121.4435])}",diff_mean_tiny_covariance_gap,2
MY-small_mu,20,laplacian,{'gamma': 0.0017054530536777348},laplacian(gamma=0.0017054530536777348),0.6375,rbf,"{'C': 0.5, 'gamma': 0.5}","{'thetas': array([0.    , 0.0001, 0.0001, 0.0002, 0.0002, 0.0002, 0.0003, 0.0005,
       0.0006, 0.0007, 0.001 , 0.0011, 0.0013, 0.0015, 0.0016, 0.0017,
       0.0019, 0.0019, 0.0022, 0.0025]), 'lambdas': array([0.    , 0.0001, 0.0001, 0.0002, 0.0002, 0.0002, 0.0003, 0.0005,
       0.0006, 0.0007, 0.001 , 0.0011, 0.0013, 0.0015, 0.0016, 0.0017,
       0.0019, 0.0019, 0.0022, 0.0025]), 'D_scores': array([99566.1241,  8313.5035,  7377.1934,  3118.3668,  2355.1848,
        2130.8585,  1804.6206,   923.9082,   892.7044,   667.2976,
         494.6115,   451.5594,   371.4864,   327.5367,   311.749 ,
         298.0276,   260.4128,   259.0279,   220.3261,   195.9911])}",diff_mean_tiny_covariance_gap,2
MY-small_mu,20,polynomial,"{'degree': 2, 'gamma': 0.0017054530536777348, 'coef0': 1.0}","polynomial(coef0=1.0, degree=2, gamma=0.0017054530536777348)",0.7125,rbf,"{'C': 2.0, 'gamma': 0.5}","{'thetas': array([0.    , 0.0002, 0.0005, 0.0009, 0.0015, 0.0017, 0.0035, 0.0038,
       0.0048, 0.0062, 0.0072, 0.0086, 0.0091, 0.0124, 0.0134, 0.014 ,
       0.0161, 0.0187, 0.0227, 0.0254]), 'lambdas': array([0.    , 0.0002, 0.0005, 0.0009, 0.0015, 0.0017, 0.0035, 0.0038,
       0.0048, 0.0062, 0.0072, 0.0086, 0.0091, 0.0124, 0.0134, 0.014 ,
       0.0161, 0.0187, 0.0227, 0.0254]), 'D_scores': array([10806.6589,  2311.9561,  1005.304 ,   541.5204,   333.4378,
         294.6651,   139.2624,   127.3502,   101.4511,    76.971 ,
          66.2157,    54.9637,    51.8304,    37.72  ,    34.5503,
          33.1009,    28.4506,    24.2993,    19.6662,    17.3471])}",diff_mean_tiny_covariance_gap,2
MY-small_mu,20,sigmoid,"{'gamma': 0.0017054530536777348, 'coef0': 0.0}","sigmoid(coef0=0.0, gamma=0.0017054530536777348)",0.65,rbf,"{'C': 2.0, 'gamma': 'scale'}","{'thetas': array([      0.0011,       0.0066,       0.0089,       0.0114,
             0.0153,       0.0166,       0.0223,       0.0292,
             0.0344,       0.039 ,       0.0403,       0.0513,
       6510632.8839, 5406147.4525, 4382132.767 , 4221029.1634,
       3932217.3772, 3361760.7075, 3173847.4601, 2805057.3373]), 'lambdas': array([      0.0011,       0.0066,       0.0089,       0.0114,
             0.0153,       0.0166,       0.0223,       0.0292,
             0.0344,       0.039 ,       0.0403,       0.0513,
       6510632.8839, 5406147.4525, 4382132.767 , 4221029.1634,
       3932217.3772, 3361760.7075, 3173847.4601, 2805057.3373]), 'D_scores': array([461.7346,  72.6901,  53.5027,  40.9465,  30.0329,  27.634 ,
        20.0414,  14.8527,  12.3562,  10.7195,  10.3099,   7.7729,
         7.3446,   7.2515,   7.1465,   7.1278,   7.0924,   7.014 ,
         6.9853,   6.9235])}",diff_mean_tiny_covariance_gap,2
MY-small_mu,24,linear,{},linear,0.6875,rbf,"{'C': 0.5, 'gamma': 0.5}","{'thetas': array([0.    , 0.    , 0.    , 0.    , 0.    , 0.0007, 0.0015, 0.0018,
       0.0046, 0.0053, 0.0074, 0.008 , 0.0089, 0.0142, 0.0185, 0.0205,
       0.0223, 0.0251, 0.0302, 0.0349, 0.0377, 0.0393, 0.0455, 0.0537]), 'lambdas': array([0.    , 0.    , 0.    , 0.    , 0.    , 0.0007, 0.0015, 0.0018,
       0.0046, 0.0053, 0.0074, 0.008 , 0.0089, 0.0142, 0.0185, 0.0205,
       0.0223, 0.0251, 0.0302, 0.0349, 0.0377, 0.0393, 0.0455, 0.0537]), 'D_scores': array([4.9780e+09, 1.8420e+09, 1.1507e+09, 9.5395e+08, 5.1774e+08,
       7.1582e+02, 3.2344e+02, 2.6749e+02, 1.0514e+02, 9.0369e+01,
       6.4412e+01, 5.9319e+01, 5.3225e+01, 3.2488e+01, 2.4575e+01,
       2.1900e+01, 2.0069e+01, 1.7587e+01, 1.4332e+01, 1.2142e+01,
       1.1108e+01, 1.0605e+01, 8.9404e+00, 7.3456e+00])}",diff_mean_tiny_covariance_gap,2
MY-small_mu,24,rbf,{'gamma': 0.0017054530536777348},rbf(gamma=0.0017054530536777348),0.6125,rbf,"{'C': 0.5, 'gamma': 0.5}","{'thetas': array([0.    , 0.    , 0.0001, 0.0001, 0.0002, 0.0002, 0.0004, 0.0007,
       0.0008, 0.0011, 0.0011, 0.0013, 0.0015, 0.0021, 0.0024, 0.0028,
       0.0032, 0.0035, 0.0039, 0.004 , 0.0049, 0.0055, 0.0056, 0.0064]), 'lambdas': array([0.    , 0.    , 0.0001, 0.0001, 0.0002, 0.0002, 0.0004, 0.0007,
       0.0008, 0.0011, 0.0011, 0.0013, 0.0015, 0.0021, 0.0024, 0.0028,
       0.0032, 0.0035, 0.0039, 0.004 , 0.0049, 0.0055, 0.0056, 0.0064]), 'D_scores': array([31300.3697, 13968.1859,  9368.0312,  3946.4769,  2673.0649,
        2254.4533,  1220.8016,   753.1866,   591.6165,   469.4923,
         433.2282,   366.9143,   328.6104,   234.3465,   200.8965,
         172.2748,   154.6553,   138.0641,   125.7066,   121.1129,
          98.8763,    87.659 ,    85.542 ,    74.6619])}",diff_mean_tiny_covariance_gap,2
MY-small_mu,24,laplacian,{'gamma': 0.0017054530536777348},laplacian(gamma=0.0017054530536777348),0.6375,rbf,"{'C': 0.5, 'gamma': 0.5}","{'thetas': array([0.    , 0.0001, 0.0001, 0.0002, 0.0003, 0.0004, 0.0004, 0.0005,
       0.0007, 0.0009, 0.001 , 0.0011, 0.0013, 0.0015, 0.0018, 0.0019,
       0.0021, 0.0023, 0.0025, 0.0029, 0.003 , 0.0036, 0.0038, 0.0043]), 'lambdas': array([0.    , 0.0001, 0.0001, 0.0002, 0.0003, 0.0004, 0.0004, 0.0005,
       0.0007, 0.0009, 0.001 , 0.0011, 0.0013, 0.0015, 0.0018, 0.0019,
       0.0021, 0.0023, 0.0025, 0.0029, 0.003 , 0.0036, 0.0038, 0.0043]), 'D_scores': array([10540.9871,  6143.497 ,  3902.4042,  2585.2608,  1638.8055,
        1340.4119,  1215.0707,   936.853 ,   711.9638,   580.5248,
         498.2684,   469.0031,   369.6636,   325.6953,   272.5448,
         261.4614,   229.7844,   212.0923,   195.5315,   168.1415,
         162.1988,   137.4329,   129.4962,   113.8127])}",diff_mean_tiny_covariance_gap,2
MY-small_mu,24,polynomial,"{'degree': 2, 'gamma': 0.0017054530536777348, 'coef0': 1.0}","polynomial(coef0=1.0, degree=2, gamma=0.0017054530536777348)",0.675,rbf,"{'C': 0.5, 'gamma': 0.5}","{'thetas': array([0.0001, 0.0002, 0.0009, 0.0017, 0.0028, 0.003 , 0.0043, 0.0046,
       0.0059, 0.0064, 0.0083, 0.01  , 0.0124, 0.0135, 0.0144, 0.0166,
       0.0172, 0.0199, 0.0205, 0.0255, 0.0263, 0.0273, 0.0341, 0.0406]), 'lambdas': array([0.0001, 0.0002, 0.0009, 0.0017, 0.0028, 0.003 , 0.0043, 0.0046,
       0.0059, 0.0064, 0.0083, 0.01  , 0.0124, 0.0135, 0.0144, 0.0166,
       0.0172, 0.0199, 0.0205, 0.0255, 0.0263, 0.0273, 0.0341, 0.0406]), 'D_scores': array([4929.446 , 3053.6497,  522.6101,  293.5123,  174.2582,  160.9904,
        112.7094,  105.1629,   81.0768,   75.4603,   57.4228,   47.2598,
         37.5847,   34.4796,   32.0851,   27.5193,   26.5469,   22.6745,
         21.9907,   17.268 ,   16.7137,   16.0403,   12.4877,   10.2072])}",diff_mean_tiny_covariance_gap,2
MY-small_mu,24,sigmoid,"{'gamma': 0.0017054530536777348, 'coef0': 0.0}","sigmoid(coef0=0.0, gamma=0.0017054530536777348)",0.6625,rbf,"{'C': 1.0, 'gamma': 'scale'}","{'thetas': array([      0.005 ,       0.0063,       0.0072,       0.01  ,
             0.0113,       0.0179,       0.0206,       0.0286,
             0.0338,       0.0365,       0.0475,       0.0543,
       5168444.9553, 4887519.4599, 4401751.8255, 3612881.6676,
       3425002.4803, 3086229.5895, 2646308.5476, 2439189.3115,
       2163233.792 , 1991510.4892, 1972139.4813, 1714255.4782]), 'lambdas': array([      0.005 ,       0.0063,       0.0072,       0.01  ,
             0.0113,       0.0179,       0.0206,       0.0286,
             0.0338,       0.0365,       0.0475,       0.0543,
       5168444.9553, 4887519.4599, 4401751.8255, 3612881.6676,
       3425002.4803, 3086229.5895, 2646308.5476, 2439189.3115,
       2163233.792 , 1991510.4892, 1972139.4813, 1714255.4782]), 'D_scores': array([97.6767, 76.4964, 66.7425, 47.2135, 41.4534, 25.351 , 21.8216,
       15.2041, 12.5874, 11.5499,  8.5053,  7.2477,  7.2291,  7.2011,
        7.1488,  7.05  ,  7.0233,  6.9713,  6.8944,  6.8536,  6.7938,
        6.7522,  6.7474,  6.6773])}",diff_mean_tiny_covariance_gap,2
MY-small_mu,28,linear,{},linear,0.675,rbf,"{'C': 1.0, 'gamma': 'scale'}","{'thetas': array([      0.    ,       0.    ,       0.    ,       0.    ,
             0.    ,       0.    ,       0.0008,       0.0018,
             0.003 ,       0.0049,       0.0062,       0.0071,
             0.0096,       0.0108,       0.0149,       0.0178,
             0.0198,       0.021 ,       0.0258,       0.0287,
             0.0345,       0.0368,       0.0424,       0.0517,
       7415751.1169, 6580357.6371, 6490284.4954, 5722883.791 ]), 'lambdas': array([      0.    ,       0.    ,       0.    ,       0.    ,
             0.    ,       0.    ,       0.0008,       0.0018,
             0.003 ,       0.0049,       0.0062,       0.0071,
             0.0096,       0.0108,       0.0149,       0.0178,
             0.0198,       0.021 ,       0.0258,       0.0287,
             0.0345,       0.0368,       0.0424,       0.0517,
       7415751.1169, 6580357.6371, 6490284.4954, 5722883.791 ]), 'D_scores': array([1.6554e+09, 1.3933e+09, 5.6630e+08, 5.2743e+08, 5.0789e+08,
       2.2277e+08, 6.5296e+02, 2.6923e+02, 1.6188e+02, 9.8437e+01,
       7.8001e+01, 6.7170e+01, 4.9119e+01, 4.3673e+01, 3.0994e+01,
       2.5604e+01, 2.2784e+01, 2.1371e+01, 1.7025e+01, 1.5179e+01,
       1.2316e+01, 1.1439e+01, 9.7068e+00, 7.6896e+00, 7.4096e+00,
       7.3498e+00, 7.3429e+00, 7.2800e+00])}",diff_mean_tiny_covariance_gap,2
MY-small_mu,28,rbf,{'gamma': 0.0017054530536777348},rbf(gamma=0.0017054530536777348),0.625,rbf,"{'C': 0.5, 'gamma': 0.5}","{'thetas': array([0.    , 0.0001, 0.0001, 0.0002, 0.0004, 0.0005, 0.0006, 0.0008,
       0.001 , 0.0011, 0.0013, 0.0015, 0.0017, 0.002 , 0.0021, 0.0027,
       0.0031, 0.0035, 0.0038, 0.0042, 0.0046, 0.0051, 0.0054, 0.0064,
       0.0074, 0.0081, 0.0083, 0.0095]), 'lambdas': array([0.    , 0.0001, 0.0001, 0.0002, 0.0004, 0.0005, 0.0006, 0.0008,
       0.001 , 0.0011, 0.0013, 0.0015, 0.0017, 0.002 , 0.0021, 0.0027,
       0.0031, 0.0035, 0.0038, 0.0042, 0.0046, 0.0051, 0.0054, 0.0064,
       0.0074, 0.0081, 0.0083, 0.0095]), 'D_scores': array([10124.3977,  5323.8763,  3618.3737,  2249.4073,  1358.1721,
        1103.4618,   866.2012,   609.1929,   477.7211,   457.8126,
         369.2874,   328.0917,   288.1755,   248.9121,   230.6596,
         184.5174,   157.2793,   141.3095,   129.2364,   116.9835,
         105.0114,    94.4424,    89.5801,    75.3929,    64.4318,
          58.6216,    57.0126,    49.8433])}",diff_mean_tiny_covariance_gap,2
MY-small_mu,28,laplacian,{'gamma': 0.0017054530536777348},laplacian(gamma=0.0017054530536777348),0.6,rbf,"{'C': 2.0, 'gamma': 0.5}","{'thetas': array([0.    , 0.0001, 0.0002, 0.0002, 0.0003, 0.0004, 0.0005, 0.0007,
       0.0008, 0.0009, 0.001 , 0.0012, 0.0014, 0.0016, 0.0018, 0.0018,
       0.0021, 0.0023, 0.0026, 0.0028, 0.0033, 0.0036, 0.0041, 0.0043,
       0.0045, 0.0049, 0.0056, 0.0059]), 'lambdas': array([0.    , 0.0001, 0.0002, 0.0002, 0.0003, 0.0004, 0.0005, 0.0007,
       0.0008, 0.0009, 0.001 , 0.0012, 0.0014, 0.0016, 0.0018, 0.0018,
       0.0021, 0.0023, 0.0026, 0.0028, 0.0033, 0.0036, 0.0041, 0.0043,
       0.0045, 0.0049, 0.0056, 0.0059]), 'D_scores': array([19137.3535,  4588.7292,  3108.3189,  2132.5255,  1511.7114,
        1140.9119,   966.2099,   663.6712,   597.8795,   526.9305,
         494.4118,   413.2783,   362.5997,   309.9311,   268.9534,
         267.632 ,   239.6822,   218.3219,   189.1915,   177.3652,
         147.5218,   136.8906,   117.5103,   114.2359,   107.4373,
          98.3118,    86.9225,    81.3728])}",diff_mean_tiny_covariance_gap,2
MY-small_mu,28,polynomial,"{'degree': 2, 'gamma': 0.0017054530536777348, 'coef0': 1.0}","polynomial(coef0=1.0, degree=2, gamma=0.0017054530536777348)",0.6,rbf,"{'C': 2.0, 'gamma': 'scale'}","{'thetas': array([0.0003, 0.0007, 0.0011, 0.0016, 0.0025, 0.0033, 0.0044, 0.0046,
       0.0055, 0.0065, 0.0077, 0.0095, 0.0113, 0.013 , 0.0137, 0.0155,
       0.0185, 0.0203, 0.0218, 0.0232, 0.0272, 0.0297, 0.0348, 0.0401,
       0.0424, 0.0454, 0.0475, 0.054 ]), 'lambdas': array([0.0003, 0.0007, 0.0011, 0.0016, 0.0025, 0.0033, 0.0044, 0.0046,
       0.0055, 0.0065, 0.0077, 0.0095, 0.0113, 0.013 , 0.0137, 0.0155,
       0.0185, 0.0203, 0.0218, 0.0232, 0.0272, 0.0297, 0.0348, 0.0401,
       0.0424, 0.0454, 0.0475, 0.054 ]), 'D_scores': array([1937.7376,  666.3295,  431.9285,  303.5928,  192.6919,  148.0018,
        109.6627,  104.7787,   87.4849,   74.5176,   62.1538,   49.8573,
         41.3243,   35.7769,   33.7559,   29.612 ,   24.5328,   22.203 ,
         20.5081,   19.212 ,   16.0624,   14.5533,   12.1779,   10.3549,
          9.7137,    8.9574,    8.5051,    7.2973])}",diff_mean_tiny_covariance_gap,2
MY-small_mu,28,sigmoid,"{'gamma': 0.0017054530536777348, 'coef0': 0.0}","sigmoid(coef0=0.0, gamma=0.0017054530536777348)",0.725,poly,"{'C': 0.5, 'gamma': 'scale', 'degree': 2, 'coef0': 1.0}","{'thetas': array([      0.0009,       0.0015,       0.0043,       0.007 ,
             0.0098,       0.0148,       0.0176,       0.0213,
             0.0233,       0.0297,       0.0318,       0.0464,
             0.0494, 6572117.785 , 5686619.81  , 5559888.3039,
       4654564.8252,       0.055 , 4085731.6803, 3982180.6301,
       3250795.0432, 3137401.1232, 3088746.8633, 2789191.0756,
       2332061.1743, 2159564.8619, 1931181.8802, 1895753.6885]), 'lambdas': array([      0.0009,       0.0015,       0.0043,       0.007 ,
             0.0098,       0.0148,       0.0176,       0.0213,
             0.0233,       0.0297,       0.0318,       0.0464,
             0.0494, 6572117.785 , 5686619.81  , 5559888.3039,
       4654564.8252,       0.055 , 4085731.6803, 3982180.6301,
       3250795.0432, 3137401.1232, 3088746.8633, 2789191.0756,
       2332061.1743, 2159564.8619, 1931181.8802, 1895753.6885]), 'D_scores': array([568.4377, 331.4957, 112.3954,  68.8065,  48.0577,  31.26  ,
        25.9403,  21.0351,  19.0628,  14.6029,  13.4837,   8.7432,
         8.1116,   7.3492,   7.2768,   7.2655,   7.1768,   7.144 ,
         7.1115,   7.0987,   6.9972,   6.9795,   6.9717,   6.9206,
         6.8312,   6.7927,   6.7372,   6.7276])}",diff_mean_tiny_covariance_gap,2
MY-small_mu,32,linear,{},linear,0.65,rbf,"{'C': 1.0, 'gamma': 'scale'}","{'thetas': array([      0.    ,       0.    ,       0.    ,       0.    ,
             0.    ,       0.    ,       0.0014,       0.002 ,
             0.003 ,       0.0062,       0.0088,       0.0108,
             0.013 ,       0.0146,       0.0161,       0.0205,
             0.0218,       0.024 ,       0.0305,       0.0332,
             0.0354,       0.038 ,       0.046 ,       0.0508,
       6560667.1849, 6002008.2947, 5197564.4043, 4560034.3431,
       4150534.1226, 3788597.5398, 3414531.6603, 3030663.3262]), 'lambdas': array([      0.    ,       0.    ,       0.    ,       0.    ,
             0.    ,       0.    ,       0.0014,       0.002 ,
             0.003 ,       0.0062,       0.0088,       0.0108,
             0.013 ,       0.0146,       0.0161,       0.0205,
             0.0218,       0.024 ,       0.0305,       0.0332,
             0.0354,       0.038 ,       0.046 ,       0.0508,
       6560667.1849, 6002008.2947, 5197564.4043, 4560034.3431,
       4150534.1226, 3788597.5398, 3414531.6603, 3030663.3262]), 'D_scores': array([8.4735e+09, 1.7961e+09, 1.0290e+09, 4.6999e+08, 3.2890e+08,
       2.6394e+08, 3.5398e+02, 2.4457e+02, 1.6566e+02, 7.7884e+01,
       5.3671e+01, 4.3723e+01, 3.5840e+01, 3.1549e+01, 2.8542e+01,
       2.1923e+01, 2.0560e+01, 1.8497e+01, 1.4131e+01, 1.2876e+01,
       1.1964e+01, 1.1024e+01, 8.8297e+00, 7.8611e+00, 7.3483e+00,
       7.3038e+00, 7.2319e+00, 7.1665e+00, 7.1195e+00, 7.0738e+00,
       7.0218e+00, 6.9622e+00])}",diff_mean_tiny_covariance_gap,2
MY-small_mu,32,rbf,{'gamma': 0.0017054530536777348},rbf(gamma=0.0017054530536777348),0.6625,rbf,"{'C': 2.0, 'gamma': 0.5}","{'thetas': array([0.    , 0.    , 0.0001, 0.0001, 0.0002, 0.0003, 0.0004, 0.0005,
       0.0007, 0.0011, 0.0016, 0.0016, 0.0019, 0.0019, 0.0021, 0.0022,
       0.0025, 0.0029, 0.003 , 0.0036, 0.0043, 0.0047, 0.0049, 0.0058,
       0.006 , 0.0068, 0.0074, 0.0078, 0.0085, 0.0097, 0.0101, 0.0108]), 'lambdas': array([0.    , 0.    , 0.0001, 0.0001, 0.0002, 0.0003, 0.0004, 0.0005,
       0.0007, 0.0011, 0.0016, 0.0016, 0.0019, 0.0019, 0.0021, 0.0022,
       0.0025, 0.0029, 0.003 , 0.0036, 0.0043, 0.0047, 0.0049, 0.0058,
       0.006 , 0.0068, 0.0074, 0.0078, 0.0085, 0.0097, 0.0101, 0.0108]), 'D_scores': array([39437.1911, 15034.744 ,  6104.2182,  3645.6477,  2386.1964,
        1454.1643,  1316.6811,   957.4015,   677.9546,   442.2279,
         315.4791,   314.2106,   265.6037,   256.9563,   237.4927,
         220.1577,   196.4017,   168.3385,   162.4356,   137.3289,
         112.4203,   102.3001,    99.8832,    82.9153,    79.7873,
          70.8741,    64.4929,    60.8438,    55.6652,    48.4898,
          46.6135,    43.4622])}",diff_mean_tiny_covariance_gap,2
MY-small_mu,32,laplacian,{'gamma': 0.0017054530536777348},laplacian(gamma=0.0017054530536777348),0.6625,rbf,"{'C': 0.5, 'gamma': 0.5}","{'thetas': array([0.    , 0.0001, 0.0001, 0.0002, 0.0003, 0.0004, 0.0004, 0.0005,
       0.0009, 0.001 , 0.0011, 0.0012, 0.0013, 0.0016, 0.0017, 0.0019,
       0.0022, 0.0024, 0.0028, 0.0033, 0.0033, 0.0038, 0.0039, 0.0044,
       0.0047, 0.0055, 0.0059, 0.0061, 0.0067, 0.0075, 0.0079, 0.0082]), 'lambdas': array([0.    , 0.0001, 0.0001, 0.0002, 0.0003, 0.0004, 0.0004, 0.0005,
       0.0009, 0.001 , 0.0011, 0.0012, 0.0013, 0.0016, 0.0017, 0.0019,
       0.0022, 0.0024, 0.0028, 0.0033, 0.0033, 0.0038, 0.0039, 0.0044,
       0.0047, 0.0055, 0.0059, 0.0061, 0.0067, 0.0075, 0.0079, 0.0082]), 'D_scores': array([18579.1332,  4601.6326,  3537.8286,  2428.6682,  1656.7816,
        1403.5046,  1251.304 ,   979.1936,   579.7529,   513.4558,
         440.8322,   411.1494,   369.3848,   312.5348,   292.0189,
         261.6814,   226.2507,   207.3171,   173.6724,   149.5862,
         146.9815,   129.5652,   123.7947,   110.9776,   103.9094,
          87.3257,    81.0926,    78.7038,    71.8583,    63.77  ,
          60.6595,    57.7734])}",diff_mean_tiny_covariance_gap,2
MY-small_mu,32,polynomial,"{'degree': 2, 'gamma': 0.0017054530536777348, 'coef0': 1.0}","polynomial(coef0=1.0, degree=2, gamma=0.0017054530536777348)",0.6125,rbf,"{'C': 1.0, 'gamma': 'scale'}","{'thetas': array([      0.0002,       0.0009,       0.001 ,       0.0015,
             0.0019,       0.0039,       0.0049,       0.0065,
             0.0077,       0.008 ,       0.0089,       0.0098,
             0.0106,       0.0116,       0.013 ,       0.0143,
             0.0183,       0.0199,       0.0207,       0.0216,
             0.0245,       0.0283,       0.0301,       0.0309,
             0.0375,       0.0421,       0.0447,       0.0474,
             0.0508, 1633675.9832,       0.0593,       0.0608]), 'lambdas': array([      0.0002,       0.0009,       0.001 ,       0.0015,
             0.0019,       0.0039,       0.0049,       0.0065,
             0.0077,       0.008 ,       0.0089,       0.0098,
             0.0106,       0.0116,       0.013 ,       0.0143,
             0.0183,       0.0199,       0.0207,       0.0216,
             0.0245,       0.0283,       0.0301,       0.0309,
             0.0375,       0.0421,       0.0447,       0.0474,
             0.0508, 1633675.9832,       0.0593,       0.0608]), 'D_scores': array([2017.3949,  554.5611,  517.4866,  328.8933,  253.9239,  124.6597,
         99.2173,   73.8689,   62.3757,   59.7591,   53.4764,   48.4406,
         44.5266,   40.2819,   35.8289,   32.2283,   24.8128,   22.6625,
         21.7541,   20.7716,   18.087 ,   15.4064,   14.36  ,   13.9541,
         11.1919,    9.8013,    9.1295,    8.5317,    7.8602,    6.6543,
          6.514 ,    6.3251])}",diff_mean_tiny_covariance_gap,2
MY-small_mu,32,sigmoid,"{'gamma': 0.0017054530536777348, 'coef0': 0.0}","sigmoid(coef0=0.0, gamma=0.0017054530536777348)",0.7375,rbf,"{'C': 2.0, 'gamma': 'scale'}","{'thetas': array([      0.0014,       0.0043,       0.0083,       0.0122,
             0.0139,       0.0164,       0.021 ,       0.0273,
             0.0318,       0.0371,       0.0406, 5842928.4347,
       5050452.1105,       0.0547, 4680948.6086, 3864673.2854,
       3558295.9992, 3148427.2984, 2621749.474 ,       0.0568,
       2477362.0858, 2341884.963 , 2133029.9057, 2023223.4522,
       1856396.5283, 1631592.9707, 1545688.5069, 1534559.1346,
       1420114.3898, 1384339.6414, 1285192.9979, 1249018.4862]), 'lambdas': array([      0.0014,       0.0043,       0.0083,       0.0122,
             0.0139,       0.0164,       0.021 ,       0.0273,
             0.0318,       0.0371,       0.0406, 5842928.4347,
       5050452.1105,       0.0547, 4680948.6086, 3864673.2854,
       3558295.9992, 3148427.2984, 2621749.474 ,       0.0568,
       2477362.0858, 2341884.963 , 2133029.9057, 2023223.4522,
       1856396.5283, 1631592.9707, 1545688.5069, 1534559.1346,
       1420114.3898, 1384339.6414, 1285192.9979, 1249018.4862]), 'D_scores': array([347.6873, 113.4003,  57.6647,  38.332 ,  33.2692,  27.8478,
        21.4184,  15.9881,  13.4868,  11.3504,  10.2162,   7.2904,
         7.2175,   7.1914,   7.1795,   7.0838,   7.0426,   6.9812,
         6.8897,   6.8768,   6.8616,   6.8332,   6.7865,   6.7601,
         6.7171,   6.6525,   6.6255,   6.6219,   6.5832,   6.5704,
         6.5332,   6.5193])}",diff_mean_tiny_covariance_gap,2
KFDA-1D,1,linear,{},linear,0.85,sigmoid,"{'C': 0.5, 'gamma': 'scale', 'coef0': 0.0}","{'top_lambda': 13.197497840408971, 'd_norm': 114.60102641513235}",diff_mean_tiny_covariance_gap,3
KFDA-1D,1,rbf,{'gamma': 0.0017035186347248033},rbf(gamma=0.0017035186347248033),0.675,rbf,"{'C': 1.0, 'gamma': 'scale'}","{'top_lambda': 30986.180532694885, 'd_norm': 0.16038313133585724}",diff_mean_tiny_covariance_gap,3
KFDA-1D,1,laplacian,{'gamma': 0.0017035186347248033},laplacian(gamma=0.0017035186347248033),0.6375,rbf,"{'C': 2.0, 'gamma': 'scale'}","{'top_lambda': 28767.60277147447, 'd_norm': 0.11640172550787234}",diff_mean_tiny_covariance_gap,3
KFDA-1D,1,polynomial,"{'degree': 2, 'gamma': 0.0017035186347248033, 'coef0': 1.0}","polynomial(coef0=1.0, degree=2, gamma=0.0017035186347248033)",0.675,rbf,"{'C': 2.0, 'gamma': 'scale'}","{'top_lambda': 20753.578178427844, 'd_norm': 0.5798049065757875}",diff_mean_tiny_covariance_gap,3
KFDA-1D,1,sigmoid,"{'gamma': 0.0017035186347248033, 'coef0': 0.0}","sigmoid(coef0=0.0, gamma=0.0017035186347248033)",0.7875,sigmoid,"{'C': 2.0, 'gamma': 'scale', 'coef0': 0.0}","{'top_lambda': 10.482796461570981, 'd_norm': 0.16163524825181116}",diff_mean_tiny_covariance_gap,3
MY-large_mu,1,linear,{},linear,0.725,linear,{'C': 1.0},"{'thetas': array([0.]), 'lambdas': array([0.]), 'gvals': array([2.0337e+09])}",diff_mean_tiny_covariance_gap,3
MY-large_mu,1,rbf,{'gamma': 0.0017035186347248033},rbf(gamma=0.0017035186347248033),0.5375,rbf,"{'C': 1.0, 'gamma': 'scale'}","{'thetas': array([0.]), 'lambdas': array([0.]), 'gvals': array([17547.9824])}",diff_mean_tiny_covariance_gap,3
MY-large_mu,1,laplacian,{'gamma': 0.0017035186347248033},laplacian(gamma=0.0017035186347248033),0.5375,rbf,"{'C': 2.0, 'gamma': 0.5}","{'thetas': array([0.]), 'lambdas': array([0.]), 'gvals': array([170336.9082])}",diff_mean_tiny_covariance_gap,3
MY-large_mu,1,polynomial,"{'degree': 2, 'gamma': 0.0017035186347248033, 'coef0': 1.0}","polynomial(coef0=1.0, degree=2, gamma=0.0017035186347248033)",0.55,poly,"{'C': 2.0, 'gamma': 'scale', 'degree': 2, 'coef0': 1.0}","{'thetas': array([0.0003]), 'lambdas': array([0.0003]), 'gvals': array([1632.547])}",diff_mean_tiny_covariance_gap,3
MY-large_mu,1,sigmoid,"{'gamma': 0.0017035186347248033, 'coef0': 0.0}","sigmoid(coef0=0.0, gamma=0.0017035186347248033)",0.7375,linear,{'C': 0.5},"{'thetas': array([0.0023]), 'lambdas': array([0.0023]), 'gvals': array([214.0059])}",diff_mean_tiny_covariance_gap,3
MY-large_mu,2,linear,{},linear,0.6875,poly,"{'C': 1.0, 'gamma': 'scale', 'degree': 2, 'coef0': 1.0}","{'thetas': array([0., 0.]), 'lambdas': array([0., 0.]), 'gvals': array([2.9270e+09, 5.5031e+08])}",diff_mean_tiny_covariance_gap,3
MY-large_mu,2,rbf,{'gamma': 0.0017035186347248033},rbf(gamma=0.0017035186347248033),0.5375,poly,"{'C': 2.0, 'gamma': 'scale', 'degree': 2, 'coef0': 1.0}","{'thetas': array([0.    , 0.0001]), 'lambdas': array([0.    , 0.0001]), 'gvals': array([16596.1367,  8725.1496])}",diff_mean_tiny_covariance_gap,3
MY-large_mu,2,laplacian,{'gamma': 0.0017035186347248033},laplacian(gamma=0.0017035186347248033),0.5625,rbf,"{'C': 2.0, 'gamma': 'scale'}","{'thetas': array([0., 0.]), 'lambdas': array([0., 0.]), 'gvals': array([55097.2697, 15500.7855])}",diff_mean_tiny_covariance_gap,3
MY-large_mu,2,polynomial,"{'degree': 2, 'gamma': 0.0017035186347248033, 'coef0': 1.0}","polynomial(coef0=1.0, degree=2, gamma=0.0017035186347248033)",0.55,rbf,"{'C': 1.0, 'gamma': 'scale'}","{'thetas': array([0.    , 0.0004]), 'lambdas': array([0.    , 0.0004]), 'gvals': array([109476.4004,   1119.7969])}",diff_mean_tiny_covariance_gap,3
MY-large_mu,2,sigmoid,"{'gamma': 0.0017035186347248033, 'coef0': 0.0}","sigmoid(coef0=0.0, gamma=0.0017035186347248033)",0.7,rbf,"{'C': 2.0, 'gamma': 'scale'}","{'thetas': array([0.0024, 0.0063]), 'lambdas': array([0.0024, 0.0063]), 'gvals': array([201.4451,  75.9081])}",diff_mean_tiny_covariance_gap,3
MY-large_mu,3,linear,{},linear,0.8125,rbf,"{'C': 1.0, 'gamma': 0.5}","{'thetas': array([0., 0., 0.]), 'lambdas': array([0., 0., 0.]), 'gvals': array([1.9256e+09, 9.9164e+08, 7.7801e+08])}",diff_mean_tiny_covariance_gap,3
MY-large_mu,3,rbf,{'gamma': 0.0017035186347248033},rbf(gamma=0.0017035186347248033),0.5,rbf,"{'C': 2.0, 'gamma': 'scale'}","{'thetas': array([0.    , 0.    , 0.0001]), 'lambdas': array([0.    , 0.    , 0.0001]), 'gvals': array([35491.4515, 26711.4282,  5364.8329])}",diff_mean_tiny_covariance_gap,3
MY-large_mu,3,laplacian,{'gamma': 0.0017035186347248033},laplacian(gamma=0.0017035186347248033),0.55,rbf,"{'C': 2.0, 'gamma': 0.5}","{'thetas': array([0.    , 0.0001, 0.0001]), 'lambdas': array([0.    , 0.0001, 0.0001]), 'gvals': array([19191.8219,  7694.1647,  3746.4155])}",diff_mean_tiny_covariance_gap,3
MY-large_mu,3,polynomial,"{'degree': 2, 'gamma': 0.0017035186347248033, 'coef0': 1.0}","polynomial(coef0=1.0, degree=2, gamma=0.0017035186347248033)",0.625,rbf,"{'C': 2.0, 'gamma': 0.5}","{'thetas': array([0.0003, 0.0006, 0.0007]), 'lambdas': array([0.0003, 0.0006, 0.0007]), 'gvals': array([1505.5169,  796.7693,  722.9905])}",diff_mean_tiny_covariance_gap,3
MY-large_mu,3,sigmoid,"{'gamma': 0.0017035186347248033, 'coef0': 0.0}","sigmoid(coef0=0.0, gamma=0.0017035186347248033)",0.6875,rbf,"{'C': 2.0, 'gamma': 'scale'}","{'thetas': array([0.0019, 0.003 , 0.0049]), 'lambdas': array([0.0019, 0.003 , 0.0049]), 'gvals': array([253.692 , 161.8616,  99.1153])}",diff_mean_tiny_covariance_gap,3
MY-large_mu,4,linear,{},linear,0.7125,rbf,"{'C': 0.5, 'gamma': 0.5}","{'thetas': array([0., 0., 0., 0.]), 'lambdas': array([0., 0., 0., 0.]), 'gvals': array([1.2510e+09, 8.6045e+08, 3.1929e+08, 2.0695e+08])}",diff_mean_tiny_covariance_gap,3
MY-large_mu,4,rbf,{'gamma': 0.0017035186347248033},rbf(gamma=0.0017035186347248033),0.5375,rbf,"{'C': 2.0, 'gamma': 0.5}","{'thetas': array([0.    , 0.0001, 0.0001, 0.0002]), 'lambdas': array([0.    , 0.0001, 0.0001, 0.0002]), 'gvals': array([11946.1436,  7409.8668,  4174.2412,  2121.118 ])}",diff_mean_tiny_covariance_gap,3
MY-large_mu,4,laplacian,{'gamma': 0.0017035186347248033},laplacian(gamma=0.0017035186347248033),0.5625,rbf,"{'C': 0.5, 'gamma': 0.5}","{'thetas': array([0.    , 0.0001, 0.0002, 0.0003]), 'lambdas': array([0.    , 0.0001, 0.0002, 0.0003]), 'gvals': array([84988.3954,  3401.6333,  3016.5681,  1984.5562])}",diff_mean_tiny_covariance_gap,3
MY-large_mu,4,polynomial,"{'degree': 2, 'gamma': 0.0017035186347248033, 'coef0': 1.0}","polynomial(coef0=1.0, degree=2, gamma=0.0017035186347248033)",0.5875,rbf,"{'C': 2.0, 'gamma': 0.5}","{'thetas': array([0.0001, 0.0005, 0.0007, 0.0012]), 'lambdas': array([0.0001, 0.0005, 0.0007, 0.0012]), 'gvals': array([9735.5583, 1077.0769,  668.0187,  411.2642])}",diff_mean_tiny_covariance_gap,3
MY-large_mu,4,sigmoid,"{'gamma': 0.0017035186347248033, 'coef0': 0.0}","sigmoid(coef0=0.0, gamma=0.0017035186347248033)",0.7,poly,"{'C': 0.5, 'gamma': 'scale', 'degree': 2, 'coef0': 1.0}","{'thetas': array([0.002 , 0.0033, 0.0107, 0.0131]), 'lambdas': array([0.002 , 0.0033, 0.0107, 0.0131]), 'gvals': array([247.9258, 148.7727,  43.7911,  35.6221])}",diff_mean_tiny_covariance_gap,3
MY-large_mu,5,linear,{},linear,0.7125,rbf,"{'C': 1.0, 'gamma': 0.5}","{'thetas': array([0.    , 0.    , 0.    , 0.    , 0.0003]), 'lambdas': array([0.    , 0.    , 0.    , 0.    , 0.0003]), 'gvals': array([2.5128e+09, 8.1201e+08, 3.0892e+08, 2.1701e+08, 1.5093e+03])}",diff_mean_tiny_covariance_gap,3
MY-large_mu,5,rbf,{'gamma': 0.0017035186347248033},rbf(gamma=0.0017035186347248033),0.525,rbf,"{'C': 2.0, 'gamma': 0.5}","{'thetas': array([0.    , 0.0001, 0.0001, 0.0001, 0.0003]), 'lambdas': array([0.    , 0.0001, 0.0001, 0.0001, 0.0003]), 'gvals': array([25847.7902,  8395.5849,  5906.4431,  4506.9899,  1666.0366])}",diff_mean_tiny_covariance_gap,3
MY-large_mu,5,laplacian,{'gamma': 0.0017035186347248033},laplacian(gamma=0.0017035186347248033),0.55,rbf,"{'C': 2.0, 'gamma': 0.5}","{'thetas': array([0.    , 0.0001, 0.0002, 0.0002, 0.0003]), 'lambdas': array([0.    , 0.0001, 0.0002, 0.0002, 0.0003]), 'gvals': array([15384.0226,  7588.0236,  3100.7655,  2475.9143,  1801.5106])}",diff_mean_tiny_covariance_gap,3
MY-large_mu,5,polynomial,"{'degree': 2, 'gamma': 0.0017035186347248033, 'coef0': 1.0}","polynomial(coef0=1.0, degree=2, gamma=0.0017035186347248033)",0.6375,rbf,"{'C': 2.0, 'gamma': 0.5}","{'thetas': array([0.    , 0.0001, 0.0009, 0.0016, 0.0022]), 'lambdas': array([0.    , 0.0001, 0.0009, 0.0016, 0.0022]), 'gvals': array([10071.466 ,  4260.6087,   536.7188,   313.4911,   228.9638])}",diff_mean_tiny_covariance_gap,3
MY-large_mu,5,sigmoid,"{'gamma': 0.0017035186347248033, 'coef0': 0.0}","sigmoid(coef0=0.0, gamma=0.0017035186347248033)",0.7,rbf,"{'C': 2.0, 'gamma': 'scale'}","{'thetas': array([0.0029, 0.0047, 0.0063, 0.0099, 0.0185]), 'lambdas': array([0.0029, 0.0047, 0.0063, 0.0099, 0.0185]), 'gvals': array([166.4135, 102.2628,  75.935 ,  47.7316,  24.4937])}",diff_mean_tiny_covariance_gap,3
MY-large_mu,6,linear,{},linear,0.8125,rbf,"{'C': 0.5, 'gamma': 0.5}","{'thetas': array([0.    , 0.    , 0.    , 0.    , 0.    , 0.0001]), 'lambdas': array([0.    , 0.    , 0.    , 0.    , 0.    , 0.0001]), 'gvals': array([4.5882e+09, 7.6871e+08, 4.3431e+08, 3.5337e+08, 2.6462e+08,
       6.5713e+03])}",diff_mean_tiny_covariance_gap,3
MY-large_mu,6,rbf,{'gamma': 0.0017035186347248033},rbf(gamma=0.0017035186347248033),0.525,rbf,"{'C': 2.0, 'gamma': 0.5}","{'thetas': array([0.    , 0.    , 0.0001, 0.0002, 0.0002, 0.0004]), 'lambdas': array([0.    , 0.    , 0.0001, 0.0002, 0.0002, 0.0004]), 'gvals': array([36014.4777, 12555.5512,  4427.4711,  2904.8527,  2557.9888,
        1158.7339])}",diff_mean_tiny_covariance_gap,3
MY-large_mu,6,laplacian,{'gamma': 0.0017035186347248033},laplacian(gamma=0.0017035186347248033),0.65,rbf,"{'C': 2.0, 'gamma': 0.5}","{'thetas': array([0.    , 0.0001, 0.0002, 0.0004, 0.0004, 0.0005]), 'lambdas': array([0.    , 0.0001, 0.0002, 0.0004, 0.0004, 0.0005]), 'gvals': array([12016.2348,  3481.8743,  2441.4411,  1411.7414,  1143.0274,
        1013.0367])}",diff_mean_tiny_covariance_gap,3
MY-large_mu,6,polynomial,"{'degree': 2, 'gamma': 0.0017035186347248033, 'coef0': 1.0}","polynomial(coef0=1.0, degree=2, gamma=0.0017035186347248033)",0.65,rbf,"{'C': 1.0, 'gamma': 'scale'}","{'thetas': array([0.    , 0.0001, 0.0009, 0.0014, 0.0016, 0.0023]), 'lambdas': array([0.    , 0.0001, 0.0009, 0.0014, 0.0016, 0.0023]), 'gvals': array([27571.2526,  3381.3646,   574.5686,   341.6673,   314.3414,
         209.9414])}",diff_mean_tiny_covariance_gap,3
MY-large_mu,6,sigmoid,"{'gamma': 0.0017035186347248033, 'coef0': 0.0}","sigmoid(coef0=0.0, gamma=0.0017035186347248033)",0.7625,rbf,"{'C': 1.0, 'gamma': 'scale'}","{'thetas': array([0.001 , 0.0025, 0.0068, 0.0118, 0.0143, 0.0231]), 'lambdas': array([0.001 , 0.0025, 0.0068, 0.0118, 0.0143, 0.0231]), 'gvals': array([489.8745, 197.5851,  70.8141,  39.5041,  32.3747,  19.2566])}",diff_mean_tiny_covariance_gap,3
MY-large_mu,7,linear,{},linear,0.8,rbf,"{'C': 0.5, 'gamma': 'scale'}","{'thetas': array([0.    , 0.    , 0.    , 0.    , 0.0005, 0.0013, 0.0037]), 'lambdas': array([0.    , 0.    , 0.    , 0.    , 0.0005, 0.0013, 0.0037]), 'gvals': array([2.5403e+09, 7.9270e+08, 6.2163e+08, 2.9286e+08, 9.4500e+02,
       3.8076e+02, 1.3249e+02])}",diff_mean_tiny_covariance_gap,3
MY-large_mu,7,rbf,{'gamma': 0.0017035186347248033},rbf(gamma=0.0017035186347248033),0.55,rbf,"{'C': 2.0, 'gamma': 0.5}","{'thetas': array([0.    , 0.    , 0.0001, 0.0001, 0.0002, 0.0004, 0.0005]), 'lambdas': array([0.    , 0.    , 0.0001, 0.0001, 0.0002, 0.0004, 0.0005]), 'gvals': array([27970.5803, 20352.288 ,  5509.2938,  3414.634 ,  2511.773 ,
        1231.687 ,   986.5258])}",diff_mean_tiny_covariance_gap,3
MY-large_mu,7,laplacian,{'gamma': 0.0017035186347248033},laplacian(gamma=0.0017035186347248033),0.5625,rbf,"{'C': 2.0, 'gamma': 0.5}","{'thetas': array([0.    , 0.    , 0.0001, 0.0001, 0.0002, 0.0004, 0.0004]), 'lambdas': array([0.    , 0.    , 0.0001, 0.0001, 0.0002, 0.0004, 0.0004]), 'gvals': array([26925.6149, 10732.9185,  5028.5398,  3586.2913,  2078.5074,
        1234.0467,  1173.9504])}",diff_mean_tiny_covariance_gap,3
MY-large_mu,7,polynomial,"{'degree': 2, 'gamma': 0.0017035186347248033, 'coef0': 1.0}","polynomial(coef0=1.0, degree=2, gamma=0.0017035186347248033)",0.6375,rbf,"{'C': 0.5, 'gamma': 0.5}","{'thetas': array([0.0002, 0.0008, 0.001 , 0.0023, 0.0037, 0.0045, 0.0051]), 'lambdas': array([0.0002, 0.0008, 0.001 , 0.0023, 0.0037, 0.0045, 0.0051]), 'gvals': array([2460.1362,  662.0337,  481.4849,  210.0804,  132.66  ,  107.7461,
         94.0754])}",diff_mean_tiny_covariance_gap,3
MY-large_mu,7,sigmoid,"{'gamma': 0.0017035186347248033, 'coef0': 0.0}","sigmoid(coef0=0.0, gamma=0.0017035186347248033)",0.8,rbf,"{'C': 0.5, 'gamma': 0.5}","{'thetas': array([0.0009, 0.0073, 0.0084, 0.0101, 0.0176, 0.0211, 0.0254]), 'lambdas': array([0.0009, 0.0073, 0.0084, 0.0101, 0.0176, 0.0211, 0.0254]), 'gvals': array([530.3463,  65.796 ,  56.4039,  46.8875,  25.8956,  21.2784,
        17.3533])}",diff_mean_tiny_covariance_gap,3
MY-large_mu,8,linear,{},linear,0.7,rbf,"{'C': 0.5, 'gamma': 'scale'}","{'thetas': array([0.    , 0.    , 0.    , 0.    , 0.0016, 0.0039, 0.0048, 0.0051]), 'lambdas': array([0.    , 0.    , 0.    , 0.    , 0.0016, 0.0039, 0.0048, 0.0051]), 'gvals': array([2.7497e+09, 6.2366e+08, 4.4117e+08, 3.9787e+08, 3.1641e+02,
       1.2446e+02, 1.0005e+02, 9.4820e+01])}",diff_mean_tiny_covariance_gap,3
MY-large_mu,8,rbf,{'gamma': 0.0017035186347248033},rbf(gamma=0.0017035186347248033),0.525,rbf,"{'C': 2.0, 'gamma': 0.5}","{'thetas': array([0.    , 0.    , 0.0001, 0.0001, 0.0001, 0.0003, 0.0004, 0.0007]), 'lambdas': array([0.    , 0.    , 0.0001, 0.0001, 0.0001, 0.0003, 0.0004, 0.0007]), 'gvals': array([37578.658 , 13761.0461,  8827.9422,  6501.3193,  3563.5586,
        1616.9748,  1107.3501,   728.7097])}",diff_mean_tiny_covariance_gap,3
MY-large_mu,8,laplacian,{'gamma': 0.0017035186347248033},laplacian(gamma=0.0017035186347248033),0.625,rbf,"{'C': 1.0, 'gamma': 0.5}","{'thetas': array([0.    , 0.0002, 0.0002, 0.0003, 0.0004, 0.0004, 0.0005, 0.0006]), 'lambdas': array([0.    , 0.0002, 0.0002, 0.0003, 0.0004, 0.0004, 0.0005, 0.0006]), 'gvals': array([110970.7643,   3298.2249,   2857.165 ,   1539.6364,   1313.3531,
         1248.6589,    910.7621,    902.544 ])}",diff_mean_tiny_covariance_gap,3
MY-large_mu,8,polynomial,"{'degree': 2, 'gamma': 0.0017035186347248033, 'coef0': 1.0}","polynomial(coef0=1.0, degree=2, gamma=0.0017035186347248033)",0.7,rbf,"{'C': 1.0, 'gamma': 0.5}","{'thetas': array([0.0005, 0.001 , 0.0018, 0.0019, 0.0025, 0.0037, 0.0056, 0.007 ]), 'lambdas': array([0.0005, 0.001 , 0.0018, 0.0019, 0.0025, 0.0037, 0.0056, 0.007 ]), 'gvals': array([1003.703 ,  501.5226,  267.4297,  266.252 ,  192.848 ,  131.3833,
         86.1364,   68.1974])}",diff_mean_tiny_covariance_gap,3
MY-large_mu,8,sigmoid,"{'gamma': 0.0017035186347248033, 'coef0': 0.0}","sigmoid(coef0=0.0, gamma=0.0017035186347248033)",0.725,rbf,"{'C': 0.5, 'gamma': 'scale'}","{'thetas': array([0.0028, 0.0039, 0.0091, 0.0139, 0.0172, 0.0222, 0.0249, 0.0273]), 'lambdas': array([0.0028, 0.0039, 0.0091, 0.0139, 0.0172, 0.0222, 0.0249, 0.0273]), 'gvals': array([177.4179, 125.4433,  51.8464,  33.2712,  26.4606,  20.1166,
        17.7731,  16.0126])}",diff_mean_tiny_covariance_gap,3
MY-large_mu,10,linear,{},linear,0.775,rbf,"{'C': 0.5, 'gamma': 'scale'}","{'thetas': array([0.    , 0.    , 0.    , 0.    , 0.0015, 0.0018, 0.0036, 0.004 ,
       0.0058, 0.0104]), 'lambdas': array([0.    , 0.    , 0.    , 0.    , 0.0015, 0.0018, 0.0036, 0.004 ,
       0.0058, 0.0104]), 'gvals': array([9.7048e+08, 7.0818e+08, 4.5427e+08, 4.1693e+08, 3.2647e+02,
       2.6950e+02, 1.3749e+02, 1.2277e+02, 8.3142e+01, 4.5319e+01])}",diff_mean_tiny_covariance_gap,3
MY-large_mu,10,rbf,{'gamma': 0.0017035186347248033},rbf(gamma=0.0017035186347248033),0.6625,rbf,"{'C': 2.0, 'gamma': 0.5}","{'thetas': array([0.    , 0.    , 0.    , 0.0001, 0.0001, 0.0003, 0.0004, 0.0005,
       0.0007, 0.0008]), 'lambdas': array([0.    , 0.    , 0.    , 0.0001, 0.0001, 0.0003, 0.0004, 0.0005,
       0.0007, 0.0008]), 'gvals': array([47421.2424, 18346.7347, 11122.7539,  6409.5079,  3547.9434,
        1944.8098,  1277.0449,  1085.75  ,   706.3507,   615.7453])}",diff_mean_tiny_covariance_gap,3
MY-large_mu,10,laplacian,{'gamma': 0.0017035186347248033},laplacian(gamma=0.0017035186347248033),0.7,rbf,"{'C': 1.0, 'gamma': 0.5}","{'thetas': array([0.    , 0.0001, 0.0001, 0.0001, 0.0003, 0.0004, 0.0006, 0.0007,
       0.0008, 0.001 ]), 'lambdas': array([0.    , 0.0001, 0.0001, 0.0001, 0.0003, 0.0004, 0.0006, 0.0007,
       0.0008, 0.001 ]), 'gvals': array([539322.8505,   7384.0044,   6394.8933,   3404.1464,   1446.568 ,
         1149.2779,    886.5504,    672.5868,    589.1382,    521.4955])}",diff_mean_tiny_covariance_gap,3
MY-large_mu,10,polynomial,"{'degree': 2, 'gamma': 0.0017035186347248033, 'coef0': 1.0}","polynomial(coef0=1.0, degree=2, gamma=0.0017035186347248033)",0.7375,rbf,"{'C': 0.5, 'gamma': 0.5}","{'thetas': array([0.0001, 0.0005, 0.0008, 0.002 , 0.0026, 0.0027, 0.0049, 0.0052,
       0.0068, 0.0076]), 'lambdas': array([0.0001, 0.0005, 0.0008, 0.002 , 0.0026, 0.0027, 0.0049, 0.0052,
       0.0068, 0.0076]), 'gvals': array([3525.9023, 1090.0642,  586.8536,  250.827 ,  191.5384,  183.3634,
         98.9248,   92.7422,   70.6464,   62.8478])}",diff_mean_tiny_covariance_gap,3
MY-large_mu,10,sigmoid,"{'gamma': 0.0017035186347248033, 'coef0': 0.0}","sigmoid(coef0=0.0, gamma=0.0017035186347248033)",0.75,rbf,"{'C': 0.5, 'gamma': 'scale'}","{'thetas': array([0.0005, 0.0011, 0.0037, 0.0082, 0.0123, 0.0189, 0.0223, 0.0258,
       0.0306, 0.0396]), 'lambdas': array([0.0005, 0.0011, 0.0037, 0.0082, 0.0123, 0.0189, 0.0223, 0.0258,
       0.0306, 0.0396]), 'gvals': array([944.0468, 468.0109, 131.9157,  58.3792,  37.8681,  24.0101,
        19.9924,  17.0501,  14.1164,  10.5137])}",diff_mean_tiny_covariance_gap,3
MY-large_mu,12,linear,{},linear,0.7625,rbf,"{'C': 1.0, 'gamma': 'scale'}","{'thetas': array([0.    , 0.    , 0.    , 0.    , 0.    , 0.    , 0.0018, 0.0025,
       0.0036, 0.0057, 0.0066, 0.0083]), 'lambdas': array([0.    , 0.    , 0.    , 0.    , 0.    , 0.    , 0.0018, 0.0025,
       0.0036, 0.0057, 0.0066, 0.0083]), 'gvals': array([1.2881e+09, 1.0577e+09, 6.8128e+08, 4.0465e+08, 2.4204e+08,
       1.8697e+08, 2.7623e+02, 1.9614e+02, 1.3493e+02, 8.4217e+01,
       7.2473e+01, 5.7512e+01])}",diff_mean_tiny_covariance_gap,3
MY-large_mu,12,rbf,{'gamma': 0.0017035186347248033},rbf(gamma=0.0017035186347248033),0.55,rbf,"{'C': 2.0, 'gamma': 0.5}","{'thetas': array([0.    , 0.0001, 0.0001, 0.0001, 0.0002, 0.0004, 0.0005, 0.0005,
       0.0007, 0.0009, 0.001 , 0.0011]), 'lambdas': array([0.    , 0.0001, 0.0001, 0.0001, 0.0002, 0.0004, 0.0005, 0.0005,
       0.0007, 0.0009, 0.001 , 0.0011]), 'gvals': array([1231759.8936,    7260.8048,    5539.9279,    3981.713 ,
          2661.1582,    1244.7932,    1025.857 ,     907.8444,
           710.963 ,     524.6782,     505.6629,     434.3318])}",diff_mean_tiny_covariance_gap,3
MY-large_mu,12,laplacian,{'gamma': 0.0017035186347248033},laplacian(gamma=0.0017035186347248033),0.55,rbf,"{'C': 2.0, 'gamma': 0.5}","{'thetas': array([0.    , 0.    , 0.0001, 0.0001, 0.0002, 0.0003, 0.0004, 0.0005,
       0.0006, 0.0007, 0.0008, 0.001 ]), 'lambdas': array([0.    , 0.    , 0.0001, 0.0001, 0.0002, 0.0003, 0.0004, 0.0005,
       0.0006, 0.0007, 0.0008, 0.001 ]), 'gvals': array([197653.7503,  17019.729 ,   7400.9708,   3869.9961,   2602.2368,
         1801.1812,   1332.1163,   1073.9022,    793.6066,    763.3204,
          620.3926,    514.3575])}",diff_mean_tiny_covariance_gap,3
MY-large_mu,12,polynomial,"{'degree': 2, 'gamma': 0.0017035186347248033, 'coef0': 1.0}","polynomial(coef0=1.0, degree=2, gamma=0.0017035186347248033)",0.7125,rbf,"{'C': 0.5, 'gamma': 0.5}","{'thetas': array([0.0002, 0.0007, 0.0011, 0.0016, 0.0023, 0.0024, 0.0035, 0.0037,
       0.0051, 0.006 , 0.0069, 0.0076]), 'lambdas': array([0.0002, 0.0007, 0.0011, 0.0016, 0.0023, 0.0024, 0.0035, 0.0037,
       0.0051, 0.006 , 0.0069, 0.0076]), 'gvals': array([2172.886 ,  726.6925,  461.0613,  307.5378,  209.3988,  203.1916,
        138.0271,  130.0558,   94.6547,   80.2103,   69.7843,   62.8192])}",diff_mean_tiny_covariance_gap,3
MY-large_mu,12,sigmoid,"{'gamma': 0.0017035186347248033, 'coef0': 0.0}","sigmoid(coef0=0.0, gamma=0.0017035186347248033)",0.775,rbf,"{'C': 0.5, 'gamma': 'scale'}","{'thetas': array([0.002 , 0.0053, 0.008 , 0.0104, 0.0117, 0.0146, 0.0197, 0.0231,
       0.0266, 0.0323, 0.0333, 0.052 ]), 'lambdas': array([0.002 , 0.0053, 0.008 , 0.0104, 0.0117, 0.0146, 0.0197, 0.0231,
       0.0266, 0.0323, 0.0333, 0.052 ]), 'gvals': array([242.651 ,  91.5995,  59.948 ,  45.1022,  39.9177,  31.7384,
        22.9777,  19.259 ,  16.4672,  13.2715,  12.8108,   7.6334])}",diff_mean_tiny_covariance_gap,3
MY-large_mu,14,linear,{},linear,0.7125,rbf,"{'C': 0.5, 'gamma': 'scale'}","{'thetas': array([0.    , 0.    , 0.    , 0.    , 0.001 , 0.0012, 0.0019, 0.0041,
       0.0064, 0.0081, 0.0106, 0.0123, 0.0158, 0.019 ]), 'lambdas': array([0.    , 0.    , 0.    , 0.    , 0.001 , 0.0012, 0.0019, 0.0041,
       0.0064, 0.0081, 0.0106, 0.0123, 0.0158, 0.019 ]), 'gvals': array([3.0196e+09, 2.9058e+09, 1.6087e+09, 2.3345e+08, 4.7570e+02,
       4.1054e+02, 2.5342e+02, 1.1746e+02, 7.5449e+01, 5.8653e+01,
       4.4534e+01, 3.7977e+01, 2.9160e+01, 2.3838e+01])}",diff_mean_tiny_covariance_gap,3
MY-large_mu,14,rbf,{'gamma': 0.0017035186347248033},rbf(gamma=0.0017035186347248033),0.6625,rbf,"{'C': 2.0, 'gamma': 0.5}","{'thetas': array([0.    , 0.    , 0.    , 0.0002, 0.0003, 0.0005, 0.0005, 0.0007,
       0.0008, 0.0009, 0.0011, 0.0014, 0.0017, 0.0019]), 'lambdas': array([0.    , 0.    , 0.    , 0.0002, 0.0003, 0.0005, 0.0005, 0.0007,
       0.0008, 0.0009, 0.0011, 0.0014, 0.0017, 0.0019]), 'gvals': array([31102.9812, 17752.0627, 11964.9047,  2355.002 ,  1886.8518,
        1074.5378,  1040.7299,   703.1196,   646.7184,   564.056 ,
         461.75  ,   345.4871,   292.4466,   254.1531])}",diff_mean_tiny_covariance_gap,3
MY-large_mu,14,laplacian,{'gamma': 0.0017035186347248033},laplacian(gamma=0.0017035186347248033),0.675,rbf,"{'C': 2.0, 'gamma': 0.5}","{'thetas': array([0.    , 0.    , 0.0001, 0.0003, 0.0004, 0.0005, 0.0005, 0.0006,
       0.0008, 0.001 , 0.001 , 0.0012, 0.0014, 0.0017]), 'lambdas': array([0.    , 0.    , 0.0001, 0.0003, 0.0004, 0.0005, 0.0005, 0.0006,
       0.0008, 0.001 , 0.001 , 0.0012, 0.0014, 0.0017]), 'gvals': array([15879.246 , 10935.1669,  3406.3025,  1924.2285,  1310.0884,
        1067.4302,  1028.3072,   838.2157,   627.2793,   499.0047,
         474.6514,   406.9281,   352.4218,   298.8877])}",diff_mean_tiny_covariance_gap,3
MY-large_mu,14,polynomial,"{'degree': 2, 'gamma': 0.0017035186347248033, 'coef0': 1.0}","polynomial(coef0=1.0, degree=2, gamma=0.0017035186347248033)",0.75,rbf,"{'C': 1.0, 'gamma': 0.5}","{'thetas': array([0.0001, 0.0007, 0.001 , 0.0013, 0.0016, 0.0019, 0.0026, 0.0043,
       0.0047, 0.0059, 0.0066, 0.0081, 0.0109, 0.0128]), 'lambdas': array([0.0001, 0.0007, 0.001 , 0.0013, 0.0016, 0.0019, 0.0026, 0.0043,
       0.0047, 0.0059, 0.0066, 0.0081, 0.0109, 0.0128]), 'gvals': array([7451.3495,  722.3851,  514.4044,  373.8208,  315.1451,  257.4376,
        189.2158,  112.0862,  102.7841,   82.1008,   73.0435,   58.5756,
         43.1621,   36.2967])}",diff_mean_tiny_covariance_gap,3
MY-large_mu,14,sigmoid,"{'gamma': 0.0017035186347248033, 'coef0': 0.0}","sigmoid(coef0=0.0, gamma=0.0017035186347248033)",0.75,rbf,"{'C': 1.0, 'gamma': 'scale'}","{'thetas': array([      0.0011,       0.0045,       0.0092,       0.0122,
             0.0176,       0.0228,       0.0231,       0.0276,
             0.0331,       0.045 ,       0.051 , 5127599.9321,
       5008499.6352, 4331117.3719]), 'lambdas': array([      0.0011,       0.0045,       0.0092,       0.0122,
             0.0176,       0.0228,       0.0231,       0.0276,
             0.0331,       0.045 ,       0.051 , 5127599.9321,
       5008499.6352, 4331117.3719]), 'gvals': array([459.0235, 108.4365,  51.5424,  38.2799,  25.9634,  19.5396,
        19.24  ,  15.8432,  12.9181,   9.0582,   7.8198,   7.2251,
         7.2133,   7.1407])}",diff_mean_tiny_covariance_gap,3
MY-large_mu,16,linear,{},linear,0.7375,rbf,"{'C': 0.5, 'gamma': 'scale'}","{'thetas': array([0.    , 0.    , 0.    , 0.    , 0.    , 0.    , 0.0003, 0.0018,
       0.0027, 0.0032, 0.0048, 0.0069, 0.0082, 0.0098, 0.0117, 0.0121]), 'lambdas': array([0.    , 0.    , 0.    , 0.    , 0.    , 0.    , 0.0003, 0.0018,
       0.0027, 0.0032, 0.0048, 0.0069, 0.0082, 0.0098, 0.0117, 0.0121]), 'gvals': array([1.6047e+09, 1.1227e+09, 1.0122e+09, 6.4354e+08, 6.1672e+08,
       2.9482e+08, 1.5808e+03, 2.7120e+02, 1.8376e+02, 1.5263e+02,
       1.0155e+02, 6.9952e+01, 5.7864e+01, 4.8141e+01, 3.9997e+01,
       3.8557e+01])}",diff_mean_tiny_covariance_gap,3
MY-large_mu,16,rbf,{'gamma': 0.0017035186347248033},rbf(gamma=0.0017035186347248033),0.65,rbf,"{'C': 2.0, 'gamma': 0.5}","{'thetas': array([0.0001, 0.0001, 0.0001, 0.0002, 0.0002, 0.0003, 0.0005, 0.0008,
       0.0009, 0.0011, 0.0013, 0.0013, 0.0015, 0.0018, 0.0019, 0.0022]), 'lambdas': array([0.0001, 0.0001, 0.0001, 0.0002, 0.0002, 0.0003, 0.0005, 0.0008,
       0.0009, 0.0011, 0.0013, 0.0013, 0.0015, 0.0018, 0.0019, 0.0022]), 'gvals': array([9025.5465, 4273.0264, 3563.1417, 2931.6246, 2269.2358, 1461.1627,
        933.1202,  631.9554,  523.972 ,  438.5367,  388.9232,  384.9156,
        331.1123,  281.9022,  253.8455,  218.9368])}",diff_mean_tiny_covariance_gap,3
MY-large_mu,16,laplacian,{'gamma': 0.0017035186347248033},laplacian(gamma=0.0017035186347248033),0.65,rbf,"{'C': 1.0, 'gamma': 0.5}","{'thetas': array([0.    , 0.0001, 0.0001, 0.0002, 0.0002, 0.0003, 0.0005, 0.0006,
       0.0008, 0.0009, 0.0012, 0.0012, 0.0013, 0.0015, 0.0017, 0.0018]), 'lambdas': array([0.    , 0.0001, 0.0001, 0.0002, 0.0002, 0.0003, 0.0005, 0.0006,
       0.0008, 0.0009, 0.0012, 0.0012, 0.0013, 0.0015, 0.0017, 0.0018]), 'gvals': array([12037.2456,  7341.8287,  3595.7056,  2976.5984,  2419.0498,
        1570.7799,  1058.8405,   800.7214,   622.2232,   552.3118,
         419.2486,   416.1608,   382.268 ,   330.1982,   289.0515,
         272.2872])}",diff_mean_tiny_covariance_gap,3
MY-large_mu,16,polynomial,"{'degree': 2, 'gamma': 0.0017035186347248033, 'coef0': 1.0}","polynomial(coef0=1.0, degree=2, gamma=0.0017035186347248033)",0.75,rbf,"{'C': 2.0, 'gamma': 0.5}","{'thetas': array([0.0006, 0.0008, 0.0016, 0.0023, 0.0025, 0.003 , 0.0048, 0.005 ,
       0.0064, 0.0066, 0.0085, 0.0089, 0.0106, 0.0124, 0.0155, 0.0176]), 'lambdas': array([0.0006, 0.0008, 0.0016, 0.0023, 0.0025, 0.003 , 0.0048, 0.005 ,
       0.0064, 0.0066, 0.0085, 0.0089, 0.0106, 0.0124, 0.0155, 0.0176]), 'gvals': array([829.5011, 590.3971, 317.3878, 214.9746, 192.6228, 162.8827,
       101.2175,  96.5942,  75.4901,  72.9617,  55.8079,  53.6314,
        44.3358,  37.6803,  29.7174,  25.8898])}",diff_mean_tiny_covariance_gap,3
MY-large_mu,16,sigmoid,"{'gamma': 0.0017035186347248033, 'coef0': 0.0}","sigmoid(coef0=0.0, gamma=0.0017035186347248033)",0.675,rbf,"{'C': 0.5, 'gamma': 'scale'}","{'thetas': array([      0.0004,       0.0025,       0.0038,       0.0068,
             0.0095,       0.012 ,       0.0144,       0.0171,
             0.0199,       0.0297,       0.0324,       0.0413,
       5313507.4126, 5040122.6896, 4420842.8282, 4167658.8589]), 'lambdas': array([      0.0004,       0.0025,       0.0038,       0.0068,
             0.0095,       0.012 ,       0.0144,       0.0171,
             0.0199,       0.0297,       0.0324,       0.0413,
       5313507.4126, 5040122.6896, 4420842.8282, 4167658.8589]), 'gvals': array([1354.9744,  197.0685,  128.6581,   71.0297,   49.8121,   38.9116,
         32.074 ,   26.7146,   22.6218,   14.5545,   13.2144,   10.015 ,
          7.2429,    7.2165,    7.1509,    7.1214])}",diff_mean_tiny_covariance_gap,3
MY-large_mu,20,linear,{},linear,0.75,rbf,"{'C': 1.0, 'gamma': 'scale'}","{'thetas': array([0.    , 0.    , 0.    , 0.0006, 0.0015, 0.0029, 0.0041, 0.0053,
       0.0068, 0.0082, 0.0119, 0.0132, 0.0164, 0.0208, 0.0236, 0.0252,
       0.0303, 0.0366, 0.0386, 0.0409]), 'lambdas': array([0.    , 0.    , 0.    , 0.0006, 0.0015, 0.0029, 0.0041, 0.0053,
       0.0068, 0.0082, 0.0119, 0.0132, 0.0164, 0.0208, 0.0236, 0.0252,
       0.0303, 0.0366, 0.0386, 0.0409]), 'gvals': array([2.2200e+09, 9.2688e+08, 7.2506e+08, 8.1895e+02, 3.2428e+02,
       1.6624e+02, 1.1954e+02, 9.1032e+01, 7.0184e+01, 5.8424e+01,
       3.9271e+01, 3.5246e+01, 2.7913e+01, 2.1585e+01, 1.8790e+01,
       1.7530e+01, 1.4241e+01, 1.1494e+01, 1.0823e+01, 1.0136e+01])}",diff_mean_tiny_covariance_gap,3
MY-large_mu,20,rbf,{'gamma': 0.0017035186347248033},rbf(gamma=0.0017035186347248033),0.6125,rbf,"{'C': 0.5, 'gamma': 0.5}","{'thetas': array([0.    , 0.    , 0.0001, 0.0001, 0.0002, 0.0002, 0.0003, 0.0004,
       0.0005, 0.0007, 0.0008, 0.001 , 0.0013, 0.0015, 0.002 , 0.0022,
       0.0023, 0.003 , 0.0034, 0.0035]), 'lambdas': array([0.    , 0.    , 0.0001, 0.0001, 0.0002, 0.0002, 0.0003, 0.0004,
       0.0005, 0.0007, 0.0008, 0.001 , 0.0013, 0.0015, 0.002 , 0.0022,
       0.0023, 0.003 , 0.0034, 0.0035]), 'gvals': array([63582.706 , 14332.558 ,  7653.7687,  5123.2122,  2727.6891,
        2186.0308,  1552.5541,  1307.2471,  1094.5647,   679.1498,
         596.6474,   490.586 ,   387.7357,   322.8258,   251.9263,
         224.3939,   211.6061,   164.6934,   145.3279,   139.8741])}",diff_mean_tiny_covariance_gap,3
MY-large_mu,20,laplacian,{'gamma': 0.0017035186347248033},laplacian(gamma=0.0017035186347248033),0.7,rbf,"{'C': 2.0, 'gamma': 0.5}","{'thetas': array([0.0001, 0.0002, 0.0002, 0.0002, 0.0003, 0.0004, 0.0005, 0.0007,
       0.0009, 0.001 , 0.0013, 0.0014, 0.0017, 0.0019, 0.0022, 0.0022,
       0.0026, 0.0029, 0.0031, 0.0033]), 'lambdas': array([0.0001, 0.0002, 0.0002, 0.0002, 0.0003, 0.0004, 0.0005, 0.0007,
       0.0009, 0.001 , 0.0013, 0.0014, 0.0017, 0.0019, 0.0022, 0.0022,
       0.0026, 0.0029, 0.0031, 0.0033]), 'gvals': array([8052.0701, 3194.1095, 2776.6489, 2136.2369, 1621.2865, 1192.8508,
        948.4716,  727.4189,  570.4862,  481.585 ,  394.4498,  349.4198,
        293.6778,  257.5888,  226.2568,  219.6016,  191.4506,  168.2654,
        156.7344,  149.6895])}",diff_mean_tiny_covariance_gap,3
MY-large_mu,20,polynomial,"{'degree': 2, 'gamma': 0.0017035186347248033, 'coef0': 1.0}","polynomial(coef0=1.0, degree=2, gamma=0.0017035186347248033)",0.7625,rbf,"{'C': 0.5, 'gamma': 0.5}","{'thetas': array([0.    , 0.0002, 0.0004, 0.0009, 0.0014, 0.0018, 0.0023, 0.0034,
       0.0047, 0.0054, 0.0065, 0.0081, 0.0088, 0.0115, 0.0135, 0.0139,
       0.0164, 0.0178, 0.0188, 0.0212]), 'lambdas': array([0.    , 0.0002, 0.0004, 0.0009, 0.0014, 0.0018, 0.0023, 0.0034,
       0.0047, 0.0054, 0.0065, 0.0081, 0.0088, 0.0115, 0.0135, 0.0139,
       0.0164, 0.0178, 0.0188, 0.0212]), 'gvals': array([35183.9371,  3040.3637,  1116.9477,   581.762 ,   355.612 ,
         273.3126,   215.0707,   143.5081,   103.9369,    88.8543,
          74.1048,    58.9984,    53.6497,    40.871 ,    34.4661,
          33.3404,    28.0205,    25.5872,    24.1441,    21.1491])}",diff_mean_tiny_covariance_gap,3
MY-large_mu,20,sigmoid,"{'gamma': 0.0017035186347248033, 'coef0': 0.0}","sigmoid(coef0=0.0, gamma=0.0017035186347248033)",0.725,poly,"{'C': 1.0, 'gamma': 'scale', 'degree': 2, 'coef0': 1.0}","{'thetas': array([      0.0016,       0.0039,       0.0066,       0.0121,
             0.015 ,       0.0204,       0.0235,       0.0317,
             0.0362,       0.0383,       0.0401, 5208360.6128,
       4468013.6701, 4306603.4336, 3699667.1229, 3081895.9264,
       2924482.6708,       0.0564, 2640251.7487, 2321267.6456]), 'lambdas': array([      0.0016,       0.0039,       0.0066,       0.0121,
             0.015 ,       0.0204,       0.0235,       0.0317,
             0.0362,       0.0383,       0.0401, 5208360.6128,
       4468013.6701, 4306603.4336, 3699667.1229, 3081895.9264,
       2924482.6708,       0.0564, 2640251.7487, 2321267.6456]), 'gvals': array([315.166 , 123.7586,  73.0274,  38.4483,  30.7557,  22.1166,
        18.9039,  13.5239,  11.656 ,  10.9214,  10.3539,   7.2329,
         7.1562,   7.1378,   7.0619,   6.9705,   6.9443,   6.9218,
         6.8932,   6.8288])}",diff_mean_tiny_covariance_gap,3
MY-large_mu,24,linear,{},linear,0.725,rbf,"{'C': 2.0, 'gamma': 'scale'}","{'thetas': array([      0.    ,       0.    ,       0.    ,       0.    ,
             0.0004,       0.0011,       0.0029,       0.0048,
             0.006 ,       0.0072,       0.0108,       0.0126,
             0.013 ,       0.0138,       0.0159,       0.022 ,
             0.023 ,       0.0334,       0.0365,       0.0367,
             0.0398,       0.0484,       0.0505, 7329415.3807]), 'lambdas': array([      0.    ,       0.    ,       0.    ,       0.    ,
             0.0004,       0.0011,       0.0029,       0.0048,
             0.006 ,       0.0072,       0.0108,       0.0126,
             0.013 ,       0.0138,       0.0159,       0.022 ,
             0.023 ,       0.0334,       0.0365,       0.0367,
             0.0398,       0.0484,       0.0505, 7329415.3807]), 'gvals': array([3.3204e+09, 1.8181e+09, 6.3140e+08, 3.6899e+08, 1.1252e+03,
       4.4916e+02, 1.6898e+02, 1.0204e+02, 8.0009e+01, 6.6216e+01,
       4.3722e+01, 3.6920e+01, 3.5861e+01, 3.3523e+01, 2.8922e+01,
       2.0328e+01, 1.9359e+01, 1.2777e+01, 1.1547e+01, 1.1464e+01,
       1.0454e+01, 8.3167e+00, 7.9095e+00, 7.4037e+00])}",diff_mean_tiny_covariance_gap,3
MY-large_mu,24,rbf,{'gamma': 0.0017035186347248033},rbf(gamma=0.0017035186347248033),0.6,rbf,"{'C': 1.0, 'gamma': 0.5}","{'thetas': array([0.    , 0.    , 0.0001, 0.0001, 0.0002, 0.0002, 0.0003, 0.0004,
       0.0005, 0.0008, 0.0009, 0.0011, 0.0012, 0.0015, 0.0016, 0.002 ,
       0.0022, 0.0025, 0.0029, 0.0033, 0.0037, 0.0039, 0.0046, 0.0048]), 'lambdas': array([0.    , 0.    , 0.0001, 0.0001, 0.0002, 0.0002, 0.0003, 0.0004,
       0.0005, 0.0008, 0.0009, 0.0011, 0.0012, 0.0015, 0.0016, 0.002 ,
       0.0022, 0.0025, 0.0029, 0.0033, 0.0037, 0.0039, 0.0046, 0.0048]), 'gvals': array([97047.5598, 12124.4737,  5832.3127,  4577.1657,  2989.2797,
        2189.5799,  1628.5666,  1131.0766,  1032.5175,   608.7474,
         545.3377,   451.3604,   425.1122,   339.7288,   317.4635,
         250.5579,   218.9202,   195.6456,   169.0699,   147.2815,
         132.3014,   125.7469,   104.4662,    99.9298])}",diff_mean_tiny_covariance_gap,3
MY-large_mu,24,laplacian,{'gamma': 0.0017035186347248033},laplacian(gamma=0.0017035186347248033),0.7125,rbf,"{'C': 2.0, 'gamma': 0.5}","{'thetas': array([0.0001, 0.0001, 0.0003, 0.0003, 0.0005, 0.0006, 0.0006, 0.0007,
       0.0009, 0.001 , 0.0011, 0.0012, 0.0014, 0.0016, 0.0021, 0.0022,
       0.0025, 0.0027, 0.003 , 0.003 , 0.0035, 0.0036, 0.004 , 0.0044]), 'lambdas': array([0.0001, 0.0001, 0.0003, 0.0003, 0.0005, 0.0006, 0.0006, 0.0007,
       0.0009, 0.001 , 0.0011, 0.0012, 0.0014, 0.0016, 0.0021, 0.0022,
       0.0025, 0.0027, 0.003 , 0.003 , 0.0035, 0.0036, 0.004 , 0.0044]), 'gvals': array([8736.1844, 5882.9655, 1991.3839, 1614.2802,  975.4933,  877.5209,
        870.723 ,  740.9368,  540.4281,  512.8461,  464.5336,  404.5352,
        352.8361,  307.8966,  237.9676,  224.5228,  200.1538,  184.5689,
        165.5581,  162.9641,  138.0663,  134.3476,  122.0838,  109.6463])}",diff_mean_tiny_covariance_gap,3
MY-large_mu,24,polynomial,"{'degree': 2, 'gamma': 0.0017035186347248033, 'coef0': 1.0}","polynomial(coef0=1.0, degree=2, gamma=0.0017035186347248033)",0.675,rbf,"{'C': 2.0, 'gamma': 0.5}","{'thetas': array([0.0003, 0.0004, 0.0007, 0.0018, 0.0021, 0.003 , 0.0033, 0.0046,
       0.0055, 0.0063, 0.007 , 0.0075, 0.0099, 0.0116, 0.0143, 0.0155,
       0.0173, 0.0186, 0.0217, 0.022 , 0.0242, 0.026 , 0.0332, 0.0347]), 'lambdas': array([0.0003, 0.0004, 0.0007, 0.0018, 0.0021, 0.003 , 0.0033, 0.0046,
       0.0055, 0.0063, 0.007 , 0.0075, 0.0099, 0.0116, 0.0143, 0.0155,
       0.0173, 0.0186, 0.0217, 0.022 , 0.0242, 0.026 , 0.0332, 0.0347]), 'gvals': array([1750.694 , 1253.5469,  673.1677,  268.2094,  230.548 ,  165.7143,
        150.2956,  104.5451,   88.5668,   76.012 ,   68.8979,   63.4636,
         47.5517,   40.2294,   32.4499,   29.6664,   26.3449,   24.3709,
         20.6062,   20.3491,   18.2729,   16.8904,   12.8684,   12.2363])}",diff_mean_tiny_covariance_gap,3
MY-large_mu,24,sigmoid,"{'gamma': 0.0017035186347248033, 'coef0': 0.0}","sigmoid(coef0=0.0, gamma=0.0017035186347248033)",0.7125,rbf,"{'C': 2.0, 'gamma': 'scale'}","{'thetas': array([      0.0046,       0.0062,       0.0086,       0.0129,
             0.0149,       0.0185,       0.0199,       0.0252,
             0.0335,       0.0345,       0.0434,       0.0498,
       6282579.1446, 5304316.1896, 4969568.0612, 4315887.434 ,
       4013637.0993, 3707423.0238, 3170793.9024,       0.0561,
       3041224.9855, 2755378.0781, 2523963.1968, 2110692.0906]), 'lambdas': array([      0.0046,       0.0062,       0.0086,       0.0129,
             0.0149,       0.0185,       0.0199,       0.0252,
             0.0335,       0.0345,       0.0434,       0.0498,
       6282579.1446, 5304316.1896, 4969568.0612, 4315887.434 ,
       4013637.0993, 3707423.0238, 3170793.9024,       0.0561,
       3041224.9855, 2755378.0781, 2523963.1968, 2110692.0906]), 'gvals': array([105.446 ,  77.4511,  55.4158,  35.9933,  31.0408,  24.5469,
        22.6211,  17.4942,  12.7429,  12.2987,   9.4436,   8.0485,
         7.3266,   7.242 ,   7.2094,   7.1389,   7.1026,   7.0629,
         6.9847,   6.9772,   6.9639,   6.9145,   6.8707,   6.7813])}",diff_mean_tiny_covariance_gap,3
MY-large_mu,28,linear,{},linear,0.7125,poly,"{'C': 2.0, 'gamma': 'scale', 'degree': 2, 'coef0': 1.0}","{'thetas': array([      0.    ,       0.0004,       0.0016,       0.0029,
             0.0044,       0.0061,       0.0091,       0.0096,
             0.013 ,       0.0149,       0.0199,       0.0222,
             0.0267,       0.0282,       0.0329,       0.0413,
             0.0472,       0.0507, 6281097.2951, 5971972.4295,
       5507964.6689, 4963224.8836, 4537465.1128, 4027595.5664,
       3900176.9939, 3410699.4471, 3200428.5959, 2704814.0451]), 'lambdas': array([      0.    ,       0.0004,       0.0016,       0.0029,
             0.0044,       0.0061,       0.0091,       0.0096,
             0.013 ,       0.0149,       0.0199,       0.0222,
             0.0267,       0.0282,       0.0329,       0.0413,
             0.0472,       0.0507, 6281097.2951, 5971972.4295,
       5507964.6689, 4963224.8836, 4537465.1128, 4027595.5664,
       3900176.9939, 3410699.4471, 3200428.5959, 2704814.0451]), 'gvals': array([1.6176e+08, 1.1521e+03, 3.1100e+02, 1.6650e+02, 1.1113e+02,
       7.8490e+01, 5.1951e+01, 4.9212e+01, 3.5693e+01, 3.0884e+01,
       2.2666e+01, 2.0070e+01, 1.6418e+01, 1.5433e+01, 1.2998e+01,
       1.0019e+01, 8.5569e+00, 7.8630e+00, 7.3265e+00, 7.3013e+00,
       7.2609e+00, 7.2088e+00, 7.1639e+00, 7.1043e+00, 7.0883e+00,
       7.0212e+00, 6.9894e+00, 6.9053e+00])}",diff_mean_tiny_covariance_gap,3
MY-large_mu,28,rbf,{'gamma': 0.0017035186347248033},rbf(gamma=0.0017035186347248033),0.7,rbf,"{'C': 0.5, 'gamma': 0.5}","{'thetas': array([0.    , 0.0001, 0.0002, 0.0003, 0.0004, 0.0005, 0.0007, 0.0007,
       0.001 , 0.0014, 0.0015, 0.0017, 0.0021, 0.0024, 0.0027, 0.003 ,
       0.0035, 0.0037, 0.0041, 0.0044, 0.0051, 0.0055, 0.006 , 0.0065,
       0.0066, 0.0069, 0.0078, 0.0086]), 'lambdas': array([0.    , 0.0001, 0.0002, 0.0003, 0.0004, 0.0005, 0.0007, 0.0007,
       0.001 , 0.0014, 0.0015, 0.0017, 0.0021, 0.0024, 0.0027, 0.003 ,
       0.0035, 0.0037, 0.0041, 0.0044, 0.0051, 0.0055, 0.006 , 0.0065,
       0.0066, 0.0069, 0.0078, 0.0086]), 'gvals': array([10799.2068,  4529.9036,  2536.8525,  1802.1728,  1186.2043,
        1096.9249,   742.9559,   675.2972,   514.9175,   366.055 ,
         340.5515,   297.2997,   232.8515,   208.8575,   183.2184,
         165.609 ,   141.4058,   130.8724,   117.8671,   110.0149,
          95.4681,    88.4693,    80.2406,    74.2946,    72.4182,
          69.4107,    61.1497,    54.9341])}",diff_mean_tiny_covariance_gap,3
MY-large_mu,28,laplacian,{'gamma': 0.0017035186347248033},laplacian(gamma=0.0017035186347248033),0.7375,rbf,"{'C': 1.0, 'gamma': 0.5}","{'thetas': array([0.    , 0.0002, 0.0002, 0.0003, 0.0004, 0.0006, 0.0007, 0.0008,
       0.0009, 0.0009, 0.0013, 0.0015, 0.0016, 0.0019, 0.0022, 0.0024,
       0.0025, 0.0029, 0.003 , 0.0036, 0.0039, 0.0039, 0.0048, 0.0049,
       0.0058, 0.0066, 0.0067, 0.0076]), 'lambdas': array([0.    , 0.0002, 0.0002, 0.0003, 0.0004, 0.0006, 0.0007, 0.0008,
       0.0009, 0.0009, 0.0013, 0.0015, 0.0016, 0.0019, 0.0022, 0.0024,
       0.0025, 0.0029, 0.003 , 0.0036, 0.0039, 0.0039, 0.0048, 0.0049,
       0.0058, 0.0066, 0.0067, 0.0076]), 'gvals': array([11838.9474,  2902.1437,  2741.4954,  1923.5597,  1327.0279,
         852.6632,   754.0868,   657.7362,   563.922 ,   523.2066,
         388.9745,   329.7223,   310.6766,   259.2102,   222.0879,
         203.3016,   195.6091,   168.6403,   163.1328,   136.2609,
         125.4758,   123.7643,   101.6462,    98.2775,    83.8154,
          72.8441,    71.2223,    62.6764])}",diff_mean_tiny_covariance_gap,3
MY-large_mu,28,polynomial,"{'degree': 2, 'gamma': 0.0017035186347248033, 'coef0': 1.0}","polynomial(coef0=1.0, degree=2, gamma=0.0017035186347248033)",0.6875,rbf,"{'C': 0.5, 'gamma': 0.5}","{'thetas': array([0.0001, 0.0005, 0.0009, 0.0009, 0.0019, 0.0023, 0.0031, 0.0042,
       0.0058, 0.0066, 0.0076, 0.0101, 0.0108, 0.0136, 0.015 , 0.0158,
       0.0183, 0.0203, 0.0213, 0.0232, 0.0239, 0.0278, 0.0299, 0.0338,
       0.0346, 0.0382, 0.0414, 0.0439]), 'lambdas': array([0.0001, 0.0005, 0.0009, 0.0009, 0.0019, 0.0023, 0.0031, 0.0042,
       0.0058, 0.0066, 0.0076, 0.0101, 0.0108, 0.0136, 0.015 , 0.0158,
       0.0183, 0.0203, 0.0213, 0.0232, 0.0239, 0.0278, 0.0299, 0.0338,
       0.0346, 0.0382, 0.0414, 0.0439]), 'gvals': array([4493.8577,  990.6033,  579.884 ,  533.7192,  255.5682,  216.3337,
        160.0825,  116.5719,   82.3995,   73.3138,   62.7386,   46.5096,
         43.3738,   34.2094,   30.8283,   29.0831,   24.8656,   22.1447,
         21.0185,   19.1683,   18.5189,   15.6848,   14.4426,   12.6075,
         12.2616,   10.9632,    9.9749,    9.3186])}",diff_mean_tiny_covariance_gap,3
MY-large_mu,28,sigmoid,"{'gamma': 0.0017035186347248033, 'coef0': 0.0}","sigmoid(coef0=0.0, gamma=0.0017035186347248033)",0.8125,rbf,"{'C': 1.0, 'gamma': 'scale'}","{'thetas': array([      0.0023,       0.004 ,       0.0099,       0.0112,
             0.013 ,       0.017 ,       0.0273,       0.0321,
             0.0349,       0.0437,       0.0516, 5538556.1591,
       4962147.4852, 4448497.3665, 4316315.2551, 3681257.9931,
       3237814.5424, 3115753.6842, 2702451.8529, 2458603.05  ,
       2394991.367 , 1865097.6533, 1784036.3657, 1717392.2686,
       1543610.5157, 1469047.7025, 1432820.804 , 1323026.3959]), 'lambdas': array([      0.0023,       0.004 ,       0.0099,       0.0112,
             0.013 ,       0.017 ,       0.0273,       0.0321,
             0.0349,       0.0437,       0.0516, 5538556.1591,
       4962147.4852, 4448497.3665, 4316315.2551, 3681257.9931,
       3237814.5424, 3115753.6842, 2702451.8529, 2458603.05  ,
       2394991.367 , 1865097.6533, 1784036.3657, 1717392.2686,
       1543610.5157, 1469047.7025, 1432820.804 , 1323026.3959]), 'gvals': array([213.278 , 120.9217,  47.5957,  41.7304,  35.8548,  26.8577,
        16.0324,  13.3505,  12.1615,   9.3857,   7.7157,   7.2636,
         7.2087,   7.154 ,   7.139 ,   7.0594,   6.9952,   6.976 ,
         6.9048,   6.8576,   6.8444,   6.7194,   6.6972,   6.6782,
         6.6248,   6.6001,   6.5876,   6.5477])}",diff_mean_tiny_covariance_gap,3
MY-large_mu,32,linear,{},linear,0.6375,rbf,"{'C': 2.0, 'gamma': 'scale'}","{'thetas': array([      0.    ,       0.    ,       0.    ,       0.    ,
             0.    ,       0.    ,       0.0011,       0.0018,
             0.0023,       0.0029,       0.0045,       0.0078,
             0.0097,       0.0118,       0.0136,       0.0174,
             0.0191,       0.0246,       0.0293,       0.0323,
             0.034 ,       0.038 ,       0.0454,       0.0503,
       7405851.0896, 6226908.9056, 5652758.2033, 5050972.9048,
       4785839.1262, 4379207.5443, 4179063.2158, 3590499.9797]), 'lambdas': array([      0.    ,       0.    ,       0.    ,       0.    ,
             0.    ,       0.    ,       0.0011,       0.0018,
             0.0023,       0.0029,       0.0045,       0.0078,
             0.0097,       0.0118,       0.0136,       0.0174,
             0.0191,       0.0246,       0.0293,       0.0323,
             0.034 ,       0.038 ,       0.0454,       0.0503,
       7405851.0896, 6226908.9056, 5652758.2033, 5050972.9048,
       4785839.1262, 4379207.5443, 4179063.2158, 3590499.9797]), 'gvals': array([9.0228e+09, 3.3929e+09, 2.5743e+09, 7.0860e+08, 2.2816e+08,
       1.6297e+08, 4.5601e+02, 2.7754e+02, 2.1464e+02, 1.6813e+02,
       1.0851e+02, 6.0842e+01, 4.8547e+01, 3.9779e+01, 3.4224e+01,
       2.6139e+01, 2.3640e+01, 1.7950e+01, 1.4800e+01, 1.3257e+01,
       1.2509e+01, 1.1017e+01, 8.9712e+00, 7.9407e+00, 7.4089e+00,
       7.3222e+00, 7.2738e+00, 7.2175e+00, 7.1906e+00, 7.1462e+00,
       7.1228e+00, 7.0469e+00])}",diff_mean_tiny_covariance_gap,3
MY-large_mu,32,rbf,{'gamma': 0.0017035186347248033},rbf(gamma=0.0017035186347248033),0.6375,rbf,"{'C': 2.0, 'gamma': 0.5}","{'thetas': array([0.    , 0.    , 0.0001, 0.0001, 0.0002, 0.0003, 0.0004, 0.0005,
       0.0005, 0.0006, 0.0009, 0.0012, 0.0013, 0.0017, 0.002 , 0.0025,
       0.0028, 0.0029, 0.0033, 0.0037, 0.0042, 0.005 , 0.0052, 0.0054,
       0.0063, 0.0068, 0.0072, 0.0074, 0.0086, 0.0091, 0.0095, 0.0113]), 'lambdas': array([0.    , 0.    , 0.0001, 0.0001, 0.0002, 0.0003, 0.0004, 0.0005,
       0.0005, 0.0006, 0.0009, 0.0012, 0.0013, 0.0017, 0.002 , 0.0025,
       0.0028, 0.0029, 0.0033, 0.0037, 0.0042, 0.005 , 0.0052, 0.0054,
       0.0063, 0.0068, 0.0072, 0.0074, 0.0086, 0.0091, 0.0095, 0.0113]), 'gvals': array([25565.5324, 14739.8555,  8270.2789,  6719.7477,  3103.4159,
        1843.8534,  1422.7306,  1094.3228,  1022.1746,   766.9309,
         531.8962,   401.6781,   374.4997,   298.1789,   248.8519,
         196.3338,   176.5283,   167.735 ,   149.0253,   131.2544,
         115.126 ,    96.9495,    92.2823,    89.7666,    76.6862,
          70.8574,    66.9181,    64.5171,    55.437 ,    51.8156,
          49.6317,    41.4191])}",diff_mean_tiny_covariance_gap,3
MY-large_mu,32,laplacian,{'gamma': 0.0017035186347248033},laplacian(gamma=0.0017035186347248033),0.6625,rbf,"{'C': 2.0, 'gamma': 0.5}","{'thetas': array([0.0001, 0.0001, 0.0002, 0.0003, 0.0005, 0.0005, 0.0006, 0.0007,
       0.0009, 0.0009, 0.0012, 0.0013, 0.0015, 0.0017, 0.0019, 0.0022,
       0.0026, 0.0029, 0.003 , 0.0031, 0.0034, 0.0041, 0.0045, 0.0047,
       0.0052, 0.0058, 0.0059, 0.0063, 0.0073, 0.0078, 0.0082, 0.0087]), 'lambdas': array([0.0001, 0.0001, 0.0002, 0.0003, 0.0005, 0.0005, 0.0006, 0.0007,
       0.0009, 0.0009, 0.0012, 0.0013, 0.0015, 0.0017, 0.0019, 0.0022,
       0.0026, 0.0029, 0.003 , 0.0031, 0.0034, 0.0041, 0.0045, 0.0047,
       0.0052, 0.0058, 0.0059, 0.0063, 0.0073, 0.0078, 0.0082, 0.0087]), 'gvals': array([8910.3603, 3793.026 , 3302.373 , 1936.5764, 1102.0303, 1040.8601,
        880.0089,  713.7784,  570.8415,  562.6637,  425.6314,  376.9422,
        335.2425,  283.4396,  258.4435,  220.7146,  189.9529,  166.6418,
        164.0254,  155.7545,  142.9826,  118.4395,  107.0946,  103.7713,
         93.2791,   83.3561,   82.1107,   76.0909,   65.7487,   60.9625,
         58.0944,   54.4925])}",diff_mean_tiny_covariance_gap,3
MY-large_mu,32,polynomial,"{'degree': 2, 'gamma': 0.0017035186347248033, 'coef0': 1.0}","polynomial(coef0=1.0, degree=2, gamma=0.0017035186347248033)",0.5625,rbf,"{'C': 2.0, 'gamma': 'scale'}","{'thetas': array([      0.    ,       0.0008,       0.0012,       0.0013,
             0.0019,       0.0026,       0.0035,       0.0046,
             0.0055,       0.0068,       0.0078,       0.0094,
             0.0111,       0.0131,       0.0163,       0.0185,
             0.0188,       0.0204,       0.0223,       0.0254,
             0.0268,       0.0292,       0.0305,       0.0359,
             0.0399,       0.0435,       0.0465,       0.0574,
       1329909.9509,       0.0596,  414622.862 ,  370485.047 ]), 'lambdas': array([      0.    ,       0.0008,       0.0012,       0.0013,
             0.0019,       0.0026,       0.0035,       0.0046,
             0.0055,       0.0068,       0.0078,       0.0094,
             0.0111,       0.0131,       0.0163,       0.0185,
             0.0188,       0.0204,       0.0223,       0.0254,
             0.0268,       0.0292,       0.0305,       0.0359,
             0.0399,       0.0435,       0.0465,       0.0574,
       1329909.9509,       0.0596,  414622.862 ,  370485.047 ]), 'gvals': array([36322.0217,   624.0262,   428.5144,   369.1732,   264.2646,
         189.4796,   139.1782,   106.6718,    87.6394,    70.5662,
          60.7986,    50.3692,    42.4377,    35.3817,    28.1545,
          24.4953,    24.1223,    22.1176,    19.9842,    17.3321,
          16.3358,    14.8647,    14.1458,    11.7535,    10.4307,
           9.4155,     8.7167,     6.7842,     6.5503,     6.4729,
           5.9676,     5.9113])}",diff_mean_tiny_covariance_gap,3
MY-large_mu,32,sigmoid,"{'gamma': 0.0017035186347248033, 'coef0': 0.0}","sigmoid(coef0=0.0, gamma=0.0017035186347248033)",0.6875,rbf,"{'C': 1.0, 'gamma': 'scale'}","{'thetas': array([      0.0002,       0.0003,       0.0022,       0.0049,
             0.007 ,       0.0133,       0.0163,       0.0166,
             0.0231,       0.0295,       0.0357,       0.0397,
             0.0472, 6180951.8994, 5374506.1145, 4372399.0989,
       4149203.0949, 4073447.0123, 3492672.9006, 3431353.5288,
       3038436.0417, 2685578.1573, 2501866.2724, 2235955.6105,
             0.0573, 2022003.1268, 1714555.7594, 1542893.5005,
       1432379.5216, 1362740.9415, 1304455.0825, 1231349.5603]), 'lambdas': array([      0.0002,       0.0003,       0.0022,       0.0049,
             0.007 ,       0.0133,       0.0163,       0.0166,
             0.0231,       0.0295,       0.0357,       0.0397,
             0.0472, 6180951.8994, 5374506.1145, 4372399.0989,
       4149203.0949, 4073447.0123, 3492672.9006, 3431353.5288,
       3038436.0417, 2685578.1573, 2501866.2724, 2235955.6105,
             0.0573, 2022003.1268, 1714555.7594, 1542893.5005,
       1432379.5216, 1362740.9415, 1304455.0825, 1231349.5603]), 'gvals': array([2307.9801, 1448.2346,  225.7729,   98.9532,   68.4252,   34.8397,
         28.1924,   27.5584,   19.297 ,   14.6966,   11.8372,   10.4695,
          8.5718,    7.3185,    7.2486,    7.1454,    7.1192,    7.11  ,
          7.0331,    7.0242,    6.9634,    6.9017,    6.8663,    6.8101,
          6.8025,    6.7598,    6.6773,    6.6246,    6.5874,    6.5625,
          6.5406,    6.5118])}",diff_mean_tiny_covariance_gap,3
MY-small_mu,1,linear,{},linear,0.7,rbf,"{'C': 2.0, 'gamma': 'scale'}","{'thetas': array([0.]), 'lambdas': array([0.]), 'D_scores': array([2.0337e+09])}",diff_mean_tiny_covariance_gap,3
MY-small_mu,1,rbf,{'gamma': 0.0017035186347248033},rbf(gamma=0.0017035186347248033),0.5,rbf,"{'C': 1.0, 'gamma': 'scale'}","{'thetas': array([0.]), 'lambdas': array([0.]), 'D_scores': array([17548.0366])}",diff_mean_tiny_covariance_gap,3
MY-small_mu,1,laplacian,{'gamma': 0.0017035186347248033},laplacian(gamma=0.0017035186347248033),0.6125,rbf,"{'C': 2.0, 'gamma': 'scale'}","{'thetas': array([0.]), 'lambdas': array([0.]), 'D_scores': array([170339.203])}",diff_mean_tiny_covariance_gap,3
MY-small_mu,1,polynomial,"{'degree': 2, 'gamma': 0.0017035186347248033, 'coef0': 1.0}","polynomial(coef0=1.0, degree=2, gamma=0.0017035186347248033)",0.675,rbf,"{'C': 2.0, 'gamma': 'scale'}","{'thetas': array([0.0003]), 'lambdas': array([0.0003]), 'D_scores': array([1632.5931])}",diff_mean_tiny_covariance_gap,3
MY-small_mu,1,sigmoid,"{'gamma': 0.0017035186347248033, 'coef0': 0.0}","sigmoid(coef0=0.0, gamma=0.0017035186347248033)",0.725,rbf,"{'C': 2.0, 'gamma': 'scale'}","{'thetas': array([0.0023]), 'lambdas': array([0.0023]), 'D_scores': array([214.144])}",diff_mean_tiny_covariance_gap,3
MY-small_mu,2,linear,{},linear,0.55,rbf,"{'C': 0.5, 'gamma': 'scale'}","{'thetas': array([0., 0.]), 'lambdas': array([0., 0.]), 'D_scores': array([2.9270e+09, 5.5031e+08])}",diff_mean_tiny_covariance_gap,3
MY-small_mu,2,rbf,{'gamma': 0.0017035186347248033},rbf(gamma=0.0017035186347248033),0.525,rbf,"{'C': 2.0, 'gamma': 'scale'}","{'thetas': array([0.    , 0.0001]), 'lambdas': array([0.    , 0.0001]), 'D_scores': array([16596.1422,  8725.1697])}",diff_mean_tiny_covariance_gap,3
MY-small_mu,2,laplacian,{'gamma': 0.0017035186347248033},laplacian(gamma=0.0017035186347248033),0.6,rbf,"{'C': 2.0, 'gamma': 'scale'}","{'thetas': array([0., 0.]), 'lambdas': array([0., 0.]), 'D_scores': array([55098.0895, 15500.8022])}",diff_mean_tiny_covariance_gap,3
MY-small_mu,2,polynomial,"{'degree': 2, 'gamma': 0.0017035186347248033, 'coef0': 1.0}","polynomial(coef0=1.0, degree=2, gamma=0.0017035186347248033)",0.7,rbf,"{'C': 2.0, 'gamma': 'scale'}","{'thetas': array([0.    , 0.0004]), 'lambdas': array([0.    , 0.0004]), 'D_scores': array([109476.6827,   1119.8562])}",diff_mean_tiny_covariance_gap,3
MY-small_mu,2,sigmoid,"{'gamma': 0.0017035186347248033, 'coef0': 0.0}","sigmoid(coef0=0.0, gamma=0.0017035186347248033)",0.6875,poly,"{'C': 0.5, 'gamma': 'scale', 'degree': 2, 'coef0': 1.0}","{'thetas': array([0.0024, 0.0063]), 'lambdas': array([0.0024, 0.0063]), 'D_scores': array([201.4801,  75.9122])}",diff_mean_tiny_covariance_gap,3
MY-small_mu,3,linear,{},linear,0.7125,rbf,"{'C': 2.0, 'gamma': 0.5}","{'thetas': array([0., 0., 0.]), 'lambdas': array([0., 0., 0.]), 'D_scores': array([1.9256e+09, 9.9164e+08, 7.7801e+08])}",diff_mean_tiny_covariance_gap,3
MY-small_mu,3,rbf,{'gamma': 0.0017035186347248033},rbf(gamma=0.0017035186347248033),0.5125,rbf,"{'C': 2.0, 'gamma': 0.5}","{'thetas': array([0.    , 0.    , 0.0001]), 'lambdas': array([0.    , 0.    , 0.0001]), 'D_scores': array([35491.4537, 26711.4304,  5364.8351])}",diff_mean_tiny_covariance_gap,3
MY-small_mu,3,laplacian,{'gamma': 0.0017035186347248033},laplacian(gamma=0.0017035186347248033),0.6625,rbf,"{'C': 2.0, 'gamma': 0.5}","{'thetas': array([0.    , 0.0001, 0.0001]), 'lambdas': array([0.    , 0.0001, 0.0001]), 'D_scores': array([19191.9849,  7694.1724,  3746.4157])}",diff_mean_tiny_covariance_gap,3
MY-small_mu,3,polynomial,"{'degree': 2, 'gamma': 0.0017035186347248033, 'coef0': 1.0}","polynomial(coef0=1.0, degree=2, gamma=0.0017035186347248033)",0.6375,rbf,"{'C': 0.5, 'gamma': 0.5}","{'thetas': array([0.0003, 0.0006, 0.0007]), 'lambdas': array([0.0003, 0.0006, 0.0007]), 'D_scores': array([1505.5261,  796.8883,  722.9924])}",diff_mean_tiny_covariance_gap,3
MY-small_mu,3,sigmoid,"{'gamma': 0.0017035186347248033, 'coef0': 0.0}","sigmoid(coef0=0.0, gamma=0.0017035186347248033)",0.65,rbf,"{'C': 1.0, 'gamma': 0.5}","{'thetas': array([0.0019, 0.003 , 0.0049]), 'lambdas': array([0.0019, 0.003 , 0.0049]), 'D_scores': array([253.7305, 161.8689,  99.1325])}",diff_mean_tiny_covariance_gap,3
MY-small_mu,4,linear,{},linear,0.625,rbf,"{'C': 0.5, 'gamma': 0.5}","{'thetas': array([0., 0., 0., 0.]), 'lambdas': array([0., 0., 0., 0.]), 'D_scores': array([1.2510e+09, 8.6045e+08, 3.1929e+08, 2.0695e+08])}",diff_mean_tiny_covariance_gap,3
MY-small_mu,4,rbf,{'gamma': 0.0017035186347248033},rbf(gamma=0.0017035186347248033),0.55,rbf,"{'C': 2.0, 'gamma': 0.5}","{'thetas': array([0.    , 0.0001, 0.0001, 0.0002]), 'lambdas': array([0.    , 0.0001, 0.0001, 0.0002]), 'D_scores': array([11946.1448,  7409.8669,  4174.2471,  2121.1401])}",diff_mean_tiny_covariance_gap,3
MY-small_mu,4,laplacian,{'gamma': 0.0017035186347248033},laplacian(gamma=0.0017035186347248033),0.5875,rbf,"{'C': 2.0, 'gamma': 0.5}","{'thetas': array([0.    , 0.0001, 0.0002, 0.0003]), 'lambdas': array([0.    , 0.0001, 0.0002, 0.0003]), 'D_scores': array([84989.4781,  3401.7256,  3016.5692,  1984.5674])}",diff_mean_tiny_covariance_gap,3
MY-small_mu,4,polynomial,"{'degree': 2, 'gamma': 0.0017035186347248033, 'coef0': 1.0}","polynomial(coef0=1.0, degree=2, gamma=0.0017035186347248033)",0.6125,rbf,"{'C': 2.0, 'gamma': 0.5}","{'thetas': array([0.0001, 0.0005, 0.0007, 0.0012]), 'lambdas': array([0.0001, 0.0005, 0.0007, 0.0012]), 'D_scores': array([9735.5737, 1077.0818,  668.0188,  411.2861])}",diff_mean_tiny_covariance_gap,3
MY-small_mu,4,sigmoid,"{'gamma': 0.0017035186347248033, 'coef0': 0.0}","sigmoid(coef0=0.0, gamma=0.0017035186347248033)",0.6625,rbf,"{'C': 0.5, 'gamma': 'scale'}","{'thetas': array([0.002 , 0.0033, 0.0107, 0.0131]), 'lambdas': array([0.002 , 0.0033, 0.0107, 0.0131]), 'D_scores': array([248.0434, 148.7765,  43.7917,  35.6655])}",diff_mean_tiny_covariance_gap,3
MY-small_mu,5,linear,{},linear,0.6125,rbf,"{'C': 1.0, 'gamma': 'scale'}","{'thetas': array([0.    , 0.    , 0.    , 0.    , 0.0003]), 'lambdas': array([0.    , 0.    , 0.    , 0.    , 0.0003]), 'D_scores': array([2.5128e+09, 8.1201e+08, 3.0892e+08, 2.1701e+08, 1.5096e+03])}",diff_mean_tiny_covariance_gap,3
MY-small_mu,5,rbf,{'gamma': 0.0017035186347248033},rbf(gamma=0.0017035186347248033),0.5375,rbf,"{'C': 2.0, 'gamma': 0.5}","{'thetas': array([0.    , 0.0001, 0.0001, 0.0001, 0.0003]), 'lambdas': array([0.    , 0.0001, 0.0001, 0.0001, 0.0003]), 'D_scores': array([25847.7933,  8395.5857,  5906.4576,  4506.99  ,  1666.0404])}",diff_mean_tiny_covariance_gap,3
MY-small_mu,5,laplacian,{'gamma': 0.0017035186347248033},laplacian(gamma=0.0017035186347248033),0.575,rbf,"{'C': 2.0, 'gamma': 0.5}","{'thetas': array([0.    , 0.0001, 0.0002, 0.0002, 0.0003]), 'lambdas': array([0.    , 0.0001, 0.0002, 0.0002, 0.0003]), 'D_scores': array([15384.0608,  7588.0988,  3100.7749,  2475.9695,  1801.5226])}",diff_mean_tiny_covariance_gap,3
MY-small_mu,5,polynomial,"{'degree': 2, 'gamma': 0.0017035186347248033, 'coef0': 1.0}","polynomial(coef0=1.0, degree=2, gamma=0.0017035186347248033)",0.65,rbf,"{'C': 1.0, 'gamma': 0.5}","{'thetas': array([0.    , 0.0001, 0.0009, 0.0016, 0.0022]), 'lambdas': array([0.    , 0.0001, 0.0009, 0.0016, 0.0022]), 'D_scores': array([10071.8483,  4260.7069,   536.7218,   313.4971,   228.9694])}",diff_mean_tiny_covariance_gap,3
MY-small_mu,5,sigmoid,"{'gamma': 0.0017035186347248033, 'coef0': 0.0}","sigmoid(coef0=0.0, gamma=0.0017035186347248033)",0.7125,rbf,"{'C': 1.0, 'gamma': 0.5}","{'thetas': array([0.0029, 0.0047, 0.0063, 0.0099, 0.0185]), 'lambdas': array([0.0029, 0.0047, 0.0063, 0.0099, 0.0185]), 'D_scores': array([166.4442, 102.2724,  75.9644,  47.7336,  24.5139])}",diff_mean_tiny_covariance_gap,3
MY-small_mu,6,linear,{},linear,0.75,rbf,"{'C': 1.0, 'gamma': 0.5}","{'thetas': array([0.    , 0.    , 0.    , 0.    , 0.    , 0.0001]), 'lambdas': array([0.    , 0.    , 0.    , 0.    , 0.    , 0.0001]), 'D_scores': array([4.5882e+09, 7.6871e+08, 4.3431e+08, 3.5337e+08, 2.6462e+08,
       6.5730e+03])}",diff_mean_tiny_covariance_gap,3
MY-small_mu,6,rbf,{'gamma': 0.0017035186347248033},rbf(gamma=0.0017035186347248033),0.6625,rbf,"{'C': 2.0, 'gamma': 0.5}","{'thetas': array([0.    , 0.    , 0.0001, 0.0002, 0.0002, 0.0004]), 'lambdas': array([0.    , 0.    , 0.0001, 0.0002, 0.0002, 0.0004]), 'D_scores': array([36014.4779, 12555.5526,  4427.5193,  2904.8648,  2558.0277,
        1158.7482])}",diff_mean_tiny_covariance_gap,3
MY-small_mu,6,laplacian,{'gamma': 0.0017035186347248033},laplacian(gamma=0.0017035186347248033),0.7625,rbf,"{'C': 2.0, 'gamma': 0.5}","{'thetas': array([0.    , 0.0001, 0.0002, 0.0004, 0.0004, 0.0005]), 'lambdas': array([0.    , 0.0001, 0.0002, 0.0004, 0.0004, 0.0005]), 'D_scores': array([12016.2421,  3481.8747,  2441.4482,  1411.7516,  1143.028 ,
        1013.0367])}",diff_mean_tiny_covariance_gap,3
MY-small_mu,6,polynomial,"{'degree': 2, 'gamma': 0.0017035186347248033, 'coef0': 1.0}","polynomial(coef0=1.0, degree=2, gamma=0.0017035186347248033)",0.8,rbf,"{'C': 0.5, 'gamma': 0.5}","{'thetas': array([0.    , 0.0001, 0.0009, 0.0014, 0.0016, 0.0023]), 'lambdas': array([0.    , 0.0001, 0.0009, 0.0014, 0.0016, 0.0023]), 'D_scores': array([27571.5037,  3381.63  ,   574.5715,   341.6963,   314.3434,
         209.9481])}",diff_mean_tiny_covariance_gap,3
MY-small_mu,6,sigmoid,"{'gamma': 0.0017035186347248033, 'coef0': 0.0}","sigmoid(coef0=0.0, gamma=0.0017035186347248033)",0.7875,rbf,"{'C': 2.0, 'gamma': 0.5}","{'thetas': array([0.001 , 0.0025, 0.0068, 0.0118, 0.0143, 0.0231]), 'lambdas': array([0.001 , 0.0025, 0.0068, 0.0118, 0.0143, 0.0231]), 'D_scores': array([489.8827, 197.6411,  70.844 ,  39.5595,  32.3755,  19.2817])}",diff_mean_tiny_covariance_gap,3
MY-small_mu,7,linear,{},linear,0.7375,rbf,"{'C': 2.0, 'gamma': 0.5}","{'thetas': array([0.    , 0.    , 0.    , 0.    , 0.0005, 0.0013, 0.0037]), 'lambdas': array([0.    , 0.    , 0.    , 0.    , 0.0005, 0.0013, 0.0037]), 'D_scores': array([2.5403e+09, 7.9270e+08, 6.2163e+08, 2.9286e+08, 9.4513e+02,
       3.8084e+02, 1.3249e+02])}",diff_mean_tiny_covariance_gap,3
MY-small_mu,7,rbf,{'gamma': 0.0017035186347248033},rbf(gamma=0.0017035186347248033),0.625,rbf,"{'C': 1.0, 'gamma': 0.5}","{'thetas': array([0.    , 0.    , 0.0001, 0.0001, 0.0002, 0.0004, 0.0005]), 'lambdas': array([0.    , 0.    , 0.0001, 0.0001, 0.0002, 0.0004, 0.0005]), 'D_scores': array([27970.821 , 20352.2902,  5509.2982,  3414.6746,  2511.7975,
        1231.6931,   986.5422])}",diff_mean_tiny_covariance_gap,3
MY-small_mu,7,laplacian,{'gamma': 0.0017035186347248033},laplacian(gamma=0.0017035186347248033),0.525,rbf,"{'C': 2.0, 'gamma': 0.5}","{'thetas': array([0.    , 0.    , 0.0001, 0.0001, 0.0002, 0.0004, 0.0004]), 'lambdas': array([0.    , 0.    , 0.0001, 0.0001, 0.0002, 0.0004, 0.0004]), 'D_scores': array([26925.619 , 10732.9672,  5028.5571,  3586.293 ,  2078.5125,
        1234.0613,  1173.9542])}",diff_mean_tiny_covariance_gap,3
MY-small_mu,7,polynomial,"{'degree': 2, 'gamma': 0.0017035186347248033, 'coef0': 1.0}","polynomial(coef0=1.0, degree=2, gamma=0.0017035186347248033)",0.7125,rbf,"{'C': 0.5, 'gamma': 0.5}","{'thetas': array([0.0002, 0.0008, 0.001 , 0.0023, 0.0037, 0.0045, 0.0051]), 'lambdas': array([0.0002, 0.0008, 0.001 , 0.0023, 0.0037, 0.0045, 0.0051]), 'D_scores': array([2460.4074,  662.0791,  481.5148,  210.0807,  132.6829,  107.7465,
         94.0761])}",diff_mean_tiny_covariance_gap,3
MY-small_mu,7,sigmoid,"{'gamma': 0.0017035186347248033, 'coef0': 0.0}","sigmoid(coef0=0.0, gamma=0.0017035186347248033)",0.825,rbf,"{'C': 0.5, 'gamma': 0.5}","{'thetas': array([0.0009, 0.0073, 0.0084, 0.0101, 0.0176, 0.0211, 0.0254]), 'lambdas': array([0.0009, 0.0073, 0.0084, 0.0101, 0.0176, 0.0211, 0.0254]), 'D_scores': array([530.3956,  65.7961,  56.4121,  46.9476,  25.8957,  21.2855,
        17.357 ])}",diff_mean_tiny_covariance_gap,3
MY-small_mu,8,linear,{},linear,0.675,rbf,"{'C': 1.0, 'gamma': 0.5}","{'thetas': array([0.    , 0.    , 0.    , 0.    , 0.0016, 0.0039, 0.0048, 0.0051]), 'lambdas': array([0.    , 0.    , 0.    , 0.    , 0.0016, 0.0039, 0.0048, 0.0051]), 'D_scores': array([2.7497e+09, 6.2366e+08, 4.4117e+08, 3.9787e+08, 3.1642e+02,
       1.2448e+02, 1.0011e+02, 9.4844e+01])}",diff_mean_tiny_covariance_gap,3
MY-small_mu,8,rbf,{'gamma': 0.0017035186347248033},rbf(gamma=0.0017035186347248033),0.575,rbf,"{'C': 2.0, 'gamma': 0.5}","{'thetas': array([0.    , 0.    , 0.0001, 0.0001, 0.0001, 0.0003, 0.0004, 0.0007]), 'lambdas': array([0.    , 0.    , 0.0001, 0.0001, 0.0001, 0.0003, 0.0004, 0.0007]), 'D_scores': array([37578.6595, 13761.1031,  8828.0948,  6501.3918,  3563.5607,
        1616.9827,  1107.3596,   728.7102])}",diff_mean_tiny_covariance_gap,3
MY-small_mu,8,laplacian,{'gamma': 0.0017035186347248033},laplacian(gamma=0.0017035186347248033),0.675,rbf,"{'C': 2.0, 'gamma': 0.5}","{'thetas': array([0.    , 0.0002, 0.0002, 0.0003, 0.0004, 0.0004, 0.0005, 0.0006]), 'lambdas': array([0.    , 0.0002, 0.0002, 0.0003, 0.0004, 0.0004, 0.0005, 0.0006]), 'D_scores': array([110973.1624,   3298.2259,   2857.1684,   1539.6364,   1313.3592,
         1248.6598,    910.7636,    902.5445])}",diff_mean_tiny_covariance_gap,3
MY-small_mu,8,polynomial,"{'degree': 2, 'gamma': 0.0017035186347248033, 'coef0': 1.0}","polynomial(coef0=1.0, degree=2, gamma=0.0017035186347248033)",0.6875,rbf,"{'C': 2.0, 'gamma': 0.5}","{'thetas': array([0.0005, 0.001 , 0.0018, 0.0019, 0.0025, 0.0037, 0.0056, 0.007 ]), 'lambdas': array([0.0005, 0.001 , 0.0018, 0.0019, 0.0025, 0.0037, 0.0056, 0.007 ]), 'D_scores': array([1003.7444,  501.5485,  267.4298,  266.2801,  192.8488,  131.3889,
         86.139 ,   68.2026])}",diff_mean_tiny_covariance_gap,3
MY-small_mu,8,sigmoid,"{'gamma': 0.0017035186347248033, 'coef0': 0.0}","sigmoid(coef0=0.0, gamma=0.0017035186347248033)",0.625,rbf,"{'C': 0.5, 'gamma': 'scale'}","{'thetas': array([0.0028, 0.0039, 0.0091, 0.0139, 0.0172, 0.0222, 0.0249, 0.0273]), 'lambdas': array([0.0028, 0.0039, 0.0091, 0.0139, 0.0172, 0.0222, 0.0249, 0.0273]), 'D_scores': array([177.4579, 125.478 ,  51.8486,  33.2723,  26.4741,  20.1221,
        17.78  ,  16.025 ])}",diff_mean_tiny_covariance_gap,3
MY-small_mu,10,linear,{},linear,0.675,rbf,"{'C': 0.5, 'gamma': 0.5}","{'thetas': array([0.    , 0.    , 0.    , 0.    , 0.0015, 0.0018, 0.0036, 0.004 ,
       0.0058, 0.0104]), 'lambdas': array([0.    , 0.    , 0.    , 0.    , 0.0015, 0.0018, 0.0036, 0.004 ,
       0.0058, 0.0104]), 'D_scores': array([9.7048e+08, 7.0818e+08, 4.5427e+08, 4.1693e+08, 3.2648e+02,
       2.6951e+02, 1.3749e+02, 1.2277e+02, 8.3145e+01, 4.5320e+01])}",diff_mean_tiny_covariance_gap,3
MY-small_mu,10,rbf,{'gamma': 0.0017035186347248033},rbf(gamma=0.0017035186347248033),0.6875,rbf,"{'C': 2.0, 'gamma': 0.5}","{'thetas': array([0.    , 0.    , 0.    , 0.0001, 0.0001, 0.0003, 0.0004, 0.0005,
       0.0007, 0.0008]), 'lambdas': array([0.    , 0.    , 0.    , 0.0001, 0.0001, 0.0003, 0.0004, 0.0005,
       0.0007, 0.0008]), 'D_scores': array([47421.2513, 18346.9129, 11122.7776,  6409.5082,  3547.9483,
        1944.8099,  1277.0539,  1085.7783,   706.3558,   615.7578])}",diff_mean_tiny_covariance_gap,3
MY-small_mu,10,laplacian,{'gamma': 0.0017035186347248033},laplacian(gamma=0.0017035186347248033),0.675,rbf,"{'C': 0.5, 'gamma': 0.5}","{'thetas': array([0.    , 0.0001, 0.0001, 0.0001, 0.0003, 0.0004, 0.0006, 0.0007,
       0.0008, 0.001 ]), 'lambdas': array([0.    , 0.0001, 0.0001, 0.0001, 0.0003, 0.0004, 0.0006, 0.0007,
       0.0008, 0.001 ]), 'D_scores': array([539326.1797,   7384.1734,   6394.9628,   3404.1583,   1446.5681,
         1149.2936,    886.5542,    672.5873,    589.1435,    521.4972])}",diff_mean_tiny_covariance_gap,3
MY-small_mu,10,polynomial,"{'degree': 2, 'gamma': 0.0017035186347248033, 'coef0': 1.0}","polynomial(coef0=1.0, degree=2, gamma=0.0017035186347248033)",0.6625,rbf,"{'C': 0.5, 'gamma': 0.5}","{'thetas': array([0.0001, 0.0005, 0.0008, 0.002 , 0.0026, 0.0027, 0.0049, 0.0052,
       0.0068, 0.0076]), 'lambdas': array([0.0001, 0.0005, 0.0008, 0.002 , 0.0026, 0.0027, 0.0049, 0.0052,
       0.0068, 0.0076]), 'D_scores': array([3525.9024, 1090.0978,  586.877 ,  250.8421,  191.5503,  183.3711,
         98.9249,   92.7423,   70.6513,   62.848 ])}",diff_mean_tiny_covariance_gap,3
MY-small_mu,10,sigmoid,"{'gamma': 0.0017035186347248033, 'coef0': 0.0}","sigmoid(coef0=0.0, gamma=0.0017035186347248033)",0.6625,rbf,"{'C': 0.5, 'gamma': 'scale'}","{'thetas': array([0.0005, 0.0011, 0.0037, 0.0082, 0.0123, 0.0189, 0.0223, 0.0258,
       0.0306, 0.0396]), 'lambdas': array([0.0005, 0.0011, 0.0037, 0.0082, 0.0123, 0.0189, 0.0223, 0.0258,
       0.0306, 0.0396]), 'D_scores': array([944.1146, 468.0131, 131.93  ,  58.3832,  37.8769,  24.0105,
        19.9933,  17.0551,  14.1164,  10.5224])}",diff_mean_tiny_covariance_gap,3
MY-small_mu,12,linear,{},linear,0.6625,rbf,"{'C': 1.0, 'gamma': 'scale'}","{'thetas': array([0.    , 0.    , 0.    , 0.    , 0.    , 0.    , 0.0018, 0.0025,
       0.0036, 0.0057, 0.0066, 0.0083]), 'lambdas': array([0.    , 0.    , 0.    , 0.    , 0.    , 0.    , 0.0018, 0.0025,
       0.0036, 0.0057, 0.0066, 0.0083]), 'D_scores': array([1.2881e+09, 1.0577e+09, 6.8128e+08, 4.0465e+08, 2.4204e+08,
       1.8697e+08, 2.7629e+02, 1.9619e+02, 1.3494e+02, 8.4260e+01,
       7.2478e+01, 5.7530e+01])}",diff_mean_tiny_covariance_gap,3
MY-small_mu,12,rbf,{'gamma': 0.0017035186347248033},rbf(gamma=0.0017035186347248033),0.6125,rbf,"{'C': 2.0, 'gamma': 0.5}","{'thetas': array([0.    , 0.0001, 0.0001, 0.0001, 0.0002, 0.0004, 0.0005, 0.0005,
       0.0007, 0.0009, 0.001 , 0.0011]), 'lambdas': array([0.    , 0.0001, 0.0001, 0.0001, 0.0002, 0.0004, 0.0005, 0.0005,
       0.0007, 0.0009, 0.001 , 0.0011]), 'D_scores': array([1231759.9935,    7260.829 ,    5539.9288,    3981.7455,
          2661.1586,    1244.7938,    1025.8801,     907.8519,
           710.9635,     524.6782,     505.6631,     434.3381])}",diff_mean_tiny_covariance_gap,3
MY-small_mu,12,laplacian,{'gamma': 0.0017035186347248033},laplacian(gamma=0.0017035186347248033),0.575,rbf,"{'C': 2.0, 'gamma': 0.5}","{'thetas': array([0.    , 0.    , 0.0001, 0.0001, 0.0002, 0.0003, 0.0004, 0.0005,
       0.0006, 0.0007, 0.0008, 0.001 ]), 'lambdas': array([0.    , 0.    , 0.0001, 0.0001, 0.0002, 0.0003, 0.0004, 0.0005,
       0.0006, 0.0007, 0.0008, 0.001 ]), 'D_scores': array([197654.5506,  17019.7762,   7401.0142,   3870.0006,   2602.2532,
         1801.1882,   1332.1215,   1073.9033,    793.6069,    763.3228,
          620.3926,    514.3579])}",diff_mean_tiny_covariance_gap,3
MY-small_mu,12,polynomial,"{'degree': 2, 'gamma': 0.0017035186347248033, 'coef0': 1.0}","polynomial(coef0=1.0, degree=2, gamma=0.0017035186347248033)",0.6625,rbf,"{'C': 2.0, 'gamma': 0.5}","{'thetas': array([0.0002, 0.0007, 0.0011, 0.0016, 0.0023, 0.0024, 0.0035, 0.0037,
       0.0051, 0.006 , 0.0069, 0.0076]), 'lambdas': array([0.0002, 0.0007, 0.0011, 0.0016, 0.0023, 0.0024, 0.0035, 0.0037,
       0.0051, 0.006 , 0.0069, 0.0076]), 'D_scores': array([2172.8863,  726.6935,  461.0636,  307.5745,  209.3988,  203.1978,
        138.0293,  130.057 ,   94.6588,   80.2178,   69.7849,   62.8215])}",diff_mean_tiny_covariance_gap,3
MY-small_mu,12,sigmoid,"{'gamma': 0.0017035186347248033, 'coef0': 0.0}","sigmoid(coef0=0.0, gamma=0.0017035186347248033)",0.8,rbf,"{'C': 2.0, 'gamma': 0.5}","{'thetas': array([0.002 , 0.0053, 0.008 , 0.0104, 0.0117, 0.0146, 0.0197, 0.0231,
       0.0266, 0.0323, 0.0333, 0.052 ]), 'lambdas': array([0.002 , 0.0053, 0.008 , 0.0104, 0.0117, 0.0146, 0.0197, 0.0231,
       0.0266, 0.0323, 0.0333, 0.052 ]), 'D_scores': array([242.6547,  91.6073,  59.9522,  45.1496,  39.9363,  31.739 ,
        22.9832,  19.259 ,  16.4678,  13.2957,  12.811 ,   7.6335])}",diff_mean_tiny_covariance_gap,3
MY-small_mu,14,linear,{},linear,0.775,rbf,"{'C': 0.5, 'gamma': 0.5}","{'thetas': array([0.    , 0.    , 0.    , 0.    , 0.001 , 0.0012, 0.0019, 0.0041,
       0.0064, 0.0081, 0.0106, 0.0123, 0.0158, 0.019 ]), 'lambdas': array([0.    , 0.    , 0.    , 0.    , 0.001 , 0.0012, 0.0019, 0.0041,
       0.0064, 0.0081, 0.0106, 0.0123, 0.0158, 0.019 ]), 'D_scores': array([3.0196e+09, 2.9058e+09, 1.6087e+09, 2.3345e+08, 4.7570e+02,
       4.1060e+02, 2.5342e+02, 1.1748e+02, 7.5452e+01, 5.8655e+01,
       4.4561e+01, 3.7987e+01, 2.9160e+01, 2.3838e+01])}",diff_mean_tiny_covariance_gap,3
MY-small_mu,14,rbf,{'gamma': 0.0017035186347248033},rbf(gamma=0.0017035186347248033),0.7125,rbf,"{'C': 2.0, 'gamma': 0.5}","{'thetas': array([0.    , 0.    , 0.    , 0.0002, 0.0003, 0.0005, 0.0005, 0.0007,
       0.0008, 0.0009, 0.0011, 0.0014, 0.0017, 0.0019]), 'lambdas': array([0.    , 0.    , 0.    , 0.0002, 0.0003, 0.0005, 0.0005, 0.0007,
       0.0008, 0.0009, 0.0011, 0.0014, 0.0017, 0.0019]), 'D_scores': array([31103.0592, 17752.1426, 11964.917 ,  2355.0078,  1886.8524,
        1074.5459,  1040.7302,   703.1284,   646.7184,   564.056 ,
         461.7513,   345.488 ,   292.4473,   254.1555])}",diff_mean_tiny_covariance_gap,3
MY-small_mu,14,laplacian,{'gamma': 0.0017035186347248033},laplacian(gamma=0.0017035186347248033),0.6875,rbf,"{'C': 0.5, 'gamma': 0.5}","{'thetas': array([0.    , 0.    , 0.0001, 0.0003, 0.0004, 0.0005, 0.0005, 0.0006,
       0.0008, 0.001 , 0.001 , 0.0012, 0.0014, 0.0017]), 'lambdas': array([0.    , 0.    , 0.0001, 0.0003, 0.0004, 0.0005, 0.0005, 0.0006,
       0.0008, 0.001 , 0.001 , 0.0012, 0.0014, 0.0017]), 'D_scores': array([15879.2774, 10935.3048,  3406.3028,  1924.2285,  1310.0884,
        1067.4302,  1028.3085,   838.2194,   627.2802,   499.0047,
         474.6641,   406.9297,   352.4227,   298.888 ])}",diff_mean_tiny_covariance_gap,3
MY-small_mu,14,polynomial,"{'degree': 2, 'gamma': 0.0017035186347248033, 'coef0': 1.0}","polynomial(coef0=1.0, degree=2, gamma=0.0017035186347248033)",0.7625,rbf,"{'C': 2.0, 'gamma': 0.5}","{'thetas': array([0.0001, 0.0007, 0.001 , 0.0013, 0.0016, 0.0019, 0.0026, 0.0043,
       0.0047, 0.0059, 0.0066, 0.0081, 0.0109, 0.0128]), 'lambdas': array([0.0001, 0.0007, 0.001 , 0.0013, 0.0016, 0.0019, 0.0026, 0.0043,
       0.0047, 0.0059, 0.0066, 0.0081, 0.0109, 0.0128]), 'D_scores': array([7451.4716,  722.3859,  514.4261,  373.8209,  315.1475,  257.443 ,
        189.2168,  112.0865,  102.7845,   82.1014,   73.0446,   58.5769,
         43.1621,   36.2991])}",diff_mean_tiny_covariance_gap,3
MY-small_mu,14,sigmoid,"{'gamma': 0.0017035186347248033, 'coef0': 0.0}","sigmoid(coef0=0.0, gamma=0.0017035186347248033)",0.725,rbf,"{'C': 2.0, 'gamma': 'scale'}","{'thetas': array([      0.0011,       0.0045,       0.0092,       0.0122,
             0.0176,       0.0228,       0.0231,       0.0276,
             0.0331,       0.045 ,       0.051 , 5127599.9321,
       5008499.6352, 4331117.3719]), 'lambdas': array([      0.0011,       0.0045,       0.0092,       0.0122,
             0.0176,       0.0228,       0.0231,       0.0276,
             0.0331,       0.045 ,       0.051 , 5127599.9321,
       5008499.6352, 4331117.3719]), 'D_scores': array([459.0309, 108.4371,  51.543 ,  38.3026,  25.9803,  19.5396,
        19.2403,  15.8432,  12.9182,   9.0607,   7.8207,   7.2251,
         7.2134,   7.1407])}",diff_mean_tiny_covariance_gap,3
MY-small_mu,16,linear,{},linear,0.7,rbf,"{'C': 2.0, 'gamma': 'scale'}","{'thetas': array([0.    , 0.    , 0.    , 0.    , 0.    , 0.    , 0.0003, 0.0018,
       0.0027, 0.0032, 0.0048, 0.0069, 0.0082, 0.0098, 0.0117, 0.0121]), 'lambdas': array([0.    , 0.    , 0.    , 0.    , 0.    , 0.    , 0.0003, 0.0018,
       0.0027, 0.0032, 0.0048, 0.0069, 0.0082, 0.0098, 0.0117, 0.0121]), 'D_scores': array([1.6047e+09, 1.1227e+09, 1.0122e+09, 6.4354e+08, 6.1672e+08,
       2.9482e+08, 1.5817e+03, 2.7136e+02, 1.8376e+02, 1.5264e+02,
       1.0158e+02, 6.9955e+01, 5.7868e+01, 4.8143e+01, 4.0011e+01,
       3.8582e+01])}",diff_mean_tiny_covariance_gap,3
MY-small_mu,16,rbf,{'gamma': 0.0017035186347248033},rbf(gamma=0.0017035186347248033),0.6875,rbf,"{'C': 2.0, 'gamma': 0.5}","{'thetas': array([0.0001, 0.0001, 0.0001, 0.0002, 0.0002, 0.0003, 0.0005, 0.0008,
       0.0009, 0.0011, 0.0013, 0.0013, 0.0015, 0.0018, 0.0019, 0.0022]), 'lambdas': array([0.0001, 0.0001, 0.0001, 0.0002, 0.0002, 0.0003, 0.0005, 0.0008,
       0.0009, 0.0011, 0.0013, 0.0013, 0.0015, 0.0018, 0.0019, 0.0022]), 'D_scores': array([9025.5678, 4273.0931, 3563.1471, 2931.6259, 2269.2385, 1461.1819,
        933.1218,  631.9679,  523.9723,  438.5401,  388.9333,  384.9161,
        331.1163,  281.9022,  253.8469,  218.9368])}",diff_mean_tiny_covariance_gap,3
MY-small_mu,16,laplacian,{'gamma': 0.0017035186347248033},laplacian(gamma=0.0017035186347248033),0.7125,rbf,"{'C': 0.5, 'gamma': 0.5}","{'thetas': array([0.    , 0.0001, 0.0001, 0.0002, 0.0002, 0.0003, 0.0005, 0.0006,
       0.0008, 0.0009, 0.0012, 0.0012, 0.0013, 0.0015, 0.0017, 0.0018]), 'lambdas': array([0.    , 0.0001, 0.0001, 0.0002, 0.0002, 0.0003, 0.0005, 0.0006,
       0.0008, 0.0009, 0.0012, 0.0012, 0.0013, 0.0015, 0.0017, 0.0018]), 'D_scores': array([12037.5745,  7341.9881,  3595.728 ,  2976.6057,  2419.0779,
        1570.8033,  1058.8417,   800.7236,   622.2259,   552.3146,
         419.2486,   416.1608,   382.2754,   330.1987,   289.0559,
         272.2875])}",diff_mean_tiny_covariance_gap,3
MY-small_mu,16,polynomial,"{'degree': 2, 'gamma': 0.0017035186347248033, 'coef0': 1.0}","polynomial(coef0=1.0, degree=2, gamma=0.0017035186347248033)",0.7375,rbf,"{'C': 1.0, 'gamma': 0.5}","{'thetas': array([0.0006, 0.0008, 0.0016, 0.0023, 0.0025, 0.003 , 0.0048, 0.005 ,
       0.0064, 0.0066, 0.0085, 0.0089, 0.0106, 0.0124, 0.0155, 0.0176]), 'lambdas': array([0.0006, 0.0008, 0.0016, 0.0023, 0.0025, 0.003 , 0.0048, 0.005 ,
       0.0064, 0.0066, 0.0085, 0.0089, 0.0106, 0.0124, 0.0155, 0.0176]), 'D_scores': array([829.5852, 590.3983, 317.4082, 214.9748, 192.6365, 162.8831,
       101.2218,  96.5968,  75.4911,  72.9619,  55.8079,  53.6328,
        44.3363,  37.6808,  29.7204,  25.8899])}",diff_mean_tiny_covariance_gap,3
MY-small_mu,16,sigmoid,"{'gamma': 0.0017035186347248033, 'coef0': 0.0}","sigmoid(coef0=0.0, gamma=0.0017035186347248033)",0.6875,rbf,"{'C': 1.0, 'gamma': 'scale'}","{'thetas': array([      0.0004,       0.0025,       0.0038,       0.0068,
             0.0095,       0.012 ,       0.0144,       0.0171,
             0.0199,       0.0297,       0.0324,       0.0413,
       5313507.4126, 5040122.6896, 4420842.8282, 4167658.8589]), 'lambdas': array([      0.0004,       0.0025,       0.0038,       0.0068,
             0.0095,       0.012 ,       0.0144,       0.0171,
             0.0199,       0.0297,       0.0324,       0.0413,
       5313507.4126, 5040122.6896, 4420842.8282, 4167658.8589]), 'D_scores': array([1355.7388,  197.0899,  128.6868,   71.0426,   49.8172,   38.9149,
         32.0875,   26.7336,   22.6279,   14.5556,   13.2149,   10.0175,
          7.2429,    7.2166,    7.151 ,    7.1215])}",diff_mean_tiny_covariance_gap,3
MY-small_mu,20,linear,{},linear,0.7,rbf,"{'C': 2.0, 'gamma': 0.5}","{'thetas': array([0.    , 0.    , 0.    , 0.0006, 0.0015, 0.0029, 0.0041, 0.0053,
       0.0068, 0.0082, 0.0119, 0.0132, 0.0164, 0.0208, 0.0236, 0.0252,
       0.0303, 0.0366, 0.0386, 0.0409]), 'lambdas': array([0.    , 0.    , 0.    , 0.0006, 0.0015, 0.0029, 0.0041, 0.0053,
       0.0068, 0.0082, 0.0119, 0.0132, 0.0164, 0.0208, 0.0236, 0.0252,
       0.0303, 0.0366, 0.0386, 0.0409]), 'D_scores': array([2.2200e+09, 9.2688e+08, 7.2506e+08, 8.1945e+02, 3.2429e+02,
       1.6627e+02, 1.1962e+02, 9.1036e+01, 7.0213e+01, 5.8425e+01,
       3.9293e+01, 3.5250e+01, 2.7925e+01, 2.1590e+01, 1.8795e+01,
       1.7530e+01, 1.4242e+01, 1.1500e+01, 1.0826e+01, 1.0136e+01])}",diff_mean_tiny_covariance_gap,3
MY-small_mu,20,rbf,{'gamma': 0.0017035186347248033},rbf(gamma=0.0017035186347248033),0.6125,rbf,"{'C': 0.5, 'gamma': 0.5}","{'thetas': array([0.    , 0.    , 0.0001, 0.0001, 0.0002, 0.0002, 0.0003, 0.0004,
       0.0005, 0.0007, 0.0008, 0.001 , 0.0013, 0.0015, 0.002 , 0.0022,
       0.0023, 0.003 , 0.0034, 0.0035]), 'lambdas': array([0.    , 0.    , 0.0001, 0.0001, 0.0002, 0.0002, 0.0003, 0.0004,
       0.0005, 0.0007, 0.0008, 0.001 , 0.0013, 0.0015, 0.002 , 0.0022,
       0.0023, 0.003 , 0.0034, 0.0035]), 'D_scores': array([63582.9048, 14333.0541,  7653.8535,  5123.2451,  2727.6904,
        2186.0356,  1552.6035,  1307.2472,  1094.5657,   679.1507,
         596.6489,   490.5981,   387.7359,   322.8258,   251.9269,
         224.3946,   211.6067,   164.6937,   145.3282,   139.8741])}",diff_mean_tiny_covariance_gap,3
MY-small_mu,20,laplacian,{'gamma': 0.0017035186347248033},laplacian(gamma=0.0017035186347248033),0.7,rbf,"{'C': 1.0, 'gamma': 0.5}","{'thetas': array([0.0001, 0.0002, 0.0002, 0.0002, 0.0003, 0.0004, 0.0005, 0.0007,
       0.0009, 0.001 , 0.0013, 0.0014, 0.0017, 0.0019, 0.0022, 0.0022,
       0.0026, 0.0029, 0.0031, 0.0033]), 'lambdas': array([0.0001, 0.0002, 0.0002, 0.0002, 0.0003, 0.0004, 0.0005, 0.0007,
       0.0009, 0.001 , 0.0013, 0.0014, 0.0017, 0.0019, 0.0022, 0.0022,
       0.0026, 0.0029, 0.0031, 0.0033]), 'D_scores': array([8052.0975, 3194.2689, 2776.6498, 2136.2517, 1621.2868, 1192.8587,
        948.472 ,  727.4221,  570.4888,  481.5859,  394.4505,  349.4314,
        293.6778,  257.5889,  226.2568,  219.6021,  191.4508,  168.2655,
        156.7345,  149.69  ])}",diff_mean_tiny_covariance_gap,3
MY-small_mu,20,polynomial,"{'degree': 2, 'gamma': 0.0017035186347248033, 'coef0': 1.0}","polynomial(coef0=1.0, degree=2, gamma=0.0017035186347248033)",0.7625,rbf,"{'C': 0.5, 'gamma': 0.5}","{'thetas': array([0.    , 0.0002, 0.0004, 0.0009, 0.0014, 0.0018, 0.0023, 0.0034,
       0.0047, 0.0054, 0.0065, 0.0081, 0.0088, 0.0115, 0.0135, 0.0139,
       0.0164, 0.0178, 0.0188, 0.0212]), 'lambdas': array([0.    , 0.0002, 0.0004, 0.0009, 0.0014, 0.0018, 0.0023, 0.0034,
       0.0047, 0.0054, 0.0065, 0.0081, 0.0088, 0.0115, 0.0135, 0.0139,
       0.0164, 0.0178, 0.0188, 0.0212]), 'D_scores': array([35184.0959,  3040.3662,  1117.0069,   581.7684,   355.6197,
         273.3161,   215.0875,   143.5137,   103.9394,    88.855 ,
          74.1048,    58.9985,    53.6518,    40.871 ,    34.4664,
          33.3404,    28.0216,    25.5872,    24.1442,    21.1498])}",diff_mean_tiny_covariance_gap,3
MY-small_mu,20,sigmoid,"{'gamma': 0.0017035186347248033, 'coef0': 0.0}","sigmoid(coef0=0.0, gamma=0.0017035186347248033)",0.675,poly,"{'C': 2.0, 'gamma': 'scale', 'degree': 2, 'coef0': 1.0}","{'thetas': array([      0.0016,       0.0039,       0.0066,       0.0121,
             0.015 ,       0.0204,       0.0235,       0.0317,
             0.0362,       0.0383,       0.0401, 5208360.6128,
       4468013.6701, 4306603.4336, 3699667.1229, 3081895.9264,
       2924482.6708,       0.0564, 2640251.7487,       0.0571]), 'lambdas': array([      0.0016,       0.0039,       0.0066,       0.0121,
             0.015 ,       0.0204,       0.0235,       0.0317,
             0.0362,       0.0383,       0.0401, 5208360.6128,
       4468013.6701, 4306603.4336, 3699667.1229, 3081895.9264,
       2924482.6708,       0.0564, 2640251.7487,       0.0571]), 'D_scores': array([315.4105, 123.7911,  73.0385,  38.4536,  30.7598,  22.152 ,
        18.9039,  13.5384,  11.6561,  10.9217,  10.3539,   7.2329,
         7.1562,   7.1378,   7.0619,   6.9706,   6.9443,   6.9237,
         6.8932,   6.8321])}",diff_mean_tiny_covariance_gap,3
MY-small_mu,24,linear,{},linear,0.65,rbf,"{'C': 2.0, 'gamma': 'scale'}","{'thetas': array([      0.    ,       0.    ,       0.    ,       0.    ,
             0.0004,       0.0011,       0.0029,       0.0048,
             0.006 ,       0.0072,       0.0108,       0.0126,
             0.013 ,       0.0138,       0.0159,       0.022 ,
             0.023 ,       0.0334,       0.0365,       0.0367,
             0.0398,       0.0484,       0.0505, 7329415.3807]), 'lambdas': array([      0.    ,       0.    ,       0.    ,       0.    ,
             0.0004,       0.0011,       0.0029,       0.0048,
             0.006 ,       0.0072,       0.0108,       0.0126,
             0.013 ,       0.0138,       0.0159,       0.022 ,
             0.023 ,       0.0334,       0.0365,       0.0367,
             0.0398,       0.0484,       0.0505, 7329415.3807]), 'D_scores': array([3.3204e+09, 1.8181e+09, 6.3140e+08, 3.6899e+08, 1.1252e+03,
       4.4931e+02, 1.6900e+02, 1.0206e+02, 8.0029e+01, 6.6237e+01,
       4.3731e+01, 3.6923e+01, 3.5914e+01, 3.3524e+01, 2.8922e+01,
       2.0329e+01, 1.9365e+01, 1.2778e+01, 1.1547e+01, 1.1473e+01,
       1.0455e+01, 8.3182e+00, 7.9106e+00, 7.4037e+00])}",diff_mean_tiny_covariance_gap,3
MY-small_mu,24,rbf,{'gamma': 0.0017035186347248033},rbf(gamma=0.0017035186347248033),0.6125,rbf,"{'C': 0.5, 'gamma': 0.5}","{'thetas': array([0.    , 0.    , 0.0001, 0.0001, 0.0002, 0.0002, 0.0003, 0.0004,
       0.0005, 0.0008, 0.0009, 0.0011, 0.0012, 0.0015, 0.0016, 0.002 ,
       0.0022, 0.0025, 0.0029, 0.0033, 0.0037, 0.0039, 0.0046, 0.0048]), 'lambdas': array([0.    , 0.    , 0.0001, 0.0001, 0.0002, 0.0002, 0.0003, 0.0004,
       0.0005, 0.0008, 0.0009, 0.0011, 0.0012, 0.0015, 0.0016, 0.002 ,
       0.0022, 0.0025, 0.0029, 0.0033, 0.0037, 0.0039, 0.0046, 0.0048]), 'D_scores': array([97047.6486, 12124.4871,  5832.3454,  4577.1766,  2989.2832,
        2189.5802,  1628.5814,  1131.0789,  1032.519 ,   608.7476,
         545.3381,   451.361 ,   425.116 ,   339.7291,   317.4641,
         250.5609,   218.9211,   195.6459,   169.0762,   147.283 ,
         132.304 ,   125.7469,   104.4671,    99.9299])}",diff_mean_tiny_covariance_gap,3
MY-small_mu,24,laplacian,{'gamma': 0.0017035186347248033},laplacian(gamma=0.0017035186347248033),0.7125,rbf,"{'C': 1.0, 'gamma': 0.5}","{'thetas': array([0.0001, 0.0001, 0.0003, 0.0003, 0.0005, 0.0006, 0.0006, 0.0007,
       0.0009, 0.001 , 0.0011, 0.0012, 0.0014, 0.0016, 0.0021, 0.0022,
       0.0025, 0.0027, 0.003 , 0.003 , 0.0035, 0.0036, 0.004 , 0.0044]), 'lambdas': array([0.0001, 0.0001, 0.0003, 0.0003, 0.0005, 0.0006, 0.0006, 0.0007,
       0.0009, 0.001 , 0.0011, 0.0012, 0.0014, 0.0016, 0.0021, 0.0022,
       0.0025, 0.0027, 0.003 , 0.003 , 0.0035, 0.0036, 0.004 , 0.0044]), 'D_scores': array([8736.3898, 5882.982 , 1991.3971, 1614.2805,  975.5061,  877.5565,
        870.7302,  740.9464,  540.4477,  512.8462,  464.5338,  404.5484,
        352.8376,  307.8972,  237.9706,  224.5229,  200.1562,  184.5721,
        165.5582,  162.9664,  138.0666,  134.3483,  122.0841,  109.6474])}",diff_mean_tiny_covariance_gap,3
MY-small_mu,24,polynomial,"{'degree': 2, 'gamma': 0.0017035186347248033, 'coef0': 1.0}","polynomial(coef0=1.0, degree=2, gamma=0.0017035186347248033)",0.7,rbf,"{'C': 2.0, 'gamma': 0.5}","{'thetas': array([0.0003, 0.0004, 0.0007, 0.0018, 0.0021, 0.003 , 0.0033, 0.0046,
       0.0055, 0.0063, 0.007 , 0.0075, 0.0099, 0.0116, 0.0143, 0.0155,
       0.0173, 0.0186, 0.0217, 0.022 , 0.0242, 0.026 , 0.0332, 0.0347]), 'lambdas': array([0.0003, 0.0004, 0.0007, 0.0018, 0.0021, 0.003 , 0.0033, 0.0046,
       0.0055, 0.0063, 0.007 , 0.0075, 0.0099, 0.0116, 0.0143, 0.0155,
       0.0173, 0.0186, 0.0217, 0.022 , 0.0242, 0.026 , 0.0332, 0.0347]), 'D_scores': array([1750.7061, 1253.5688,  673.1734,  268.2096,  230.5573,  165.7144,
        150.302 ,  104.5481,   88.5712,   76.019 ,   68.8982,   63.4666,
         47.5538,   40.23  ,   32.4502,   29.6668,   26.345 ,   24.3712,
         20.6062,   20.3496,   18.2738,   16.8906,   12.8684,   12.2366])}",diff_mean_tiny_covariance_gap,3
MY-small_mu,24,sigmoid,"{'gamma': 0.0017035186347248033, 'coef0': 0.0}","sigmoid(coef0=0.0, gamma=0.0017035186347248033)",0.6,rbf,"{'C': 1.0, 'gamma': 'scale'}","{'thetas': array([      0.0046,       0.0062,       0.0086,       0.0129,
             0.0149,       0.0185,       0.0199,       0.0252,
             0.0335,       0.0345,       0.0434,       0.0498,
       6282579.1446, 5304316.1896, 4969568.0612, 4315887.434 ,
       4013637.0993, 3707423.0238, 3170793.9024,       0.0561,
       3041224.9855, 2755378.0781, 2523963.1968, 2110692.0906]), 'lambdas': array([      0.0046,       0.0062,       0.0086,       0.0129,
             0.0149,       0.0185,       0.0199,       0.0252,
             0.0335,       0.0345,       0.0434,       0.0498,
       6282579.1446, 5304316.1896, 4969568.0612, 4315887.434 ,
       4013637.0993, 3707423.0238, 3170793.9024,       0.0561,
       3041224.9855, 2755378.0781, 2523963.1968, 2110692.0906]), 'D_scores': array([105.4845,  77.4702,  55.416 ,  36.0254,  31.0413,  24.549 ,
        22.6263,  17.4961,  12.7615,  12.2987,   9.4488,   8.0505,
         7.3266,   7.242 ,   7.2094,   7.1389,   7.1026,   7.063 ,
         6.9848,   6.9791,   6.9639,   6.9146,   6.8707,   6.7813])}",diff_mean_tiny_covariance_gap,3
MY-small_mu,28,linear,{},linear,0.775,rbf,"{'C': 2.0, 'gamma': 'scale'}","{'thetas': array([      0.    ,       0.0004,       0.0016,       0.0029,
             0.0044,       0.0061,       0.0091,       0.0096,
             0.013 ,       0.0149,       0.0199,       0.0222,
             0.0267,       0.0282,       0.0329,       0.0413,
             0.0472,       0.0507, 6281097.2951, 5971972.4295,
       5507964.6689, 4963224.8836, 4537465.1128, 4027595.5664,
       3900176.9939, 3410699.4471, 3200428.5959, 2704814.0451]), 'lambdas': array([      0.    ,       0.0004,       0.0016,       0.0029,
             0.0044,       0.0061,       0.0091,       0.0096,
             0.013 ,       0.0149,       0.0199,       0.0222,
             0.0267,       0.0282,       0.0329,       0.0413,
             0.0472,       0.0507, 6281097.2951, 5971972.4295,
       5507964.6689, 4963224.8836, 4537465.1128, 4027595.5664,
       3900176.9939, 3410699.4471, 3200428.5959, 2704814.0451]), 'D_scores': array([1.6176e+08, 1.1521e+03, 3.1105e+02, 1.6657e+02, 1.1115e+02,
       7.8495e+01, 5.1971e+01, 4.9227e+01, 3.5706e+01, 3.0884e+01,
       2.2669e+01, 2.0079e+01, 1.6418e+01, 1.5433e+01, 1.3001e+01,
       1.0033e+01, 8.5575e+00, 7.8643e+00, 7.3266e+00, 7.3013e+00,
       7.2609e+00, 7.2088e+00, 7.1640e+00, 7.1044e+00, 7.0883e+00,
       7.0212e+00, 6.9894e+00, 6.9053e+00])}",diff_mean_tiny_covariance_gap,3
MY-small_mu,28,rbf,{'gamma': 0.0017035186347248033},rbf(gamma=0.0017035186347248033),0.7125,rbf,"{'C': 2.0, 'gamma': 0.5}","{'thetas': array([0.    , 0.0001, 0.0002, 0.0003, 0.0004, 0.0005, 0.0007, 0.0007,
       0.001 , 0.0014, 0.0015, 0.0017, 0.0021, 0.0024, 0.0027, 0.003 ,
       0.0035, 0.0037, 0.0041, 0.0044, 0.0051, 0.0055, 0.006 , 0.0065,
       0.0066, 0.0069, 0.0078, 0.0086]), 'lambdas': array([0.    , 0.0001, 0.0002, 0.0003, 0.0004, 0.0005, 0.0007, 0.0007,
       0.001 , 0.0014, 0.0015, 0.0017, 0.0021, 0.0024, 0.0027, 0.003 ,
       0.0035, 0.0037, 0.0041, 0.0044, 0.0051, 0.0055, 0.006 , 0.0065,
       0.0066, 0.0069, 0.0078, 0.0086]), 'D_scores': array([10799.253 ,  4529.9203,  2536.8609,  1802.1801,  1186.2281,
        1096.9269,   742.956 ,   675.2995,   514.9176,   366.0676,
         340.5521,   297.2997,   232.8516,   208.8575,   183.2222,
         165.6113,   141.4134,   130.8725,   117.8677,   110.0149,
          95.4682,    88.4694,    80.2407,    74.2991,    72.4183,
          69.4112,    61.1497,    54.9344])}",diff_mean_tiny_covariance_gap,3
MY-small_mu,28,laplacian,{'gamma': 0.0017035186347248033},laplacian(gamma=0.0017035186347248033),0.7625,rbf,"{'C': 0.5, 'gamma': 0.5}","{'thetas': array([0.    , 0.0002, 0.0002, 0.0003, 0.0004, 0.0006, 0.0007, 0.0008,
       0.0009, 0.0009, 0.0013, 0.0015, 0.0016, 0.0019, 0.0022, 0.0024,
       0.0025, 0.0029, 0.003 , 0.0036, 0.0039, 0.0039, 0.0048, 0.0049,
       0.0058, 0.0066, 0.0067, 0.0076]), 'lambdas': array([0.    , 0.0002, 0.0002, 0.0003, 0.0004, 0.0006, 0.0007, 0.0008,
       0.0009, 0.0009, 0.0013, 0.0015, 0.0016, 0.0019, 0.0022, 0.0024,
       0.0025, 0.0029, 0.003 , 0.0036, 0.0039, 0.0039, 0.0048, 0.0049,
       0.0058, 0.0066, 0.0067, 0.0076]), 'D_scores': array([11838.9475,  2902.1521,  2741.4955,  1923.5615,  1327.0515,
         852.6634,   754.0878,   657.7367,   563.9331,   523.2066,
         388.9905,   329.7226,   310.68  ,   259.2104,   222.088 ,
         203.3027,   195.6094,   168.6446,   163.1421,   136.2611,
         125.4766,   123.7647,   101.647 ,    98.2776,    83.8167,
          72.8453,    71.2223,    62.6766])}",diff_mean_tiny_covariance_gap,3
MY-small_mu,28,polynomial,"{'degree': 2, 'gamma': 0.0017035186347248033, 'coef0': 1.0}","polynomial(coef0=1.0, degree=2, gamma=0.0017035186347248033)",0.6625,rbf,"{'C': 2.0, 'gamma': 'scale'}","{'thetas': array([0.0001, 0.0005, 0.0009, 0.0009, 0.0019, 0.0023, 0.0031, 0.0042,
       0.0058, 0.0066, 0.0076, 0.0101, 0.0108, 0.0136, 0.015 , 0.0158,
       0.0183, 0.0203, 0.0213, 0.0232, 0.0239, 0.0278, 0.0299, 0.0338,
       0.0346, 0.0382, 0.0414, 0.0439]), 'lambdas': array([0.0001, 0.0005, 0.0009, 0.0009, 0.0019, 0.0023, 0.0031, 0.0042,
       0.0058, 0.0066, 0.0076, 0.0101, 0.0108, 0.0136, 0.015 , 0.0158,
       0.0183, 0.0203, 0.0213, 0.0232, 0.0239, 0.0278, 0.0299, 0.0338,
       0.0346, 0.0382, 0.0414, 0.0439]), 'D_scores': array([4493.9321,  990.6214,  579.8955,  533.7369,  255.5716,  216.3382,
        160.0972,  116.5824,   82.4004,   73.3226,   62.7388,   46.5111,
         43.3752,   34.2121,   30.835 ,   29.0836,   24.8656,   22.1447,
         21.0186,   19.1693,   18.5197,   15.685 ,   14.4443,   12.6075,
         12.2619,   10.9632,    9.9749,    9.3207])}",diff_mean_tiny_covariance_gap,3
MY-small_mu,28,sigmoid,"{'gamma': 0.0017035186347248033, 'coef0': 0.0}","sigmoid(coef0=0.0, gamma=0.0017035186347248033)",0.75,rbf,"{'C': 1.0, 'gamma': 'scale'}","{'thetas': array([      0.0023,       0.004 ,       0.0099,       0.0112,
             0.013 ,       0.017 ,       0.0273,       0.0321,
             0.0349,       0.0437,       0.0516, 5538556.1591,
       4962147.4852, 4448497.3665, 4316315.2551, 3681257.9931,
       3237814.5424, 3115753.6842, 2702451.8529, 2458603.05  ,
       2394991.367 , 1865097.6533, 1784036.3657, 1717392.2686,
       1543610.5157, 1469047.7025, 1432820.804 , 1323026.3959]), 'lambdas': array([      0.0023,       0.004 ,       0.0099,       0.0112,
             0.013 ,       0.017 ,       0.0273,       0.0321,
             0.0349,       0.0437,       0.0516, 5538556.1591,
       4962147.4852, 4448497.3665, 4316315.2551, 3681257.9931,
       3237814.5424, 3115753.6842, 2702451.8529, 2458603.05  ,
       2394991.367 , 1865097.6533, 1784036.3657, 1717392.2686,
       1543610.5157, 1469047.7025, 1432820.804 , 1323026.3959]), 'D_scores': array([213.4015, 120.9226,  47.5965,  41.7346,  35.8894,  26.859 ,
        16.036 ,  13.353 ,  12.1616,   9.3865,   7.7159,   7.2637,
         7.2087,   7.154 ,   7.1391,   7.0594,   6.9952,   6.976 ,
         6.905 ,   6.8576,   6.8444,   6.7194,   6.6975,   6.6782,
         6.625 ,   6.6001,   6.5876,   6.5478])}",diff_mean_tiny_covariance_gap,3
MY-small_mu,32,linear,{},linear,0.65,rbf,"{'C': 2.0, 'gamma': 'scale'}","{'thetas': array([      0.    ,       0.    ,       0.    ,       0.    ,
             0.    ,       0.    ,       0.0011,       0.0018,
             0.0023,       0.0029,       0.0045,       0.0078,
             0.0097,       0.0118,       0.0136,       0.0174,
             0.0191,       0.0246,       0.0293,       0.0323,
             0.034 ,       0.038 ,       0.0454,       0.0503,
       7405851.0896, 6226908.9056, 5652758.2033, 5050972.9048,
       4785839.1262, 4379207.5443, 4179063.2158, 3590499.9797]), 'lambdas': array([      0.    ,       0.    ,       0.    ,       0.    ,
             0.    ,       0.    ,       0.0011,       0.0018,
             0.0023,       0.0029,       0.0045,       0.0078,
             0.0097,       0.0118,       0.0136,       0.0174,
             0.0191,       0.0246,       0.0293,       0.0323,
             0.034 ,       0.038 ,       0.0454,       0.0503,
       7405851.0896, 6226908.9056, 5652758.2033, 5050972.9048,
       4785839.1262, 4379207.5443, 4179063.2158, 3590499.9797]), 'D_scores': array([9.0228e+09, 3.3929e+09, 2.5743e+09, 7.0860e+08, 2.2816e+08,
       1.6297e+08, 4.5612e+02, 2.7755e+02, 2.1473e+02, 1.6813e+02,
       1.0854e+02, 6.0877e+01, 4.8556e+01, 3.9780e+01, 3.4224e+01,
       2.6142e+01, 2.3640e+01, 1.7952e+01, 1.4804e+01, 1.3258e+01,
       1.2509e+01, 1.1020e+01, 8.9720e+00, 7.9493e+00, 7.4089e+00,
       7.3222e+00, 7.2738e+00, 7.2176e+00, 7.1906e+00, 7.1463e+00,
       7.1228e+00, 7.0469e+00])}",diff_mean_tiny_covariance_gap,3
MY-small_mu,32,rbf,{'gamma': 0.0017035186347248033},rbf(gamma=0.0017035186347248033),0.6375,rbf,"{'C': 2.0, 'gamma': 0.5}","{'thetas': array([0.    , 0.    , 0.0001, 0.0001, 0.0002, 0.0003, 0.0004, 0.0005,
       0.0005, 0.0006, 0.0009, 0.0012, 0.0013, 0.0017, 0.002 , 0.0025,
       0.0028, 0.0029, 0.0033, 0.0037, 0.0042, 0.005 , 0.0052, 0.0054,
       0.0063, 0.0068, 0.0072, 0.0074, 0.0086, 0.0091, 0.0095, 0.0113]), 'lambdas': array([0.    , 0.    , 0.0001, 0.0001, 0.0002, 0.0003, 0.0004, 0.0005,
       0.0005, 0.0006, 0.0009, 0.0012, 0.0013, 0.0017, 0.002 , 0.0025,
       0.0028, 0.0029, 0.0033, 0.0037, 0.0042, 0.005 , 0.0052, 0.0054,
       0.0063, 0.0068, 0.0072, 0.0074, 0.0086, 0.0091, 0.0095, 0.0113]), 'D_scores': array([25565.5873, 14739.8604,  8270.2843,  6719.7898,  3103.442 ,
        1843.8828,  1422.7306,  1094.3273,  1022.183 ,   766.9329,
         531.8966,   401.681 ,   374.4999,   298.179 ,   248.852 ,
         196.3341,   176.5294,   167.7351,   149.0263,   131.2569,
         115.1261,    96.9505,    92.2824,    89.7668,    76.6862,
          70.8575,    66.9184,    64.52  ,    55.4372,    51.8166,
          49.6318,    41.4192])}",diff_mean_tiny_covariance_gap,3
MY-small_mu,32,laplacian,{'gamma': 0.0017035186347248033},laplacian(gamma=0.0017035186347248033),0.65,rbf,"{'C': 0.5, 'gamma': 0.5}","{'thetas': array([0.0001, 0.0001, 0.0002, 0.0003, 0.0005, 0.0005, 0.0006, 0.0007,
       0.0009, 0.0009, 0.0012, 0.0013, 0.0015, 0.0017, 0.0019, 0.0022,
       0.0026, 0.0029, 0.003 , 0.0031, 0.0034, 0.0041, 0.0045, 0.0047,
       0.0052, 0.0058, 0.0059, 0.0063, 0.0073, 0.0078, 0.0082, 0.0087]), 'lambdas': array([0.0001, 0.0001, 0.0002, 0.0003, 0.0005, 0.0005, 0.0006, 0.0007,
       0.0009, 0.0009, 0.0012, 0.0013, 0.0015, 0.0017, 0.0019, 0.0022,
       0.0026, 0.0029, 0.003 , 0.0031, 0.0034, 0.0041, 0.0045, 0.0047,
       0.0052, 0.0058, 0.0059, 0.0063, 0.0073, 0.0078, 0.0082, 0.0087]), 'D_scores': array([8910.3792, 3793.0952, 3302.3897, 1936.5792, 1102.0303, 1040.8603,
        880.0108,  713.7814,  570.8416,  562.6645,  425.6339,  376.9422,
        335.253 ,  283.4404,  258.4443,  220.7147,  189.9549,  166.6471,
        164.0263,  155.7546,  142.9826,  118.4398,  107.0959,  103.7713,
         93.2803,   83.3563,   82.112 ,   76.091 ,   65.7491,   60.9639,
         58.0945,   54.4927])}",diff_mean_tiny_covariance_gap,3
MY-small_mu,32,polynomial,"{'degree': 2, 'gamma': 0.0017035186347248033, 'coef0': 1.0}","polynomial(coef0=1.0, degree=2, gamma=0.0017035186347248033)",0.6,rbf,"{'C': 2.0, 'gamma': 'scale'}","{'thetas': array([      0.    ,       0.0008,       0.0012,       0.0013,
             0.0019,       0.0026,       0.0035,       0.0046,
             0.0055,       0.0068,       0.0078,       0.0094,
             0.0111,       0.0131,       0.0163,       0.0185,
             0.0188,       0.0204,       0.0223,       0.0254,
             0.0268,       0.0292,       0.0305,       0.0359,
             0.0399,       0.0435,       0.0465,       0.0574,
       1329909.9509,       0.0596,  414622.862 ,  370485.047 ]), 'lambdas': array([      0.    ,       0.0008,       0.0012,       0.0013,
             0.0019,       0.0026,       0.0035,       0.0046,
             0.0055,       0.0068,       0.0078,       0.0094,
             0.0111,       0.0131,       0.0163,       0.0185,
             0.0188,       0.0204,       0.0223,       0.0254,
             0.0268,       0.0292,       0.0305,       0.0359,
             0.0399,       0.0435,       0.0465,       0.0574,
       1329909.9509,       0.0596,  414622.862 ,  370485.047 ]), 'D_scores': array([36322.0598,   624.0347,   428.5172,   369.1733,   264.2725,
         189.4823,   139.1783,   106.6734,    87.6395,    70.5662,
          60.8001,    50.3693,    42.4378,    35.3818,    28.155 ,
          24.4954,    24.1223,    22.1186,    19.9844,    17.3329,
          16.3358,    14.8652,    14.1474,    11.7535,    10.4307,
           9.4155,     8.7167,     6.7843,     6.5514,     6.4731,
           5.9676,     5.9113])}",diff_mean_tiny_covariance_gap,3
MY-small_mu,32,sigmoid,"{'gamma': 0.0017035186347248033, 'coef0': 0.0}","sigmoid(coef0=0.0, gamma=0.0017035186347248033)",0.6375,rbf,"{'C': 1.0, 'gamma': 'scale'}","{'thetas': array([      0.0002,       0.0003,       0.0022,       0.0049,
             0.007 ,       0.0133,       0.0163,       0.0166,
             0.0231,       0.0295,       0.0357,       0.0397,
             0.0472, 6180951.8994, 5374506.1145, 4372399.0989,
       4149203.0949, 4073447.0123, 3492672.9006, 3431353.5288,
       3038436.0417, 2685578.1573, 2501866.2724, 2235955.6105,
             0.0573, 2022003.1268, 1714555.7594, 1542893.5005,
       1432379.5216, 1362740.9415, 1304455.0825, 1231349.5603]), 'lambdas': array([      0.0002,       0.0003,       0.0022,       0.0049,
             0.007 ,       0.0133,       0.0163,       0.0166,
             0.0231,       0.0295,       0.0357,       0.0397,
             0.0472, 6180951.8994, 5374506.1145, 4372399.0989,
       4149203.0949, 4073447.0123, 3492672.9006, 3431353.5288,
       3038436.0417, 2685578.1573, 2501866.2724, 2235955.6105,
             0.0573, 2022003.1268, 1714555.7594, 1542893.5005,
       1432379.5216, 1362740.9415, 1304455.0825, 1231349.5603]), 'D_scores': array([2308.1374, 1448.3398,  225.8231,   98.9669,   68.4587,   34.8573,
         28.1941,   27.5585,   19.2973,   14.6973,   11.8377,   10.4698,
          8.5728,    7.3185,    7.2486,    7.1454,    7.1192,    7.11  ,
          7.0332,    7.0242,    6.9634,    6.9017,    6.8663,    6.8101,
          6.8025,    6.7599,    6.6774,    6.6246,    6.5875,    6.5625,
          6.5407,    6.5119])}",diff_mean_tiny_covariance_gap,3
