pair,class0,class1,rep,m,r,stage1_kernel,family,class0_bags,class1_bags,stable_r_limit,coordinate_rank,available_directions,D_mu,D_covariance,heuristic_family,evaluation_protocol,status,status_detail,acc,probe_C
airplane vs bird,airplane,bird,0,4,1,linear,large_mu,75,75,75,149,24,17804260.55623071,34112688.58516601,,disjoint_bag_coordinate_me_single_point_probe_v1,ok,,0.93,1.0
airplane vs bird,airplane,bird,0,4,2,linear,large_mu,75,75,75,149,24,17804260.55623071,34112688.58516601,small_mu,disjoint_bag_coordinate_me_single_point_probe_v1,ok,,0.935,0.1
airplane vs bird,airplane,bird,0,4,4,linear,large_mu,75,75,75,149,24,17804260.55623071,34112688.58516601,large_mu,disjoint_bag_coordinate_me_single_point_probe_v1,ok,,0.9325,10.0
airplane vs bird,airplane,bird,0,4,6,linear,large_mu,75,75,75,149,24,17804260.55623071,34112688.58516601,large_mu,disjoint_bag_coordinate_me_single_point_probe_v1,ok,,0.9525,1.0
airplane vs bird,airplane,bird,0,4,8,linear,large_mu,75,75,75,149,24,17804260.55623071,34112688.58516601,large_mu,disjoint_bag_coordinate_me_single_point_probe_v1,ok,,0.95,1.0
airplane vs bird,airplane,bird,0,4,10,linear,large_mu,75,75,75,149,24,17804260.55623071,34112688.58516601,large_mu,disjoint_bag_coordinate_me_single_point_probe_v1,ok,,0.9575,1.0
airplane vs bird,airplane,bird,0,4,16,linear,large_mu,75,75,75,149,24,17804260.55623071,34112688.58516601,large_mu,disjoint_bag_coordinate_me_single_point_probe_v1,ok,,0.955,1.0
airplane vs bird,airplane,bird,0,4,24,linear,large_mu,75,75,75,149,24,17804260.55623071,34112688.58516601,large_mu,disjoint_bag_coordinate_me_single_point_probe_v1,ok,,0.945,1.0
airplane vs bird,airplane,bird,0,4,1,linear,small_mu,75,75,74,149,24,17804260.55623071,34112688.58516601,,disjoint_bag_coordinate_me_single_point_probe_v1,ok,,0.9175,0.1
airplane vs bird,airplane,bird,0,4,2,linear,small_mu,75,75,74,149,24,17804260.55623071,34112688.58516601,small_mu,disjoint_bag_coordinate_me_single_point_probe_v1,ok,,0.92,1.0
airplane vs bird,airplane,bird,0,4,4,linear,small_mu,75,75,74,149,24,17804260.55623071,34112688.58516601,large_mu,disjoint_bag_coordinate_me_single_point_probe_v1,ok,,0.9225,1.0
airplane vs bird,airplane,bird,0,4,6,linear,small_mu,75,75,74,149,24,17804260.55623071,34112688.58516601,large_mu,disjoint_bag_coordinate_me_single_point_probe_v1,ok,,0.9375,1.0
airplane vs bird,airplane,bird,0,4,8,linear,small_mu,75,75,74,149,24,17804260.55623071,34112688.58516601,large_mu,disjoint_bag_coordinate_me_single_point_probe_v1,ok,,0.9425,10.0
airplane vs bird,airplane,bird,0,4,10,linear,small_mu,75,75,74,149,24,17804260.55623071,34112688.58516601,large_mu,disjoint_bag_coordinate_me_single_point_probe_v1,ok,,0.9475,0.1
airplane vs bird,airplane,bird,0,4,16,linear,small_mu,75,75,74,149,24,17804260.55623071,34112688.58516601,large_mu,disjoint_bag_coordinate_me_single_point_probe_v1,ok,,0.95,1.0
airplane vs bird,airplane,bird,0,4,24,linear,small_mu,75,75,74,149,24,17804260.55623071,34112688.58516601,large_mu,disjoint_bag_coordinate_me_single_point_probe_v1,ok,,0.9475,1.0
airplane vs bird,airplane,bird,0,4,1,rbf,large_mu,75,75,75,149,24,24990.940191158952,95615.98925634818,,disjoint_bag_coordinate_me_single_point_probe_v1,ok,,0.945,10.0
airplane vs bird,airplane,bird,0,4,2,rbf,large_mu,75,75,75,149,24,24990.940191158952,95615.98925634818,small_mu,disjoint_bag_coordinate_me_single_point_probe_v1,ok,,0.9575,0.1
airplane vs bird,airplane,bird,0,4,4,rbf,large_mu,75,75,75,149,24,24990.940191158952,95615.98925634818,small_mu,disjoint_bag_coordinate_me_single_point_probe_v1,ok,,0.9625,10.0
airplane vs bird,airplane,bird,0,4,6,rbf,large_mu,75,75,75,149,24,24990.940191158952,95615.98925634818,large_mu,disjoint_bag_coordinate_me_single_point_probe_v1,ok,,0.965,10.0
airplane vs bird,airplane,bird,0,4,8,rbf,large_mu,75,75,75,149,24,24990.940191158952,95615.98925634818,large_mu,disjoint_bag_coordinate_me_single_point_probe_v1,ok,,0.9675,1.0
airplane vs bird,airplane,bird,0,4,10,rbf,large_mu,75,75,75,149,24,24990.940191158952,95615.98925634818,large_mu,disjoint_bag_coordinate_me_single_point_probe_v1,ok,,0.965,1.0
airplane vs bird,airplane,bird,0,4,16,rbf,large_mu,75,75,75,149,24,24990.940191158952,95615.98925634818,large_mu,disjoint_bag_coordinate_me_single_point_probe_v1,ok,,0.9625,1.0
airplane vs bird,airplane,bird,0,4,24,rbf,large_mu,75,75,75,149,24,24990.940191158952,95615.98925634818,large_mu,disjoint_bag_coordinate_me_single_point_probe_v1,ok,,0.97,0.1
airplane vs bird,airplane,bird,0,4,1,rbf,small_mu,75,75,74,149,24,24990.940191158952,95615.98925634818,,disjoint_bag_coordinate_me_single_point_probe_v1,ok,,0.9675,0.1
airplane vs bird,airplane,bird,0,4,2,rbf,small_mu,75,75,74,149,24,24990.940191158952,95615.98925634818,small_mu,disjoint_bag_coordinate_me_single_point_probe_v1,ok,,0.9625,0.1
airplane vs bird,airplane,bird,0,4,4,rbf,small_mu,75,75,74,149,24,24990.940191158952,95615.98925634818,small_mu,disjoint_bag_coordinate_me_single_point_probe_v1,ok,,0.96,0.1
airplane vs bird,airplane,bird,0,4,6,rbf,small_mu,75,75,74,149,24,24990.940191158952,95615.98925634818,large_mu,disjoint_bag_coordinate_me_single_point_probe_v1,ok,,0.9675,0.1
airplane vs bird,airplane,bird,0,4,8,rbf,small_mu,75,75,74,149,24,24990.940191158952,95615.98925634818,large_mu,disjoint_bag_coordinate_me_single_point_probe_v1,ok,,0.965,1.0
airplane vs bird,airplane,bird,0,4,10,rbf,small_mu,75,75,74,149,24,24990.940191158952,95615.98925634818,large_mu,disjoint_bag_coordinate_me_single_point_probe_v1,ok,,0.9625,1.0
airplane vs bird,airplane,bird,0,4,16,rbf,small_mu,75,75,74,149,24,24990.940191158952,95615.98925634818,large_mu,disjoint_bag_coordinate_me_single_point_probe_v1,ok,,0.965,1.0
airplane vs bird,airplane,bird,0,4,24,rbf,small_mu,75,75,74,149,24,24990.940191158952,95615.98925634818,large_mu,disjoint_bag_coordinate_me_single_point_probe_v1,ok,,0.965,10.0
airplane vs bird,airplane,bird,0,4,1,laplacian,large_mu,75,75,75,149,24,18423.780250092554,72004.29669000348,,disjoint_bag_coordinate_me_single_point_probe_v1,ok,,0.9425,10.0
airplane vs bird,airplane,bird,0,4,2,laplacian,large_mu,75,75,75,149,24,18423.780250092554,72004.29669000348,small_mu,disjoint_bag_coordinate_me_single_point_probe_v1,ok,,0.95,1.0
airplane vs bird,airplane,bird,0,4,4,laplacian,large_mu,75,75,75,149,24,18423.780250092554,72004.29669000348,small_mu,disjoint_bag_coordinate_me_single_point_probe_v1,ok,,0.955,1.0
airplane vs bird,airplane,bird,0,4,6,laplacian,large_mu,75,75,75,149,24,18423.780250092554,72004.29669000348,large_mu,disjoint_bag_coordinate_me_single_point_probe_v1,ok,,0.965,10.0
airplane vs bird,airplane,bird,0,4,8,laplacian,large_mu,75,75,75,149,24,18423.780250092554,72004.29669000348,large_mu,disjoint_bag_coordinate_me_single_point_probe_v1,ok,,0.965,1.0
airplane vs bird,airplane,bird,0,4,10,laplacian,large_mu,75,75,75,149,24,18423.780250092554,72004.29669000348,large_mu,disjoint_bag_coordinate_me_single_point_probe_v1,ok,,0.965,1.0
airplane vs bird,airplane,bird,0,4,16,laplacian,large_mu,75,75,75,149,24,18423.780250092554,72004.29669000348,large_mu,disjoint_bag_coordinate_me_single_point_probe_v1,ok,,0.9675,0.1
airplane vs bird,airplane,bird,0,4,24,laplacian,large_mu,75,75,75,149,24,18423.780250092554,72004.29669000348,large_mu,disjoint_bag_coordinate_me_single_point_probe_v1,ok,,0.9575,1.0
airplane vs bird,airplane,bird,0,4,1,laplacian,small_mu,75,75,74,149,24,18423.780250092554,72004.29669000348,,disjoint_bag_coordinate_me_single_point_probe_v1,ok,,0.96,0.1
airplane vs bird,airplane,bird,0,4,2,laplacian,small_mu,75,75,74,149,24,18423.780250092554,72004.29669000348,small_mu,disjoint_bag_coordinate_me_single_point_probe_v1,ok,,0.9575,10.0
airplane vs bird,airplane,bird,0,4,4,laplacian,small_mu,75,75,74,149,24,18423.780250092554,72004.29669000348,small_mu,disjoint_bag_coordinate_me_single_point_probe_v1,ok,,0.955,1.0
airplane vs bird,airplane,bird,0,4,6,laplacian,small_mu,75,75,74,149,24,18423.780250092554,72004.29669000348,large_mu,disjoint_bag_coordinate_me_single_point_probe_v1,ok,,0.9625,1.0
airplane vs bird,airplane,bird,0,4,8,laplacian,small_mu,75,75,74,149,24,18423.780250092554,72004.29669000348,large_mu,disjoint_bag_coordinate_me_single_point_probe_v1,ok,,0.9625,1.0
airplane vs bird,airplane,bird,0,4,10,laplacian,small_mu,75,75,74,149,24,18423.780250092554,72004.29669000348,large_mu,disjoint_bag_coordinate_me_single_point_probe_v1,ok,,0.9625,1.0
airplane vs bird,airplane,bird,0,4,16,laplacian,small_mu,75,75,74,149,24,18423.780250092554,72004.29669000348,large_mu,disjoint_bag_coordinate_me_single_point_probe_v1,ok,,0.9475,10.0
airplane vs bird,airplane,bird,0,4,24,laplacian,small_mu,75,75,74,149,24,18423.780250092554,72004.29669000348,large_mu,disjoint_bag_coordinate_me_single_point_probe_v1,ok,,0.9425,10.0
airplane vs bird,airplane,bird,0,4,1,polynomial,large_mu,75,75,75,149,24,111685.55876585684,280298.4513691465,,disjoint_bag_coordinate_me_single_point_probe_v1,ok,,0.95,10.0
airplane vs bird,airplane,bird,0,4,2,polynomial,large_mu,75,75,75,149,24,111685.55876585684,280298.4513691465,small_mu,disjoint_bag_coordinate_me_single_point_probe_v1,ok,,0.9475,10.0
airplane vs bird,airplane,bird,0,4,4,polynomial,large_mu,75,75,75,149,24,111685.55876585684,280298.4513691465,large_mu,disjoint_bag_coordinate_me_single_point_probe_v1,ok,,0.945,10.0
airplane vs bird,airplane,bird,0,4,6,polynomial,large_mu,75,75,75,149,24,111685.55876585684,280298.4513691465,large_mu,disjoint_bag_coordinate_me_single_point_probe_v1,ok,,0.9625,1.0
airplane vs bird,airplane,bird,0,4,8,polynomial,large_mu,75,75,75,149,24,111685.55876585684,280298.4513691465,large_mu,disjoint_bag_coordinate_me_single_point_probe_v1,ok,,0.9575,0.1
airplane vs bird,airplane,bird,0,4,10,polynomial,large_mu,75,75,75,149,24,111685.55876585684,280298.4513691465,large_mu,disjoint_bag_coordinate_me_single_point_probe_v1,ok,,0.965,1.0
airplane vs bird,airplane,bird,0,4,16,polynomial,large_mu,75,75,75,149,24,111685.55876585684,280298.4513691465,large_mu,disjoint_bag_coordinate_me_single_point_probe_v1,ok,,0.975,1.0
airplane vs bird,airplane,bird,0,4,24,polynomial,large_mu,75,75,75,149,24,111685.55876585684,280298.4513691465,large_mu,disjoint_bag_coordinate_me_single_point_probe_v1,ok,,0.965,1.0
airplane vs bird,airplane,bird,0,4,1,polynomial,small_mu,75,75,74,149,24,111685.55876585684,280298.4513691465,,disjoint_bag_coordinate_me_single_point_probe_v1,ok,,0.965,0.1
airplane vs bird,airplane,bird,0,4,2,polynomial,small_mu,75,75,74,149,24,111685.55876585684,280298.4513691465,small_mu,disjoint_bag_coordinate_me_single_point_probe_v1,ok,,0.96,1.0
airplane vs bird,airplane,bird,0,4,4,polynomial,small_mu,75,75,74,149,24,111685.55876585684,280298.4513691465,large_mu,disjoint_bag_coordinate_me_single_point_probe_v1,ok,,0.9575,10.0
airplane vs bird,airplane,bird,0,4,6,polynomial,small_mu,75,75,74,149,24,111685.55876585684,280298.4513691465,large_mu,disjoint_bag_coordinate_me_single_point_probe_v1,ok,,0.965,1.0
airplane vs bird,airplane,bird,0,4,8,polynomial,small_mu,75,75,74,149,24,111685.55876585684,280298.4513691465,large_mu,disjoint_bag_coordinate_me_single_point_probe_v1,ok,,0.9625,10.0
airplane vs bird,airplane,bird,0,4,10,polynomial,small_mu,75,75,74,149,24,111685.55876585684,280298.4513691465,large_mu,disjoint_bag_coordinate_me_single_point_probe_v1,ok,,0.9625,1.0
airplane vs bird,airplane,bird,0,4,16,polynomial,small_mu,75,75,74,149,24,111685.55876585684,280298.4513691465,large_mu,disjoint_bag_coordinate_me_single_point_probe_v1,ok,,0.9675,10.0
airplane vs bird,airplane,bird,0,4,24,polynomial,small_mu,75,75,74,149,24,111685.55876585684,280298.4513691465,large_mu,disjoint_bag_coordinate_me_single_point_probe_v1,ok,,0.97,1.0
airplane vs bird,airplane,bird,0,4,1,sigmoid,large_mu,75,75,75,110,24,10470.21963616097,22223.2637627207,,disjoint_bag_coordinate_me_single_point_probe_v1,ok,,0.8075,1.0
airplane vs bird,airplane,bird,0,4,2,sigmoid,large_mu,75,75,75,110,24,10470.21963616097,22223.2637627207,small_mu,disjoint_bag_coordinate_me_single_point_probe_v1,ok,,0.81,1.0
airplane vs bird,airplane,bird,0,4,4,sigmoid,large_mu,75,75,75,110,24,10470.21963616097,22223.2637627207,large_mu,disjoint_bag_coordinate_me_single_point_probe_v1,ok,,0.815,1.0
airplane vs bird,airplane,bird,0,4,6,sigmoid,large_mu,75,75,75,110,24,10470.21963616097,22223.2637627207,large_mu,disjoint_bag_coordinate_me_single_point_probe_v1,ok,,0.81,0.1
airplane vs bird,airplane,bird,0,4,8,sigmoid,large_mu,75,75,75,110,24,10470.21963616097,22223.2637627207,large_mu,disjoint_bag_coordinate_me_single_point_probe_v1,ok,,0.8075,0.1
airplane vs bird,airplane,bird,0,4,10,sigmoid,large_mu,75,75,75,110,24,10470.21963616097,22223.2637627207,large_mu,disjoint_bag_coordinate_me_single_point_probe_v1,ok,,0.8075,0.1
airplane vs bird,airplane,bird,0,4,16,sigmoid,large_mu,75,75,75,110,24,10470.21963616097,22223.2637627207,large_mu,disjoint_bag_coordinate_me_single_point_probe_v1,ok,,0.8325,0.1
airplane vs bird,airplane,bird,0,4,24,sigmoid,large_mu,75,75,75,110,24,10470.21963616097,22223.2637627207,large_mu,disjoint_bag_coordinate_me_single_point_probe_v1,ok,,0.8275,1.0
airplane vs bird,airplane,bird,0,4,1,sigmoid,small_mu,75,75,74,110,24,10470.21963616097,22223.2637627207,,disjoint_bag_coordinate_me_single_point_probe_v1,ok,,0.61,0.1
airplane vs bird,airplane,bird,0,4,2,sigmoid,small_mu,75,75,74,110,24,10470.21963616097,22223.2637627207,small_mu,disjoint_bag_coordinate_me_single_point_probe_v1,ok,,0.6475,1.0
airplane vs bird,airplane,bird,0,4,4,sigmoid,small_mu,75,75,74,110,24,10470.21963616097,22223.2637627207,large_mu,disjoint_bag_coordinate_me_single_point_probe_v1,ok,,0.7275,0.1
airplane vs bird,airplane,bird,0,4,6,sigmoid,small_mu,75,75,74,110,24,10470.21963616097,22223.2637627207,large_mu,disjoint_bag_coordinate_me_single_point_probe_v1,ok,,0.78,0.1
airplane vs bird,airplane,bird,0,4,8,sigmoid,small_mu,75,75,74,110,24,10470.21963616097,22223.2637627207,large_mu,disjoint_bag_coordinate_me_single_point_probe_v1,ok,,0.76,0.1
airplane vs bird,airplane,bird,0,4,10,sigmoid,small_mu,75,75,74,110,24,10470.21963616097,22223.2637627207,large_mu,disjoint_bag_coordinate_me_single_point_probe_v1,ok,,0.7725,1.0
airplane vs bird,airplane,bird,0,4,16,sigmoid,small_mu,75,75,74,110,24,10470.21963616097,22223.2637627207,large_mu,disjoint_bag_coordinate_me_single_point_probe_v1,ok,,0.79,1.0
airplane vs bird,airplane,bird,0,4,24,sigmoid,small_mu,75,75,74,110,24,10470.21963616097,22223.2637627207,large_mu,disjoint_bag_coordinate_me_single_point_probe_v1,ok,,0.82,0.1
airplane vs bird,airplane,bird,0,8,1,linear,large_mu,37,37,37,73,24,31375178.885891218,21809649.207792222,,disjoint_bag_coordinate_me_single_point_probe_v1,ok,,0.93,10.0
airplane vs bird,airplane,bird,0,8,2,linear,large_mu,37,37,37,73,24,31375178.885891218,21809649.207792222,large_mu,disjoint_bag_coordinate_me_single_point_probe_v1,ok,,0.94,1.0
airplane vs bird,airplane,bird,0,8,4,linear,large_mu,37,37,37,73,24,31375178.885891218,21809649.207792222,large_mu,disjoint_bag_coordinate_me_single_point_probe_v1,ok,,0.95,0.1
airplane vs bird,airplane,bird,0,8,6,linear,large_mu,37,37,37,73,24,31375178.885891218,21809649.207792222,large_mu,disjoint_bag_coordinate_me_single_point_probe_v1,ok,,0.9375,0.1
airplane vs bird,airplane,bird,0,8,8,linear,large_mu,37,37,37,73,24,31375178.885891218,21809649.207792222,large_mu,disjoint_bag_coordinate_me_single_point_probe_v1,ok,,0.9425,1.0
airplane vs bird,airplane,bird,0,8,10,linear,large_mu,37,37,37,73,24,31375178.885891218,21809649.207792222,large_mu,disjoint_bag_coordinate_me_single_point_probe_v1,ok,,0.9475,10.0
airplane vs bird,airplane,bird,0,8,16,linear,large_mu,37,37,37,73,24,31375178.885891218,21809649.207792222,large_mu,disjoint_bag_coordinate_me_single_point_probe_v1,ok,,0.9375,0.1
airplane vs bird,airplane,bird,0,8,24,linear,large_mu,37,37,37,73,24,31375178.885891218,21809649.207792222,large_mu,disjoint_bag_coordinate_me_single_point_probe_v1,ok,,0.9425,1.0
airplane vs bird,airplane,bird,0,8,1,linear,small_mu,37,37,36,73,24,31375178.885891218,21809649.207792222,,disjoint_bag_coordinate_me_single_point_probe_v1,ok,,0.95,1.0
airplane vs bird,airplane,bird,0,8,2,linear,small_mu,37,37,36,73,24,31375178.885891218,21809649.207792222,large_mu,disjoint_bag_coordinate_me_single_point_probe_v1,ok,,0.95,0.1
airplane vs bird,airplane,bird,0,8,4,linear,small_mu,37,37,36,73,24,31375178.885891218,21809649.207792222,large_mu,disjoint_bag_coordinate_me_single_point_probe_v1,ok,,0.95,10.0
airplane vs bird,airplane,bird,0,8,6,linear,small_mu,37,37,36,73,24,31375178.885891218,21809649.207792222,large_mu,disjoint_bag_coordinate_me_single_point_probe_v1,ok,,0.95,1.0
airplane vs bird,airplane,bird,0,8,8,linear,small_mu,37,37,36,73,24,31375178.885891218,21809649.207792222,large_mu,disjoint_bag_coordinate_me_single_point_probe_v1,ok,,0.955,1.0
airplane vs bird,airplane,bird,0,8,10,linear,small_mu,37,37,36,73,24,31375178.885891218,21809649.207792222,large_mu,disjoint_bag_coordinate_me_single_point_probe_v1,ok,,0.94,1.0
airplane vs bird,airplane,bird,0,8,16,linear,small_mu,37,37,36,73,24,31375178.885891218,21809649.207792222,large_mu,disjoint_bag_coordinate_me_single_point_probe_v1,ok,,0.94,1.0
airplane vs bird,airplane,bird,0,8,24,linear,small_mu,37,37,36,73,24,31375178.885891218,21809649.207792222,large_mu,disjoint_bag_coordinate_me_single_point_probe_v1,ok,,0.9425,10.0
airplane vs bird,airplane,bird,0,8,1,rbf,large_mu,37,37,37,73,24,28661.18499383355,48906.02727107413,,disjoint_bag_coordinate_me_single_point_probe_v1,ok,,0.9325,0.1
airplane vs bird,airplane,bird,0,8,2,rbf,large_mu,37,37,37,73,24,28661.18499383355,48906.02727107413,small_mu,disjoint_bag_coordinate_me_single_point_probe_v1,ok,,0.935,0.1
airplane vs bird,airplane,bird,0,8,4,rbf,large_mu,37,37,37,73,24,28661.18499383355,48906.02727107413,large_mu,disjoint_bag_coordinate_me_single_point_probe_v1,ok,,0.94,0.1
airplane vs bird,airplane,bird,0,8,6,rbf,large_mu,37,37,37,73,24,28661.18499383355,48906.02727107413,large_mu,disjoint_bag_coordinate_me_single_point_probe_v1,ok,,0.9475,1.0
airplane vs bird,airplane,bird,0,8,8,rbf,large_mu,37,37,37,73,24,28661.18499383355,48906.02727107413,large_mu,disjoint_bag_coordinate_me_single_point_probe_v1,ok,,0.9525,0.1
airplane vs bird,airplane,bird,0,8,10,rbf,large_mu,37,37,37,73,24,28661.18499383355,48906.02727107413,large_mu,disjoint_bag_coordinate_me_single_point_probe_v1,ok,,0.955,0.1
airplane vs bird,airplane,bird,0,8,16,rbf,large_mu,37,37,37,73,24,28661.18499383355,48906.02727107413,large_mu,disjoint_bag_coordinate_me_single_point_probe_v1,ok,,0.9475,0.1
airplane vs bird,airplane,bird,0,8,24,rbf,large_mu,37,37,37,73,24,28661.18499383355,48906.02727107413,large_mu,disjoint_bag_coordinate_me_single_point_probe_v1,ok,,0.9475,10.0
airplane vs bird,airplane,bird,0,8,1,rbf,small_mu,37,37,36,73,24,28661.18499383355,48906.02727107413,,disjoint_bag_coordinate_me_single_point_probe_v1,ok,,0.9525,0.1
airplane vs bird,airplane,bird,0,8,2,rbf,small_mu,37,37,36,73,24,28661.18499383355,48906.02727107413,small_mu,disjoint_bag_coordinate_me_single_point_probe_v1,ok,,0.9525,0.1
airplane vs bird,airplane,bird,0,8,4,rbf,small_mu,37,37,36,73,24,28661.18499383355,48906.02727107413,large_mu,disjoint_bag_coordinate_me_single_point_probe_v1,ok,,0.9525,1.0
airplane vs bird,airplane,bird,0,8,6,rbf,small_mu,37,37,36,73,24,28661.18499383355,48906.02727107413,large_mu,disjoint_bag_coordinate_me_single_point_probe_v1,ok,,0.9525,1.0
airplane vs bird,airplane,bird,0,8,8,rbf,small_mu,37,37,36,73,24,28661.18499383355,48906.02727107413,large_mu,disjoint_bag_coordinate_me_single_point_probe_v1,ok,,0.9475,1.0
airplane vs bird,airplane,bird,0,8,10,rbf,small_mu,37,37,36,73,24,28661.18499383355,48906.02727107413,large_mu,disjoint_bag_coordinate_me_single_point_probe_v1,ok,,0.9475,1.0
airplane vs bird,airplane,bird,0,8,16,rbf,small_mu,37,37,36,73,24,28661.18499383355,48906.02727107413,large_mu,disjoint_bag_coordinate_me_single_point_probe_v1,ok,,0.945,0.1
airplane vs bird,airplane,bird,0,8,24,rbf,small_mu,37,37,36,73,24,28661.18499383355,48906.02727107413,large_mu,disjoint_bag_coordinate_me_single_point_probe_v1,ok,,0.9475,1.0
airplane vs bird,airplane,bird,0,8,1,laplacian,large_mu,37,37,37,73,24,22203.94789460918,36717.28564997327,,disjoint_bag_coordinate_me_single_point_probe_v1,ok,,0.9375,0.1
airplane vs bird,airplane,bird,0,8,2,laplacian,large_mu,37,37,37,73,24,22203.94789460918,36717.28564997327,small_mu,disjoint_bag_coordinate_me_single_point_probe_v1,ok,,0.9375,0.1
airplane vs bird,airplane,bird,0,8,4,laplacian,large_mu,37,37,37,73,24,22203.94789460918,36717.28564997327,large_mu,disjoint_bag_coordinate_me_single_point_probe_v1,ok,,0.945,0.1
airplane vs bird,airplane,bird,0,8,6,laplacian,large_mu,37,37,37,73,24,22203.94789460918,36717.28564997327,large_mu,disjoint_bag_coordinate_me_single_point_probe_v1,ok,,0.955,10.0
airplane vs bird,airplane,bird,0,8,8,laplacian,large_mu,37,37,37,73,24,22203.94789460918,36717.28564997327,large_mu,disjoint_bag_coordinate_me_single_point_probe_v1,ok,,0.95,0.1
airplane vs bird,airplane,bird,0,8,10,laplacian,large_mu,37,37,37,73,24,22203.94789460918,36717.28564997327,large_mu,disjoint_bag_coordinate_me_single_point_probe_v1,ok,,0.9525,0.1
airplane vs bird,airplane,bird,0,8,16,laplacian,large_mu,37,37,37,73,24,22203.94789460918,36717.28564997327,large_mu,disjoint_bag_coordinate_me_single_point_probe_v1,ok,,0.95,0.1
airplane vs bird,airplane,bird,0,8,24,laplacian,large_mu,37,37,37,73,24,22203.94789460918,36717.28564997327,large_mu,disjoint_bag_coordinate_me_single_point_probe_v1,ok,,0.95,0.1
airplane vs bird,airplane,bird,0,8,1,laplacian,small_mu,37,37,36,73,24,22203.94789460918,36717.28564997327,,disjoint_bag_coordinate_me_single_point_probe_v1,ok,,0.9425,10.0
airplane vs bird,airplane,bird,0,8,2,laplacian,small_mu,37,37,36,73,24,22203.94789460918,36717.28564997327,small_mu,disjoint_bag_coordinate_me_single_point_probe_v1,ok,,0.945,0.1
airplane vs bird,airplane,bird,0,8,4,laplacian,small_mu,37,37,36,73,24,22203.94789460918,36717.28564997327,large_mu,disjoint_bag_coordinate_me_single_point_probe_v1,ok,,0.9525,1.0
airplane vs bird,airplane,bird,0,8,6,laplacian,small_mu,37,37,36,73,24,22203.94789460918,36717.28564997327,large_mu,disjoint_bag_coordinate_me_single_point_probe_v1,ok,,0.9475,1.0
airplane vs bird,airplane,bird,0,8,8,laplacian,small_mu,37,37,36,73,24,22203.94789460918,36717.28564997327,large_mu,disjoint_bag_coordinate_me_single_point_probe_v1,ok,,0.9475,1.0
airplane vs bird,airplane,bird,0,8,10,laplacian,small_mu,37,37,36,73,24,22203.94789460918,36717.28564997327,large_mu,disjoint_bag_coordinate_me_single_point_probe_v1,ok,,0.9475,1.0
airplane vs bird,airplane,bird,0,8,16,laplacian,small_mu,37,37,36,73,24,22203.94789460918,36717.28564997327,large_mu,disjoint_bag_coordinate_me_single_point_probe_v1,ok,,0.9475,1.0
airplane vs bird,airplane,bird,0,8,24,laplacian,small_mu,37,37,36,73,24,22203.94789460918,36717.28564997327,large_mu,disjoint_bag_coordinate_me_single_point_probe_v1,ok,,0.945,1.0
airplane vs bird,airplane,bird,0,8,1,polynomial,large_mu,37,37,37,73,24,157655.78293958268,151876.943934273,,disjoint_bag_coordinate_me_single_point_probe_v1,ok,,0.9425,0.1
airplane vs bird,airplane,bird,0,8,2,polynomial,large_mu,37,37,37,73,24,157655.78293958268,151876.943934273,large_mu,disjoint_bag_coordinate_me_single_point_probe_v1,ok,,0.945,0.1
airplane vs bird,airplane,bird,0,8,4,polynomial,large_mu,37,37,37,73,24,157655.78293958268,151876.943934273,large_mu,disjoint_bag_coordinate_me_single_point_probe_v1,ok,,0.945,0.1
airplane vs bird,airplane,bird,0,8,6,polynomial,large_mu,37,37,37,73,24,157655.78293958268,151876.943934273,large_mu,disjoint_bag_coordinate_me_single_point_probe_v1,ok,,0.945,0.1
airplane vs bird,airplane,bird,0,8,8,polynomial,large_mu,37,37,37,73,24,157655.78293958268,151876.943934273,large_mu,disjoint_bag_coordinate_me_single_point_probe_v1,ok,,0.95,1.0
airplane vs bird,airplane,bird,0,8,10,polynomial,large_mu,37,37,37,73,24,157655.78293958268,151876.943934273,large_mu,disjoint_bag_coordinate_me_single_point_probe_v1,ok,,0.945,10.0
airplane vs bird,airplane,bird,0,8,16,polynomial,large_mu,37,37,37,73,24,157655.78293958268,151876.943934273,large_mu,disjoint_bag_coordinate_me_single_point_probe_v1,ok,,0.95,1.0
airplane vs bird,airplane,bird,0,8,24,polynomial,large_mu,37,37,37,73,24,157655.78293958268,151876.943934273,large_mu,disjoint_bag_coordinate_me_single_point_probe_v1,ok,,0.9475,1.0
airplane vs bird,airplane,bird,0,8,1,polynomial,small_mu,37,37,36,73,24,157655.78293958268,151876.943934273,,disjoint_bag_coordinate_me_single_point_probe_v1,ok,,0.9525,0.1
airplane vs bird,airplane,bird,0,8,2,polynomial,small_mu,37,37,36,73,24,157655.78293958268,151876.943934273,large_mu,disjoint_bag_coordinate_me_single_point_probe_v1,ok,,0.95,10.0
airplane vs bird,airplane,bird,0,8,4,polynomial,small_mu,37,37,36,73,24,157655.78293958268,151876.943934273,large_mu,disjoint_bag_coordinate_me_single_point_probe_v1,ok,,0.945,0.1
airplane vs bird,airplane,bird,0,8,6,polynomial,small_mu,37,37,36,73,24,157655.78293958268,151876.943934273,large_mu,disjoint_bag_coordinate_me_single_point_probe_v1,ok,,0.945,1.0
airplane vs bird,airplane,bird,0,8,8,polynomial,small_mu,37,37,36,73,24,157655.78293958268,151876.943934273,large_mu,disjoint_bag_coordinate_me_single_point_probe_v1,ok,,0.95,10.0
airplane vs bird,airplane,bird,0,8,10,polynomial,small_mu,37,37,36,73,24,157655.78293958268,151876.943934273,large_mu,disjoint_bag_coordinate_me_single_point_probe_v1,ok,,0.9425,10.0
airplane vs bird,airplane,bird,0,8,16,polynomial,small_mu,37,37,36,73,24,157655.78293958268,151876.943934273,large_mu,disjoint_bag_coordinate_me_single_point_probe_v1,ok,,0.9525,1.0
airplane vs bird,airplane,bird,0,8,24,polynomial,small_mu,37,37,36,73,24,157655.78293958268,151876.943934273,large_mu,disjoint_bag_coordinate_me_single_point_probe_v1,ok,,0.95,1.0
airplane vs bird,airplane,bird,0,8,1,sigmoid,large_mu,37,37,37,67,24,38559.92277397499,22075.27894410638,,disjoint_bag_coordinate_me_single_point_probe_v1,ok,,0.9,0.1
airplane vs bird,airplane,bird,0,8,2,sigmoid,large_mu,37,37,37,67,24,38559.92277397499,22075.27894410638,large_mu,disjoint_bag_coordinate_me_single_point_probe_v1,ok,,0.905,1.0
airplane vs bird,airplane,bird,0,8,4,sigmoid,large_mu,37,37,37,67,24,38559.92277397499,22075.27894410638,large_mu,disjoint_bag_coordinate_me_single_point_probe_v1,ok,,0.8975,0.1
airplane vs bird,airplane,bird,0,8,6,sigmoid,large_mu,37,37,37,67,24,38559.92277397499,22075.27894410638,large_mu,disjoint_bag_coordinate_me_single_point_probe_v1,ok,,0.8975,1.0
airplane vs bird,airplane,bird,0,8,8,sigmoid,large_mu,37,37,37,67,24,38559.92277397499,22075.27894410638,large_mu,disjoint_bag_coordinate_me_single_point_probe_v1,ok,,0.895,0.1
airplane vs bird,airplane,bird,0,8,10,sigmoid,large_mu,37,37,37,67,24,38559.92277397499,22075.27894410638,large_mu,disjoint_bag_coordinate_me_single_point_probe_v1,ok,,0.9025,0.1
airplane vs bird,airplane,bird,0,8,16,sigmoid,large_mu,37,37,37,67,24,38559.92277397499,22075.27894410638,large_mu,disjoint_bag_coordinate_me_single_point_probe_v1,ok,,0.905,10.0
airplane vs bird,airplane,bird,0,8,24,sigmoid,large_mu,37,37,37,67,24,38559.92277397499,22075.27894410638,large_mu,disjoint_bag_coordinate_me_single_point_probe_v1,ok,,0.9,0.1
airplane vs bird,airplane,bird,0,8,1,sigmoid,small_mu,37,37,36,67,24,38559.92277397499,22075.27894410638,,disjoint_bag_coordinate_me_single_point_probe_v1,ok,,0.735,1.0
airplane vs bird,airplane,bird,0,8,2,sigmoid,small_mu,37,37,36,67,24,38559.92277397499,22075.27894410638,large_mu,disjoint_bag_coordinate_me_single_point_probe_v1,ok,,0.8075,0.1
airplane vs bird,airplane,bird,0,8,4,sigmoid,small_mu,37,37,36,67,24,38559.92277397499,22075.27894410638,large_mu,disjoint_bag_coordinate_me_single_point_probe_v1,ok,,0.87,0.1
airplane vs bird,airplane,bird,0,8,6,sigmoid,small_mu,37,37,36,67,24,38559.92277397499,22075.27894410638,large_mu,disjoint_bag_coordinate_me_single_point_probe_v1,ok,,0.8775,0.1
airplane vs bird,airplane,bird,0,8,8,sigmoid,small_mu,37,37,36,67,24,38559.92277397499,22075.27894410638,large_mu,disjoint_bag_coordinate_me_single_point_probe_v1,ok,,0.8975,0.1
airplane vs bird,airplane,bird,0,8,10,sigmoid,small_mu,37,37,36,67,24,38559.92277397499,22075.27894410638,large_mu,disjoint_bag_coordinate_me_single_point_probe_v1,ok,,0.8925,0.1
airplane vs bird,airplane,bird,0,8,16,sigmoid,small_mu,37,37,36,67,24,38559.92277397499,22075.27894410638,large_mu,disjoint_bag_coordinate_me_single_point_probe_v1,ok,,0.9075,0.1
airplane vs bird,airplane,bird,0,8,24,sigmoid,small_mu,37,37,36,67,24,38559.92277397499,22075.27894410638,large_mu,disjoint_bag_coordinate_me_single_point_probe_v1,ok,,0.9025,0.1
airplane vs bird,airplane,bird,0,16,1,linear,large_mu,18,18,18,35,19,41895361.13400829,11467545.120611114,,disjoint_bag_coordinate_me_single_point_probe_v1,ok,,0.945,1.0
airplane vs bird,airplane,bird,0,16,2,linear,large_mu,18,18,18,35,19,41895361.13400829,11467545.120611114,large_mu,disjoint_bag_coordinate_me_single_point_probe_v1,ok,,0.9425,0.1
airplane vs bird,airplane,bird,0,16,4,linear,large_mu,18,18,18,35,19,41895361.13400829,11467545.120611114,large_mu,disjoint_bag_coordinate_me_single_point_probe_v1,ok,,0.9475,10.0
airplane vs bird,airplane,bird,0,16,6,linear,large_mu,18,18,18,35,19,41895361.13400829,11467545.120611114,large_mu,disjoint_bag_coordinate_me_single_point_probe_v1,ok,,0.9475,10.0
airplane vs bird,airplane,bird,0,16,8,linear,large_mu,18,18,18,35,19,41895361.13400829,11467545.120611114,large_mu,disjoint_bag_coordinate_me_single_point_probe_v1,ok,,0.9475,10.0
airplane vs bird,airplane,bird,0,16,10,linear,large_mu,18,18,18,35,19,41895361.13400829,11467545.120611114,large_mu,disjoint_bag_coordinate_me_single_point_probe_v1,ok,,0.9525,10.0
airplane vs bird,airplane,bird,0,16,16,linear,large_mu,18,18,18,35,19,41895361.13400829,11467545.120611114,large_mu,disjoint_bag_coordinate_me_single_point_probe_v1,ok,,0.95,1.0
airplane vs bird,airplane,bird,0,16,24,linear,large_mu,18,18,18,35,19,41895361.13400829,11467545.120611114,large_mu,disjoint_bag_coordinate_me_single_point_probe_v1,rank_limited,"requested r=24, stable limit=18, available directions=19",,
airplane vs bird,airplane,bird,0,16,1,linear,small_mu,18,18,17,35,18,41895361.13400829,11467545.120611114,,disjoint_bag_coordinate_me_single_point_probe_v1,ok,,0.9475,1.0
airplane vs bird,airplane,bird,0,16,2,linear,small_mu,18,18,17,35,18,41895361.13400829,11467545.120611114,large_mu,disjoint_bag_coordinate_me_single_point_probe_v1,ok,,0.955,1.0
airplane vs bird,airplane,bird,0,16,4,linear,small_mu,18,18,17,35,18,41895361.13400829,11467545.120611114,large_mu,disjoint_bag_coordinate_me_single_point_probe_v1,ok,,0.9525,0.1
airplane vs bird,airplane,bird,0,16,6,linear,small_mu,18,18,17,35,18,41895361.13400829,11467545.120611114,large_mu,disjoint_bag_coordinate_me_single_point_probe_v1,ok,,0.955,1.0
airplane vs bird,airplane,bird,0,16,8,linear,small_mu,18,18,17,35,18,41895361.13400829,11467545.120611114,large_mu,disjoint_bag_coordinate_me_single_point_probe_v1,ok,,0.9525,10.0
airplane vs bird,airplane,bird,0,16,10,linear,small_mu,18,18,17,35,18,41895361.13400829,11467545.120611114,large_mu,disjoint_bag_coordinate_me_single_point_probe_v1,ok,,0.955,0.1
airplane vs bird,airplane,bird,0,16,16,linear,small_mu,18,18,17,35,18,41895361.13400829,11467545.120611114,large_mu,disjoint_bag_coordinate_me_single_point_probe_v1,ok,,0.9475,0.1
airplane vs bird,airplane,bird,0,16,24,linear,small_mu,18,18,17,35,18,41895361.13400829,11467545.120611114,large_mu,disjoint_bag_coordinate_me_single_point_probe_v1,rank_limited,"requested r=24, stable limit=17, available directions=18",,
airplane vs bird,airplane,bird,0,16,1,rbf,large_mu,18,18,18,35,24,31309.201814925174,23429.45573546554,,disjoint_bag_coordinate_me_single_point_probe_v1,ok,,0.94,1.0
airplane vs bird,airplane,bird,0,16,2,rbf,large_mu,18,18,18,35,24,31309.201814925174,23429.45573546554,large_mu,disjoint_bag_coordinate_me_single_point_probe_v1,ok,,0.94,1.0
airplane vs bird,airplane,bird,0,16,4,rbf,large_mu,18,18,18,35,24,31309.201814925174,23429.45573546554,large_mu,disjoint_bag_coordinate_me_single_point_probe_v1,ok,,0.9425,10.0
airplane vs bird,airplane,bird,0,16,6,rbf,large_mu,18,18,18,35,24,31309.201814925174,23429.45573546554,large_mu,disjoint_bag_coordinate_me_single_point_probe_v1,ok,,0.9475,0.1
airplane vs bird,airplane,bird,0,16,8,rbf,large_mu,18,18,18,35,24,31309.201814925174,23429.45573546554,large_mu,disjoint_bag_coordinate_me_single_point_probe_v1,ok,,0.945,0.1
airplane vs bird,airplane,bird,0,16,10,rbf,large_mu,18,18,18,35,24,31309.201814925174,23429.45573546554,large_mu,disjoint_bag_coordinate_me_single_point_probe_v1,ok,,0.945,0.1
airplane vs bird,airplane,bird,0,16,16,rbf,large_mu,18,18,18,35,24,31309.201814925174,23429.45573546554,large_mu,disjoint_bag_coordinate_me_single_point_probe_v1,ok,,0.9575,1.0
airplane vs bird,airplane,bird,0,16,24,rbf,large_mu,18,18,18,35,24,31309.201814925174,23429.45573546554,large_mu,disjoint_bag_coordinate_me_single_point_probe_v1,rank_limited,"requested r=24, stable limit=18, available directions=24",,
airplane vs bird,airplane,bird,0,16,1,rbf,small_mu,18,18,17,35,24,31309.201814925174,23429.45573546554,,disjoint_bag_coordinate_me_single_point_probe_v1,ok,,0.9475,0.1
airplane vs bird,airplane,bird,0,16,2,rbf,small_mu,18,18,17,35,24,31309.201814925174,23429.45573546554,large_mu,disjoint_bag_coordinate_me_single_point_probe_v1,ok,,0.9475,0.1
airplane vs bird,airplane,bird,0,16,4,rbf,small_mu,18,18,17,35,24,31309.201814925174,23429.45573546554,large_mu,disjoint_bag_coordinate_me_single_point_probe_v1,ok,,0.945,1.0
airplane vs bird,airplane,bird,0,16,6,rbf,small_mu,18,18,17,35,24,31309.201814925174,23429.45573546554,large_mu,disjoint_bag_coordinate_me_single_point_probe_v1,ok,,0.95,1.0
airplane vs bird,airplane,bird,0,16,8,rbf,small_mu,18,18,17,35,24,31309.201814925174,23429.45573546554,large_mu,disjoint_bag_coordinate_me_single_point_probe_v1,ok,,0.9425,0.1
airplane vs bird,airplane,bird,0,16,10,rbf,small_mu,18,18,17,35,24,31309.201814925174,23429.45573546554,large_mu,disjoint_bag_coordinate_me_single_point_probe_v1,ok,,0.9475,0.1
airplane vs bird,airplane,bird,0,16,16,rbf,small_mu,18,18,17,35,24,31309.201814925174,23429.45573546554,large_mu,disjoint_bag_coordinate_me_single_point_probe_v1,ok,,0.9525,1.0
airplane vs bird,airplane,bird,0,16,24,rbf,small_mu,18,18,17,35,24,31309.201814925174,23429.45573546554,large_mu,disjoint_bag_coordinate_me_single_point_probe_v1,rank_limited,"requested r=24, stable limit=17, available directions=24",,
airplane vs bird,airplane,bird,0,16,1,laplacian,large_mu,18,18,18,35,24,24020.379566207415,17652.08358433959,,disjoint_bag_coordinate_me_single_point_probe_v1,ok,,0.9475,0.1
airplane vs bird,airplane,bird,0,16,2,laplacian,large_mu,18,18,18,35,24,24020.379566207415,17652.08358433959,large_mu,disjoint_bag_coordinate_me_single_point_probe_v1,ok,,0.9425,10.0
airplane vs bird,airplane,bird,0,16,4,laplacian,large_mu,18,18,18,35,24,24020.379566207415,17652.08358433959,large_mu,disjoint_bag_coordinate_me_single_point_probe_v1,ok,,0.945,0.1
airplane vs bird,airplane,bird,0,16,6,laplacian,large_mu,18,18,18,35,24,24020.379566207415,17652.08358433959,large_mu,disjoint_bag_coordinate_me_single_point_probe_v1,ok,,0.9525,10.0
airplane vs bird,airplane,bird,0,16,8,laplacian,large_mu,18,18,18,35,24,24020.379566207415,17652.08358433959,large_mu,disjoint_bag_coordinate_me_single_point_probe_v1,ok,,0.955,10.0
airplane vs bird,airplane,bird,0,16,10,laplacian,large_mu,18,18,18,35,24,24020.379566207415,17652.08358433959,large_mu,disjoint_bag_coordinate_me_single_point_probe_v1,ok,,0.955,0.1
airplane vs bird,airplane,bird,0,16,16,laplacian,large_mu,18,18,18,35,24,24020.379566207415,17652.08358433959,large_mu,disjoint_bag_coordinate_me_single_point_probe_v1,ok,,0.9575,0.1
airplane vs bird,airplane,bird,0,16,24,laplacian,large_mu,18,18,18,35,24,24020.379566207415,17652.08358433959,large_mu,disjoint_bag_coordinate_me_single_point_probe_v1,rank_limited,"requested r=24, stable limit=18, available directions=24",,
airplane vs bird,airplane,bird,0,16,1,laplacian,small_mu,18,18,17,35,24,24020.379566207415,17652.08358433959,,disjoint_bag_coordinate_me_single_point_probe_v1,ok,,0.95,0.1
airplane vs bird,airplane,bird,0,16,2,laplacian,small_mu,18,18,17,35,24,24020.379566207415,17652.08358433959,large_mu,disjoint_bag_coordinate_me_single_point_probe_v1,ok,,0.95,1.0
airplane vs bird,airplane,bird,0,16,4,laplacian,small_mu,18,18,17,35,24,24020.379566207415,17652.08358433959,large_mu,disjoint_bag_coordinate_me_single_point_probe_v1,ok,,0.95,1.0
airplane vs bird,airplane,bird,0,16,6,laplacian,small_mu,18,18,17,35,24,24020.379566207415,17652.08358433959,large_mu,disjoint_bag_coordinate_me_single_point_probe_v1,ok,,0.9575,1.0
airplane vs bird,airplane,bird,0,16,8,laplacian,small_mu,18,18,17,35,24,24020.379566207415,17652.08358433959,large_mu,disjoint_bag_coordinate_me_single_point_probe_v1,ok,,0.945,0.1
airplane vs bird,airplane,bird,0,16,10,laplacian,small_mu,18,18,17,35,24,24020.379566207415,17652.08358433959,large_mu,disjoint_bag_coordinate_me_single_point_probe_v1,ok,,0.9525,10.0
airplane vs bird,airplane,bird,0,16,16,laplacian,small_mu,18,18,17,35,24,24020.379566207415,17652.08358433959,large_mu,disjoint_bag_coordinate_me_single_point_probe_v1,ok,,0.9525,1.0
airplane vs bird,airplane,bird,0,16,24,laplacian,small_mu,18,18,17,35,24,24020.379566207415,17652.08358433959,large_mu,disjoint_bag_coordinate_me_single_point_probe_v1,rank_limited,"requested r=24, stable limit=17, available directions=24",,
airplane vs bird,airplane,bird,0,16,1,polynomial,large_mu,18,18,18,35,24,187735.05693723875,74529.83920194798,,disjoint_bag_coordinate_me_single_point_probe_v1,ok,,0.9425,1.0
airplane vs bird,airplane,bird,0,16,2,polynomial,large_mu,18,18,18,35,24,187735.05693723875,74529.83920194798,large_mu,disjoint_bag_coordinate_me_single_point_probe_v1,ok,,0.94,1.0
airplane vs bird,airplane,bird,0,16,4,polynomial,large_mu,18,18,18,35,24,187735.05693723875,74529.83920194798,large_mu,disjoint_bag_coordinate_me_single_point_probe_v1,ok,,0.95,1.0
airplane vs bird,airplane,bird,0,16,6,polynomial,large_mu,18,18,18,35,24,187735.05693723875,74529.83920194798,large_mu,disjoint_bag_coordinate_me_single_point_probe_v1,ok,,0.955,1.0
airplane vs bird,airplane,bird,0,16,8,polynomial,large_mu,18,18,18,35,24,187735.05693723875,74529.83920194798,large_mu,disjoint_bag_coordinate_me_single_point_probe_v1,ok,,0.9475,0.1
airplane vs bird,airplane,bird,0,16,10,polynomial,large_mu,18,18,18,35,24,187735.05693723875,74529.83920194798,large_mu,disjoint_bag_coordinate_me_single_point_probe_v1,ok,,0.95,1.0
airplane vs bird,airplane,bird,0,16,16,polynomial,large_mu,18,18,18,35,24,187735.05693723875,74529.83920194798,large_mu,disjoint_bag_coordinate_me_single_point_probe_v1,ok,,0.9525,0.1
airplane vs bird,airplane,bird,0,16,24,polynomial,large_mu,18,18,18,35,24,187735.05693723875,74529.83920194798,large_mu,disjoint_bag_coordinate_me_single_point_probe_v1,rank_limited,"requested r=24, stable limit=18, available directions=24",,
airplane vs bird,airplane,bird,0,16,1,polynomial,small_mu,18,18,17,35,24,187735.05693723875,74529.83920194798,,disjoint_bag_coordinate_me_single_point_probe_v1,ok,,0.9525,0.1
airplane vs bird,airplane,bird,0,16,2,polynomial,small_mu,18,18,17,35,24,187735.05693723875,74529.83920194798,large_mu,disjoint_bag_coordinate_me_single_point_probe_v1,ok,,0.9575,10.0
airplane vs bird,airplane,bird,0,16,4,polynomial,small_mu,18,18,17,35,24,187735.05693723875,74529.83920194798,large_mu,disjoint_bag_coordinate_me_single_point_probe_v1,ok,,0.9525,1.0
airplane vs bird,airplane,bird,0,16,6,polynomial,small_mu,18,18,17,35,24,187735.05693723875,74529.83920194798,large_mu,disjoint_bag_coordinate_me_single_point_probe_v1,ok,,0.95,10.0
airplane vs bird,airplane,bird,0,16,8,polynomial,small_mu,18,18,17,35,24,187735.05693723875,74529.83920194798,large_mu,disjoint_bag_coordinate_me_single_point_probe_v1,ok,,0.95,1.0
airplane vs bird,airplane,bird,0,16,10,polynomial,small_mu,18,18,17,35,24,187735.05693723875,74529.83920194798,large_mu,disjoint_bag_coordinate_me_single_point_probe_v1,ok,,0.9525,10.0
airplane vs bird,airplane,bird,0,16,16,polynomial,small_mu,18,18,17,35,24,187735.05693723875,74529.83920194798,large_mu,disjoint_bag_coordinate_me_single_point_probe_v1,ok,,0.95,1.0
airplane vs bird,airplane,bird,0,16,24,polynomial,small_mu,18,18,17,35,24,187735.05693723875,74529.83920194798,large_mu,disjoint_bag_coordinate_me_single_point_probe_v1,rank_limited,"requested r=24, stable limit=17, available directions=24",,
airplane vs bird,airplane,bird,0,16,1,sigmoid,large_mu,18,18,18,35,24,70394.68646576081,14293.05352845182,,disjoint_bag_coordinate_me_single_point_probe_v1,ok,,0.945,0.1
airplane vs bird,airplane,bird,0,16,2,sigmoid,large_mu,18,18,18,35,24,70394.68646576081,14293.05352845182,large_mu,disjoint_bag_coordinate_me_single_point_probe_v1,ok,,0.9525,10.0
airplane vs bird,airplane,bird,0,16,4,sigmoid,large_mu,18,18,18,35,24,70394.68646576081,14293.05352845182,large_mu,disjoint_bag_coordinate_me_single_point_probe_v1,ok,,0.9625,0.1
airplane vs bird,airplane,bird,0,16,6,sigmoid,large_mu,18,18,18,35,24,70394.68646576081,14293.05352845182,large_mu,disjoint_bag_coordinate_me_single_point_probe_v1,ok,,0.96,0.1
airplane vs bird,airplane,bird,0,16,8,sigmoid,large_mu,18,18,18,35,24,70394.68646576081,14293.05352845182,large_mu,disjoint_bag_coordinate_me_single_point_probe_v1,ok,,0.9575,10.0
airplane vs bird,airplane,bird,0,16,10,sigmoid,large_mu,18,18,18,35,24,70394.68646576081,14293.05352845182,large_mu,disjoint_bag_coordinate_me_single_point_probe_v1,ok,,0.9525,0.1
airplane vs bird,airplane,bird,0,16,16,sigmoid,large_mu,18,18,18,35,24,70394.68646576081,14293.05352845182,large_mu,disjoint_bag_coordinate_me_single_point_probe_v1,ok,,0.9575,0.1
airplane vs bird,airplane,bird,0,16,24,sigmoid,large_mu,18,18,18,35,24,70394.68646576081,14293.05352845182,large_mu,disjoint_bag_coordinate_me_single_point_probe_v1,rank_limited,"requested r=24, stable limit=18, available directions=24",,
airplane vs bird,airplane,bird,0,16,1,sigmoid,small_mu,18,18,17,35,24,70394.68646576081,14293.05352845182,,disjoint_bag_coordinate_me_single_point_probe_v1,ok,,0.9325,0.1
airplane vs bird,airplane,bird,0,16,2,sigmoid,small_mu,18,18,17,35,24,70394.68646576081,14293.05352845182,large_mu,disjoint_bag_coordinate_me_single_point_probe_v1,ok,,0.9325,0.1
airplane vs bird,airplane,bird,0,16,4,sigmoid,small_mu,18,18,17,35,24,70394.68646576081,14293.05352845182,large_mu,disjoint_bag_coordinate_me_single_point_probe_v1,ok,,0.9475,0.1
airplane vs bird,airplane,bird,0,16,6,sigmoid,small_mu,18,18,17,35,24,70394.68646576081,14293.05352845182,large_mu,disjoint_bag_coordinate_me_single_point_probe_v1,ok,,0.95,10.0
airplane vs bird,airplane,bird,0,16,8,sigmoid,small_mu,18,18,17,35,24,70394.68646576081,14293.05352845182,large_mu,disjoint_bag_coordinate_me_single_point_probe_v1,ok,,0.9525,1.0
airplane vs bird,airplane,bird,0,16,10,sigmoid,small_mu,18,18,17,35,24,70394.68646576081,14293.05352845182,large_mu,disjoint_bag_coordinate_me_single_point_probe_v1,ok,,0.9475,10.0
airplane vs bird,airplane,bird,0,16,16,sigmoid,small_mu,18,18,17,35,24,70394.68646576081,14293.05352845182,large_mu,disjoint_bag_coordinate_me_single_point_probe_v1,ok,,0.955,1.0
airplane vs bird,airplane,bird,0,16,24,sigmoid,small_mu,18,18,17,35,24,70394.68646576081,14293.05352845182,large_mu,disjoint_bag_coordinate_me_single_point_probe_v1,rank_limited,"requested r=24, stable limit=17, available directions=24",,
airplane vs bird,airplane,bird,1,4,1,linear,large_mu,75,75,75,149,24,22575433.0473548,35263031.78651037,,disjoint_bag_coordinate_me_single_point_probe_v1,ok,,0.9325,0.1
airplane vs bird,airplane,bird,1,4,2,linear,large_mu,75,75,75,149,24,22575433.0473548,35263031.78651037,small_mu,disjoint_bag_coordinate_me_single_point_probe_v1,ok,,0.935,0.1
airplane vs bird,airplane,bird,1,4,4,linear,large_mu,75,75,75,149,24,22575433.0473548,35263031.78651037,large_mu,disjoint_bag_coordinate_me_single_point_probe_v1,ok,,0.935,0.1
airplane vs bird,airplane,bird,1,4,6,linear,large_mu,75,75,75,149,24,22575433.0473548,35263031.78651037,large_mu,disjoint_bag_coordinate_me_single_point_probe_v1,ok,,0.9375,1.0
airplane vs bird,airplane,bird,1,4,8,linear,large_mu,75,75,75,149,24,22575433.0473548,35263031.78651037,large_mu,disjoint_bag_coordinate_me_single_point_probe_v1,ok,,0.945,1.0
airplane vs bird,airplane,bird,1,4,10,linear,large_mu,75,75,75,149,24,22575433.0473548,35263031.78651037,large_mu,disjoint_bag_coordinate_me_single_point_probe_v1,ok,,0.935,0.1
airplane vs bird,airplane,bird,1,4,16,linear,large_mu,75,75,75,149,24,22575433.0473548,35263031.78651037,large_mu,disjoint_bag_coordinate_me_single_point_probe_v1,ok,,0.94,1.0
airplane vs bird,airplane,bird,1,4,24,linear,large_mu,75,75,75,149,24,22575433.0473548,35263031.78651037,large_mu,disjoint_bag_coordinate_me_single_point_probe_v1,ok,,0.9375,1.0
airplane vs bird,airplane,bird,1,4,1,linear,small_mu,75,75,74,149,24,22575433.0473548,35263031.78651037,,disjoint_bag_coordinate_me_single_point_probe_v1,ok,,0.9075,10.0
airplane vs bird,airplane,bird,1,4,2,linear,small_mu,75,75,74,149,24,22575433.0473548,35263031.78651037,small_mu,disjoint_bag_coordinate_me_single_point_probe_v1,ok,,0.915,1.0
airplane vs bird,airplane,bird,1,4,4,linear,small_mu,75,75,74,149,24,22575433.0473548,35263031.78651037,large_mu,disjoint_bag_coordinate_me_single_point_probe_v1,ok,,0.9,0.1
airplane vs bird,airplane,bird,1,4,6,linear,small_mu,75,75,74,149,24,22575433.0473548,35263031.78651037,large_mu,disjoint_bag_coordinate_me_single_point_probe_v1,ok,,0.885,0.1
airplane vs bird,airplane,bird,1,4,8,linear,small_mu,75,75,74,149,24,22575433.0473548,35263031.78651037,large_mu,disjoint_bag_coordinate_me_single_point_probe_v1,ok,,0.9,10.0
airplane vs bird,airplane,bird,1,4,10,linear,small_mu,75,75,74,149,24,22575433.0473548,35263031.78651037,large_mu,disjoint_bag_coordinate_me_single_point_probe_v1,ok,,0.8925,10.0
airplane vs bird,airplane,bird,1,4,16,linear,small_mu,75,75,74,149,24,22575433.0473548,35263031.78651037,large_mu,disjoint_bag_coordinate_me_single_point_probe_v1,ok,,0.9175,10.0
airplane vs bird,airplane,bird,1,4,24,linear,small_mu,75,75,74,149,24,22575433.0473548,35263031.78651037,large_mu,disjoint_bag_coordinate_me_single_point_probe_v1,ok,,0.9275,1.0
airplane vs bird,airplane,bird,1,4,1,rbf,large_mu,75,75,75,149,24,26740.41179460979,95954.02764822217,,disjoint_bag_coordinate_me_single_point_probe_v1,ok,,0.95,0.1
airplane vs bird,airplane,bird,1,4,2,rbf,large_mu,75,75,75,149,24,26740.41179460979,95954.02764822217,small_mu,disjoint_bag_coordinate_me_single_point_probe_v1,ok,,0.95,0.1
airplane vs bird,airplane,bird,1,4,4,rbf,large_mu,75,75,75,149,24,26740.41179460979,95954.02764822217,small_mu,disjoint_bag_coordinate_me_single_point_probe_v1,ok,,0.95,0.1
airplane vs bird,airplane,bird,1,4,6,rbf,large_mu,75,75,75,149,24,26740.41179460979,95954.02764822217,large_mu,disjoint_bag_coordinate_me_single_point_probe_v1,ok,,0.9525,0.1
airplane vs bird,airplane,bird,1,4,8,rbf,large_mu,75,75,75,149,24,26740.41179460979,95954.02764822217,large_mu,disjoint_bag_coordinate_me_single_point_probe_v1,ok,,0.9525,0.1
airplane vs bird,airplane,bird,1,4,10,rbf,large_mu,75,75,75,149,24,26740.41179460979,95954.02764822217,large_mu,disjoint_bag_coordinate_me_single_point_probe_v1,ok,,0.9525,0.1
airplane vs bird,airplane,bird,1,4,16,rbf,large_mu,75,75,75,149,24,26740.41179460979,95954.02764822217,large_mu,disjoint_bag_coordinate_me_single_point_probe_v1,ok,,0.9525,1.0
airplane vs bird,airplane,bird,1,4,24,rbf,large_mu,75,75,75,149,24,26740.41179460979,95954.02764822217,large_mu,disjoint_bag_coordinate_me_single_point_probe_v1,ok,,0.96,10.0
airplane vs bird,airplane,bird,1,4,1,rbf,small_mu,75,75,74,149,24,26740.41179460979,95954.02764822217,,disjoint_bag_coordinate_me_single_point_probe_v1,ok,,0.95,0.1
airplane vs bird,airplane,bird,1,4,2,rbf,small_mu,75,75,74,149,24,26740.41179460979,95954.02764822217,small_mu,disjoint_bag_coordinate_me_single_point_probe_v1,ok,,0.9525,0.1
airplane vs bird,airplane,bird,1,4,4,rbf,small_mu,75,75,74,149,24,26740.41179460979,95954.02764822217,small_mu,disjoint_bag_coordinate_me_single_point_probe_v1,ok,,0.9425,0.1
airplane vs bird,airplane,bird,1,4,6,rbf,small_mu,75,75,74,149,24,26740.41179460979,95954.02764822217,large_mu,disjoint_bag_coordinate_me_single_point_probe_v1,ok,,0.95,0.1
airplane vs bird,airplane,bird,1,4,8,rbf,small_mu,75,75,74,149,24,26740.41179460979,95954.02764822217,large_mu,disjoint_bag_coordinate_me_single_point_probe_v1,ok,,0.9475,0.1
airplane vs bird,airplane,bird,1,4,10,rbf,small_mu,75,75,74,149,24,26740.41179460979,95954.02764822217,large_mu,disjoint_bag_coordinate_me_single_point_probe_v1,ok,,0.9575,10.0
airplane vs bird,airplane,bird,1,4,16,rbf,small_mu,75,75,74,149,24,26740.41179460979,95954.02764822217,large_mu,disjoint_bag_coordinate_me_single_point_probe_v1,ok,,0.9525,0.1
airplane vs bird,airplane,bird,1,4,24,rbf,small_mu,75,75,74,149,24,26740.41179460979,95954.02764822217,large_mu,disjoint_bag_coordinate_me_single_point_probe_v1,ok,,0.9575,1.0
airplane vs bird,airplane,bird,1,4,1,laplacian,large_mu,75,75,75,149,24,20172.897429866112,72446.9171720403,,disjoint_bag_coordinate_me_single_point_probe_v1,ok,,0.94,0.1
airplane vs bird,airplane,bird,1,4,2,laplacian,large_mu,75,75,75,149,24,20172.897429866112,72446.9171720403,small_mu,disjoint_bag_coordinate_me_single_point_probe_v1,ok,,0.9475,0.1
airplane vs bird,airplane,bird,1,4,4,laplacian,large_mu,75,75,75,149,24,20172.897429866112,72446.9171720403,small_mu,disjoint_bag_coordinate_me_single_point_probe_v1,ok,,0.945,0.1
airplane vs bird,airplane,bird,1,4,6,laplacian,large_mu,75,75,75,149,24,20172.897429866112,72446.9171720403,large_mu,disjoint_bag_coordinate_me_single_point_probe_v1,ok,,0.9475,0.1
airplane vs bird,airplane,bird,1,4,8,laplacian,large_mu,75,75,75,149,24,20172.897429866112,72446.9171720403,large_mu,disjoint_bag_coordinate_me_single_point_probe_v1,ok,,0.9525,0.1
airplane vs bird,airplane,bird,1,4,10,laplacian,large_mu,75,75,75,149,24,20172.897429866112,72446.9171720403,large_mu,disjoint_bag_coordinate_me_single_point_probe_v1,ok,,0.9525,0.1
airplane vs bird,airplane,bird,1,4,16,laplacian,large_mu,75,75,75,149,24,20172.897429866112,72446.9171720403,large_mu,disjoint_bag_coordinate_me_single_point_probe_v1,ok,,0.9525,0.1
airplane vs bird,airplane,bird,1,4,24,laplacian,large_mu,75,75,75,149,24,20172.897429866112,72446.9171720403,large_mu,disjoint_bag_coordinate_me_single_point_probe_v1,ok,,0.9525,0.1
airplane vs bird,airplane,bird,1,4,1,laplacian,small_mu,75,75,74,149,24,20172.897429866112,72446.9171720403,,disjoint_bag_coordinate_me_single_point_probe_v1,ok,,0.945,0.1
airplane vs bird,airplane,bird,1,4,2,laplacian,small_mu,75,75,74,149,24,20172.897429866112,72446.9171720403,small_mu,disjoint_bag_coordinate_me_single_point_probe_v1,ok,,0.9475,0.1
airplane vs bird,airplane,bird,1,4,4,laplacian,small_mu,75,75,74,149,24,20172.897429866112,72446.9171720403,small_mu,disjoint_bag_coordinate_me_single_point_probe_v1,ok,,0.95,0.1
airplane vs bird,airplane,bird,1,4,6,laplacian,small_mu,75,75,74,149,24,20172.897429866112,72446.9171720403,large_mu,disjoint_bag_coordinate_me_single_point_probe_v1,ok,,0.9575,1.0
airplane vs bird,airplane,bird,1,4,8,laplacian,small_mu,75,75,74,149,24,20172.897429866112,72446.9171720403,large_mu,disjoint_bag_coordinate_me_single_point_probe_v1,ok,,0.955,1.0
airplane vs bird,airplane,bird,1,4,10,laplacian,small_mu,75,75,74,149,24,20172.897429866112,72446.9171720403,large_mu,disjoint_bag_coordinate_me_single_point_probe_v1,ok,,0.9475,0.1
airplane vs bird,airplane,bird,1,4,16,laplacian,small_mu,75,75,74,149,24,20172.897429866112,72446.9171720403,large_mu,disjoint_bag_coordinate_me_single_point_probe_v1,ok,,0.955,1.0
airplane vs bird,airplane,bird,1,4,24,laplacian,small_mu,75,75,74,149,24,20172.897429866112,72446.9171720403,large_mu,disjoint_bag_coordinate_me_single_point_probe_v1,ok,,0.95,1.0
airplane vs bird,airplane,bird,1,4,1,polynomial,large_mu,75,75,75,149,24,131256.39769764818,289168.5503270269,,disjoint_bag_coordinate_me_single_point_probe_v1,ok,,0.9425,1.0
airplane vs bird,airplane,bird,1,4,2,polynomial,large_mu,75,75,75,149,24,131256.39769764818,289168.5503270269,small_mu,disjoint_bag_coordinate_me_single_point_probe_v1,ok,,0.945,10.0
airplane vs bird,airplane,bird,1,4,4,polynomial,large_mu,75,75,75,149,24,131256.39769764818,289168.5503270269,large_mu,disjoint_bag_coordinate_me_single_point_probe_v1,ok,,0.9525,0.1
airplane vs bird,airplane,bird,1,4,6,polynomial,large_mu,75,75,75,149,24,131256.39769764818,289168.5503270269,large_mu,disjoint_bag_coordinate_me_single_point_probe_v1,ok,,0.95,0.1
airplane vs bird,airplane,bird,1,4,8,polynomial,large_mu,75,75,75,149,24,131256.39769764818,289168.5503270269,large_mu,disjoint_bag_coordinate_me_single_point_probe_v1,ok,,0.955,0.1
airplane vs bird,airplane,bird,1,4,10,polynomial,large_mu,75,75,75,149,24,131256.39769764818,289168.5503270269,large_mu,disjoint_bag_coordinate_me_single_point_probe_v1,ok,,0.955,0.1
airplane vs bird,airplane,bird,1,4,16,polynomial,large_mu,75,75,75,149,24,131256.39769764818,289168.5503270269,large_mu,disjoint_bag_coordinate_me_single_point_probe_v1,ok,,0.9575,0.1
airplane vs bird,airplane,bird,1,4,24,polynomial,large_mu,75,75,75,149,24,131256.39769764818,289168.5503270269,large_mu,disjoint_bag_coordinate_me_single_point_probe_v1,ok,,0.96,0.1
airplane vs bird,airplane,bird,1,4,1,polynomial,small_mu,75,75,74,149,24,131256.39769764818,289168.5503270269,,disjoint_bag_coordinate_me_single_point_probe_v1,ok,,0.95,0.1
airplane vs bird,airplane,bird,1,4,2,polynomial,small_mu,75,75,74,149,24,131256.39769764818,289168.5503270269,small_mu,disjoint_bag_coordinate_me_single_point_probe_v1,ok,,0.945,0.1
airplane vs bird,airplane,bird,1,4,4,polynomial,small_mu,75,75,74,149,24,131256.39769764818,289168.5503270269,large_mu,disjoint_bag_coordinate_me_single_point_probe_v1,ok,,0.955,1.0
airplane vs bird,airplane,bird,1,4,6,polynomial,small_mu,75,75,74,149,24,131256.39769764818,289168.5503270269,large_mu,disjoint_bag_coordinate_me_single_point_probe_v1,ok,,0.935,0.1
airplane vs bird,airplane,bird,1,4,8,polynomial,small_mu,75,75,74,149,24,131256.39769764818,289168.5503270269,large_mu,disjoint_bag_coordinate_me_single_point_probe_v1,ok,,0.95,1.0
airplane vs bird,airplane,bird,1,4,10,polynomial,small_mu,75,75,74,149,24,131256.39769764818,289168.5503270269,large_mu,disjoint_bag_coordinate_me_single_point_probe_v1,ok,,0.95,1.0
airplane vs bird,airplane,bird,1,4,16,polynomial,small_mu,75,75,74,149,24,131256.39769764818,289168.5503270269,large_mu,disjoint_bag_coordinate_me_single_point_probe_v1,ok,,0.955,1.0
airplane vs bird,airplane,bird,1,4,24,polynomial,small_mu,75,75,74,149,24,131256.39769764818,289168.5503270269,large_mu,disjoint_bag_coordinate_me_single_point_probe_v1,ok,,0.9525,10.0
airplane vs bird,airplane,bird,1,4,1,sigmoid,large_mu,75,75,75,109,24,22353.285579624968,22950.643088790304,,disjoint_bag_coordinate_me_single_point_probe_v1,ok,,0.86,1.0
airplane vs bird,airplane,bird,1,4,2,sigmoid,large_mu,75,75,75,109,24,22353.285579624968,22950.643088790304,small_mu,disjoint_bag_coordinate_me_single_point_probe_v1,ok,,0.8625,0.1
airplane vs bird,airplane,bird,1,4,4,sigmoid,large_mu,75,75,75,109,24,22353.285579624968,22950.643088790304,large_mu,disjoint_bag_coordinate_me_single_point_probe_v1,ok,,0.855,10.0
airplane vs bird,airplane,bird,1,4,6,sigmoid,large_mu,75,75,75,109,24,22353.285579624968,22950.643088790304,large_mu,disjoint_bag_coordinate_me_single_point_probe_v1,ok,,0.86,1.0
airplane vs bird,airplane,bird,1,4,8,sigmoid,large_mu,75,75,75,109,24,22353.285579624968,22950.643088790304,large_mu,disjoint_bag_coordinate_me_single_point_probe_v1,ok,,0.8475,0.1
airplane vs bird,airplane,bird,1,4,10,sigmoid,large_mu,75,75,75,109,24,22353.285579624968,22950.643088790304,large_mu,disjoint_bag_coordinate_me_single_point_probe_v1,ok,,0.8475,0.1
airplane vs bird,airplane,bird,1,4,16,sigmoid,large_mu,75,75,75,109,24,22353.285579624968,22950.643088790304,large_mu,disjoint_bag_coordinate_me_single_point_probe_v1,ok,,0.8625,0.1
airplane vs bird,airplane,bird,1,4,24,sigmoid,large_mu,75,75,75,109,24,22353.285579624968,22950.643088790304,large_mu,disjoint_bag_coordinate_me_single_point_probe_v1,ok,,0.86,1.0
airplane vs bird,airplane,bird,1,4,1,sigmoid,small_mu,75,75,74,109,24,22353.285579624968,22950.643088790304,,disjoint_bag_coordinate_me_single_point_probe_v1,ok,,0.7025,1.0
airplane vs bird,airplane,bird,1,4,2,sigmoid,small_mu,75,75,74,109,24,22353.285579624968,22950.643088790304,small_mu,disjoint_bag_coordinate_me_single_point_probe_v1,ok,,0.73,1.0
airplane vs bird,airplane,bird,1,4,4,sigmoid,small_mu,75,75,74,109,24,22353.285579624968,22950.643088790304,large_mu,disjoint_bag_coordinate_me_single_point_probe_v1,ok,,0.7925,1.0
airplane vs bird,airplane,bird,1,4,6,sigmoid,small_mu,75,75,74,109,24,22353.285579624968,22950.643088790304,large_mu,disjoint_bag_coordinate_me_single_point_probe_v1,ok,,0.8175,1.0
airplane vs bird,airplane,bird,1,4,8,sigmoid,small_mu,75,75,74,109,24,22353.285579624968,22950.643088790304,large_mu,disjoint_bag_coordinate_me_single_point_probe_v1,ok,,0.83,0.1
airplane vs bird,airplane,bird,1,4,10,sigmoid,small_mu,75,75,74,109,24,22353.285579624968,22950.643088790304,large_mu,disjoint_bag_coordinate_me_single_point_probe_v1,ok,,0.82,0.1
airplane vs bird,airplane,bird,1,4,16,sigmoid,small_mu,75,75,74,109,24,22353.285579624968,22950.643088790304,large_mu,disjoint_bag_coordinate_me_single_point_probe_v1,ok,,0.83,10.0
airplane vs bird,airplane,bird,1,4,24,sigmoid,small_mu,75,75,74,109,24,22353.285579624968,22950.643088790304,large_mu,disjoint_bag_coordinate_me_single_point_probe_v1,ok,,0.8725,0.1
airplane vs bird,airplane,bird,1,8,1,linear,large_mu,37,37,37,73,24,35278682.32226013,20909031.167746715,,disjoint_bag_coordinate_me_single_point_probe_v1,ok,,0.935,0.1
airplane vs bird,airplane,bird,1,8,2,linear,large_mu,37,37,37,73,24,35278682.32226013,20909031.167746715,large_mu,disjoint_bag_coordinate_me_single_point_probe_v1,ok,,0.95,0.1
airplane vs bird,airplane,bird,1,8,4,linear,large_mu,37,37,37,73,24,35278682.32226013,20909031.167746715,large_mu,disjoint_bag_coordinate_me_single_point_probe_v1,ok,,0.945,10.0
airplane vs bird,airplane,bird,1,8,6,linear,large_mu,37,37,37,73,24,35278682.32226013,20909031.167746715,large_mu,disjoint_bag_coordinate_me_single_point_probe_v1,ok,,0.9425,10.0
airplane vs bird,airplane,bird,1,8,8,linear,large_mu,37,37,37,73,24,35278682.32226013,20909031.167746715,large_mu,disjoint_bag_coordinate_me_single_point_probe_v1,ok,,0.9375,1.0
airplane vs bird,airplane,bird,1,8,10,linear,large_mu,37,37,37,73,24,35278682.32226013,20909031.167746715,large_mu,disjoint_bag_coordinate_me_single_point_probe_v1,ok,,0.94,1.0
airplane vs bird,airplane,bird,1,8,16,linear,large_mu,37,37,37,73,24,35278682.32226013,20909031.167746715,large_mu,disjoint_bag_coordinate_me_single_point_probe_v1,ok,,0.9425,1.0
airplane vs bird,airplane,bird,1,8,24,linear,large_mu,37,37,37,73,24,35278682.32226013,20909031.167746715,large_mu,disjoint_bag_coordinate_me_single_point_probe_v1,ok,,0.94,1.0
airplane vs bird,airplane,bird,1,8,1,linear,small_mu,37,37,36,73,24,35278682.32226013,20909031.167746715,,disjoint_bag_coordinate_me_single_point_probe_v1,ok,,0.9325,10.0
airplane vs bird,airplane,bird,1,8,2,linear,small_mu,37,37,36,73,24,35278682.32226013,20909031.167746715,large_mu,disjoint_bag_coordinate_me_single_point_probe_v1,ok,,0.9325,10.0
airplane vs bird,airplane,bird,1,8,4,linear,small_mu,37,37,36,73,24,35278682.32226013,20909031.167746715,large_mu,disjoint_bag_coordinate_me_single_point_probe_v1,ok,,0.94,1.0
airplane vs bird,airplane,bird,1,8,6,linear,small_mu,37,37,36,73,24,35278682.32226013,20909031.167746715,large_mu,disjoint_bag_coordinate_me_single_point_probe_v1,ok,,0.9375,1.0
airplane vs bird,airplane,bird,1,8,8,linear,small_mu,37,37,36,73,24,35278682.32226013,20909031.167746715,large_mu,disjoint_bag_coordinate_me_single_point_probe_v1,ok,,0.9225,10.0
airplane vs bird,airplane,bird,1,8,10,linear,small_mu,37,37,36,73,24,35278682.32226013,20909031.167746715,large_mu,disjoint_bag_coordinate_me_single_point_probe_v1,ok,,0.9225,10.0
airplane vs bird,airplane,bird,1,8,16,linear,small_mu,37,37,36,73,24,35278682.32226013,20909031.167746715,large_mu,disjoint_bag_coordinate_me_single_point_probe_v1,ok,,0.935,1.0
airplane vs bird,airplane,bird,1,8,24,linear,small_mu,37,37,36,73,24,35278682.32226013,20909031.167746715,large_mu,disjoint_bag_coordinate_me_single_point_probe_v1,ok,,0.935,1.0
airplane vs bird,airplane,bird,1,8,1,rbf,large_mu,37,37,37,73,24,30760.18391524105,48085.37270294393,,disjoint_bag_coordinate_me_single_point_probe_v1,ok,,0.94,0.1
airplane vs bird,airplane,bird,1,8,2,rbf,large_mu,37,37,37,73,24,30760.18391524105,48085.37270294393,small_mu,disjoint_bag_coordinate_me_single_point_probe_v1,ok,,0.94,0.1
airplane vs bird,airplane,bird,1,8,4,rbf,large_mu,37,37,37,73,24,30760.18391524105,48085.37270294393,large_mu,disjoint_bag_coordinate_me_single_point_probe_v1,ok,,0.9525,10.0
airplane vs bird,airplane,bird,1,8,6,rbf,large_mu,37,37,37,73,24,30760.18391524105,48085.37270294393,large_mu,disjoint_bag_coordinate_me_single_point_probe_v1,ok,,0.95,0.1
airplane vs bird,airplane,bird,1,8,8,rbf,large_mu,37,37,37,73,24,30760.18391524105,48085.37270294393,large_mu,disjoint_bag_coordinate_me_single_point_probe_v1,ok,,0.9525,0.1
airplane vs bird,airplane,bird,1,8,10,rbf,large_mu,37,37,37,73,24,30760.18391524105,48085.37270294393,large_mu,disjoint_bag_coordinate_me_single_point_probe_v1,ok,,0.9475,10.0
airplane vs bird,airplane,bird,1,8,16,rbf,large_mu,37,37,37,73,24,30760.18391524105,48085.37270294393,large_mu,disjoint_bag_coordinate_me_single_point_probe_v1,ok,,0.945,1.0
airplane vs bird,airplane,bird,1,8,24,rbf,large_mu,37,37,37,73,24,30760.18391524105,48085.37270294393,large_mu,disjoint_bag_coordinate_me_single_point_probe_v1,ok,,0.9525,1.0
airplane vs bird,airplane,bird,1,8,1,rbf,small_mu,37,37,36,73,24,30760.18391524105,48085.37270294393,,disjoint_bag_coordinate_me_single_point_probe_v1,ok,,0.945,0.1
airplane vs bird,airplane,bird,1,8,2,rbf,small_mu,37,37,36,73,24,30760.18391524105,48085.37270294393,small_mu,disjoint_bag_coordinate_me_single_point_probe_v1,ok,,0.9475,10.0
airplane vs bird,airplane,bird,1,8,4,rbf,small_mu,37,37,36,73,24,30760.18391524105,48085.37270294393,large_mu,disjoint_bag_coordinate_me_single_point_probe_v1,ok,,0.9475,10.0
airplane vs bird,airplane,bird,1,8,6,rbf,small_mu,37,37,36,73,24,30760.18391524105,48085.37270294393,large_mu,disjoint_bag_coordinate_me_single_point_probe_v1,ok,,0.9475,1.0
airplane vs bird,airplane,bird,1,8,8,rbf,small_mu,37,37,36,73,24,30760.18391524105,48085.37270294393,large_mu,disjoint_bag_coordinate_me_single_point_probe_v1,ok,,0.945,10.0
airplane vs bird,airplane,bird,1,8,10,rbf,small_mu,37,37,36,73,24,30760.18391524105,48085.37270294393,large_mu,disjoint_bag_coordinate_me_single_point_probe_v1,ok,,0.9475,1.0
airplane vs bird,airplane,bird,1,8,16,rbf,small_mu,37,37,36,73,24,30760.18391524105,48085.37270294393,large_mu,disjoint_bag_coordinate_me_single_point_probe_v1,ok,,0.9475,10.0
airplane vs bird,airplane,bird,1,8,24,rbf,small_mu,37,37,36,73,24,30760.18391524105,48085.37270294393,large_mu,disjoint_bag_coordinate_me_single_point_probe_v1,ok,,0.9475,10.0
airplane vs bird,airplane,bird,1,8,1,laplacian,large_mu,37,37,37,73,24,23469.80170046294,36287.20951897966,,disjoint_bag_coordinate_me_single_point_probe_v1,ok,,0.9275,0.1
airplane vs bird,airplane,bird,1,8,2,laplacian,large_mu,37,37,37,73,24,23469.80170046294,36287.20951897966,small_mu,disjoint_bag_coordinate_me_single_point_probe_v1,ok,,0.935,10.0
airplane vs bird,airplane,bird,1,8,4,laplacian,large_mu,37,37,37,73,24,23469.80170046294,36287.20951897966,large_mu,disjoint_bag_coordinate_me_single_point_probe_v1,ok,,0.9425,0.1
airplane vs bird,airplane,bird,1,8,6,laplacian,large_mu,37,37,37,73,24,23469.80170046294,36287.20951897966,large_mu,disjoint_bag_coordinate_me_single_point_probe_v1,ok,,0.9375,0.1
airplane vs bird,airplane,bird,1,8,8,laplacian,large_mu,37,37,37,73,24,23469.80170046294,36287.20951897966,large_mu,disjoint_bag_coordinate_me_single_point_probe_v1,ok,,0.935,0.1
airplane vs bird,airplane,bird,1,8,10,laplacian,large_mu,37,37,37,73,24,23469.80170046294,36287.20951897966,large_mu,disjoint_bag_coordinate_me_single_point_probe_v1,ok,,0.9375,0.1
airplane vs bird,airplane,bird,1,8,16,laplacian,large_mu,37,37,37,73,24,23469.80170046294,36287.20951897966,large_mu,disjoint_bag_coordinate_me_single_point_probe_v1,ok,,0.9475,1.0
airplane vs bird,airplane,bird,1,8,24,laplacian,large_mu,37,37,37,73,24,23469.80170046294,36287.20951897966,large_mu,disjoint_bag_coordinate_me_single_point_probe_v1,ok,,0.945,0.1
airplane vs bird,airplane,bird,1,8,1,laplacian,small_mu,37,37,36,73,24,23469.80170046294,36287.20951897966,,disjoint_bag_coordinate_me_single_point_probe_v1,ok,,0.94,0.1
airplane vs bird,airplane,bird,1,8,2,laplacian,small_mu,37,37,36,73,24,23469.80170046294,36287.20951897966,small_mu,disjoint_bag_coordinate_me_single_point_probe_v1,ok,,0.94,1.0
airplane vs bird,airplane,bird,1,8,4,laplacian,small_mu,37,37,36,73,24,23469.80170046294,36287.20951897966,large_mu,disjoint_bag_coordinate_me_single_point_probe_v1,ok,,0.94,10.0
airplane vs bird,airplane,bird,1,8,6,laplacian,small_mu,37,37,36,73,24,23469.80170046294,36287.20951897966,large_mu,disjoint_bag_coordinate_me_single_point_probe_v1,ok,,0.9425,1.0
airplane vs bird,airplane,bird,1,8,8,laplacian,small_mu,37,37,36,73,24,23469.80170046294,36287.20951897966,large_mu,disjoint_bag_coordinate_me_single_point_probe_v1,ok,,0.9425,1.0
airplane vs bird,airplane,bird,1,8,10,laplacian,small_mu,37,37,36,73,24,23469.80170046294,36287.20951897966,large_mu,disjoint_bag_coordinate_me_single_point_probe_v1,ok,,0.9425,10.0
airplane vs bird,airplane,bird,1,8,16,laplacian,small_mu,37,37,36,73,24,23469.80170046294,36287.20951897966,large_mu,disjoint_bag_coordinate_me_single_point_probe_v1,ok,,0.945,10.0
airplane vs bird,airplane,bird,1,8,24,laplacian,small_mu,37,37,36,73,24,23469.80170046294,36287.20951897966,large_mu,disjoint_bag_coordinate_me_single_point_probe_v1,ok,,0.945,1.0
airplane vs bird,airplane,bird,1,8,1,polynomial,large_mu,37,37,37,73,24,169311.06566217385,148997.85820899843,,disjoint_bag_coordinate_me_single_point_probe_v1,ok,,0.935,0.1
airplane vs bird,airplane,bird,1,8,2,polynomial,large_mu,37,37,37,73,24,169311.06566217385,148997.85820899843,large_mu,disjoint_bag_coordinate_me_single_point_probe_v1,ok,,0.9425,1.0
airplane vs bird,airplane,bird,1,8,4,polynomial,large_mu,37,37,37,73,24,169311.06566217385,148997.85820899843,large_mu,disjoint_bag_coordinate_me_single_point_probe_v1,ok,,0.9425,0.1
airplane vs bird,airplane,bird,1,8,6,polynomial,large_mu,37,37,37,73,24,169311.06566217385,148997.85820899843,large_mu,disjoint_bag_coordinate_me_single_point_probe_v1,ok,,0.94,10.0
airplane vs bird,airplane,bird,1,8,8,polynomial,large_mu,37,37,37,73,24,169311.06566217385,148997.85820899843,large_mu,disjoint_bag_coordinate_me_single_point_probe_v1,ok,,0.94,0.1
airplane vs bird,airplane,bird,1,8,10,polynomial,large_mu,37,37,37,73,24,169311.06566217385,148997.85820899843,large_mu,disjoint_bag_coordinate_me_single_point_probe_v1,ok,,0.9425,0.1
airplane vs bird,airplane,bird,1,8,16,polynomial,large_mu,37,37,37,73,24,169311.06566217385,148997.85820899843,large_mu,disjoint_bag_coordinate_me_single_point_probe_v1,ok,,0.9475,1.0
airplane vs bird,airplane,bird,1,8,24,polynomial,large_mu,37,37,37,73,24,169311.06566217385,148997.85820899843,large_mu,disjoint_bag_coordinate_me_single_point_probe_v1,ok,,0.9525,0.1
airplane vs bird,airplane,bird,1,8,1,polynomial,small_mu,37,37,36,73,24,169311.06566217385,148997.85820899843,,disjoint_bag_coordinate_me_single_point_probe_v1,ok,,0.9425,0.1
airplane vs bird,airplane,bird,1,8,2,polynomial,small_mu,37,37,36,73,24,169311.06566217385,148997.85820899843,large_mu,disjoint_bag_coordinate_me_single_point_probe_v1,ok,,0.9325,0.1
airplane vs bird,airplane,bird,1,8,4,polynomial,small_mu,37,37,36,73,24,169311.06566217385,148997.85820899843,large_mu,disjoint_bag_coordinate_me_single_point_probe_v1,ok,,0.94,1.0
airplane vs bird,airplane,bird,1,8,6,polynomial,small_mu,37,37,36,73,24,169311.06566217385,148997.85820899843,large_mu,disjoint_bag_coordinate_me_single_point_probe_v1,ok,,0.94,0.1
airplane vs bird,airplane,bird,1,8,8,polynomial,small_mu,37,37,36,73,24,169311.06566217385,148997.85820899843,large_mu,disjoint_bag_coordinate_me_single_point_probe_v1,ok,,0.9425,10.0
airplane vs bird,airplane,bird,1,8,10,polynomial,small_mu,37,37,36,73,24,169311.06566217385,148997.85820899843,large_mu,disjoint_bag_coordinate_me_single_point_probe_v1,ok,,0.94,0.1
airplane vs bird,airplane,bird,1,8,16,polynomial,small_mu,37,37,36,73,24,169311.06566217385,148997.85820899843,large_mu,disjoint_bag_coordinate_me_single_point_probe_v1,ok,,0.9425,10.0
airplane vs bird,airplane,bird,1,8,24,polynomial,small_mu,37,37,36,73,24,169311.06566217385,148997.85820899843,large_mu,disjoint_bag_coordinate_me_single_point_probe_v1,ok,,0.945,1.0
airplane vs bird,airplane,bird,1,8,1,sigmoid,large_mu,37,37,37,66,24,48539.35081073487,19947.83641102411,,disjoint_bag_coordinate_me_single_point_probe_v1,ok,,0.9125,1.0
airplane vs bird,airplane,bird,1,8,2,sigmoid,large_mu,37,37,37,66,24,48539.35081073487,19947.83641102411,large_mu,disjoint_bag_coordinate_me_single_point_probe_v1,ok,,0.92,0.1
airplane vs bird,airplane,bird,1,8,4,sigmoid,large_mu,37,37,37,66,24,48539.35081073487,19947.83641102411,large_mu,disjoint_bag_coordinate_me_single_point_probe_v1,ok,,0.9125,1.0
airplane vs bird,airplane,bird,1,8,6,sigmoid,large_mu,37,37,37,66,24,48539.35081073487,19947.83641102411,large_mu,disjoint_bag_coordinate_me_single_point_probe_v1,ok,,0.9125,10.0
airplane vs bird,airplane,bird,1,8,8,sigmoid,large_mu,37,37,37,66,24,48539.35081073487,19947.83641102411,large_mu,disjoint_bag_coordinate_me_single_point_probe_v1,ok,,0.91,0.1
airplane vs bird,airplane,bird,1,8,10,sigmoid,large_mu,37,37,37,66,24,48539.35081073487,19947.83641102411,large_mu,disjoint_bag_coordinate_me_single_point_probe_v1,ok,,0.91,1.0
airplane vs bird,airplane,bird,1,8,16,sigmoid,large_mu,37,37,37,66,24,48539.35081073487,19947.83641102411,large_mu,disjoint_bag_coordinate_me_single_point_probe_v1,ok,,0.9125,0.1
airplane vs bird,airplane,bird,1,8,24,sigmoid,large_mu,37,37,37,66,24,48539.35081073487,19947.83641102411,large_mu,disjoint_bag_coordinate_me_single_point_probe_v1,ok,,0.905,0.1
airplane vs bird,airplane,bird,1,8,1,sigmoid,small_mu,37,37,36,66,24,48539.35081073487,19947.83641102411,,disjoint_bag_coordinate_me_single_point_probe_v1,ok,,0.6575,0.1
airplane vs bird,airplane,bird,1,8,2,sigmoid,small_mu,37,37,36,66,24,48539.35081073487,19947.83641102411,large_mu,disjoint_bag_coordinate_me_single_point_probe_v1,ok,,0.7575,1.0
airplane vs bird,airplane,bird,1,8,4,sigmoid,small_mu,37,37,36,66,24,48539.35081073487,19947.83641102411,large_mu,disjoint_bag_coordinate_me_single_point_probe_v1,ok,,0.79,0.1
airplane vs bird,airplane,bird,1,8,6,sigmoid,small_mu,37,37,36,66,24,48539.35081073487,19947.83641102411,large_mu,disjoint_bag_coordinate_me_single_point_probe_v1,ok,,0.87,1.0
airplane vs bird,airplane,bird,1,8,8,sigmoid,small_mu,37,37,36,66,24,48539.35081073487,19947.83641102411,large_mu,disjoint_bag_coordinate_me_single_point_probe_v1,ok,,0.8725,10.0
airplane vs bird,airplane,bird,1,8,10,sigmoid,small_mu,37,37,36,66,24,48539.35081073487,19947.83641102411,large_mu,disjoint_bag_coordinate_me_single_point_probe_v1,ok,,0.9075,1.0
airplane vs bird,airplane,bird,1,8,16,sigmoid,small_mu,37,37,36,66,24,48539.35081073487,19947.83641102411,large_mu,disjoint_bag_coordinate_me_single_point_probe_v1,ok,,0.8925,10.0
airplane vs bird,airplane,bird,1,8,24,sigmoid,small_mu,37,37,36,66,24,48539.35081073487,19947.83641102411,large_mu,disjoint_bag_coordinate_me_single_point_probe_v1,ok,,0.9125,0.1
airplane vs bird,airplane,bird,1,16,1,linear,large_mu,18,18,18,35,19,40202465.83178404,12039247.927825902,,disjoint_bag_coordinate_me_single_point_probe_v1,ok,,0.9375,0.1
airplane vs bird,airplane,bird,1,16,2,linear,large_mu,18,18,18,35,19,40202465.83178404,12039247.927825902,large_mu,disjoint_bag_coordinate_me_single_point_probe_v1,ok,,0.935,10.0
airplane vs bird,airplane,bird,1,16,4,linear,large_mu,18,18,18,35,19,40202465.83178404,12039247.927825902,large_mu,disjoint_bag_coordinate_me_single_point_probe_v1,ok,,0.9375,0.1
airplane vs bird,airplane,bird,1,16,6,linear,large_mu,18,18,18,35,19,40202465.83178404,12039247.927825902,large_mu,disjoint_bag_coordinate_me_single_point_probe_v1,ok,,0.935,10.0
airplane vs bird,airplane,bird,1,16,8,linear,large_mu,18,18,18,35,19,40202465.83178404,12039247.927825902,large_mu,disjoint_bag_coordinate_me_single_point_probe_v1,ok,,0.935,1.0
airplane vs bird,airplane,bird,1,16,10,linear,large_mu,18,18,18,35,19,40202465.83178404,12039247.927825902,large_mu,disjoint_bag_coordinate_me_single_point_probe_v1,ok,,0.935,1.0
airplane vs bird,airplane,bird,1,16,16,linear,large_mu,18,18,18,35,19,40202465.83178404,12039247.927825902,large_mu,disjoint_bag_coordinate_me_single_point_probe_v1,ok,,0.94,10.0
airplane vs bird,airplane,bird,1,16,24,linear,large_mu,18,18,18,35,19,40202465.83178404,12039247.927825902,large_mu,disjoint_bag_coordinate_me_single_point_probe_v1,rank_limited,"requested r=24, stable limit=18, available directions=19",,
airplane vs bird,airplane,bird,1,16,1,linear,small_mu,18,18,17,35,18,40202465.83178404,12039247.927825902,,disjoint_bag_coordinate_me_single_point_probe_v1,ok,,0.9225,1.0
airplane vs bird,airplane,bird,1,16,2,linear,small_mu,18,18,17,35,18,40202465.83178404,12039247.927825902,large_mu,disjoint_bag_coordinate_me_single_point_probe_v1,ok,,0.925,0.1
airplane vs bird,airplane,bird,1,16,4,linear,small_mu,18,18,17,35,18,40202465.83178404,12039247.927825902,large_mu,disjoint_bag_coordinate_me_single_point_probe_v1,ok,,0.9325,0.1
airplane vs bird,airplane,bird,1,16,6,linear,small_mu,18,18,17,35,18,40202465.83178404,12039247.927825902,large_mu,disjoint_bag_coordinate_me_single_point_probe_v1,ok,,0.935,1.0
airplane vs bird,airplane,bird,1,16,8,linear,small_mu,18,18,17,35,18,40202465.83178404,12039247.927825902,large_mu,disjoint_bag_coordinate_me_single_point_probe_v1,ok,,0.9325,1.0
airplane vs bird,airplane,bird,1,16,10,linear,small_mu,18,18,17,35,18,40202465.83178404,12039247.927825902,large_mu,disjoint_bag_coordinate_me_single_point_probe_v1,ok,,0.9325,1.0
airplane vs bird,airplane,bird,1,16,16,linear,small_mu,18,18,17,35,18,40202465.83178404,12039247.927825902,large_mu,disjoint_bag_coordinate_me_single_point_probe_v1,ok,,0.9225,10.0
airplane vs bird,airplane,bird,1,16,24,linear,small_mu,18,18,17,35,18,40202465.83178404,12039247.927825902,large_mu,disjoint_bag_coordinate_me_single_point_probe_v1,rank_limited,"requested r=24, stable limit=17, available directions=18",,
airplane vs bird,airplane,bird,1,16,1,rbf,large_mu,18,18,18,35,24,31578.78950939104,23763.223862082617,,disjoint_bag_coordinate_me_single_point_probe_v1,ok,,0.9425,1.0
airplane vs bird,airplane,bird,1,16,2,rbf,large_mu,18,18,18,35,24,31578.78950939104,23763.223862082617,large_mu,disjoint_bag_coordinate_me_single_point_probe_v1,ok,,0.9425,10.0
airplane vs bird,airplane,bird,1,16,4,rbf,large_mu,18,18,18,35,24,31578.78950939104,23763.223862082617,large_mu,disjoint_bag_coordinate_me_single_point_probe_v1,ok,,0.9475,0.1
airplane vs bird,airplane,bird,1,16,6,rbf,large_mu,18,18,18,35,24,31578.78950939104,23763.223862082617,large_mu,disjoint_bag_coordinate_me_single_point_probe_v1,ok,,0.9475,0.1
airplane vs bird,airplane,bird,1,16,8,rbf,large_mu,18,18,18,35,24,31578.78950939104,23763.223862082617,large_mu,disjoint_bag_coordinate_me_single_point_probe_v1,ok,,0.9475,0.1
airplane vs bird,airplane,bird,1,16,10,rbf,large_mu,18,18,18,35,24,31578.78950939104,23763.223862082617,large_mu,disjoint_bag_coordinate_me_single_point_probe_v1,ok,,0.9475,1.0
airplane vs bird,airplane,bird,1,16,16,rbf,large_mu,18,18,18,35,24,31578.78950939104,23763.223862082617,large_mu,disjoint_bag_coordinate_me_single_point_probe_v1,ok,,0.95,0.1
airplane vs bird,airplane,bird,1,16,24,rbf,large_mu,18,18,18,35,24,31578.78950939104,23763.223862082617,large_mu,disjoint_bag_coordinate_me_single_point_probe_v1,rank_limited,"requested r=24, stable limit=18, available directions=24",,
airplane vs bird,airplane,bird,1,16,1,rbf,small_mu,18,18,17,35,24,31578.78950939104,23763.223862082617,,disjoint_bag_coordinate_me_single_point_probe_v1,ok,,0.9475,0.1
airplane vs bird,airplane,bird,1,16,2,rbf,small_mu,18,18,17,35,24,31578.78950939104,23763.223862082617,large_mu,disjoint_bag_coordinate_me_single_point_probe_v1,ok,,0.9425,1.0
airplane vs bird,airplane,bird,1,16,4,rbf,small_mu,18,18,17,35,24,31578.78950939104,23763.223862082617,large_mu,disjoint_bag_coordinate_me_single_point_probe_v1,ok,,0.9425,1.0
airplane vs bird,airplane,bird,1,16,6,rbf,small_mu,18,18,17,35,24,31578.78950939104,23763.223862082617,large_mu,disjoint_bag_coordinate_me_single_point_probe_v1,ok,,0.9475,10.0
airplane vs bird,airplane,bird,1,16,8,rbf,small_mu,18,18,17,35,24,31578.78950939104,23763.223862082617,large_mu,disjoint_bag_coordinate_me_single_point_probe_v1,ok,,0.945,1.0
airplane vs bird,airplane,bird,1,16,10,rbf,small_mu,18,18,17,35,24,31578.78950939104,23763.223862082617,large_mu,disjoint_bag_coordinate_me_single_point_probe_v1,ok,,0.9475,1.0
airplane vs bird,airplane,bird,1,16,16,rbf,small_mu,18,18,17,35,24,31578.78950939104,23763.223862082617,large_mu,disjoint_bag_coordinate_me_single_point_probe_v1,ok,,0.945,1.0
airplane vs bird,airplane,bird,1,16,24,rbf,small_mu,18,18,17,35,24,31578.78950939104,23763.223862082617,large_mu,disjoint_bag_coordinate_me_single_point_probe_v1,rank_limited,"requested r=24, stable limit=17, available directions=24",,
airplane vs bird,airplane,bird,1,16,1,laplacian,large_mu,18,18,18,35,24,24011.288183599263,17891.098829480117,,disjoint_bag_coordinate_me_single_point_probe_v1,ok,,0.94,0.1
airplane vs bird,airplane,bird,1,16,2,laplacian,large_mu,18,18,18,35,24,24011.288183599263,17891.098829480117,large_mu,disjoint_bag_coordinate_me_single_point_probe_v1,ok,,0.9425,1.0
airplane vs bird,airplane,bird,1,16,4,laplacian,large_mu,18,18,18,35,24,24011.288183599263,17891.098829480117,large_mu,disjoint_bag_coordinate_me_single_point_probe_v1,ok,,0.9425,0.1
airplane vs bird,airplane,bird,1,16,6,laplacian,large_mu,18,18,18,35,24,24011.288183599263,17891.098829480117,large_mu,disjoint_bag_coordinate_me_single_point_probe_v1,ok,,0.9425,0.1
airplane vs bird,airplane,bird,1,16,8,laplacian,large_mu,18,18,18,35,24,24011.288183599263,17891.098829480117,large_mu,disjoint_bag_coordinate_me_single_point_probe_v1,ok,,0.9425,0.1
airplane vs bird,airplane,bird,1,16,10,laplacian,large_mu,18,18,18,35,24,24011.288183599263,17891.098829480117,large_mu,disjoint_bag_coordinate_me_single_point_probe_v1,ok,,0.945,0.1
airplane vs bird,airplane,bird,1,16,16,laplacian,large_mu,18,18,18,35,24,24011.288183599263,17891.098829480117,large_mu,disjoint_bag_coordinate_me_single_point_probe_v1,ok,,0.945,0.1
airplane vs bird,airplane,bird,1,16,24,laplacian,large_mu,18,18,18,35,24,24011.288183599263,17891.098829480117,large_mu,disjoint_bag_coordinate_me_single_point_probe_v1,rank_limited,"requested r=24, stable limit=18, available directions=24",,
airplane vs bird,airplane,bird,1,16,1,laplacian,small_mu,18,18,17,35,24,24011.288183599263,17891.098829480117,,disjoint_bag_coordinate_me_single_point_probe_v1,ok,,0.9425,0.1
airplane vs bird,airplane,bird,1,16,2,laplacian,small_mu,18,18,17,35,24,24011.288183599263,17891.098829480117,large_mu,disjoint_bag_coordinate_me_single_point_probe_v1,ok,,0.9425,1.0
airplane vs bird,airplane,bird,1,16,4,laplacian,small_mu,18,18,17,35,24,24011.288183599263,17891.098829480117,large_mu,disjoint_bag_coordinate_me_single_point_probe_v1,ok,,0.9425,1.0
airplane vs bird,airplane,bird,1,16,6,laplacian,small_mu,18,18,17,35,24,24011.288183599263,17891.098829480117,large_mu,disjoint_bag_coordinate_me_single_point_probe_v1,ok,,0.9425,10.0
airplane vs bird,airplane,bird,1,16,8,laplacian,small_mu,18,18,17,35,24,24011.288183599263,17891.098829480117,large_mu,disjoint_bag_coordinate_me_single_point_probe_v1,ok,,0.9425,1.0
airplane vs bird,airplane,bird,1,16,10,laplacian,small_mu,18,18,17,35,24,24011.288183599263,17891.098829480117,large_mu,disjoint_bag_coordinate_me_single_point_probe_v1,ok,,0.945,1.0
airplane vs bird,airplane,bird,1,16,16,laplacian,small_mu,18,18,17,35,24,24011.288183599263,17891.098829480117,large_mu,disjoint_bag_coordinate_me_single_point_probe_v1,ok,,0.945,1.0
airplane vs bird,airplane,bird,1,16,24,laplacian,small_mu,18,18,17,35,24,24011.288183599263,17891.098829480117,large_mu,disjoint_bag_coordinate_me_single_point_probe_v1,rank_limited,"requested r=24, stable limit=17, available directions=24",,
airplane vs bird,airplane,bird,1,16,1,polynomial,large_mu,18,18,18,35,24,183231.47255203975,77935.51992542918,,disjoint_bag_coordinate_me_single_point_probe_v1,ok,,0.945,0.1
airplane vs bird,airplane,bird,1,16,2,polynomial,large_mu,18,18,18,35,24,183231.47255203975,77935.51992542918,large_mu,disjoint_bag_coordinate_me_single_point_probe_v1,ok,,0.945,0.1
airplane vs bird,airplane,bird,1,16,4,polynomial,large_mu,18,18,18,35,24,183231.47255203975,77935.51992542918,large_mu,disjoint_bag_coordinate_me_single_point_probe_v1,ok,,0.94,0.1
airplane vs bird,airplane,bird,1,16,6,polynomial,large_mu,18,18,18,35,24,183231.47255203975,77935.51992542918,large_mu,disjoint_bag_coordinate_me_single_point_probe_v1,ok,,0.9425,0.1
airplane vs bird,airplane,bird,1,16,8,polynomial,large_mu,18,18,18,35,24,183231.47255203975,77935.51992542918,large_mu,disjoint_bag_coordinate_me_single_point_probe_v1,ok,,0.95,1.0
airplane vs bird,airplane,bird,1,16,10,polynomial,large_mu,18,18,18,35,24,183231.47255203975,77935.51992542918,large_mu,disjoint_bag_coordinate_me_single_point_probe_v1,ok,,0.945,0.1
airplane vs bird,airplane,bird,1,16,16,polynomial,large_mu,18,18,18,35,24,183231.47255203975,77935.51992542918,large_mu,disjoint_bag_coordinate_me_single_point_probe_v1,ok,,0.945,0.1
airplane vs bird,airplane,bird,1,16,24,polynomial,large_mu,18,18,18,35,24,183231.47255203975,77935.51992542918,large_mu,disjoint_bag_coordinate_me_single_point_probe_v1,rank_limited,"requested r=24, stable limit=18, available directions=24",,
airplane vs bird,airplane,bird,1,16,1,polynomial,small_mu,18,18,17,35,24,183231.47255203975,77935.51992542918,,disjoint_bag_coordinate_me_single_point_probe_v1,ok,,0.9425,0.1
airplane vs bird,airplane,bird,1,16,2,polynomial,small_mu,18,18,17,35,24,183231.47255203975,77935.51992542918,large_mu,disjoint_bag_coordinate_me_single_point_probe_v1,ok,,0.9375,1.0
airplane vs bird,airplane,bird,1,16,4,polynomial,small_mu,18,18,17,35,24,183231.47255203975,77935.51992542918,large_mu,disjoint_bag_coordinate_me_single_point_probe_v1,ok,,0.9375,1.0
airplane vs bird,airplane,bird,1,16,6,polynomial,small_mu,18,18,17,35,24,183231.47255203975,77935.51992542918,large_mu,disjoint_bag_coordinate_me_single_point_probe_v1,ok,,0.9425,10.0
airplane vs bird,airplane,bird,1,16,8,polynomial,small_mu,18,18,17,35,24,183231.47255203975,77935.51992542918,large_mu,disjoint_bag_coordinate_me_single_point_probe_v1,ok,,0.94,1.0
airplane vs bird,airplane,bird,1,16,10,polynomial,small_mu,18,18,17,35,24,183231.47255203975,77935.51992542918,large_mu,disjoint_bag_coordinate_me_single_point_probe_v1,ok,,0.945,0.1
airplane vs bird,airplane,bird,1,16,16,polynomial,small_mu,18,18,17,35,24,183231.47255203975,77935.51992542918,large_mu,disjoint_bag_coordinate_me_single_point_probe_v1,ok,,0.9475,10.0
airplane vs bird,airplane,bird,1,16,24,polynomial,small_mu,18,18,17,35,24,183231.47255203975,77935.51992542918,large_mu,disjoint_bag_coordinate_me_single_point_probe_v1,rank_limited,"requested r=24, stable limit=17, available directions=24",,
airplane vs bird,airplane,bird,1,16,1,sigmoid,large_mu,18,18,18,35,24,67763.21445686804,15286.985946501003,,disjoint_bag_coordinate_me_single_point_probe_v1,ok,,0.9325,0.1
airplane vs bird,airplane,bird,1,16,2,sigmoid,large_mu,18,18,18,35,24,67763.21445686804,15286.985946501003,large_mu,disjoint_bag_coordinate_me_single_point_probe_v1,ok,,0.9325,1.0
airplane vs bird,airplane,bird,1,16,4,sigmoid,large_mu,18,18,18,35,24,67763.21445686804,15286.985946501003,large_mu,disjoint_bag_coordinate_me_single_point_probe_v1,ok,,0.9325,0.1
airplane vs bird,airplane,bird,1,16,6,sigmoid,large_mu,18,18,18,35,24,67763.21445686804,15286.985946501003,large_mu,disjoint_bag_coordinate_me_single_point_probe_v1,ok,,0.925,0.1
airplane vs bird,airplane,bird,1,16,8,sigmoid,large_mu,18,18,18,35,24,67763.21445686804,15286.985946501003,large_mu,disjoint_bag_coordinate_me_single_point_probe_v1,ok,,0.93,0.1
airplane vs bird,airplane,bird,1,16,10,sigmoid,large_mu,18,18,18,35,24,67763.21445686804,15286.985946501003,large_mu,disjoint_bag_coordinate_me_single_point_probe_v1,ok,,0.925,0.1
airplane vs bird,airplane,bird,1,16,16,sigmoid,large_mu,18,18,18,35,24,67763.21445686804,15286.985946501003,large_mu,disjoint_bag_coordinate_me_single_point_probe_v1,ok,,0.9425,1.0
airplane vs bird,airplane,bird,1,16,24,sigmoid,large_mu,18,18,18,35,24,67763.21445686804,15286.985946501003,large_mu,disjoint_bag_coordinate_me_single_point_probe_v1,rank_limited,"requested r=24, stable limit=18, available directions=24",,
airplane vs bird,airplane,bird,1,16,1,sigmoid,small_mu,18,18,17,35,24,67763.21445686804,15286.985946501003,,disjoint_bag_coordinate_me_single_point_probe_v1,ok,,0.835,0.1
airplane vs bird,airplane,bird,1,16,2,sigmoid,small_mu,18,18,17,35,24,67763.21445686804,15286.985946501003,large_mu,disjoint_bag_coordinate_me_single_point_probe_v1,ok,,0.895,0.1
airplane vs bird,airplane,bird,1,16,4,sigmoid,small_mu,18,18,17,35,24,67763.21445686804,15286.985946501003,large_mu,disjoint_bag_coordinate_me_single_point_probe_v1,ok,,0.885,10.0
airplane vs bird,airplane,bird,1,16,6,sigmoid,small_mu,18,18,17,35,24,67763.21445686804,15286.985946501003,large_mu,disjoint_bag_coordinate_me_single_point_probe_v1,ok,,0.915,0.1
airplane vs bird,airplane,bird,1,16,8,sigmoid,small_mu,18,18,17,35,24,67763.21445686804,15286.985946501003,large_mu,disjoint_bag_coordinate_me_single_point_probe_v1,ok,,0.925,0.1
airplane vs bird,airplane,bird,1,16,10,sigmoid,small_mu,18,18,17,35,24,67763.21445686804,15286.985946501003,large_mu,disjoint_bag_coordinate_me_single_point_probe_v1,ok,,0.9275,0.1
airplane vs bird,airplane,bird,1,16,16,sigmoid,small_mu,18,18,17,35,24,67763.21445686804,15286.985946501003,large_mu,disjoint_bag_coordinate_me_single_point_probe_v1,ok,,0.9375,0.1
airplane vs bird,airplane,bird,1,16,24,sigmoid,small_mu,18,18,17,35,24,67763.21445686804,15286.985946501003,large_mu,disjoint_bag_coordinate_me_single_point_probe_v1,rank_limited,"requested r=24, stable limit=17, available directions=24",,
airplane vs bird,airplane,bird,2,4,1,linear,large_mu,75,75,75,149,24,17876686.830282833,34034810.02174134,,disjoint_bag_coordinate_me_single_point_probe_v1,ok,,0.9325,0.1
airplane vs bird,airplane,bird,2,4,2,linear,large_mu,75,75,75,149,24,17876686.830282833,34034810.02174134,small_mu,disjoint_bag_coordinate_me_single_point_probe_v1,ok,,0.93,0.1
airplane vs bird,airplane,bird,2,4,4,linear,large_mu,75,75,75,149,24,17876686.830282833,34034810.02174134,large_mu,disjoint_bag_coordinate_me_single_point_probe_v1,ok,,0.9275,0.1
airplane vs bird,airplane,bird,2,4,6,linear,large_mu,75,75,75,149,24,17876686.830282833,34034810.02174134,large_mu,disjoint_bag_coordinate_me_single_point_probe_v1,ok,,0.93,0.1
airplane vs bird,airplane,bird,2,4,8,linear,large_mu,75,75,75,149,24,17876686.830282833,34034810.02174134,large_mu,disjoint_bag_coordinate_me_single_point_probe_v1,ok,,0.96,1.0
airplane vs bird,airplane,bird,2,4,10,linear,large_mu,75,75,75,149,24,17876686.830282833,34034810.02174134,large_mu,disjoint_bag_coordinate_me_single_point_probe_v1,ok,,0.965,10.0
airplane vs bird,airplane,bird,2,4,16,linear,large_mu,75,75,75,149,24,17876686.830282833,34034810.02174134,large_mu,disjoint_bag_coordinate_me_single_point_probe_v1,ok,,0.97,0.1
airplane vs bird,airplane,bird,2,4,24,linear,large_mu,75,75,75,149,24,17876686.830282833,34034810.02174134,large_mu,disjoint_bag_coordinate_me_single_point_probe_v1,ok,,0.9625,0.1
airplane vs bird,airplane,bird,2,4,1,linear,small_mu,75,75,74,149,24,17876686.830282833,34034810.02174134,,disjoint_bag_coordinate_me_single_point_probe_v1,ok,,0.935,10.0
airplane vs bird,airplane,bird,2,4,2,linear,small_mu,75,75,74,149,24,17876686.830282833,34034810.02174134,small_mu,disjoint_bag_coordinate_me_single_point_probe_v1,ok,,0.935,0.1
airplane vs bird,airplane,bird,2,4,4,linear,small_mu,75,75,74,149,24,17876686.830282833,34034810.02174134,large_mu,disjoint_bag_coordinate_me_single_point_probe_v1,ok,,0.945,1.0
airplane vs bird,airplane,bird,2,4,6,linear,small_mu,75,75,74,149,24,17876686.830282833,34034810.02174134,large_mu,disjoint_bag_coordinate_me_single_point_probe_v1,ok,,0.945,1.0
airplane vs bird,airplane,bird,2,4,8,linear,small_mu,75,75,74,149,24,17876686.830282833,34034810.02174134,large_mu,disjoint_bag_coordinate_me_single_point_probe_v1,ok,,0.95,1.0
airplane vs bird,airplane,bird,2,4,10,linear,small_mu,75,75,74,149,24,17876686.830282833,34034810.02174134,large_mu,disjoint_bag_coordinate_me_single_point_probe_v1,ok,,0.96,1.0
airplane vs bird,airplane,bird,2,4,16,linear,small_mu,75,75,74,149,24,17876686.830282833,34034810.02174134,large_mu,disjoint_bag_coordinate_me_single_point_probe_v1,ok,,0.95,10.0
airplane vs bird,airplane,bird,2,4,24,linear,small_mu,75,75,74,149,24,17876686.830282833,34034810.02174134,large_mu,disjoint_bag_coordinate_me_single_point_probe_v1,ok,,0.9525,0.1
airplane vs bird,airplane,bird,2,4,1,rbf,large_mu,75,75,75,149,24,24585.241258919035,94970.95490219229,,disjoint_bag_coordinate_me_single_point_probe_v1,ok,,0.9675,10.0
airplane vs bird,airplane,bird,2,4,2,rbf,large_mu,75,75,75,149,24,24585.241258919035,94970.95490219229,small_mu,disjoint_bag_coordinate_me_single_point_probe_v1,ok,,0.965,10.0
airplane vs bird,airplane,bird,2,4,4,rbf,large_mu,75,75,75,149,24,24585.241258919035,94970.95490219229,small_mu,disjoint_bag_coordinate_me_single_point_probe_v1,ok,,0.965,10.0
airplane vs bird,airplane,bird,2,4,6,rbf,large_mu,75,75,75,149,24,24585.241258919035,94970.95490219229,large_mu,disjoint_bag_coordinate_me_single_point_probe_v1,ok,,0.975,10.0
airplane vs bird,airplane,bird,2,4,8,rbf,large_mu,75,75,75,149,24,24585.241258919035,94970.95490219229,large_mu,disjoint_bag_coordinate_me_single_point_probe_v1,ok,,0.975,10.0
airplane vs bird,airplane,bird,2,4,10,rbf,large_mu,75,75,75,149,24,24585.241258919035,94970.95490219229,large_mu,disjoint_bag_coordinate_me_single_point_probe_v1,ok,,0.98,10.0
airplane vs bird,airplane,bird,2,4,16,rbf,large_mu,75,75,75,149,24,24585.241258919035,94970.95490219229,large_mu,disjoint_bag_coordinate_me_single_point_probe_v1,ok,,0.98,1.0
airplane vs bird,airplane,bird,2,4,24,rbf,large_mu,75,75,75,149,24,24585.241258919035,94970.95490219229,large_mu,disjoint_bag_coordinate_me_single_point_probe_v1,ok,,0.9775,1.0
airplane vs bird,airplane,bird,2,4,1,rbf,small_mu,75,75,74,149,24,24585.241258919035,94970.95490219229,,disjoint_bag_coordinate_me_single_point_probe_v1,ok,,0.9725,10.0
airplane vs bird,airplane,bird,2,4,2,rbf,small_mu,75,75,74,149,24,24585.241258919035,94970.95490219229,small_mu,disjoint_bag_coordinate_me_single_point_probe_v1,ok,,0.9725,10.0
airplane vs bird,airplane,bird,2,4,4,rbf,small_mu,75,75,74,149,24,24585.241258919035,94970.95490219229,small_mu,disjoint_bag_coordinate_me_single_point_probe_v1,ok,,0.9675,0.1
airplane vs bird,airplane,bird,2,4,6,rbf,small_mu,75,75,74,149,24,24585.241258919035,94970.95490219229,large_mu,disjoint_bag_coordinate_me_single_point_probe_v1,ok,,0.9725,1.0
airplane vs bird,airplane,bird,2,4,8,rbf,small_mu,75,75,74,149,24,24585.241258919035,94970.95490219229,large_mu,disjoint_bag_coordinate_me_single_point_probe_v1,ok,,0.9725,1.0
airplane vs bird,airplane,bird,2,4,10,rbf,small_mu,75,75,74,149,24,24585.241258919035,94970.95490219229,large_mu,disjoint_bag_coordinate_me_single_point_probe_v1,ok,,0.975,10.0
airplane vs bird,airplane,bird,2,4,16,rbf,small_mu,75,75,74,149,24,24585.241258919035,94970.95490219229,large_mu,disjoint_bag_coordinate_me_single_point_probe_v1,ok,,0.9775,1.0
airplane vs bird,airplane,bird,2,4,24,rbf,small_mu,75,75,74,149,24,24585.241258919035,94970.95490219229,large_mu,disjoint_bag_coordinate_me_single_point_probe_v1,ok,,0.9775,1.0
airplane vs bird,airplane,bird,2,4,1,laplacian,large_mu,75,75,75,149,24,18302.06691585261,71841.17087459927,,disjoint_bag_coordinate_me_single_point_probe_v1,ok,,0.9575,10.0
airplane vs bird,airplane,bird,2,4,2,laplacian,large_mu,75,75,75,149,24,18302.06691585261,71841.17087459927,small_mu,disjoint_bag_coordinate_me_single_point_probe_v1,ok,,0.965,0.1
airplane vs bird,airplane,bird,2,4,4,laplacian,large_mu,75,75,75,149,24,18302.06691585261,71841.17087459927,small_mu,disjoint_bag_coordinate_me_single_point_probe_v1,ok,,0.965,1.0
airplane vs bird,airplane,bird,2,4,6,laplacian,large_mu,75,75,75,149,24,18302.06691585261,71841.17087459927,large_mu,disjoint_bag_coordinate_me_single_point_probe_v1,ok,,0.97,0.1
airplane vs bird,airplane,bird,2,4,8,laplacian,large_mu,75,75,75,149,24,18302.06691585261,71841.17087459927,large_mu,disjoint_bag_coordinate_me_single_point_probe_v1,ok,,0.9775,1.0
airplane vs bird,airplane,bird,2,4,10,laplacian,large_mu,75,75,75,149,24,18302.06691585261,71841.17087459927,large_mu,disjoint_bag_coordinate_me_single_point_probe_v1,ok,,0.975,10.0
airplane vs bird,airplane,bird,2,4,16,laplacian,large_mu,75,75,75,149,24,18302.06691585261,71841.17087459927,large_mu,disjoint_bag_coordinate_me_single_point_probe_v1,ok,,0.975,0.1
airplane vs bird,airplane,bird,2,4,24,laplacian,large_mu,75,75,75,149,24,18302.06691585261,71841.17087459927,large_mu,disjoint_bag_coordinate_me_single_point_probe_v1,ok,,0.9775,0.1
airplane vs bird,airplane,bird,2,4,1,laplacian,small_mu,75,75,74,149,24,18302.06691585261,71841.17087459927,,disjoint_bag_coordinate_me_single_point_probe_v1,ok,,0.975,0.1
airplane vs bird,airplane,bird,2,4,2,laplacian,small_mu,75,75,74,149,24,18302.06691585261,71841.17087459927,small_mu,disjoint_bag_coordinate_me_single_point_probe_v1,ok,,0.975,1.0
airplane vs bird,airplane,bird,2,4,4,laplacian,small_mu,75,75,74,149,24,18302.06691585261,71841.17087459927,small_mu,disjoint_bag_coordinate_me_single_point_probe_v1,ok,,0.9675,0.1
airplane vs bird,airplane,bird,2,4,6,laplacian,small_mu,75,75,74,149,24,18302.06691585261,71841.17087459927,large_mu,disjoint_bag_coordinate_me_single_point_probe_v1,ok,,0.965,0.1
airplane vs bird,airplane,bird,2,4,8,laplacian,small_mu,75,75,74,149,24,18302.06691585261,71841.17087459927,large_mu,disjoint_bag_coordinate_me_single_point_probe_v1,ok,,0.9775,10.0
airplane vs bird,airplane,bird,2,4,10,laplacian,small_mu,75,75,74,149,24,18302.06691585261,71841.17087459927,large_mu,disjoint_bag_coordinate_me_single_point_probe_v1,ok,,0.9725,1.0
airplane vs bird,airplane,bird,2,4,16,laplacian,small_mu,75,75,74,149,24,18302.06691585261,71841.17087459927,large_mu,disjoint_bag_coordinate_me_single_point_probe_v1,ok,,0.9775,1.0
airplane vs bird,airplane,bird,2,4,24,laplacian,small_mu,75,75,74,149,24,18302.06691585261,71841.17087459927,large_mu,disjoint_bag_coordinate_me_single_point_probe_v1,ok,,0.98,1.0
airplane vs bird,airplane,bird,2,4,1,polynomial,large_mu,75,75,75,149,24,110684.46284826878,283273.9161113917,,disjoint_bag_coordinate_me_single_point_probe_v1,ok,,0.95,1.0
airplane vs bird,airplane,bird,2,4,2,polynomial,large_mu,75,75,75,149,24,110684.46284826878,283273.9161113917,small_mu,disjoint_bag_coordinate_me_single_point_probe_v1,ok,,0.955,10.0
airplane vs bird,airplane,bird,2,4,4,polynomial,large_mu,75,75,75,149,24,110684.46284826878,283273.9161113917,large_mu,disjoint_bag_coordinate_me_single_point_probe_v1,ok,,0.9575,0.1
airplane vs bird,airplane,bird,2,4,6,polynomial,large_mu,75,75,75,149,24,110684.46284826878,283273.9161113917,large_mu,disjoint_bag_coordinate_me_single_point_probe_v1,ok,,0.975,0.1
airplane vs bird,airplane,bird,2,4,8,polynomial,large_mu,75,75,75,149,24,110684.46284826878,283273.9161113917,large_mu,disjoint_bag_coordinate_me_single_point_probe_v1,ok,,0.9675,10.0
airplane vs bird,airplane,bird,2,4,10,polynomial,large_mu,75,75,75,149,24,110684.46284826878,283273.9161113917,large_mu,disjoint_bag_coordinate_me_single_point_probe_v1,ok,,0.9675,0.1
airplane vs bird,airplane,bird,2,4,16,polynomial,large_mu,75,75,75,149,24,110684.46284826878,283273.9161113917,large_mu,disjoint_bag_coordinate_me_single_point_probe_v1,ok,,0.965,1.0
airplane vs bird,airplane,bird,2,4,24,polynomial,large_mu,75,75,75,149,24,110684.46284826878,283273.9161113917,large_mu,disjoint_bag_coordinate_me_single_point_probe_v1,ok,,0.9775,1.0
airplane vs bird,airplane,bird,2,4,1,polynomial,small_mu,75,75,74,149,24,110684.46284826878,283273.9161113917,,disjoint_bag_coordinate_me_single_point_probe_v1,ok,,0.9675,0.1
airplane vs bird,airplane,bird,2,4,2,polynomial,small_mu,75,75,74,149,24,110684.46284826878,283273.9161113917,small_mu,disjoint_bag_coordinate_me_single_point_probe_v1,ok,,0.9675,1.0
airplane vs bird,airplane,bird,2,4,4,polynomial,small_mu,75,75,74,149,24,110684.46284826878,283273.9161113917,large_mu,disjoint_bag_coordinate_me_single_point_probe_v1,ok,,0.965,1.0
airplane vs bird,airplane,bird,2,4,6,polynomial,small_mu,75,75,74,149,24,110684.46284826878,283273.9161113917,large_mu,disjoint_bag_coordinate_me_single_point_probe_v1,ok,,0.9675,1.0
airplane vs bird,airplane,bird,2,4,8,polynomial,small_mu,75,75,74,149,24,110684.46284826878,283273.9161113917,large_mu,disjoint_bag_coordinate_me_single_point_probe_v1,ok,,0.97,10.0
airplane vs bird,airplane,bird,2,4,10,polynomial,small_mu,75,75,74,149,24,110684.46284826878,283273.9161113917,large_mu,disjoint_bag_coordinate_me_single_point_probe_v1,ok,,0.965,1.0
airplane vs bird,airplane,bird,2,4,16,polynomial,small_mu,75,75,74,149,24,110684.46284826878,283273.9161113917,large_mu,disjoint_bag_coordinate_me_single_point_probe_v1,ok,,0.965,1.0
airplane vs bird,airplane,bird,2,4,24,polynomial,small_mu,75,75,74,149,24,110684.46284826878,283273.9161113917,large_mu,disjoint_bag_coordinate_me_single_point_probe_v1,ok,,0.9675,1.0
airplane vs bird,airplane,bird,2,4,1,sigmoid,large_mu,75,75,75,106,24,14081.722268368096,20750.69899556268,,disjoint_bag_coordinate_me_single_point_probe_v1,ok,,0.825,0.1
airplane vs bird,airplane,bird,2,4,2,sigmoid,large_mu,75,75,75,106,24,14081.722268368096,20750.69899556268,small_mu,disjoint_bag_coordinate_me_single_point_probe_v1,ok,,0.835,1.0
airplane vs bird,airplane,bird,2,4,4,sigmoid,large_mu,75,75,75,106,24,14081.722268368096,20750.69899556268,large_mu,disjoint_bag_coordinate_me_single_point_probe_v1,ok,,0.8475,1.0
airplane vs bird,airplane,bird,2,4,6,sigmoid,large_mu,75,75,75,106,24,14081.722268368096,20750.69899556268,large_mu,disjoint_bag_coordinate_me_single_point_probe_v1,ok,,0.8475,10.0
airplane vs bird,airplane,bird,2,4,8,sigmoid,large_mu,75,75,75,106,24,14081.722268368096,20750.69899556268,large_mu,disjoint_bag_coordinate_me_single_point_probe_v1,ok,,0.855,1.0
airplane vs bird,airplane,bird,2,4,10,sigmoid,large_mu,75,75,75,106,24,14081.722268368096,20750.69899556268,large_mu,disjoint_bag_coordinate_me_single_point_probe_v1,ok,,0.845,0.1
airplane vs bird,airplane,bird,2,4,16,sigmoid,large_mu,75,75,75,106,24,14081.722268368096,20750.69899556268,large_mu,disjoint_bag_coordinate_me_single_point_probe_v1,ok,,0.8375,0.1
airplane vs bird,airplane,bird,2,4,24,sigmoid,large_mu,75,75,75,106,24,14081.722268368096,20750.69899556268,large_mu,disjoint_bag_coordinate_me_single_point_probe_v1,ok,,0.8775,1.0
airplane vs bird,airplane,bird,2,4,1,sigmoid,small_mu,75,75,74,106,24,14081.722268368096,20750.69899556268,,disjoint_bag_coordinate_me_single_point_probe_v1,ok,,0.6025,0.1
airplane vs bird,airplane,bird,2,4,2,sigmoid,small_mu,75,75,74,106,24,14081.722268368096,20750.69899556268,small_mu,disjoint_bag_coordinate_me_single_point_probe_v1,ok,,0.695,0.1
airplane vs bird,airplane,bird,2,4,4,sigmoid,small_mu,75,75,74,106,24,14081.722268368096,20750.69899556268,large_mu,disjoint_bag_coordinate_me_single_point_probe_v1,ok,,0.725,0.1
airplane vs bird,airplane,bird,2,4,6,sigmoid,small_mu,75,75,74,106,24,14081.722268368096,20750.69899556268,large_mu,disjoint_bag_coordinate_me_single_point_probe_v1,ok,,0.795,10.0
airplane vs bird,airplane,bird,2,4,8,sigmoid,small_mu,75,75,74,106,24,14081.722268368096,20750.69899556268,large_mu,disjoint_bag_coordinate_me_single_point_probe_v1,ok,,0.8,10.0
airplane vs bird,airplane,bird,2,4,10,sigmoid,small_mu,75,75,74,106,24,14081.722268368096,20750.69899556268,large_mu,disjoint_bag_coordinate_me_single_point_probe_v1,ok,,0.8475,0.1
airplane vs bird,airplane,bird,2,4,16,sigmoid,small_mu,75,75,74,106,24,14081.722268368096,20750.69899556268,large_mu,disjoint_bag_coordinate_me_single_point_probe_v1,ok,,0.87,0.1
airplane vs bird,airplane,bird,2,4,24,sigmoid,small_mu,75,75,74,106,24,14081.722268368096,20750.69899556268,large_mu,disjoint_bag_coordinate_me_single_point_probe_v1,ok,,0.875,0.1
airplane vs bird,airplane,bird,2,8,1,linear,large_mu,37,37,37,73,24,27937797.266134348,22151117.295685697,,disjoint_bag_coordinate_me_single_point_probe_v1,ok,,0.955,1.0
airplane vs bird,airplane,bird,2,8,2,linear,large_mu,37,37,37,73,24,27937797.266134348,22151117.295685697,large_mu,disjoint_bag_coordinate_me_single_point_probe_v1,ok,,0.9675,0.1
airplane vs bird,airplane,bird,2,8,4,linear,large_mu,37,37,37,73,24,27937797.266134348,22151117.295685697,large_mu,disjoint_bag_coordinate_me_single_point_probe_v1,ok,,0.9625,1.0
airplane vs bird,airplane,bird,2,8,6,linear,large_mu,37,37,37,73,24,27937797.266134348,22151117.295685697,large_mu,disjoint_bag_coordinate_me_single_point_probe_v1,ok,,0.97,1.0
airplane vs bird,airplane,bird,2,8,8,linear,large_mu,37,37,37,73,24,27937797.266134348,22151117.295685697,large_mu,disjoint_bag_coordinate_me_single_point_probe_v1,ok,,0.9775,1.0
airplane vs bird,airplane,bird,2,8,10,linear,large_mu,37,37,37,73,24,27937797.266134348,22151117.295685697,large_mu,disjoint_bag_coordinate_me_single_point_probe_v1,ok,,0.98,1.0
airplane vs bird,airplane,bird,2,8,16,linear,large_mu,37,37,37,73,24,27937797.266134348,22151117.295685697,large_mu,disjoint_bag_coordinate_me_single_point_probe_v1,ok,,0.975,10.0
airplane vs bird,airplane,bird,2,8,24,linear,large_mu,37,37,37,73,24,27937797.266134348,22151117.295685697,large_mu,disjoint_bag_coordinate_me_single_point_probe_v1,ok,,0.975,0.1
airplane vs bird,airplane,bird,2,8,1,linear,small_mu,37,37,36,73,24,27937797.266134348,22151117.295685697,,disjoint_bag_coordinate_me_single_point_probe_v1,ok,,0.9525,0.1
airplane vs bird,airplane,bird,2,8,2,linear,small_mu,37,37,36,73,24,27937797.266134348,22151117.295685697,large_mu,disjoint_bag_coordinate_me_single_point_probe_v1,ok,,0.9525,1.0
airplane vs bird,airplane,bird,2,8,4,linear,small_mu,37,37,36,73,24,27937797.266134348,22151117.295685697,large_mu,disjoint_bag_coordinate_me_single_point_probe_v1,ok,,0.9575,10.0
airplane vs bird,airplane,bird,2,8,6,linear,small_mu,37,37,36,73,24,27937797.266134348,22151117.295685697,large_mu,disjoint_bag_coordinate_me_single_point_probe_v1,ok,,0.9575,10.0
airplane vs bird,airplane,bird,2,8,8,linear,small_mu,37,37,36,73,24,27937797.266134348,22151117.295685697,large_mu,disjoint_bag_coordinate_me_single_point_probe_v1,ok,,0.9625,10.0
airplane vs bird,airplane,bird,2,8,10,linear,small_mu,37,37,36,73,24,27937797.266134348,22151117.295685697,large_mu,disjoint_bag_coordinate_me_single_point_probe_v1,ok,,0.9625,10.0
airplane vs bird,airplane,bird,2,8,16,linear,small_mu,37,37,36,73,24,27937797.266134348,22151117.295685697,large_mu,disjoint_bag_coordinate_me_single_point_probe_v1,ok,,0.975,0.1
airplane vs bird,airplane,bird,2,8,24,linear,small_mu,37,37,36,73,24,27937797.266134348,22151117.295685697,large_mu,disjoint_bag_coordinate_me_single_point_probe_v1,ok,,0.9675,1.0
airplane vs bird,airplane,bird,2,8,1,rbf,large_mu,37,37,37,73,24,27907.936705444965,48487.10364607647,,disjoint_bag_coordinate_me_single_point_probe_v1,ok,,0.97,0.1
airplane vs bird,airplane,bird,2,8,2,rbf,large_mu,37,37,37,73,24,27907.936705444965,48487.10364607647,small_mu,disjoint_bag_coordinate_me_single_point_probe_v1,ok,,0.965,0.1
airplane vs bird,airplane,bird,2,8,4,rbf,large_mu,37,37,37,73,24,27907.936705444965,48487.10364607647,large_mu,disjoint_bag_coordinate_me_single_point_probe_v1,ok,,0.975,10.0
airplane vs bird,airplane,bird,2,8,6,rbf,large_mu,37,37,37,73,24,27907.936705444965,48487.10364607647,large_mu,disjoint_bag_coordinate_me_single_point_probe_v1,ok,,0.9775,10.0
airplane vs bird,airplane,bird,2,8,8,rbf,large_mu,37,37,37,73,24,27907.936705444965,48487.10364607647,large_mu,disjoint_bag_coordinate_me_single_point_probe_v1,ok,,0.9825,1.0
airplane vs bird,airplane,bird,2,8,10,rbf,large_mu,37,37,37,73,24,27907.936705444965,48487.10364607647,large_mu,disjoint_bag_coordinate_me_single_point_probe_v1,ok,,0.9825,0.1
airplane vs bird,airplane,bird,2,8,16,rbf,large_mu,37,37,37,73,24,27907.936705444965,48487.10364607647,large_mu,disjoint_bag_coordinate_me_single_point_probe_v1,ok,,0.98,0.1
airplane vs bird,airplane,bird,2,8,24,rbf,large_mu,37,37,37,73,24,27907.936705444965,48487.10364607647,large_mu,disjoint_bag_coordinate_me_single_point_probe_v1,ok,,0.9825,0.1
airplane vs bird,airplane,bird,2,8,1,rbf,small_mu,37,37,36,73,24,27907.936705444965,48487.10364607647,,disjoint_bag_coordinate_me_single_point_probe_v1,ok,,0.975,10.0
airplane vs bird,airplane,bird,2,8,2,rbf,small_mu,37,37,36,73,24,27907.936705444965,48487.10364607647,small_mu,disjoint_bag_coordinate_me_single_point_probe_v1,ok,,0.9775,0.1
airplane vs bird,airplane,bird,2,8,4,rbf,small_mu,37,37,36,73,24,27907.936705444965,48487.10364607647,large_mu,disjoint_bag_coordinate_me_single_point_probe_v1,ok,,0.9725,0.1
airplane vs bird,airplane,bird,2,8,6,rbf,small_mu,37,37,36,73,24,27907.936705444965,48487.10364607647,large_mu,disjoint_bag_coordinate_me_single_point_probe_v1,ok,,0.9775,1.0
airplane vs bird,airplane,bird,2,8,8,rbf,small_mu,37,37,36,73,24,27907.936705444965,48487.10364607647,large_mu,disjoint_bag_coordinate_me_single_point_probe_v1,ok,,0.9775,10.0
airplane vs bird,airplane,bird,2,8,10,rbf,small_mu,37,37,36,73,24,27907.936705444965,48487.10364607647,large_mu,disjoint_bag_coordinate_me_single_point_probe_v1,ok,,0.98,1.0
airplane vs bird,airplane,bird,2,8,16,rbf,small_mu,37,37,36,73,24,27907.936705444965,48487.10364607647,large_mu,disjoint_bag_coordinate_me_single_point_probe_v1,ok,,0.975,1.0
airplane vs bird,airplane,bird,2,8,24,rbf,small_mu,37,37,36,73,24,27907.936705444965,48487.10364607647,large_mu,disjoint_bag_coordinate_me_single_point_probe_v1,ok,,0.985,1.0
airplane vs bird,airplane,bird,2,8,1,laplacian,large_mu,37,37,37,73,24,20863.085292352986,36482.66678484539,,disjoint_bag_coordinate_me_single_point_probe_v1,ok,,0.965,0.1
airplane vs bird,airplane,bird,2,8,2,laplacian,large_mu,37,37,37,73,24,20863.085292352986,36482.66678484539,small_mu,disjoint_bag_coordinate_me_single_point_probe_v1,ok,,0.96,0.1
airplane vs bird,airplane,bird,2,8,4,laplacian,large_mu,37,37,37,73,24,20863.085292352986,36482.66678484539,large_mu,disjoint_bag_coordinate_me_single_point_probe_v1,ok,,0.9675,1.0
airplane vs bird,airplane,bird,2,8,6,laplacian,large_mu,37,37,37,73,24,20863.085292352986,36482.66678484539,large_mu,disjoint_bag_coordinate_me_single_point_probe_v1,ok,,0.9775,10.0
airplane vs bird,airplane,bird,2,8,8,laplacian,large_mu,37,37,37,73,24,20863.085292352986,36482.66678484539,large_mu,disjoint_bag_coordinate_me_single_point_probe_v1,ok,,0.9825,0.1
airplane vs bird,airplane,bird,2,8,10,laplacian,large_mu,37,37,37,73,24,20863.085292352986,36482.66678484539,large_mu,disjoint_bag_coordinate_me_single_point_probe_v1,ok,,0.9825,0.1
airplane vs bird,airplane,bird,2,8,16,laplacian,large_mu,37,37,37,73,24,20863.085292352986,36482.66678484539,large_mu,disjoint_bag_coordinate_me_single_point_probe_v1,ok,,0.9825,0.1
airplane vs bird,airplane,bird,2,8,24,laplacian,large_mu,37,37,37,73,24,20863.085292352986,36482.66678484539,large_mu,disjoint_bag_coordinate_me_single_point_probe_v1,ok,,0.9825,1.0
airplane vs bird,airplane,bird,2,8,1,laplacian,small_mu,37,37,36,73,24,20863.085292352986,36482.66678484539,,disjoint_bag_coordinate_me_single_point_probe_v1,ok,,0.9775,0.1
airplane vs bird,airplane,bird,2,8,2,laplacian,small_mu,37,37,36,73,24,20863.085292352986,36482.66678484539,small_mu,disjoint_bag_coordinate_me_single_point_probe_v1,ok,,0.9775,0.1
airplane vs bird,airplane,bird,2,8,4,laplacian,small_mu,37,37,36,73,24,20863.085292352986,36482.66678484539,large_mu,disjoint_bag_coordinate_me_single_point_probe_v1,ok,,0.9775,1.0
airplane vs bird,airplane,bird,2,8,6,laplacian,small_mu,37,37,36,73,24,20863.085292352986,36482.66678484539,large_mu,disjoint_bag_coordinate_me_single_point_probe_v1,ok,,0.975,10.0
airplane vs bird,airplane,bird,2,8,8,laplacian,small_mu,37,37,36,73,24,20863.085292352986,36482.66678484539,large_mu,disjoint_bag_coordinate_me_single_point_probe_v1,ok,,0.9775,1.0
airplane vs bird,airplane,bird,2,8,10,laplacian,small_mu,37,37,36,73,24,20863.085292352986,36482.66678484539,large_mu,disjoint_bag_coordinate_me_single_point_probe_v1,ok,,0.9775,10.0
airplane vs bird,airplane,bird,2,8,16,laplacian,small_mu,37,37,36,73,24,20863.085292352986,36482.66678484539,large_mu,disjoint_bag_coordinate_me_single_point_probe_v1,ok,,0.98,10.0
airplane vs bird,airplane,bird,2,8,24,laplacian,small_mu,37,37,36,73,24,20863.085292352986,36482.66678484539,large_mu,disjoint_bag_coordinate_me_single_point_probe_v1,ok,,0.9775,0.1
airplane vs bird,airplane,bird,2,8,1,polynomial,large_mu,37,37,37,73,24,143122.78200277605,154352.09057472314,,disjoint_bag_coordinate_me_single_point_probe_v1,ok,,0.9675,0.1
airplane vs bird,airplane,bird,2,8,2,polynomial,large_mu,37,37,37,73,24,143122.78200277605,154352.09057472314,small_mu,disjoint_bag_coordinate_me_single_point_probe_v1,ok,,0.965,10.0
airplane vs bird,airplane,bird,2,8,4,polynomial,large_mu,37,37,37,73,24,143122.78200277605,154352.09057472314,large_mu,disjoint_bag_coordinate_me_single_point_probe_v1,ok,,0.97,10.0
airplane vs bird,airplane,bird,2,8,6,polynomial,large_mu,37,37,37,73,24,143122.78200277605,154352.09057472314,large_mu,disjoint_bag_coordinate_me_single_point_probe_v1,ok,,0.9675,1.0
airplane vs bird,airplane,bird,2,8,8,polynomial,large_mu,37,37,37,73,24,143122.78200277605,154352.09057472314,large_mu,disjoint_bag_coordinate_me_single_point_probe_v1,ok,,0.9725,1.0
airplane vs bird,airplane,bird,2,8,10,polynomial,large_mu,37,37,37,73,24,143122.78200277605,154352.09057472314,large_mu,disjoint_bag_coordinate_me_single_point_probe_v1,ok,,0.9725,0.1
airplane vs bird,airplane,bird,2,8,16,polynomial,large_mu,37,37,37,73,24,143122.78200277605,154352.09057472314,large_mu,disjoint_bag_coordinate_me_single_point_probe_v1,ok,,0.97,1.0
airplane vs bird,airplane,bird,2,8,24,polynomial,large_mu,37,37,37,73,24,143122.78200277605,154352.09057472314,large_mu,disjoint_bag_coordinate_me_single_point_probe_v1,ok,,0.97,0.1
airplane vs bird,airplane,bird,2,8,1,polynomial,small_mu,37,37,36,73,24,143122.78200277605,154352.09057472314,,disjoint_bag_coordinate_me_single_point_probe_v1,ok,,0.97,10.0
airplane vs bird,airplane,bird,2,8,2,polynomial,small_mu,37,37,36,73,24,143122.78200277605,154352.09057472314,small_mu,disjoint_bag_coordinate_me_single_point_probe_v1,ok,,0.9725,0.1
airplane vs bird,airplane,bird,2,8,4,polynomial,small_mu,37,37,36,73,24,143122.78200277605,154352.09057472314,large_mu,disjoint_bag_coordinate_me_single_point_probe_v1,ok,,0.9625,1.0
airplane vs bird,airplane,bird,2,8,6,polynomial,small_mu,37,37,36,73,24,143122.78200277605,154352.09057472314,large_mu,disjoint_bag_coordinate_me_single_point_probe_v1,ok,,0.9675,1.0
airplane vs bird,airplane,bird,2,8,8,polynomial,small_mu,37,37,36,73,24,143122.78200277605,154352.09057472314,large_mu,disjoint_bag_coordinate_me_single_point_probe_v1,ok,,0.9675,1.0
airplane vs bird,airplane,bird,2,8,10,polynomial,small_mu,37,37,36,73,24,143122.78200277605,154352.09057472314,large_mu,disjoint_bag_coordinate_me_single_point_probe_v1,ok,,0.965,1.0
airplane vs bird,airplane,bird,2,8,16,polynomial,small_mu,37,37,36,73,24,143122.78200277605,154352.09057472314,large_mu,disjoint_bag_coordinate_me_single_point_probe_v1,ok,,0.97,1.0
airplane vs bird,airplane,bird,2,8,24,polynomial,small_mu,37,37,36,73,24,143122.78200277605,154352.09057472314,large_mu,disjoint_bag_coordinate_me_single_point_probe_v1,ok,,0.9775,1.0
airplane vs bird,airplane,bird,2,8,1,sigmoid,large_mu,37,37,37,66,24,39236.83457339153,22626.269918591657,,disjoint_bag_coordinate_me_single_point_probe_v1,ok,,0.935,1.0
airplane vs bird,airplane,bird,2,8,2,sigmoid,large_mu,37,37,37,66,24,39236.83457339153,22626.269918591657,large_mu,disjoint_bag_coordinate_me_single_point_probe_v1,ok,,0.935,10.0
airplane vs bird,airplane,bird,2,8,4,sigmoid,large_mu,37,37,37,66,24,39236.83457339153,22626.269918591657,large_mu,disjoint_bag_coordinate_me_single_point_probe_v1,ok,,0.9375,0.1
airplane vs bird,airplane,bird,2,8,6,sigmoid,large_mu,37,37,37,66,24,39236.83457339153,22626.269918591657,large_mu,disjoint_bag_coordinate_me_single_point_probe_v1,ok,,0.9475,1.0
airplane vs bird,airplane,bird,2,8,8,sigmoid,large_mu,37,37,37,66,24,39236.83457339153,22626.269918591657,large_mu,disjoint_bag_coordinate_me_single_point_probe_v1,ok,,0.9475,0.1
airplane vs bird,airplane,bird,2,8,10,sigmoid,large_mu,37,37,37,66,24,39236.83457339153,22626.269918591657,large_mu,disjoint_bag_coordinate_me_single_point_probe_v1,ok,,0.945,0.1
airplane vs bird,airplane,bird,2,8,16,sigmoid,large_mu,37,37,37,66,24,39236.83457339153,22626.269918591657,large_mu,disjoint_bag_coordinate_me_single_point_probe_v1,ok,,0.9475,10.0
airplane vs bird,airplane,bird,2,8,24,sigmoid,large_mu,37,37,37,66,24,39236.83457339153,22626.269918591657,large_mu,disjoint_bag_coordinate_me_single_point_probe_v1,ok,,0.9525,0.1
airplane vs bird,airplane,bird,2,8,1,sigmoid,small_mu,37,37,36,66,24,39236.83457339153,22626.269918591657,,disjoint_bag_coordinate_me_single_point_probe_v1,ok,,0.73,10.0
airplane vs bird,airplane,bird,2,8,2,sigmoid,small_mu,37,37,36,66,24,39236.83457339153,22626.269918591657,large_mu,disjoint_bag_coordinate_me_single_point_probe_v1,ok,,0.79,0.1
airplane vs bird,airplane,bird,2,8,4,sigmoid,small_mu,37,37,36,66,24,39236.83457339153,22626.269918591657,large_mu,disjoint_bag_coordinate_me_single_point_probe_v1,ok,,0.8575,10.0
airplane vs bird,airplane,bird,2,8,6,sigmoid,small_mu,37,37,36,66,24,39236.83457339153,22626.269918591657,large_mu,disjoint_bag_coordinate_me_single_point_probe_v1,ok,,0.8425,0.1
airplane vs bird,airplane,bird,2,8,8,sigmoid,small_mu,37,37,36,66,24,39236.83457339153,22626.269918591657,large_mu,disjoint_bag_coordinate_me_single_point_probe_v1,ok,,0.855,1.0
airplane vs bird,airplane,bird,2,8,10,sigmoid,small_mu,37,37,36,66,24,39236.83457339153,22626.269918591657,large_mu,disjoint_bag_coordinate_me_single_point_probe_v1,ok,,0.87,1.0
airplane vs bird,airplane,bird,2,8,16,sigmoid,small_mu,37,37,36,66,24,39236.83457339153,22626.269918591657,large_mu,disjoint_bag_coordinate_me_single_point_probe_v1,ok,,0.915,0.1
airplane vs bird,airplane,bird,2,8,24,sigmoid,small_mu,37,37,36,66,24,39236.83457339153,22626.269918591657,large_mu,disjoint_bag_coordinate_me_single_point_probe_v1,ok,,0.94,0.1
airplane vs bird,airplane,bird,2,16,1,linear,large_mu,18,18,18,35,19,35380971.31805533,11530558.703201368,,disjoint_bag_coordinate_me_single_point_probe_v1,ok,,0.9575,0.1
airplane vs bird,airplane,bird,2,16,2,linear,large_mu,18,18,18,35,19,35380971.31805533,11530558.703201368,large_mu,disjoint_bag_coordinate_me_single_point_probe_v1,ok,,0.96,0.1
airplane vs bird,airplane,bird,2,16,4,linear,large_mu,18,18,18,35,19,35380971.31805533,11530558.703201368,large_mu,disjoint_bag_coordinate_me_single_point_probe_v1,ok,,0.9675,1.0
airplane vs bird,airplane,bird,2,16,6,linear,large_mu,18,18,18,35,19,35380971.31805533,11530558.703201368,large_mu,disjoint_bag_coordinate_me_single_point_probe_v1,ok,,0.9675,1.0
airplane vs bird,airplane,bird,2,16,8,linear,large_mu,18,18,18,35,19,35380971.31805533,11530558.703201368,large_mu,disjoint_bag_coordinate_me_single_point_probe_v1,ok,,0.9675,10.0
airplane vs bird,airplane,bird,2,16,10,linear,large_mu,18,18,18,35,19,35380971.31805533,11530558.703201368,large_mu,disjoint_bag_coordinate_me_single_point_probe_v1,ok,,0.9725,1.0
airplane vs bird,airplane,bird,2,16,16,linear,large_mu,18,18,18,35,19,35380971.31805533,11530558.703201368,large_mu,disjoint_bag_coordinate_me_single_point_probe_v1,ok,,0.9675,10.0
airplane vs bird,airplane,bird,2,16,24,linear,large_mu,18,18,18,35,19,35380971.31805533,11530558.703201368,large_mu,disjoint_bag_coordinate_me_single_point_probe_v1,rank_limited,"requested r=24, stable limit=18, available directions=19",,
airplane vs bird,airplane,bird,2,16,1,linear,small_mu,18,18,17,35,18,35380971.31805533,11530558.703201368,,disjoint_bag_coordinate_me_single_point_probe_v1,ok,,0.975,10.0
airplane vs bird,airplane,bird,2,16,2,linear,small_mu,18,18,17,35,18,35380971.31805533,11530558.703201368,large_mu,disjoint_bag_coordinate_me_single_point_probe_v1,ok,,0.975,10.0
airplane vs bird,airplane,bird,2,16,4,linear,small_mu,18,18,17,35,18,35380971.31805533,11530558.703201368,large_mu,disjoint_bag_coordinate_me_single_point_probe_v1,ok,,0.97,10.0
airplane vs bird,airplane,bird,2,16,6,linear,small_mu,18,18,17,35,18,35380971.31805533,11530558.703201368,large_mu,disjoint_bag_coordinate_me_single_point_probe_v1,ok,,0.97,10.0
airplane vs bird,airplane,bird,2,16,8,linear,small_mu,18,18,17,35,18,35380971.31805533,11530558.703201368,large_mu,disjoint_bag_coordinate_me_single_point_probe_v1,ok,,0.975,10.0
airplane vs bird,airplane,bird,2,16,10,linear,small_mu,18,18,17,35,18,35380971.31805533,11530558.703201368,large_mu,disjoint_bag_coordinate_me_single_point_probe_v1,ok,,0.9775,10.0
airplane vs bird,airplane,bird,2,16,16,linear,small_mu,18,18,17,35,18,35380971.31805533,11530558.703201368,large_mu,disjoint_bag_coordinate_me_single_point_probe_v1,ok,,0.9775,10.0
airplane vs bird,airplane,bird,2,16,24,linear,small_mu,18,18,17,35,18,35380971.31805533,11530558.703201368,large_mu,disjoint_bag_coordinate_me_single_point_probe_v1,rank_limited,"requested r=24, stable limit=17, available directions=18",,
airplane vs bird,airplane,bird,2,16,1,rbf,large_mu,18,18,18,35,24,30417.7641856509,23710.853664135033,,disjoint_bag_coordinate_me_single_point_probe_v1,ok,,0.975,0.1
airplane vs bird,airplane,bird,2,16,2,rbf,large_mu,18,18,18,35,24,30417.7641856509,23710.853664135033,large_mu,disjoint_bag_coordinate_me_single_point_probe_v1,ok,,0.9725,0.1
airplane vs bird,airplane,bird,2,16,4,rbf,large_mu,18,18,18,35,24,30417.7641856509,23710.853664135033,large_mu,disjoint_bag_coordinate_me_single_point_probe_v1,ok,,0.9775,1.0
airplane vs bird,airplane,bird,2,16,6,rbf,large_mu,18,18,18,35,24,30417.7641856509,23710.853664135033,large_mu,disjoint_bag_coordinate_me_single_point_probe_v1,ok,,0.98,0.1
airplane vs bird,airplane,bird,2,16,8,rbf,large_mu,18,18,18,35,24,30417.7641856509,23710.853664135033,large_mu,disjoint_bag_coordinate_me_single_point_probe_v1,ok,,0.98,0.1
airplane vs bird,airplane,bird,2,16,10,rbf,large_mu,18,18,18,35,24,30417.7641856509,23710.853664135033,large_mu,disjoint_bag_coordinate_me_single_point_probe_v1,ok,,0.98,0.1
airplane vs bird,airplane,bird,2,16,16,rbf,large_mu,18,18,18,35,24,30417.7641856509,23710.853664135033,large_mu,disjoint_bag_coordinate_me_single_point_probe_v1,ok,,0.9775,0.1
airplane vs bird,airplane,bird,2,16,24,rbf,large_mu,18,18,18,35,24,30417.7641856509,23710.853664135033,large_mu,disjoint_bag_coordinate_me_single_point_probe_v1,rank_limited,"requested r=24, stable limit=18, available directions=24",,
airplane vs bird,airplane,bird,2,16,1,rbf,small_mu,18,18,17,35,24,30417.7641856509,23710.853664135033,,disjoint_bag_coordinate_me_single_point_probe_v1,ok,,0.98,0.1
airplane vs bird,airplane,bird,2,16,2,rbf,small_mu,18,18,17,35,24,30417.7641856509,23710.853664135033,large_mu,disjoint_bag_coordinate_me_single_point_probe_v1,ok,,0.98,0.1
airplane vs bird,airplane,bird,2,16,4,rbf,small_mu,18,18,17,35,24,30417.7641856509,23710.853664135033,large_mu,disjoint_bag_coordinate_me_single_point_probe_v1,ok,,0.975,0.1
airplane vs bird,airplane,bird,2,16,6,rbf,small_mu,18,18,17,35,24,30417.7641856509,23710.853664135033,large_mu,disjoint_bag_coordinate_me_single_point_probe_v1,ok,,0.9775,0.1
airplane vs bird,airplane,bird,2,16,8,rbf,small_mu,18,18,17,35,24,30417.7641856509,23710.853664135033,large_mu,disjoint_bag_coordinate_me_single_point_probe_v1,ok,,0.98,0.1
airplane vs bird,airplane,bird,2,16,10,rbf,small_mu,18,18,17,35,24,30417.7641856509,23710.853664135033,large_mu,disjoint_bag_coordinate_me_single_point_probe_v1,ok,,0.9775,10.0
airplane vs bird,airplane,bird,2,16,16,rbf,small_mu,18,18,17,35,24,30417.7641856509,23710.853664135033,large_mu,disjoint_bag_coordinate_me_single_point_probe_v1,ok,,0.9775,0.1
airplane vs bird,airplane,bird,2,16,24,rbf,small_mu,18,18,17,35,24,30417.7641856509,23710.853664135033,large_mu,disjoint_bag_coordinate_me_single_point_probe_v1,rank_limited,"requested r=24, stable limit=17, available directions=24",,
airplane vs bird,airplane,bird,2,16,1,laplacian,large_mu,18,18,18,35,24,23125.97266477707,17840.395630100775,,disjoint_bag_coordinate_me_single_point_probe_v1,ok,,0.9725,0.1
airplane vs bird,airplane,bird,2,16,2,laplacian,large_mu,18,18,18,35,24,23125.97266477707,17840.395630100775,large_mu,disjoint_bag_coordinate_me_single_point_probe_v1,ok,,0.97,0.1
airplane vs bird,airplane,bird,2,16,4,laplacian,large_mu,18,18,18,35,24,23125.97266477707,17840.395630100775,large_mu,disjoint_bag_coordinate_me_single_point_probe_v1,ok,,0.975,0.1
airplane vs bird,airplane,bird,2,16,6,laplacian,large_mu,18,18,18,35,24,23125.97266477707,17840.395630100775,large_mu,disjoint_bag_coordinate_me_single_point_probe_v1,ok,,0.9725,1.0
airplane vs bird,airplane,bird,2,16,8,laplacian,large_mu,18,18,18,35,24,23125.97266477707,17840.395630100775,large_mu,disjoint_bag_coordinate_me_single_point_probe_v1,ok,,0.975,1.0
airplane vs bird,airplane,bird,2,16,10,laplacian,large_mu,18,18,18,35,24,23125.97266477707,17840.395630100775,large_mu,disjoint_bag_coordinate_me_single_point_probe_v1,ok,,0.9775,10.0
airplane vs bird,airplane,bird,2,16,16,laplacian,large_mu,18,18,18,35,24,23125.97266477707,17840.395630100775,large_mu,disjoint_bag_coordinate_me_single_point_probe_v1,ok,,0.9775,0.1
airplane vs bird,airplane,bird,2,16,24,laplacian,large_mu,18,18,18,35,24,23125.97266477707,17840.395630100775,large_mu,disjoint_bag_coordinate_me_single_point_probe_v1,rank_limited,"requested r=24, stable limit=18, available directions=24",,
airplane vs bird,airplane,bird,2,16,1,laplacian,small_mu,18,18,17,35,24,23125.97266477707,17840.395630100775,,disjoint_bag_coordinate_me_single_point_probe_v1,ok,,0.98,1.0
airplane vs bird,airplane,bird,2,16,2,laplacian,small_mu,18,18,17,35,24,23125.97266477707,17840.395630100775,large_mu,disjoint_bag_coordinate_me_single_point_probe_v1,ok,,0.98,10.0
airplane vs bird,airplane,bird,2,16,4,laplacian,small_mu,18,18,17,35,24,23125.97266477707,17840.395630100775,large_mu,disjoint_bag_coordinate_me_single_point_probe_v1,ok,,0.9775,10.0
airplane vs bird,airplane,bird,2,16,6,laplacian,small_mu,18,18,17,35,24,23125.97266477707,17840.395630100775,large_mu,disjoint_bag_coordinate_me_single_point_probe_v1,ok,,0.9775,1.0
airplane vs bird,airplane,bird,2,16,8,laplacian,small_mu,18,18,17,35,24,23125.97266477707,17840.395630100775,large_mu,disjoint_bag_coordinate_me_single_point_probe_v1,ok,,0.9775,1.0
airplane vs bird,airplane,bird,2,16,10,laplacian,small_mu,18,18,17,35,24,23125.97266477707,17840.395630100775,large_mu,disjoint_bag_coordinate_me_single_point_probe_v1,ok,,0.9775,1.0
airplane vs bird,airplane,bird,2,16,16,laplacian,small_mu,18,18,17,35,24,23125.97266477707,17840.395630100775,large_mu,disjoint_bag_coordinate_me_single_point_probe_v1,ok,,0.9725,0.1
airplane vs bird,airplane,bird,2,16,24,laplacian,small_mu,18,18,17,35,24,23125.97266477707,17840.395630100775,large_mu,disjoint_bag_coordinate_me_single_point_probe_v1,rank_limited,"requested r=24, stable limit=17, available directions=24",,
airplane vs bird,airplane,bird,2,16,1,polynomial,large_mu,18,18,18,35,24,168639.37994677597,76484.4356695046,,disjoint_bag_coordinate_me_single_point_probe_v1,ok,,0.9625,10.0
airplane vs bird,airplane,bird,2,16,2,polynomial,large_mu,18,18,18,35,24,168639.37994677597,76484.4356695046,large_mu,disjoint_bag_coordinate_me_single_point_probe_v1,ok,,0.9575,10.0
airplane vs bird,airplane,bird,2,16,4,polynomial,large_mu,18,18,18,35,24,168639.37994677597,76484.4356695046,large_mu,disjoint_bag_coordinate_me_single_point_probe_v1,ok,,0.96,10.0
airplane vs bird,airplane,bird,2,16,6,polynomial,large_mu,18,18,18,35,24,168639.37994677597,76484.4356695046,large_mu,disjoint_bag_coordinate_me_single_point_probe_v1,ok,,0.9625,1.0
airplane vs bird,airplane,bird,2,16,8,polynomial,large_mu,18,18,18,35,24,168639.37994677597,76484.4356695046,large_mu,disjoint_bag_coordinate_me_single_point_probe_v1,ok,,0.975,1.0
airplane vs bird,airplane,bird,2,16,10,polynomial,large_mu,18,18,18,35,24,168639.37994677597,76484.4356695046,large_mu,disjoint_bag_coordinate_me_single_point_probe_v1,ok,,0.975,1.0
airplane vs bird,airplane,bird,2,16,16,polynomial,large_mu,18,18,18,35,24,168639.37994677597,76484.4356695046,large_mu,disjoint_bag_coordinate_me_single_point_probe_v1,ok,,0.9775,0.1
airplane vs bird,airplane,bird,2,16,24,polynomial,large_mu,18,18,18,35,24,168639.37994677597,76484.4356695046,large_mu,disjoint_bag_coordinate_me_single_point_probe_v1,rank_limited,"requested r=24, stable limit=18, available directions=24",,
airplane vs bird,airplane,bird,2,16,1,polynomial,small_mu,18,18,17,35,24,168639.37994677597,76484.4356695046,,disjoint_bag_coordinate_me_single_point_probe_v1,ok,,0.98,10.0
airplane vs bird,airplane,bird,2,16,2,polynomial,small_mu,18,18,17,35,24,168639.37994677597,76484.4356695046,large_mu,disjoint_bag_coordinate_me_single_point_probe_v1,ok,,0.9825,10.0
airplane vs bird,airplane,bird,2,16,4,polynomial,small_mu,18,18,17,35,24,168639.37994677597,76484.4356695046,large_mu,disjoint_bag_coordinate_me_single_point_probe_v1,ok,,0.98,1.0
airplane vs bird,airplane,bird,2,16,6,polynomial,small_mu,18,18,17,35,24,168639.37994677597,76484.4356695046,large_mu,disjoint_bag_coordinate_me_single_point_probe_v1,ok,,0.98,10.0
airplane vs bird,airplane,bird,2,16,8,polynomial,small_mu,18,18,17,35,24,168639.37994677597,76484.4356695046,large_mu,disjoint_bag_coordinate_me_single_point_probe_v1,ok,,0.9775,1.0
airplane vs bird,airplane,bird,2,16,10,polynomial,small_mu,18,18,17,35,24,168639.37994677597,76484.4356695046,large_mu,disjoint_bag_coordinate_me_single_point_probe_v1,ok,,0.9775,10.0
airplane vs bird,airplane,bird,2,16,16,polynomial,small_mu,18,18,17,35,24,168639.37994677597,76484.4356695046,large_mu,disjoint_bag_coordinate_me_single_point_probe_v1,ok,,0.9775,10.0
airplane vs bird,airplane,bird,2,16,24,polynomial,small_mu,18,18,17,35,24,168639.37994677597,76484.4356695046,large_mu,disjoint_bag_coordinate_me_single_point_probe_v1,rank_limited,"requested r=24, stable limit=17, available directions=24",,
airplane vs bird,airplane,bird,2,16,1,sigmoid,large_mu,18,18,18,35,24,56517.40965689741,14348.487826091958,,disjoint_bag_coordinate_me_single_point_probe_v1,ok,,0.955,1.0
airplane vs bird,airplane,bird,2,16,2,sigmoid,large_mu,18,18,18,35,24,56517.40965689741,14348.487826091958,large_mu,disjoint_bag_coordinate_me_single_point_probe_v1,ok,,0.945,0.1
airplane vs bird,airplane,bird,2,16,4,sigmoid,large_mu,18,18,18,35,24,56517.40965689741,14348.487826091958,large_mu,disjoint_bag_coordinate_me_single_point_probe_v1,ok,,0.9525,0.1
airplane vs bird,airplane,bird,2,16,6,sigmoid,large_mu,18,18,18,35,24,56517.40965689741,14348.487826091958,large_mu,disjoint_bag_coordinate_me_single_point_probe_v1,ok,,0.9425,10.0
airplane vs bird,airplane,bird,2,16,8,sigmoid,large_mu,18,18,18,35,24,56517.40965689741,14348.487826091958,large_mu,disjoint_bag_coordinate_me_single_point_probe_v1,ok,,0.9425,1.0
airplane vs bird,airplane,bird,2,16,10,sigmoid,large_mu,18,18,18,35,24,56517.40965689741,14348.487826091958,large_mu,disjoint_bag_coordinate_me_single_point_probe_v1,ok,,0.945,1.0
airplane vs bird,airplane,bird,2,16,16,sigmoid,large_mu,18,18,18,35,24,56517.40965689741,14348.487826091958,large_mu,disjoint_bag_coordinate_me_single_point_probe_v1,ok,,0.955,0.1
airplane vs bird,airplane,bird,2,16,24,sigmoid,large_mu,18,18,18,35,24,56517.40965689741,14348.487826091958,large_mu,disjoint_bag_coordinate_me_single_point_probe_v1,rank_limited,"requested r=24, stable limit=18, available directions=24",,
airplane vs bird,airplane,bird,2,16,1,sigmoid,small_mu,18,18,17,35,24,56517.40965689741,14348.487826091958,,disjoint_bag_coordinate_me_single_point_probe_v1,ok,,0.94,1.0
airplane vs bird,airplane,bird,2,16,2,sigmoid,small_mu,18,18,17,35,24,56517.40965689741,14348.487826091958,large_mu,disjoint_bag_coordinate_me_single_point_probe_v1,ok,,0.9375,1.0
airplane vs bird,airplane,bird,2,16,4,sigmoid,small_mu,18,18,17,35,24,56517.40965689741,14348.487826091958,large_mu,disjoint_bag_coordinate_me_single_point_probe_v1,ok,,0.94,1.0
airplane vs bird,airplane,bird,2,16,6,sigmoid,small_mu,18,18,17,35,24,56517.40965689741,14348.487826091958,large_mu,disjoint_bag_coordinate_me_single_point_probe_v1,ok,,0.94,1.0
airplane vs bird,airplane,bird,2,16,8,sigmoid,small_mu,18,18,17,35,24,56517.40965689741,14348.487826091958,large_mu,disjoint_bag_coordinate_me_single_point_probe_v1,ok,,0.95,1.0
airplane vs bird,airplane,bird,2,16,10,sigmoid,small_mu,18,18,17,35,24,56517.40965689741,14348.487826091958,large_mu,disjoint_bag_coordinate_me_single_point_probe_v1,ok,,0.9525,10.0
airplane vs bird,airplane,bird,2,16,16,sigmoid,small_mu,18,18,17,35,24,56517.40965689741,14348.487826091958,large_mu,disjoint_bag_coordinate_me_single_point_probe_v1,ok,,0.955,1.0
airplane vs bird,airplane,bird,2,16,24,sigmoid,small_mu,18,18,17,35,24,56517.40965689741,14348.487826091958,large_mu,disjoint_bag_coordinate_me_single_point_probe_v1,rank_limited,"requested r=24, stable limit=17, available directions=24",,
airplane vs ship,airplane,ship,0,4,1,linear,large_mu,75,75,75,149,24,17184703.387160953,38778579.64286,,disjoint_bag_coordinate_me_single_point_probe_v1,ok,,0.875,10.0
airplane vs ship,airplane,ship,0,4,2,linear,large_mu,75,75,75,149,24,17184703.387160953,38778579.64286,small_mu,disjoint_bag_coordinate_me_single_point_probe_v1,ok,,0.8775,10.0
airplane vs ship,airplane,ship,0,4,4,linear,large_mu,75,75,75,149,24,17184703.387160953,38778579.64286,large_mu,disjoint_bag_coordinate_me_single_point_probe_v1,ok,,0.8925,1.0
airplane vs ship,airplane,ship,0,4,6,linear,large_mu,75,75,75,149,24,17184703.387160953,38778579.64286,large_mu,disjoint_bag_coordinate_me_single_point_probe_v1,ok,,0.9075,1.0
airplane vs ship,airplane,ship,0,4,8,linear,large_mu,75,75,75,149,24,17184703.387160953,38778579.64286,large_mu,disjoint_bag_coordinate_me_single_point_probe_v1,ok,,0.9075,10.0
airplane vs ship,airplane,ship,0,4,10,linear,large_mu,75,75,75,149,24,17184703.387160953,38778579.64286,large_mu,disjoint_bag_coordinate_me_single_point_probe_v1,ok,,0.9075,1.0
airplane vs ship,airplane,ship,0,4,16,linear,large_mu,75,75,75,149,24,17184703.387160953,38778579.64286,large_mu,disjoint_bag_coordinate_me_single_point_probe_v1,ok,,0.9125,1.0
airplane vs ship,airplane,ship,0,4,24,linear,large_mu,75,75,75,149,24,17184703.387160953,38778579.64286,large_mu,disjoint_bag_coordinate_me_single_point_probe_v1,ok,,0.9175,1.0
airplane vs ship,airplane,ship,0,4,1,linear,small_mu,75,75,74,149,24,17184703.387160953,38778579.64286,,disjoint_bag_coordinate_me_single_point_probe_v1,ok,,0.8475,0.1
airplane vs ship,airplane,ship,0,4,2,linear,small_mu,75,75,74,149,24,17184703.387160953,38778579.64286,small_mu,disjoint_bag_coordinate_me_single_point_probe_v1,ok,,0.8475,0.1
airplane vs ship,airplane,ship,0,4,4,linear,small_mu,75,75,74,149,24,17184703.387160953,38778579.64286,large_mu,disjoint_bag_coordinate_me_single_point_probe_v1,ok,,0.8625,0.1
airplane vs ship,airplane,ship,0,4,6,linear,small_mu,75,75,74,149,24,17184703.387160953,38778579.64286,large_mu,disjoint_bag_coordinate_me_single_point_probe_v1,ok,,0.88,0.1
airplane vs ship,airplane,ship,0,4,8,linear,small_mu,75,75,74,149,24,17184703.387160953,38778579.64286,large_mu,disjoint_bag_coordinate_me_single_point_probe_v1,ok,,0.8825,0.1
airplane vs ship,airplane,ship,0,4,10,linear,small_mu,75,75,74,149,24,17184703.387160953,38778579.64286,large_mu,disjoint_bag_coordinate_me_single_point_probe_v1,ok,,0.88,0.1
airplane vs ship,airplane,ship,0,4,16,linear,small_mu,75,75,74,149,24,17184703.387160953,38778579.64286,large_mu,disjoint_bag_coordinate_me_single_point_probe_v1,ok,,0.8925,0.1
airplane vs ship,airplane,ship,0,4,24,linear,small_mu,75,75,74,149,24,17184703.387160953,38778579.64286,large_mu,disjoint_bag_coordinate_me_single_point_probe_v1,ok,,0.895,1.0
airplane vs ship,airplane,ship,0,4,1,rbf,large_mu,75,75,75,149,24,16482.283052781324,99187.79525606196,,disjoint_bag_coordinate_me_single_point_probe_v1,ok,,0.9225,1.0
airplane vs ship,airplane,ship,0,4,2,rbf,large_mu,75,75,75,149,24,16482.283052781324,99187.79525606196,small_mu,disjoint_bag_coordinate_me_single_point_probe_v1,ok,,0.935,1.0
airplane vs ship,airplane,ship,0,4,4,rbf,large_mu,75,75,75,149,24,16482.283052781324,99187.79525606196,small_mu,disjoint_bag_coordinate_me_single_point_probe_v1,ok,,0.935,1.0
airplane vs ship,airplane,ship,0,4,6,rbf,large_mu,75,75,75,149,24,16482.283052781324,99187.79525606196,small_mu,disjoint_bag_coordinate_me_single_point_probe_v1,ok,,0.9325,0.1
airplane vs ship,airplane,ship,0,4,8,rbf,large_mu,75,75,75,149,24,16482.283052781324,99187.79525606196,large_mu,disjoint_bag_coordinate_me_single_point_probe_v1,ok,,0.93,0.1
airplane vs ship,airplane,ship,0,4,10,rbf,large_mu,75,75,75,149,24,16482.283052781324,99187.79525606196,large_mu,disjoint_bag_coordinate_me_single_point_probe_v1,ok,,0.935,0.1
airplane vs ship,airplane,ship,0,4,16,rbf,large_mu,75,75,75,149,24,16482.283052781324,99187.79525606196,large_mu,disjoint_bag_coordinate_me_single_point_probe_v1,ok,,0.9375,1.0
airplane vs ship,airplane,ship,0,4,24,rbf,large_mu,75,75,75,149,24,16482.283052781324,99187.79525606196,large_mu,disjoint_bag_coordinate_me_single_point_probe_v1,ok,,0.94,1.0
airplane vs ship,airplane,ship,0,4,1,rbf,small_mu,75,75,74,149,24,16482.283052781324,99187.79525606196,,disjoint_bag_coordinate_me_single_point_probe_v1,ok,,0.9325,0.1
airplane vs ship,airplane,ship,0,4,2,rbf,small_mu,75,75,74,149,24,16482.283052781324,99187.79525606196,small_mu,disjoint_bag_coordinate_me_single_point_probe_v1,ok,,0.935,10.0
airplane vs ship,airplane,ship,0,4,4,rbf,small_mu,75,75,74,149,24,16482.283052781324,99187.79525606196,small_mu,disjoint_bag_coordinate_me_single_point_probe_v1,ok,,0.94,10.0
airplane vs ship,airplane,ship,0,4,6,rbf,small_mu,75,75,74,149,24,16482.283052781324,99187.79525606196,small_mu,disjoint_bag_coordinate_me_single_point_probe_v1,ok,,0.935,1.0
airplane vs ship,airplane,ship,0,4,8,rbf,small_mu,75,75,74,149,24,16482.283052781324,99187.79525606196,large_mu,disjoint_bag_coordinate_me_single_point_probe_v1,ok,,0.935,10.0
airplane vs ship,airplane,ship,0,4,10,rbf,small_mu,75,75,74,149,24,16482.283052781324,99187.79525606196,large_mu,disjoint_bag_coordinate_me_single_point_probe_v1,ok,,0.94,1.0
airplane vs ship,airplane,ship,0,4,16,rbf,small_mu,75,75,74,149,24,16482.283052781324,99187.79525606196,large_mu,disjoint_bag_coordinate_me_single_point_probe_v1,ok,,0.945,1.0
airplane vs ship,airplane,ship,0,4,24,rbf,small_mu,75,75,74,149,24,16482.283052781324,99187.79525606196,large_mu,disjoint_bag_coordinate_me_single_point_probe_v1,ok,,0.9475,1.0
airplane vs ship,airplane,ship,0,4,1,laplacian,large_mu,75,75,75,149,24,13563.505825588907,74967.28913103614,,disjoint_bag_coordinate_me_single_point_probe_v1,ok,,0.9025,1.0
airplane vs ship,airplane,ship,0,4,2,laplacian,large_mu,75,75,75,149,24,13563.505825588907,74967.28913103614,small_mu,disjoint_bag_coordinate_me_single_point_probe_v1,ok,,0.9275,0.1
airplane vs ship,airplane,ship,0,4,4,laplacian,large_mu,75,75,75,149,24,13563.505825588907,74967.28913103614,small_mu,disjoint_bag_coordinate_me_single_point_probe_v1,ok,,0.925,1.0
airplane vs ship,airplane,ship,0,4,6,laplacian,large_mu,75,75,75,149,24,13563.505825588907,74967.28913103614,small_mu,disjoint_bag_coordinate_me_single_point_probe_v1,ok,,0.925,1.0
airplane vs ship,airplane,ship,0,4,8,laplacian,large_mu,75,75,75,149,24,13563.505825588907,74967.28913103614,large_mu,disjoint_bag_coordinate_me_single_point_probe_v1,ok,,0.925,0.1
airplane vs ship,airplane,ship,0,4,10,laplacian,large_mu,75,75,75,149,24,13563.505825588907,74967.28913103614,large_mu,disjoint_bag_coordinate_me_single_point_probe_v1,ok,,0.9375,10.0
airplane vs ship,airplane,ship,0,4,16,laplacian,large_mu,75,75,75,149,24,13563.505825588907,74967.28913103614,large_mu,disjoint_bag_coordinate_me_single_point_probe_v1,ok,,0.925,1.0
airplane vs ship,airplane,ship,0,4,24,laplacian,large_mu,75,75,75,149,24,13563.505825588907,74967.28913103614,large_mu,disjoint_bag_coordinate_me_single_point_probe_v1,ok,,0.9275,1.0
airplane vs ship,airplane,ship,0,4,1,laplacian,small_mu,75,75,74,149,24,13563.505825588907,74967.28913103614,,disjoint_bag_coordinate_me_single_point_probe_v1,ok,,0.9325,0.1
airplane vs ship,airplane,ship,0,4,2,laplacian,small_mu,75,75,74,149,24,13563.505825588907,74967.28913103614,small_mu,disjoint_bag_coordinate_me_single_point_probe_v1,ok,,0.93,1.0
airplane vs ship,airplane,ship,0,4,4,laplacian,small_mu,75,75,74,149,24,13563.505825588907,74967.28913103614,small_mu,disjoint_bag_coordinate_me_single_point_probe_v1,ok,,0.9325,10.0
airplane vs ship,airplane,ship,0,4,6,laplacian,small_mu,75,75,74,149,24,13563.505825588907,74967.28913103614,small_mu,disjoint_bag_coordinate_me_single_point_probe_v1,ok,,0.9275,1.0
airplane vs ship,airplane,ship,0,4,8,laplacian,small_mu,75,75,74,149,24,13563.505825588907,74967.28913103614,large_mu,disjoint_bag_coordinate_me_single_point_probe_v1,ok,,0.935,10.0
airplane vs ship,airplane,ship,0,4,10,laplacian,small_mu,75,75,74,149,24,13563.505825588907,74967.28913103614,large_mu,disjoint_bag_coordinate_me_single_point_probe_v1,ok,,0.9425,1.0
airplane vs ship,airplane,ship,0,4,16,laplacian,small_mu,75,75,74,149,24,13563.505825588907,74967.28913103614,large_mu,disjoint_bag_coordinate_me_single_point_probe_v1,ok,,0.935,1.0
airplane vs ship,airplane,ship,0,4,24,laplacian,small_mu,75,75,74,149,24,13563.505825588907,74967.28913103614,large_mu,disjoint_bag_coordinate_me_single_point_probe_v1,ok,,0.9375,10.0
airplane vs ship,airplane,ship,0,4,1,polynomial,large_mu,75,75,75,149,24,95717.02916125506,337670.94476541516,,disjoint_bag_coordinate_me_single_point_probe_v1,ok,,0.8925,10.0
airplane vs ship,airplane,ship,0,4,2,polynomial,large_mu,75,75,75,149,24,95717.02916125506,337670.94476541516,small_mu,disjoint_bag_coordinate_me_single_point_probe_v1,ok,,0.9175,1.0
airplane vs ship,airplane,ship,0,4,4,polynomial,large_mu,75,75,75,149,24,95717.02916125506,337670.94476541516,small_mu,disjoint_bag_coordinate_me_single_point_probe_v1,ok,,0.9175,0.1
airplane vs ship,airplane,ship,0,4,6,polynomial,large_mu,75,75,75,149,24,95717.02916125506,337670.94476541516,large_mu,disjoint_bag_coordinate_me_single_point_probe_v1,ok,,0.9125,0.1
airplane vs ship,airplane,ship,0,4,8,polynomial,large_mu,75,75,75,149,24,95717.02916125506,337670.94476541516,large_mu,disjoint_bag_coordinate_me_single_point_probe_v1,ok,,0.915,1.0
airplane vs ship,airplane,ship,0,4,10,polynomial,large_mu,75,75,75,149,24,95717.02916125506,337670.94476541516,large_mu,disjoint_bag_coordinate_me_single_point_probe_v1,ok,,0.92,10.0
airplane vs ship,airplane,ship,0,4,16,polynomial,large_mu,75,75,75,149,24,95717.02916125506,337670.94476541516,large_mu,disjoint_bag_coordinate_me_single_point_probe_v1,ok,,0.9225,1.0
airplane vs ship,airplane,ship,0,4,24,polynomial,large_mu,75,75,75,149,24,95717.02916125506,337670.94476541516,large_mu,disjoint_bag_coordinate_me_single_point_probe_v1,ok,,0.92,10.0
airplane vs ship,airplane,ship,0,4,1,polynomial,small_mu,75,75,74,149,24,95717.02916125506,337670.94476541516,,disjoint_bag_coordinate_me_single_point_probe_v1,ok,,0.755,1.0
airplane vs ship,airplane,ship,0,4,2,polynomial,small_mu,75,75,74,149,24,95717.02916125506,337670.94476541516,small_mu,disjoint_bag_coordinate_me_single_point_probe_v1,ok,,0.9175,1.0
airplane vs ship,airplane,ship,0,4,4,polynomial,small_mu,75,75,74,149,24,95717.02916125506,337670.94476541516,small_mu,disjoint_bag_coordinate_me_single_point_probe_v1,ok,,0.915,1.0
airplane vs ship,airplane,ship,0,4,6,polynomial,small_mu,75,75,74,149,24,95717.02916125506,337670.94476541516,large_mu,disjoint_bag_coordinate_me_single_point_probe_v1,ok,,0.915,1.0
airplane vs ship,airplane,ship,0,4,8,polynomial,small_mu,75,75,74,149,24,95717.02916125506,337670.94476541516,large_mu,disjoint_bag_coordinate_me_single_point_probe_v1,ok,,0.9175,10.0
airplane vs ship,airplane,ship,0,4,10,polynomial,small_mu,75,75,74,149,24,95717.02916125506,337670.94476541516,large_mu,disjoint_bag_coordinate_me_single_point_probe_v1,ok,,0.9175,0.1
airplane vs ship,airplane,ship,0,4,16,polynomial,small_mu,75,75,74,149,24,95717.02916125506,337670.94476541516,large_mu,disjoint_bag_coordinate_me_single_point_probe_v1,ok,,0.9225,1.0
airplane vs ship,airplane,ship,0,4,24,polynomial,small_mu,75,75,74,149,24,95717.02916125506,337670.94476541516,large_mu,disjoint_bag_coordinate_me_single_point_probe_v1,ok,,0.9225,1.0
airplane vs ship,airplane,ship,0,4,1,sigmoid,large_mu,75,75,75,108,24,18036.598844279815,25252.48689836647,,disjoint_bag_coordinate_me_single_point_probe_v1,ok,,0.82,0.1
airplane vs ship,airplane,ship,0,4,2,sigmoid,large_mu,75,75,75,108,24,18036.598844279815,25252.48689836647,small_mu,disjoint_bag_coordinate_me_single_point_probe_v1,ok,,0.8325,0.1
airplane vs ship,airplane,ship,0,4,4,sigmoid,large_mu,75,75,75,108,24,18036.598844279815,25252.48689836647,large_mu,disjoint_bag_coordinate_me_single_point_probe_v1,ok,,0.8275,1.0
airplane vs ship,airplane,ship,0,4,6,sigmoid,large_mu,75,75,75,108,24,18036.598844279815,25252.48689836647,large_mu,disjoint_bag_coordinate_me_single_point_probe_v1,ok,,0.8225,0.1
airplane vs ship,airplane,ship,0,4,8,sigmoid,large_mu,75,75,75,108,24,18036.598844279815,25252.48689836647,large_mu,disjoint_bag_coordinate_me_single_point_probe_v1,ok,,0.8225,0.1
airplane vs ship,airplane,ship,0,4,10,sigmoid,large_mu,75,75,75,108,24,18036.598844279815,25252.48689836647,large_mu,disjoint_bag_coordinate_me_single_point_probe_v1,ok,,0.8225,0.1
airplane vs ship,airplane,ship,0,4,16,sigmoid,large_mu,75,75,75,108,24,18036.598844279815,25252.48689836647,large_mu,disjoint_bag_coordinate_me_single_point_probe_v1,ok,,0.8225,0.1
airplane vs ship,airplane,ship,0,4,24,sigmoid,large_mu,75,75,75,108,24,18036.598844279815,25252.48689836647,large_mu,disjoint_bag_coordinate_me_single_point_probe_v1,ok,,0.8325,0.1
airplane vs ship,airplane,ship,0,4,1,sigmoid,small_mu,75,75,74,108,24,18036.598844279815,25252.48689836647,,disjoint_bag_coordinate_me_single_point_probe_v1,ok,,0.735,0.1
airplane vs ship,airplane,ship,0,4,2,sigmoid,small_mu,75,75,74,108,24,18036.598844279815,25252.48689836647,small_mu,disjoint_bag_coordinate_me_single_point_probe_v1,ok,,0.7525,0.1
airplane vs ship,airplane,ship,0,4,4,sigmoid,small_mu,75,75,74,108,24,18036.598844279815,25252.48689836647,large_mu,disjoint_bag_coordinate_me_single_point_probe_v1,ok,,0.79,10.0
airplane vs ship,airplane,ship,0,4,6,sigmoid,small_mu,75,75,74,108,24,18036.598844279815,25252.48689836647,large_mu,disjoint_bag_coordinate_me_single_point_probe_v1,ok,,0.79,0.1
airplane vs ship,airplane,ship,0,4,8,sigmoid,small_mu,75,75,74,108,24,18036.598844279815,25252.48689836647,large_mu,disjoint_bag_coordinate_me_single_point_probe_v1,ok,,0.7875,10.0
airplane vs ship,airplane,ship,0,4,10,sigmoid,small_mu,75,75,74,108,24,18036.598844279815,25252.48689836647,large_mu,disjoint_bag_coordinate_me_single_point_probe_v1,ok,,0.8025,1.0
airplane vs ship,airplane,ship,0,4,16,sigmoid,small_mu,75,75,74,108,24,18036.598844279815,25252.48689836647,large_mu,disjoint_bag_coordinate_me_single_point_probe_v1,ok,,0.81,10.0
airplane vs ship,airplane,ship,0,4,24,sigmoid,small_mu,75,75,74,108,24,18036.598844279815,25252.48689836647,large_mu,disjoint_bag_coordinate_me_single_point_probe_v1,ok,,0.835,0.1
airplane vs ship,airplane,ship,0,8,1,linear,large_mu,37,37,37,73,24,24305789.02668241,24885878.14102827,,disjoint_bag_coordinate_me_single_point_probe_v1,ok,,0.8975,10.0
airplane vs ship,airplane,ship,0,8,2,linear,large_mu,37,37,37,73,24,24305789.02668241,24885878.14102827,small_mu,disjoint_bag_coordinate_me_single_point_probe_v1,ok,,0.895,0.1
airplane vs ship,airplane,ship,0,8,4,linear,large_mu,37,37,37,73,24,24305789.02668241,24885878.14102827,large_mu,disjoint_bag_coordinate_me_single_point_probe_v1,ok,,0.9,10.0
airplane vs ship,airplane,ship,0,8,6,linear,large_mu,37,37,37,73,24,24305789.02668241,24885878.14102827,large_mu,disjoint_bag_coordinate_me_single_point_probe_v1,ok,,0.91,1.0
airplane vs ship,airplane,ship,0,8,8,linear,large_mu,37,37,37,73,24,24305789.02668241,24885878.14102827,large_mu,disjoint_bag_coordinate_me_single_point_probe_v1,ok,,0.9075,1.0
airplane vs ship,airplane,ship,0,8,10,linear,large_mu,37,37,37,73,24,24305789.02668241,24885878.14102827,large_mu,disjoint_bag_coordinate_me_single_point_probe_v1,ok,,0.9125,1.0
airplane vs ship,airplane,ship,0,8,16,linear,large_mu,37,37,37,73,24,24305789.02668241,24885878.14102827,large_mu,disjoint_bag_coordinate_me_single_point_probe_v1,ok,,0.9075,10.0
airplane vs ship,airplane,ship,0,8,24,linear,large_mu,37,37,37,73,24,24305789.02668241,24885878.14102827,large_mu,disjoint_bag_coordinate_me_single_point_probe_v1,ok,,0.9175,1.0
airplane vs ship,airplane,ship,0,8,1,linear,small_mu,37,37,36,73,24,24305789.02668241,24885878.14102827,,disjoint_bag_coordinate_me_single_point_probe_v1,ok,,0.885,0.1
airplane vs ship,airplane,ship,0,8,2,linear,small_mu,37,37,36,73,24,24305789.02668241,24885878.14102827,small_mu,disjoint_bag_coordinate_me_single_point_probe_v1,ok,,0.89,1.0
airplane vs ship,airplane,ship,0,8,4,linear,small_mu,37,37,36,73,24,24305789.02668241,24885878.14102827,large_mu,disjoint_bag_coordinate_me_single_point_probe_v1,ok,,0.8925,10.0
airplane vs ship,airplane,ship,0,8,6,linear,small_mu,37,37,36,73,24,24305789.02668241,24885878.14102827,large_mu,disjoint_bag_coordinate_me_single_point_probe_v1,ok,,0.8975,10.0
airplane vs ship,airplane,ship,0,8,8,linear,small_mu,37,37,36,73,24,24305789.02668241,24885878.14102827,large_mu,disjoint_bag_coordinate_me_single_point_probe_v1,ok,,0.905,1.0
airplane vs ship,airplane,ship,0,8,10,linear,small_mu,37,37,36,73,24,24305789.02668241,24885878.14102827,large_mu,disjoint_bag_coordinate_me_single_point_probe_v1,ok,,0.9075,1.0
airplane vs ship,airplane,ship,0,8,16,linear,small_mu,37,37,36,73,24,24305789.02668241,24885878.14102827,large_mu,disjoint_bag_coordinate_me_single_point_probe_v1,ok,,0.9025,1.0
airplane vs ship,airplane,ship,0,8,24,linear,small_mu,37,37,36,73,24,24305789.02668241,24885878.14102827,large_mu,disjoint_bag_coordinate_me_single_point_probe_v1,ok,,0.9075,10.0
airplane vs ship,airplane,ship,0,8,1,rbf,large_mu,37,37,37,73,24,19756.589484025517,50999.127767321705,,disjoint_bag_coordinate_me_single_point_probe_v1,ok,,0.9025,0.1
airplane vs ship,airplane,ship,0,8,2,rbf,large_mu,37,37,37,73,24,19756.589484025517,50999.127767321705,small_mu,disjoint_bag_coordinate_me_single_point_probe_v1,ok,,0.93,0.1
airplane vs ship,airplane,ship,0,8,4,rbf,large_mu,37,37,37,73,24,19756.589484025517,50999.127767321705,large_mu,disjoint_bag_coordinate_me_single_point_probe_v1,ok,,0.9325,0.1
airplane vs ship,airplane,ship,0,8,6,rbf,large_mu,37,37,37,73,24,19756.589484025517,50999.127767321705,large_mu,disjoint_bag_coordinate_me_single_point_probe_v1,ok,,0.9325,1.0
airplane vs ship,airplane,ship,0,8,8,rbf,large_mu,37,37,37,73,24,19756.589484025517,50999.127767321705,large_mu,disjoint_bag_coordinate_me_single_point_probe_v1,ok,,0.925,0.1
airplane vs ship,airplane,ship,0,8,10,rbf,large_mu,37,37,37,73,24,19756.589484025517,50999.127767321705,large_mu,disjoint_bag_coordinate_me_single_point_probe_v1,ok,,0.9225,0.1
airplane vs ship,airplane,ship,0,8,16,rbf,large_mu,37,37,37,73,24,19756.589484025517,50999.127767321705,large_mu,disjoint_bag_coordinate_me_single_point_probe_v1,ok,,0.9225,0.1
airplane vs ship,airplane,ship,0,8,24,rbf,large_mu,37,37,37,73,24,19756.589484025517,50999.127767321705,large_mu,disjoint_bag_coordinate_me_single_point_probe_v1,ok,,0.9275,0.1
airplane vs ship,airplane,ship,0,8,1,rbf,small_mu,37,37,36,73,24,19756.589484025517,50999.127767321705,,disjoint_bag_coordinate_me_single_point_probe_v1,ok,,0.935,0.1
airplane vs ship,airplane,ship,0,8,2,rbf,small_mu,37,37,36,73,24,19756.589484025517,50999.127767321705,small_mu,disjoint_bag_coordinate_me_single_point_probe_v1,ok,,0.935,0.1
airplane vs ship,airplane,ship,0,8,4,rbf,small_mu,37,37,36,73,24,19756.589484025517,50999.127767321705,large_mu,disjoint_bag_coordinate_me_single_point_probe_v1,ok,,0.9275,0.1
airplane vs ship,airplane,ship,0,8,6,rbf,small_mu,37,37,36,73,24,19756.589484025517,50999.127767321705,large_mu,disjoint_bag_coordinate_me_single_point_probe_v1,ok,,0.93,0.1
airplane vs ship,airplane,ship,0,8,8,rbf,small_mu,37,37,36,73,24,19756.589484025517,50999.127767321705,large_mu,disjoint_bag_coordinate_me_single_point_probe_v1,ok,,0.925,0.1
airplane vs ship,airplane,ship,0,8,10,rbf,small_mu,37,37,36,73,24,19756.589484025517,50999.127767321705,large_mu,disjoint_bag_coordinate_me_single_point_probe_v1,ok,,0.925,0.1
airplane vs ship,airplane,ship,0,8,16,rbf,small_mu,37,37,36,73,24,19756.589484025517,50999.127767321705,large_mu,disjoint_bag_coordinate_me_single_point_probe_v1,ok,,0.9275,0.1
airplane vs ship,airplane,ship,0,8,24,rbf,small_mu,37,37,36,73,24,19756.589484025517,50999.127767321705,large_mu,disjoint_bag_coordinate_me_single_point_probe_v1,ok,,0.9275,1.0
airplane vs ship,airplane,ship,0,8,1,laplacian,large_mu,37,37,37,73,24,15828.319577513645,38335.47880597616,,disjoint_bag_coordinate_me_single_point_probe_v1,ok,,0.9125,10.0
airplane vs ship,airplane,ship,0,8,2,laplacian,large_mu,37,37,37,73,24,15828.319577513645,38335.47880597616,small_mu,disjoint_bag_coordinate_me_single_point_probe_v1,ok,,0.915,0.1
airplane vs ship,airplane,ship,0,8,4,laplacian,large_mu,37,37,37,73,24,15828.319577513645,38335.47880597616,large_mu,disjoint_bag_coordinate_me_single_point_probe_v1,ok,,0.9125,0.1
airplane vs ship,airplane,ship,0,8,6,laplacian,large_mu,37,37,37,73,24,15828.319577513645,38335.47880597616,large_mu,disjoint_bag_coordinate_me_single_point_probe_v1,ok,,0.9225,10.0
airplane vs ship,airplane,ship,0,8,8,laplacian,large_mu,37,37,37,73,24,15828.319577513645,38335.47880597616,large_mu,disjoint_bag_coordinate_me_single_point_probe_v1,ok,,0.915,0.1
airplane vs ship,airplane,ship,0,8,10,laplacian,large_mu,37,37,37,73,24,15828.319577513645,38335.47880597616,large_mu,disjoint_bag_coordinate_me_single_point_probe_v1,ok,,0.915,0.1
airplane vs ship,airplane,ship,0,8,16,laplacian,large_mu,37,37,37,73,24,15828.319577513645,38335.47880597616,large_mu,disjoint_bag_coordinate_me_single_point_probe_v1,ok,,0.915,1.0
airplane vs ship,airplane,ship,0,8,24,laplacian,large_mu,37,37,37,73,24,15828.319577513645,38335.47880597616,large_mu,disjoint_bag_coordinate_me_single_point_probe_v1,ok,,0.9175,0.1
airplane vs ship,airplane,ship,0,8,1,laplacian,small_mu,37,37,36,73,24,15828.319577513645,38335.47880597616,,disjoint_bag_coordinate_me_single_point_probe_v1,ok,,0.92,0.1
airplane vs ship,airplane,ship,0,8,2,laplacian,small_mu,37,37,36,73,24,15828.319577513645,38335.47880597616,small_mu,disjoint_bag_coordinate_me_single_point_probe_v1,ok,,0.92,1.0
airplane vs ship,airplane,ship,0,8,4,laplacian,small_mu,37,37,36,73,24,15828.319577513645,38335.47880597616,large_mu,disjoint_bag_coordinate_me_single_point_probe_v1,ok,,0.915,0.1
airplane vs ship,airplane,ship,0,8,6,laplacian,small_mu,37,37,36,73,24,15828.319577513645,38335.47880597616,large_mu,disjoint_bag_coordinate_me_single_point_probe_v1,ok,,0.92,1.0
airplane vs ship,airplane,ship,0,8,8,laplacian,small_mu,37,37,36,73,24,15828.319577513645,38335.47880597616,large_mu,disjoint_bag_coordinate_me_single_point_probe_v1,ok,,0.92,1.0
airplane vs ship,airplane,ship,0,8,10,laplacian,small_mu,37,37,36,73,24,15828.319577513645,38335.47880597616,large_mu,disjoint_bag_coordinate_me_single_point_probe_v1,ok,,0.915,1.0
airplane vs ship,airplane,ship,0,8,16,laplacian,small_mu,37,37,36,73,24,15828.319577513645,38335.47880597616,large_mu,disjoint_bag_coordinate_me_single_point_probe_v1,ok,,0.9175,1.0
airplane vs ship,airplane,ship,0,8,24,laplacian,small_mu,37,37,36,73,24,15828.319577513645,38335.47880597616,large_mu,disjoint_bag_coordinate_me_single_point_probe_v1,ok,,0.9175,1.0
airplane vs ship,airplane,ship,0,8,1,polynomial,large_mu,37,37,37,73,24,120142.97464185276,184308.24756269372,,disjoint_bag_coordinate_me_single_point_probe_v1,ok,,0.91,10.0
airplane vs ship,airplane,ship,0,8,2,polynomial,large_mu,37,37,37,73,24,120142.97464185276,184308.24756269372,small_mu,disjoint_bag_coordinate_me_single_point_probe_v1,ok,,0.91,1.0
airplane vs ship,airplane,ship,0,8,4,polynomial,large_mu,37,37,37,73,24,120142.97464185276,184308.24756269372,large_mu,disjoint_bag_coordinate_me_single_point_probe_v1,ok,,0.9225,0.1
airplane vs ship,airplane,ship,0,8,6,polynomial,large_mu,37,37,37,73,24,120142.97464185276,184308.24756269372,large_mu,disjoint_bag_coordinate_me_single_point_probe_v1,ok,,0.925,1.0
airplane vs ship,airplane,ship,0,8,8,polynomial,large_mu,37,37,37,73,24,120142.97464185276,184308.24756269372,large_mu,disjoint_bag_coordinate_me_single_point_probe_v1,ok,,0.9275,0.1
airplane vs ship,airplane,ship,0,8,10,polynomial,large_mu,37,37,37,73,24,120142.97464185276,184308.24756269372,large_mu,disjoint_bag_coordinate_me_single_point_probe_v1,ok,,0.9125,0.1
airplane vs ship,airplane,ship,0,8,16,polynomial,large_mu,37,37,37,73,24,120142.97464185276,184308.24756269372,large_mu,disjoint_bag_coordinate_me_single_point_probe_v1,ok,,0.93,0.1
airplane vs ship,airplane,ship,0,8,24,polynomial,large_mu,37,37,37,73,24,120142.97464185276,184308.24756269372,large_mu,disjoint_bag_coordinate_me_single_point_probe_v1,ok,,0.9325,0.1
airplane vs ship,airplane,ship,0,8,1,polynomial,small_mu,37,37,36,73,24,120142.97464185276,184308.24756269372,,disjoint_bag_coordinate_me_single_point_probe_v1,ok,,0.9225,1.0
airplane vs ship,airplane,ship,0,8,2,polynomial,small_mu,37,37,36,73,24,120142.97464185276,184308.24756269372,small_mu,disjoint_bag_coordinate_me_single_point_probe_v1,ok,,0.9175,10.0
airplane vs ship,airplane,ship,0,8,4,polynomial,small_mu,37,37,36,73,24,120142.97464185276,184308.24756269372,large_mu,disjoint_bag_coordinate_me_single_point_probe_v1,ok,,0.9225,0.1
airplane vs ship,airplane,ship,0,8,6,polynomial,small_mu,37,37,36,73,24,120142.97464185276,184308.24756269372,large_mu,disjoint_bag_coordinate_me_single_point_probe_v1,ok,,0.9225,1.0
airplane vs ship,airplane,ship,0,8,8,polynomial,small_mu,37,37,36,73,24,120142.97464185276,184308.24756269372,large_mu,disjoint_bag_coordinate_me_single_point_probe_v1,ok,,0.9225,10.0
airplane vs ship,airplane,ship,0,8,10,polynomial,small_mu,37,37,36,73,24,120142.97464185276,184308.24756269372,large_mu,disjoint_bag_coordinate_me_single_point_probe_v1,ok,,0.9225,0.1
airplane vs ship,airplane,ship,0,8,16,polynomial,small_mu,37,37,36,73,24,120142.97464185276,184308.24756269372,large_mu,disjoint_bag_coordinate_me_single_point_probe_v1,ok,,0.93,10.0
airplane vs ship,airplane,ship,0,8,24,polynomial,small_mu,37,37,36,73,24,120142.97464185276,184308.24756269372,large_mu,disjoint_bag_coordinate_me_single_point_probe_v1,ok,,0.9275,0.1
airplane vs ship,airplane,ship,0,8,1,sigmoid,large_mu,37,37,37,66,24,35613.17197099172,23631.088433567867,,disjoint_bag_coordinate_me_single_point_probe_v1,ok,,0.8475,10.0
airplane vs ship,airplane,ship,0,8,2,sigmoid,large_mu,37,37,37,66,24,35613.17197099172,23631.088433567867,large_mu,disjoint_bag_coordinate_me_single_point_probe_v1,ok,,0.8675,0.1
airplane vs ship,airplane,ship,0,8,4,sigmoid,large_mu,37,37,37,66,24,35613.17197099172,23631.088433567867,large_mu,disjoint_bag_coordinate_me_single_point_probe_v1,ok,,0.8725,0.1
airplane vs ship,airplane,ship,0,8,6,sigmoid,large_mu,37,37,37,66,24,35613.17197099172,23631.088433567867,large_mu,disjoint_bag_coordinate_me_single_point_probe_v1,ok,,0.865,10.0
airplane vs ship,airplane,ship,0,8,8,sigmoid,large_mu,37,37,37,66,24,35613.17197099172,23631.088433567867,large_mu,disjoint_bag_coordinate_me_single_point_probe_v1,ok,,0.8725,10.0
airplane vs ship,airplane,ship,0,8,10,sigmoid,large_mu,37,37,37,66,24,35613.17197099172,23631.088433567867,large_mu,disjoint_bag_coordinate_me_single_point_probe_v1,ok,,0.8725,1.0
airplane vs ship,airplane,ship,0,8,16,sigmoid,large_mu,37,37,37,66,24,35613.17197099172,23631.088433567867,large_mu,disjoint_bag_coordinate_me_single_point_probe_v1,ok,,0.87,1.0
airplane vs ship,airplane,ship,0,8,24,sigmoid,large_mu,37,37,37,66,24,35613.17197099172,23631.088433567867,large_mu,disjoint_bag_coordinate_me_single_point_probe_v1,ok,,0.8675,1.0
airplane vs ship,airplane,ship,0,8,1,sigmoid,small_mu,37,37,36,66,24,35613.17197099172,23631.088433567867,,disjoint_bag_coordinate_me_single_point_probe_v1,ok,,0.72,0.1
airplane vs ship,airplane,ship,0,8,2,sigmoid,small_mu,37,37,36,66,24,35613.17197099172,23631.088433567867,large_mu,disjoint_bag_coordinate_me_single_point_probe_v1,ok,,0.74,10.0
airplane vs ship,airplane,ship,0,8,4,sigmoid,small_mu,37,37,36,66,24,35613.17197099172,23631.088433567867,large_mu,disjoint_bag_coordinate_me_single_point_probe_v1,ok,,0.7875,0.1
airplane vs ship,airplane,ship,0,8,6,sigmoid,small_mu,37,37,36,66,24,35613.17197099172,23631.088433567867,large_mu,disjoint_bag_coordinate_me_single_point_probe_v1,ok,,0.79,0.1
airplane vs ship,airplane,ship,0,8,8,sigmoid,small_mu,37,37,36,66,24,35613.17197099172,23631.088433567867,large_mu,disjoint_bag_coordinate_me_single_point_probe_v1,ok,,0.8125,0.1
airplane vs ship,airplane,ship,0,8,10,sigmoid,small_mu,37,37,36,66,24,35613.17197099172,23631.088433567867,large_mu,disjoint_bag_coordinate_me_single_point_probe_v1,ok,,0.82,1.0
airplane vs ship,airplane,ship,0,8,16,sigmoid,small_mu,37,37,36,66,24,35613.17197099172,23631.088433567867,large_mu,disjoint_bag_coordinate_me_single_point_probe_v1,ok,,0.8825,0.1
airplane vs ship,airplane,ship,0,8,24,sigmoid,small_mu,37,37,36,66,24,35613.17197099172,23631.088433567867,large_mu,disjoint_bag_coordinate_me_single_point_probe_v1,ok,,0.88,0.1
airplane vs ship,airplane,ship,0,16,1,linear,large_mu,18,18,18,35,19,29776829.93034164,13205274.455678197,,disjoint_bag_coordinate_me_single_point_probe_v1,ok,,0.875,0.1
airplane vs ship,airplane,ship,0,16,2,linear,large_mu,18,18,18,35,19,29776829.93034164,13205274.455678197,large_mu,disjoint_bag_coordinate_me_single_point_probe_v1,ok,,0.9025,1.0
airplane vs ship,airplane,ship,0,16,4,linear,large_mu,18,18,18,35,19,29776829.93034164,13205274.455678197,large_mu,disjoint_bag_coordinate_me_single_point_probe_v1,ok,,0.8925,1.0
airplane vs ship,airplane,ship,0,16,6,linear,large_mu,18,18,18,35,19,29776829.93034164,13205274.455678197,large_mu,disjoint_bag_coordinate_me_single_point_probe_v1,ok,,0.9,0.1
airplane vs ship,airplane,ship,0,16,8,linear,large_mu,18,18,18,35,19,29776829.93034164,13205274.455678197,large_mu,disjoint_bag_coordinate_me_single_point_probe_v1,ok,,0.905,0.1
airplane vs ship,airplane,ship,0,16,10,linear,large_mu,18,18,18,35,19,29776829.93034164,13205274.455678197,large_mu,disjoint_bag_coordinate_me_single_point_probe_v1,ok,,0.9175,1.0
airplane vs ship,airplane,ship,0,16,16,linear,large_mu,18,18,18,35,19,29776829.93034164,13205274.455678197,large_mu,disjoint_bag_coordinate_me_single_point_probe_v1,ok,,0.9,10.0
airplane vs ship,airplane,ship,0,16,24,linear,large_mu,18,18,18,35,19,29776829.93034164,13205274.455678197,large_mu,disjoint_bag_coordinate_me_single_point_probe_v1,rank_limited,"requested r=24, stable limit=18, available directions=19",,
airplane vs ship,airplane,ship,0,16,1,linear,small_mu,18,18,17,35,18,29776829.93034164,13205274.455678197,,disjoint_bag_coordinate_me_single_point_probe_v1,ok,,0.8875,0.1
airplane vs ship,airplane,ship,0,16,2,linear,small_mu,18,18,17,35,18,29776829.93034164,13205274.455678197,large_mu,disjoint_bag_coordinate_me_single_point_probe_v1,ok,,0.8925,0.1
airplane vs ship,airplane,ship,0,16,4,linear,small_mu,18,18,17,35,18,29776829.93034164,13205274.455678197,large_mu,disjoint_bag_coordinate_me_single_point_probe_v1,ok,,0.89,1.0
airplane vs ship,airplane,ship,0,16,6,linear,small_mu,18,18,17,35,18,29776829.93034164,13205274.455678197,large_mu,disjoint_bag_coordinate_me_single_point_probe_v1,ok,,0.9025,1.0
airplane vs ship,airplane,ship,0,16,8,linear,small_mu,18,18,17,35,18,29776829.93034164,13205274.455678197,large_mu,disjoint_bag_coordinate_me_single_point_probe_v1,ok,,0.915,10.0
airplane vs ship,airplane,ship,0,16,10,linear,small_mu,18,18,17,35,18,29776829.93034164,13205274.455678197,large_mu,disjoint_bag_coordinate_me_single_point_probe_v1,ok,,0.92,1.0
airplane vs ship,airplane,ship,0,16,16,linear,small_mu,18,18,17,35,18,29776829.93034164,13205274.455678197,large_mu,disjoint_bag_coordinate_me_single_point_probe_v1,ok,,0.8875,10.0
airplane vs ship,airplane,ship,0,16,24,linear,small_mu,18,18,17,35,18,29776829.93034164,13205274.455678197,large_mu,disjoint_bag_coordinate_me_single_point_probe_v1,rank_limited,"requested r=24, stable limit=17, available directions=18",,
airplane vs ship,airplane,ship,0,16,1,rbf,large_mu,18,18,18,35,24,22970.813802935347,24544.952651031435,,disjoint_bag_coordinate_me_single_point_probe_v1,ok,,0.8775,1.0
airplane vs ship,airplane,ship,0,16,2,rbf,large_mu,18,18,18,35,24,22970.813802935347,24544.952651031435,small_mu,disjoint_bag_coordinate_me_single_point_probe_v1,ok,,0.88,1.0
airplane vs ship,airplane,ship,0,16,4,rbf,large_mu,18,18,18,35,24,22970.813802935347,24544.952651031435,large_mu,disjoint_bag_coordinate_me_single_point_probe_v1,ok,,0.905,0.1
airplane vs ship,airplane,ship,0,16,6,rbf,large_mu,18,18,18,35,24,22970.813802935347,24544.952651031435,large_mu,disjoint_bag_coordinate_me_single_point_probe_v1,ok,,0.905,0.1
airplane vs ship,airplane,ship,0,16,8,rbf,large_mu,18,18,18,35,24,22970.813802935347,24544.952651031435,large_mu,disjoint_bag_coordinate_me_single_point_probe_v1,ok,,0.9125,1.0
airplane vs ship,airplane,ship,0,16,10,rbf,large_mu,18,18,18,35,24,22970.813802935347,24544.952651031435,large_mu,disjoint_bag_coordinate_me_single_point_probe_v1,ok,,0.915,1.0
airplane vs ship,airplane,ship,0,16,16,rbf,large_mu,18,18,18,35,24,22970.813802935347,24544.952651031435,large_mu,disjoint_bag_coordinate_me_single_point_probe_v1,ok,,0.9175,1.0
airplane vs ship,airplane,ship,0,16,24,rbf,large_mu,18,18,18,35,24,22970.813802935347,24544.952651031435,large_mu,disjoint_bag_coordinate_me_single_point_probe_v1,rank_limited,"requested r=24, stable limit=18, available directions=24",,
airplane vs ship,airplane,ship,0,16,1,rbf,small_mu,18,18,17,35,24,22970.813802935347,24544.952651031435,,disjoint_bag_coordinate_me_single_point_probe_v1,ok,,0.8775,0.1
airplane vs ship,airplane,ship,0,16,2,rbf,small_mu,18,18,17,35,24,22970.813802935347,24544.952651031435,small_mu,disjoint_bag_coordinate_me_single_point_probe_v1,ok,,0.8775,1.0
airplane vs ship,airplane,ship,0,16,4,rbf,small_mu,18,18,17,35,24,22970.813802935347,24544.952651031435,large_mu,disjoint_bag_coordinate_me_single_point_probe_v1,ok,,0.91,10.0
airplane vs ship,airplane,ship,0,16,6,rbf,small_mu,18,18,17,35,24,22970.813802935347,24544.952651031435,large_mu,disjoint_bag_coordinate_me_single_point_probe_v1,ok,,0.9125,1.0
airplane vs ship,airplane,ship,0,16,8,rbf,small_mu,18,18,17,35,24,22970.813802935347,24544.952651031435,large_mu,disjoint_bag_coordinate_me_single_point_probe_v1,ok,,0.9075,1.0
airplane vs ship,airplane,ship,0,16,10,rbf,small_mu,18,18,17,35,24,22970.813802935347,24544.952651031435,large_mu,disjoint_bag_coordinate_me_single_point_probe_v1,ok,,0.91,1.0
airplane vs ship,airplane,ship,0,16,16,rbf,small_mu,18,18,17,35,24,22970.813802935347,24544.952651031435,large_mu,disjoint_bag_coordinate_me_single_point_probe_v1,ok,,0.9175,10.0
airplane vs ship,airplane,ship,0,16,24,rbf,small_mu,18,18,17,35,24,22970.813802935347,24544.952651031435,large_mu,disjoint_bag_coordinate_me_single_point_probe_v1,rank_limited,"requested r=24, stable limit=17, available directions=24",,
airplane vs ship,airplane,ship,0,16,1,laplacian,large_mu,18,18,18,35,24,17380.907641073216,18450.23036859048,,disjoint_bag_coordinate_me_single_point_probe_v1,ok,,0.8925,0.1
airplane vs ship,airplane,ship,0,16,2,laplacian,large_mu,18,18,18,35,24,17380.907641073216,18450.23036859048,small_mu,disjoint_bag_coordinate_me_single_point_probe_v1,ok,,0.895,0.1
airplane vs ship,airplane,ship,0,16,4,laplacian,large_mu,18,18,18,35,24,17380.907641073216,18450.23036859048,large_mu,disjoint_bag_coordinate_me_single_point_probe_v1,ok,,0.915,1.0
airplane vs ship,airplane,ship,0,16,6,laplacian,large_mu,18,18,18,35,24,17380.907641073216,18450.23036859048,large_mu,disjoint_bag_coordinate_me_single_point_probe_v1,ok,,0.91,10.0
airplane vs ship,airplane,ship,0,16,8,laplacian,large_mu,18,18,18,35,24,17380.907641073216,18450.23036859048,large_mu,disjoint_bag_coordinate_me_single_point_probe_v1,ok,,0.9175,0.1
airplane vs ship,airplane,ship,0,16,10,laplacian,large_mu,18,18,18,35,24,17380.907641073216,18450.23036859048,large_mu,disjoint_bag_coordinate_me_single_point_probe_v1,ok,,0.915,1.0
airplane vs ship,airplane,ship,0,16,16,laplacian,large_mu,18,18,18,35,24,17380.907641073216,18450.23036859048,large_mu,disjoint_bag_coordinate_me_single_point_probe_v1,ok,,0.9175,0.1
airplane vs ship,airplane,ship,0,16,24,laplacian,large_mu,18,18,18,35,24,17380.907641073216,18450.23036859048,large_mu,disjoint_bag_coordinate_me_single_point_probe_v1,rank_limited,"requested r=24, stable limit=18, available directions=24",,
airplane vs ship,airplane,ship,0,16,1,laplacian,small_mu,18,18,17,35,24,17380.907641073216,18450.23036859048,,disjoint_bag_coordinate_me_single_point_probe_v1,ok,,0.91,0.1
airplane vs ship,airplane,ship,0,16,2,laplacian,small_mu,18,18,17,35,24,17380.907641073216,18450.23036859048,small_mu,disjoint_bag_coordinate_me_single_point_probe_v1,ok,,0.905,0.1
airplane vs ship,airplane,ship,0,16,4,laplacian,small_mu,18,18,17,35,24,17380.907641073216,18450.23036859048,large_mu,disjoint_bag_coordinate_me_single_point_probe_v1,ok,,0.915,1.0
airplane vs ship,airplane,ship,0,16,6,laplacian,small_mu,18,18,17,35,24,17380.907641073216,18450.23036859048,large_mu,disjoint_bag_coordinate_me_single_point_probe_v1,ok,,0.915,10.0
airplane vs ship,airplane,ship,0,16,8,laplacian,small_mu,18,18,17,35,24,17380.907641073216,18450.23036859048,large_mu,disjoint_bag_coordinate_me_single_point_probe_v1,ok,,0.915,1.0
airplane vs ship,airplane,ship,0,16,10,laplacian,small_mu,18,18,17,35,24,17380.907641073216,18450.23036859048,large_mu,disjoint_bag_coordinate_me_single_point_probe_v1,ok,,0.9175,10.0
airplane vs ship,airplane,ship,0,16,16,laplacian,small_mu,18,18,17,35,24,17380.907641073216,18450.23036859048,large_mu,disjoint_bag_coordinate_me_single_point_probe_v1,ok,,0.9225,1.0
airplane vs ship,airplane,ship,0,16,24,laplacian,small_mu,18,18,17,35,24,17380.907641073216,18450.23036859048,large_mu,disjoint_bag_coordinate_me_single_point_probe_v1,rank_limited,"requested r=24, stable limit=17, available directions=24",,
airplane vs ship,airplane,ship,0,16,1,polynomial,large_mu,18,18,18,35,24,132624.42178418182,90857.50139928458,,disjoint_bag_coordinate_me_single_point_probe_v1,ok,,0.8975,1.0
airplane vs ship,airplane,ship,0,16,2,polynomial,large_mu,18,18,18,35,24,132624.42178418182,90857.50139928458,large_mu,disjoint_bag_coordinate_me_single_point_probe_v1,ok,,0.9,10.0
airplane vs ship,airplane,ship,0,16,4,polynomial,large_mu,18,18,18,35,24,132624.42178418182,90857.50139928458,large_mu,disjoint_bag_coordinate_me_single_point_probe_v1,ok,,0.905,0.1
airplane vs ship,airplane,ship,0,16,6,polynomial,large_mu,18,18,18,35,24,132624.42178418182,90857.50139928458,large_mu,disjoint_bag_coordinate_me_single_point_probe_v1,ok,,0.91,0.1
airplane vs ship,airplane,ship,0,16,8,polynomial,large_mu,18,18,18,35,24,132624.42178418182,90857.50139928458,large_mu,disjoint_bag_coordinate_me_single_point_probe_v1,ok,,0.91,0.1
airplane vs ship,airplane,ship,0,16,10,polynomial,large_mu,18,18,18,35,24,132624.42178418182,90857.50139928458,large_mu,disjoint_bag_coordinate_me_single_point_probe_v1,ok,,0.91,0.1
airplane vs ship,airplane,ship,0,16,16,polynomial,large_mu,18,18,18,35,24,132624.42178418182,90857.50139928458,large_mu,disjoint_bag_coordinate_me_single_point_probe_v1,ok,,0.915,1.0
airplane vs ship,airplane,ship,0,16,24,polynomial,large_mu,18,18,18,35,24,132624.42178418182,90857.50139928458,large_mu,disjoint_bag_coordinate_me_single_point_probe_v1,rank_limited,"requested r=24, stable limit=18, available directions=24",,
airplane vs ship,airplane,ship,0,16,1,polynomial,small_mu,18,18,17,35,24,132624.42178418182,90857.50139928458,,disjoint_bag_coordinate_me_single_point_probe_v1,ok,,0.9075,0.1
airplane vs ship,airplane,ship,0,16,2,polynomial,small_mu,18,18,17,35,24,132624.42178418182,90857.50139928458,large_mu,disjoint_bag_coordinate_me_single_point_probe_v1,ok,,0.9025,1.0
airplane vs ship,airplane,ship,0,16,4,polynomial,small_mu,18,18,17,35,24,132624.42178418182,90857.50139928458,large_mu,disjoint_bag_coordinate_me_single_point_probe_v1,ok,,0.91,0.1
airplane vs ship,airplane,ship,0,16,6,polynomial,small_mu,18,18,17,35,24,132624.42178418182,90857.50139928458,large_mu,disjoint_bag_coordinate_me_single_point_probe_v1,ok,,0.9125,0.1
airplane vs ship,airplane,ship,0,16,8,polynomial,small_mu,18,18,17,35,24,132624.42178418182,90857.50139928458,large_mu,disjoint_bag_coordinate_me_single_point_probe_v1,ok,,0.91,0.1
airplane vs ship,airplane,ship,0,16,10,polynomial,small_mu,18,18,17,35,24,132624.42178418182,90857.50139928458,large_mu,disjoint_bag_coordinate_me_single_point_probe_v1,ok,,0.9125,10.0
airplane vs ship,airplane,ship,0,16,16,polynomial,small_mu,18,18,17,35,24,132624.42178418182,90857.50139928458,large_mu,disjoint_bag_coordinate_me_single_point_probe_v1,ok,,0.92,1.0
airplane vs ship,airplane,ship,0,16,24,polynomial,small_mu,18,18,17,35,24,132624.42178418182,90857.50139928458,large_mu,disjoint_bag_coordinate_me_single_point_probe_v1,rank_limited,"requested r=24, stable limit=17, available directions=24",,
airplane vs ship,airplane,ship,0,16,1,sigmoid,large_mu,18,18,18,35,24,52072.17856549903,15116.044909549591,,disjoint_bag_coordinate_me_single_point_probe_v1,ok,,0.8675,1.0
airplane vs ship,airplane,ship,0,16,2,sigmoid,large_mu,18,18,18,35,24,52072.17856549903,15116.044909549591,large_mu,disjoint_bag_coordinate_me_single_point_probe_v1,ok,,0.875,1.0
airplane vs ship,airplane,ship,0,16,4,sigmoid,large_mu,18,18,18,35,24,52072.17856549903,15116.044909549591,large_mu,disjoint_bag_coordinate_me_single_point_probe_v1,ok,,0.8975,0.1
airplane vs ship,airplane,ship,0,16,6,sigmoid,large_mu,18,18,18,35,24,52072.17856549903,15116.044909549591,large_mu,disjoint_bag_coordinate_me_single_point_probe_v1,ok,,0.9,0.1
airplane vs ship,airplane,ship,0,16,8,sigmoid,large_mu,18,18,18,35,24,52072.17856549903,15116.044909549591,large_mu,disjoint_bag_coordinate_me_single_point_probe_v1,ok,,0.895,0.1
airplane vs ship,airplane,ship,0,16,10,sigmoid,large_mu,18,18,18,35,24,52072.17856549903,15116.044909549591,large_mu,disjoint_bag_coordinate_me_single_point_probe_v1,ok,,0.8775,1.0
airplane vs ship,airplane,ship,0,16,16,sigmoid,large_mu,18,18,18,35,24,52072.17856549903,15116.044909549591,large_mu,disjoint_bag_coordinate_me_single_point_probe_v1,ok,,0.875,0.1
airplane vs ship,airplane,ship,0,16,24,sigmoid,large_mu,18,18,18,35,24,52072.17856549903,15116.044909549591,large_mu,disjoint_bag_coordinate_me_single_point_probe_v1,rank_limited,"requested r=24, stable limit=18, available directions=24",,
airplane vs ship,airplane,ship,0,16,1,sigmoid,small_mu,18,18,17,35,24,52072.17856549903,15116.044909549591,,disjoint_bag_coordinate_me_single_point_probe_v1,ok,,0.8325,0.1
airplane vs ship,airplane,ship,0,16,2,sigmoid,small_mu,18,18,17,35,24,52072.17856549903,15116.044909549591,large_mu,disjoint_bag_coordinate_me_single_point_probe_v1,ok,,0.865,0.1
airplane vs ship,airplane,ship,0,16,4,sigmoid,small_mu,18,18,17,35,24,52072.17856549903,15116.044909549591,large_mu,disjoint_bag_coordinate_me_single_point_probe_v1,ok,,0.8675,1.0
airplane vs ship,airplane,ship,0,16,6,sigmoid,small_mu,18,18,17,35,24,52072.17856549903,15116.044909549591,large_mu,disjoint_bag_coordinate_me_single_point_probe_v1,ok,,0.875,0.1
airplane vs ship,airplane,ship,0,16,8,sigmoid,small_mu,18,18,17,35,24,52072.17856549903,15116.044909549591,large_mu,disjoint_bag_coordinate_me_single_point_probe_v1,ok,,0.885,1.0
airplane vs ship,airplane,ship,0,16,10,sigmoid,small_mu,18,18,17,35,24,52072.17856549903,15116.044909549591,large_mu,disjoint_bag_coordinate_me_single_point_probe_v1,ok,,0.895,0.1
airplane vs ship,airplane,ship,0,16,16,sigmoid,small_mu,18,18,17,35,24,52072.17856549903,15116.044909549591,large_mu,disjoint_bag_coordinate_me_single_point_probe_v1,ok,,0.885,0.1
airplane vs ship,airplane,ship,0,16,24,sigmoid,small_mu,18,18,17,35,24,52072.17856549903,15116.044909549591,large_mu,disjoint_bag_coordinate_me_single_point_probe_v1,rank_limited,"requested r=24, stable limit=17, available directions=24",,
airplane vs ship,airplane,ship,1,4,1,linear,large_mu,75,75,75,149,24,18403632.76187233,40170807.96153402,,disjoint_bag_coordinate_me_single_point_probe_v1,ok,,0.8725,0.1
airplane vs ship,airplane,ship,1,4,2,linear,large_mu,75,75,75,149,24,18403632.76187233,40170807.96153402,small_mu,disjoint_bag_coordinate_me_single_point_probe_v1,ok,,0.8575,10.0
airplane vs ship,airplane,ship,1,4,4,linear,large_mu,75,75,75,149,24,18403632.76187233,40170807.96153402,large_mu,disjoint_bag_coordinate_me_single_point_probe_v1,ok,,0.8675,0.1
airplane vs ship,airplane,ship,1,4,6,linear,large_mu,75,75,75,149,24,18403632.76187233,40170807.96153402,large_mu,disjoint_bag_coordinate_me_single_point_probe_v1,ok,,0.8525,10.0
airplane vs ship,airplane,ship,1,4,8,linear,large_mu,75,75,75,149,24,18403632.76187233,40170807.96153402,large_mu,disjoint_bag_coordinate_me_single_point_probe_v1,ok,,0.8725,0.1
airplane vs ship,airplane,ship,1,4,10,linear,large_mu,75,75,75,149,24,18403632.76187233,40170807.96153402,large_mu,disjoint_bag_coordinate_me_single_point_probe_v1,ok,,0.88,1.0
airplane vs ship,airplane,ship,1,4,16,linear,large_mu,75,75,75,149,24,18403632.76187233,40170807.96153402,large_mu,disjoint_bag_coordinate_me_single_point_probe_v1,ok,,0.8875,10.0
airplane vs ship,airplane,ship,1,4,24,linear,large_mu,75,75,75,149,24,18403632.76187233,40170807.96153402,large_mu,disjoint_bag_coordinate_me_single_point_probe_v1,ok,,0.895,1.0
airplane vs ship,airplane,ship,1,4,1,linear,small_mu,75,75,74,149,24,18403632.76187233,40170807.96153402,,disjoint_bag_coordinate_me_single_point_probe_v1,ok,,0.845,0.1
airplane vs ship,airplane,ship,1,4,2,linear,small_mu,75,75,74,149,24,18403632.76187233,40170807.96153402,small_mu,disjoint_bag_coordinate_me_single_point_probe_v1,ok,,0.8575,1.0
airplane vs ship,airplane,ship,1,4,4,linear,small_mu,75,75,74,149,24,18403632.76187233,40170807.96153402,large_mu,disjoint_bag_coordinate_me_single_point_probe_v1,ok,,0.8525,0.1
airplane vs ship,airplane,ship,1,4,6,linear,small_mu,75,75,74,149,24,18403632.76187233,40170807.96153402,large_mu,disjoint_bag_coordinate_me_single_point_probe_v1,ok,,0.8675,10.0
airplane vs ship,airplane,ship,1,4,8,linear,small_mu,75,75,74,149,24,18403632.76187233,40170807.96153402,large_mu,disjoint_bag_coordinate_me_single_point_probe_v1,ok,,0.87,0.1
airplane vs ship,airplane,ship,1,4,10,linear,small_mu,75,75,74,149,24,18403632.76187233,40170807.96153402,large_mu,disjoint_bag_coordinate_me_single_point_probe_v1,ok,,0.875,1.0
airplane vs ship,airplane,ship,1,4,16,linear,small_mu,75,75,74,149,24,18403632.76187233,40170807.96153402,large_mu,disjoint_bag_coordinate_me_single_point_probe_v1,ok,,0.8775,0.1
airplane vs ship,airplane,ship,1,4,24,linear,small_mu,75,75,74,149,24,18403632.76187233,40170807.96153402,large_mu,disjoint_bag_coordinate_me_single_point_probe_v1,ok,,0.87,0.1
airplane vs ship,airplane,ship,1,4,1,rbf,large_mu,75,75,75,149,24,18843.640970427037,99849.9200480765,,disjoint_bag_coordinate_me_single_point_probe_v1,ok,,0.885,1.0
airplane vs ship,airplane,ship,1,4,2,rbf,large_mu,75,75,75,149,24,18843.640970427037,99849.9200480765,small_mu,disjoint_bag_coordinate_me_single_point_probe_v1,ok,,0.8975,0.1
airplane vs ship,airplane,ship,1,4,4,rbf,large_mu,75,75,75,149,24,18843.640970427037,99849.9200480765,small_mu,disjoint_bag_coordinate_me_single_point_probe_v1,ok,,0.8975,10.0
airplane vs ship,airplane,ship,1,4,6,rbf,large_mu,75,75,75,149,24,18843.640970427037,99849.9200480765,small_mu,disjoint_bag_coordinate_me_single_point_probe_v1,ok,,0.8975,0.1
airplane vs ship,airplane,ship,1,4,8,rbf,large_mu,75,75,75,149,24,18843.640970427037,99849.9200480765,large_mu,disjoint_bag_coordinate_me_single_point_probe_v1,ok,,0.9,0.1
airplane vs ship,airplane,ship,1,4,10,rbf,large_mu,75,75,75,149,24,18843.640970427037,99849.9200480765,large_mu,disjoint_bag_coordinate_me_single_point_probe_v1,ok,,0.905,1.0
airplane vs ship,airplane,ship,1,4,16,rbf,large_mu,75,75,75,149,24,18843.640970427037,99849.9200480765,large_mu,disjoint_bag_coordinate_me_single_point_probe_v1,ok,,0.9025,0.1
airplane vs ship,airplane,ship,1,4,24,rbf,large_mu,75,75,75,149,24,18843.640970427037,99849.9200480765,large_mu,disjoint_bag_coordinate_me_single_point_probe_v1,ok,,0.9,1.0
airplane vs ship,airplane,ship,1,4,1,rbf,small_mu,75,75,74,149,24,18843.640970427037,99849.9200480765,,disjoint_bag_coordinate_me_single_point_probe_v1,ok,,0.8975,10.0
airplane vs ship,airplane,ship,1,4,2,rbf,small_mu,75,75,74,149,24,18843.640970427037,99849.9200480765,small_mu,disjoint_bag_coordinate_me_single_point_probe_v1,ok,,0.9,1.0
airplane vs ship,airplane,ship,1,4,4,rbf,small_mu,75,75,74,149,24,18843.640970427037,99849.9200480765,small_mu,disjoint_bag_coordinate_me_single_point_probe_v1,ok,,0.9,10.0
airplane vs ship,airplane,ship,1,4,6,rbf,small_mu,75,75,74,149,24,18843.640970427037,99849.9200480765,small_mu,disjoint_bag_coordinate_me_single_point_probe_v1,ok,,0.8925,10.0
airplane vs ship,airplane,ship,1,4,8,rbf,small_mu,75,75,74,149,24,18843.640970427037,99849.9200480765,large_mu,disjoint_bag_coordinate_me_single_point_probe_v1,ok,,0.8975,0.1
airplane vs ship,airplane,ship,1,4,10,rbf,small_mu,75,75,74,149,24,18843.640970427037,99849.9200480765,large_mu,disjoint_bag_coordinate_me_single_point_probe_v1,ok,,0.8975,1.0
airplane vs ship,airplane,ship,1,4,16,rbf,small_mu,75,75,74,149,24,18843.640970427037,99849.9200480765,large_mu,disjoint_bag_coordinate_me_single_point_probe_v1,ok,,0.8925,1.0
airplane vs ship,airplane,ship,1,4,24,rbf,small_mu,75,75,74,149,24,18843.640970427037,99849.9200480765,large_mu,disjoint_bag_coordinate_me_single_point_probe_v1,ok,,0.9,1.0
airplane vs ship,airplane,ship,1,4,1,laplacian,large_mu,75,75,75,149,24,15135.975367603583,75512.3599060107,,disjoint_bag_coordinate_me_single_point_probe_v1,ok,,0.885,1.0
airplane vs ship,airplane,ship,1,4,2,laplacian,large_mu,75,75,75,149,24,15135.975367603583,75512.3599060107,small_mu,disjoint_bag_coordinate_me_single_point_probe_v1,ok,,0.9025,10.0
airplane vs ship,airplane,ship,1,4,4,laplacian,large_mu,75,75,75,149,24,15135.975367603583,75512.3599060107,small_mu,disjoint_bag_coordinate_me_single_point_probe_v1,ok,,0.8975,1.0
airplane vs ship,airplane,ship,1,4,6,laplacian,large_mu,75,75,75,149,24,15135.975367603583,75512.3599060107,large_mu,disjoint_bag_coordinate_me_single_point_probe_v1,ok,,0.9025,1.0
airplane vs ship,airplane,ship,1,4,8,laplacian,large_mu,75,75,75,149,24,15135.975367603583,75512.3599060107,large_mu,disjoint_bag_coordinate_me_single_point_probe_v1,ok,,0.9075,0.1
airplane vs ship,airplane,ship,1,4,10,laplacian,large_mu,75,75,75,149,24,15135.975367603583,75512.3599060107,large_mu,disjoint_bag_coordinate_me_single_point_probe_v1,ok,,0.905,1.0
airplane vs ship,airplane,ship,1,4,16,laplacian,large_mu,75,75,75,149,24,15135.975367603583,75512.3599060107,large_mu,disjoint_bag_coordinate_me_single_point_probe_v1,ok,,0.9,1.0
airplane vs ship,airplane,ship,1,4,24,laplacian,large_mu,75,75,75,149,24,15135.975367603583,75512.3599060107,large_mu,disjoint_bag_coordinate_me_single_point_probe_v1,ok,,0.91,0.1
airplane vs ship,airplane,ship,1,4,1,laplacian,small_mu,75,75,74,149,24,15135.975367603583,75512.3599060107,,disjoint_bag_coordinate_me_single_point_probe_v1,ok,,0.9025,1.0
airplane vs ship,airplane,ship,1,4,2,laplacian,small_mu,75,75,74,149,24,15135.975367603583,75512.3599060107,small_mu,disjoint_bag_coordinate_me_single_point_probe_v1,ok,,0.9025,1.0
airplane vs ship,airplane,ship,1,4,4,laplacian,small_mu,75,75,74,149,24,15135.975367603583,75512.3599060107,small_mu,disjoint_bag_coordinate_me_single_point_probe_v1,ok,,0.905,1.0
airplane vs ship,airplane,ship,1,4,6,laplacian,small_mu,75,75,74,149,24,15135.975367603583,75512.3599060107,large_mu,disjoint_bag_coordinate_me_single_point_probe_v1,ok,,0.915,0.1
airplane vs ship,airplane,ship,1,4,8,laplacian,small_mu,75,75,74,149,24,15135.975367603583,75512.3599060107,large_mu,disjoint_bag_coordinate_me_single_point_probe_v1,ok,,0.905,10.0
airplane vs ship,airplane,ship,1,4,10,laplacian,small_mu,75,75,74,149,24,15135.975367603583,75512.3599060107,large_mu,disjoint_bag_coordinate_me_single_point_probe_v1,ok,,0.905,1.0
airplane vs ship,airplane,ship,1,4,16,laplacian,small_mu,75,75,74,149,24,15135.975367603583,75512.3599060107,large_mu,disjoint_bag_coordinate_me_single_point_probe_v1,ok,,0.8975,10.0
airplane vs ship,airplane,ship,1,4,24,laplacian,small_mu,75,75,74,149,24,15135.975367603583,75512.3599060107,large_mu,disjoint_bag_coordinate_me_single_point_probe_v1,ok,,0.9,1.0
airplane vs ship,airplane,ship,1,4,1,polynomial,large_mu,75,75,75,149,24,104917.20363981012,351729.7352338485,,disjoint_bag_coordinate_me_single_point_probe_v1,ok,,0.88,10.0
airplane vs ship,airplane,ship,1,4,2,polynomial,large_mu,75,75,75,149,24,104917.20363981012,351729.7352338485,small_mu,disjoint_bag_coordinate_me_single_point_probe_v1,ok,,0.8875,10.0
airplane vs ship,airplane,ship,1,4,4,polynomial,large_mu,75,75,75,149,24,104917.20363981012,351729.7352338485,small_mu,disjoint_bag_coordinate_me_single_point_probe_v1,ok,,0.8975,1.0
airplane vs ship,airplane,ship,1,4,6,polynomial,large_mu,75,75,75,149,24,104917.20363981012,351729.7352338485,large_mu,disjoint_bag_coordinate_me_single_point_probe_v1,ok,,0.895,1.0
airplane vs ship,airplane,ship,1,4,8,polynomial,large_mu,75,75,75,149,24,104917.20363981012,351729.7352338485,large_mu,disjoint_bag_coordinate_me_single_point_probe_v1,ok,,0.895,1.0
airplane vs ship,airplane,ship,1,4,10,polynomial,large_mu,75,75,75,149,24,104917.20363981012,351729.7352338485,large_mu,disjoint_bag_coordinate_me_single_point_probe_v1,ok,,0.885,10.0
airplane vs ship,airplane,ship,1,4,16,polynomial,large_mu,75,75,75,149,24,104917.20363981012,351729.7352338485,large_mu,disjoint_bag_coordinate_me_single_point_probe_v1,ok,,0.895,1.0
airplane vs ship,airplane,ship,1,4,24,polynomial,large_mu,75,75,75,149,24,104917.20363981012,351729.7352338485,large_mu,disjoint_bag_coordinate_me_single_point_probe_v1,ok,,0.8975,0.1
airplane vs ship,airplane,ship,1,4,1,polynomial,small_mu,75,75,74,149,24,104917.20363981012,351729.7352338485,,disjoint_bag_coordinate_me_single_point_probe_v1,ok,,0.7225,0.1
airplane vs ship,airplane,ship,1,4,2,polynomial,small_mu,75,75,74,149,24,104917.20363981012,351729.7352338485,small_mu,disjoint_bag_coordinate_me_single_point_probe_v1,ok,,0.9,0.1
airplane vs ship,airplane,ship,1,4,4,polynomial,small_mu,75,75,74,149,24,104917.20363981012,351729.7352338485,small_mu,disjoint_bag_coordinate_me_single_point_probe_v1,ok,,0.9,1.0
airplane vs ship,airplane,ship,1,4,6,polynomial,small_mu,75,75,74,149,24,104917.20363981012,351729.7352338485,large_mu,disjoint_bag_coordinate_me_single_point_probe_v1,ok,,0.8925,0.1
airplane vs ship,airplane,ship,1,4,8,polynomial,small_mu,75,75,74,149,24,104917.20363981012,351729.7352338485,large_mu,disjoint_bag_coordinate_me_single_point_probe_v1,ok,,0.9,1.0
airplane vs ship,airplane,ship,1,4,10,polynomial,small_mu,75,75,74,149,24,104917.20363981012,351729.7352338485,large_mu,disjoint_bag_coordinate_me_single_point_probe_v1,ok,,0.905,1.0
airplane vs ship,airplane,ship,1,4,16,polynomial,small_mu,75,75,74,149,24,104917.20363981012,351729.7352338485,large_mu,disjoint_bag_coordinate_me_single_point_probe_v1,ok,,0.89,0.1
airplane vs ship,airplane,ship,1,4,24,polynomial,small_mu,75,75,74,149,24,104917.20363981012,351729.7352338485,large_mu,disjoint_bag_coordinate_me_single_point_probe_v1,ok,,0.8875,1.0
airplane vs ship,airplane,ship,1,4,1,sigmoid,large_mu,75,75,75,109,24,18896.398828144396,25981.39129273216,,disjoint_bag_coordinate_me_single_point_probe_v1,ok,,0.825,10.0
airplane vs ship,airplane,ship,1,4,2,sigmoid,large_mu,75,75,75,109,24,18896.398828144396,25981.39129273216,small_mu,disjoint_bag_coordinate_me_single_point_probe_v1,ok,,0.8075,0.1
airplane vs ship,airplane,ship,1,4,4,sigmoid,large_mu,75,75,75,109,24,18896.398828144396,25981.39129273216,large_mu,disjoint_bag_coordinate_me_single_point_probe_v1,ok,,0.82,10.0
airplane vs ship,airplane,ship,1,4,6,sigmoid,large_mu,75,75,75,109,24,18896.398828144396,25981.39129273216,large_mu,disjoint_bag_coordinate_me_single_point_probe_v1,ok,,0.8175,0.1
airplane vs ship,airplane,ship,1,4,8,sigmoid,large_mu,75,75,75,109,24,18896.398828144396,25981.39129273216,large_mu,disjoint_bag_coordinate_me_single_point_probe_v1,ok,,0.815,0.1
airplane vs ship,airplane,ship,1,4,10,sigmoid,large_mu,75,75,75,109,24,18896.398828144396,25981.39129273216,large_mu,disjoint_bag_coordinate_me_single_point_probe_v1,ok,,0.8125,1.0
airplane vs ship,airplane,ship,1,4,16,sigmoid,large_mu,75,75,75,109,24,18896.398828144396,25981.39129273216,large_mu,disjoint_bag_coordinate_me_single_point_probe_v1,ok,,0.8175,10.0
airplane vs ship,airplane,ship,1,4,24,sigmoid,large_mu,75,75,75,109,24,18896.398828144396,25981.39129273216,large_mu,disjoint_bag_coordinate_me_single_point_probe_v1,ok,,0.815,0.1
airplane vs ship,airplane,ship,1,4,1,sigmoid,small_mu,75,75,74,109,24,18896.398828144396,25981.39129273216,,disjoint_bag_coordinate_me_single_point_probe_v1,ok,,0.6975,0.1
airplane vs ship,airplane,ship,1,4,2,sigmoid,small_mu,75,75,74,109,24,18896.398828144396,25981.39129273216,small_mu,disjoint_bag_coordinate_me_single_point_probe_v1,ok,,0.7525,0.1
airplane vs ship,airplane,ship,1,4,4,sigmoid,small_mu,75,75,74,109,24,18896.398828144396,25981.39129273216,large_mu,disjoint_bag_coordinate_me_single_point_probe_v1,ok,,0.7525,10.0
airplane vs ship,airplane,ship,1,4,6,sigmoid,small_mu,75,75,74,109,24,18896.398828144396,25981.39129273216,large_mu,disjoint_bag_coordinate_me_single_point_probe_v1,ok,,0.78,0.1
airplane vs ship,airplane,ship,1,4,8,sigmoid,small_mu,75,75,74,109,24,18896.398828144396,25981.39129273216,large_mu,disjoint_bag_coordinate_me_single_point_probe_v1,ok,,0.7725,0.1
airplane vs ship,airplane,ship,1,4,10,sigmoid,small_mu,75,75,74,109,24,18896.398828144396,25981.39129273216,large_mu,disjoint_bag_coordinate_me_single_point_probe_v1,ok,,0.7775,0.1
airplane vs ship,airplane,ship,1,4,16,sigmoid,small_mu,75,75,74,109,24,18896.398828144396,25981.39129273216,large_mu,disjoint_bag_coordinate_me_single_point_probe_v1,ok,,0.8,0.1
airplane vs ship,airplane,ship,1,4,24,sigmoid,small_mu,75,75,74,109,24,18896.398828144396,25981.39129273216,large_mu,disjoint_bag_coordinate_me_single_point_probe_v1,ok,,0.8125,1.0
airplane vs ship,airplane,ship,1,8,1,linear,large_mu,37,37,37,73,24,25019269.947397172,23716466.87081376,,disjoint_bag_coordinate_me_single_point_probe_v1,ok,,0.88,10.0
airplane vs ship,airplane,ship,1,8,2,linear,large_mu,37,37,37,73,24,25019269.947397172,23716466.87081376,large_mu,disjoint_bag_coordinate_me_single_point_probe_v1,ok,,0.8825,1.0
airplane vs ship,airplane,ship,1,8,4,linear,large_mu,37,37,37,73,24,25019269.947397172,23716466.87081376,large_mu,disjoint_bag_coordinate_me_single_point_probe_v1,ok,,0.9,1.0
airplane vs ship,airplane,ship,1,8,6,linear,large_mu,37,37,37,73,24,25019269.947397172,23716466.87081376,large_mu,disjoint_bag_coordinate_me_single_point_probe_v1,ok,,0.91,0.1
airplane vs ship,airplane,ship,1,8,8,linear,large_mu,37,37,37,73,24,25019269.947397172,23716466.87081376,large_mu,disjoint_bag_coordinate_me_single_point_probe_v1,ok,,0.91,0.1
airplane vs ship,airplane,ship,1,8,10,linear,large_mu,37,37,37,73,24,25019269.947397172,23716466.87081376,large_mu,disjoint_bag_coordinate_me_single_point_probe_v1,ok,,0.8925,0.1
airplane vs ship,airplane,ship,1,8,16,linear,large_mu,37,37,37,73,24,25019269.947397172,23716466.87081376,large_mu,disjoint_bag_coordinate_me_single_point_probe_v1,ok,,0.895,1.0
airplane vs ship,airplane,ship,1,8,24,linear,large_mu,37,37,37,73,24,25019269.947397172,23716466.87081376,large_mu,disjoint_bag_coordinate_me_single_point_probe_v1,ok,,0.8925,1.0
airplane vs ship,airplane,ship,1,8,1,linear,small_mu,37,37,36,73,24,25019269.947397172,23716466.87081376,,disjoint_bag_coordinate_me_single_point_probe_v1,ok,,0.8675,0.1
airplane vs ship,airplane,ship,1,8,2,linear,small_mu,37,37,36,73,24,25019269.947397172,23716466.87081376,large_mu,disjoint_bag_coordinate_me_single_point_probe_v1,ok,,0.8825,1.0
airplane vs ship,airplane,ship,1,8,4,linear,small_mu,37,37,36,73,24,25019269.947397172,23716466.87081376,large_mu,disjoint_bag_coordinate_me_single_point_probe_v1,ok,,0.8925,0.1
airplane vs ship,airplane,ship,1,8,6,linear,small_mu,37,37,36,73,24,25019269.947397172,23716466.87081376,large_mu,disjoint_bag_coordinate_me_single_point_probe_v1,ok,,0.8875,1.0
airplane vs ship,airplane,ship,1,8,8,linear,small_mu,37,37,36,73,24,25019269.947397172,23716466.87081376,large_mu,disjoint_bag_coordinate_me_single_point_probe_v1,ok,,0.8975,10.0
airplane vs ship,airplane,ship,1,8,10,linear,small_mu,37,37,36,73,24,25019269.947397172,23716466.87081376,large_mu,disjoint_bag_coordinate_me_single_point_probe_v1,ok,,0.895,1.0
airplane vs ship,airplane,ship,1,8,16,linear,small_mu,37,37,36,73,24,25019269.947397172,23716466.87081376,large_mu,disjoint_bag_coordinate_me_single_point_probe_v1,ok,,0.905,10.0
airplane vs ship,airplane,ship,1,8,24,linear,small_mu,37,37,36,73,24,25019269.947397172,23716466.87081376,large_mu,disjoint_bag_coordinate_me_single_point_probe_v1,ok,,0.89,1.0
airplane vs ship,airplane,ship,1,8,1,rbf,large_mu,37,37,37,73,24,20997.14717250512,50253.00337475127,,disjoint_bag_coordinate_me_single_point_probe_v1,ok,,0.8675,10.0
airplane vs ship,airplane,ship,1,8,2,rbf,large_mu,37,37,37,73,24,20997.14717250512,50253.00337475127,small_mu,disjoint_bag_coordinate_me_single_point_probe_v1,ok,,0.8875,1.0
airplane vs ship,airplane,ship,1,8,4,rbf,large_mu,37,37,37,73,24,20997.14717250512,50253.00337475127,large_mu,disjoint_bag_coordinate_me_single_point_probe_v1,ok,,0.8925,0.1
airplane vs ship,airplane,ship,1,8,6,rbf,large_mu,37,37,37,73,24,20997.14717250512,50253.00337475127,large_mu,disjoint_bag_coordinate_me_single_point_probe_v1,ok,,0.88,10.0
airplane vs ship,airplane,ship,1,8,8,rbf,large_mu,37,37,37,73,24,20997.14717250512,50253.00337475127,large_mu,disjoint_bag_coordinate_me_single_point_probe_v1,ok,,0.895,0.1
airplane vs ship,airplane,ship,1,8,10,rbf,large_mu,37,37,37,73,24,20997.14717250512,50253.00337475127,large_mu,disjoint_bag_coordinate_me_single_point_probe_v1,ok,,0.895,0.1
airplane vs ship,airplane,ship,1,8,16,rbf,large_mu,37,37,37,73,24,20997.14717250512,50253.00337475127,large_mu,disjoint_bag_coordinate_me_single_point_probe_v1,ok,,0.8875,0.1
airplane vs ship,airplane,ship,1,8,24,rbf,large_mu,37,37,37,73,24,20997.14717250512,50253.00337475127,large_mu,disjoint_bag_coordinate_me_single_point_probe_v1,ok,,0.8925,1.0
airplane vs ship,airplane,ship,1,8,1,rbf,small_mu,37,37,36,73,24,20997.14717250512,50253.00337475127,,disjoint_bag_coordinate_me_single_point_probe_v1,ok,,0.88,0.1
airplane vs ship,airplane,ship,1,8,2,rbf,small_mu,37,37,36,73,24,20997.14717250512,50253.00337475127,small_mu,disjoint_bag_coordinate_me_single_point_probe_v1,ok,,0.885,10.0
airplane vs ship,airplane,ship,1,8,4,rbf,small_mu,37,37,36,73,24,20997.14717250512,50253.00337475127,large_mu,disjoint_bag_coordinate_me_single_point_probe_v1,ok,,0.885,10.0
airplane vs ship,airplane,ship,1,8,6,rbf,small_mu,37,37,36,73,24,20997.14717250512,50253.00337475127,large_mu,disjoint_bag_coordinate_me_single_point_probe_v1,ok,,0.8925,1.0
airplane vs ship,airplane,ship,1,8,8,rbf,small_mu,37,37,36,73,24,20997.14717250512,50253.00337475127,large_mu,disjoint_bag_coordinate_me_single_point_probe_v1,ok,,0.89,0.1
airplane vs ship,airplane,ship,1,8,10,rbf,small_mu,37,37,36,73,24,20997.14717250512,50253.00337475127,large_mu,disjoint_bag_coordinate_me_single_point_probe_v1,ok,,0.8925,0.1
airplane vs ship,airplane,ship,1,8,16,rbf,small_mu,37,37,36,73,24,20997.14717250512,50253.00337475127,large_mu,disjoint_bag_coordinate_me_single_point_probe_v1,ok,,0.8925,0.1
airplane vs ship,airplane,ship,1,8,24,rbf,small_mu,37,37,36,73,24,20997.14717250512,50253.00337475127,large_mu,disjoint_bag_coordinate_me_single_point_probe_v1,ok,,0.8925,1.0
airplane vs ship,airplane,ship,1,8,1,laplacian,large_mu,37,37,37,73,24,16776.76553540217,37853.43196441687,,disjoint_bag_coordinate_me_single_point_probe_v1,ok,,0.8775,0.1
airplane vs ship,airplane,ship,1,8,2,laplacian,large_mu,37,37,37,73,24,16776.76553540217,37853.43196441687,small_mu,disjoint_bag_coordinate_me_single_point_probe_v1,ok,,0.8975,1.0
airplane vs ship,airplane,ship,1,8,4,laplacian,large_mu,37,37,37,73,24,16776.76553540217,37853.43196441687,large_mu,disjoint_bag_coordinate_me_single_point_probe_v1,ok,,0.8975,10.0
airplane vs ship,airplane,ship,1,8,6,laplacian,large_mu,37,37,37,73,24,16776.76553540217,37853.43196441687,large_mu,disjoint_bag_coordinate_me_single_point_probe_v1,ok,,0.8975,1.0
airplane vs ship,airplane,ship,1,8,8,laplacian,large_mu,37,37,37,73,24,16776.76553540217,37853.43196441687,large_mu,disjoint_bag_coordinate_me_single_point_probe_v1,ok,,0.895,10.0
airplane vs ship,airplane,ship,1,8,10,laplacian,large_mu,37,37,37,73,24,16776.76553540217,37853.43196441687,large_mu,disjoint_bag_coordinate_me_single_point_probe_v1,ok,,0.9,10.0
airplane vs ship,airplane,ship,1,8,16,laplacian,large_mu,37,37,37,73,24,16776.76553540217,37853.43196441687,large_mu,disjoint_bag_coordinate_me_single_point_probe_v1,ok,,0.895,0.1
airplane vs ship,airplane,ship,1,8,24,laplacian,large_mu,37,37,37,73,24,16776.76553540217,37853.43196441687,large_mu,disjoint_bag_coordinate_me_single_point_probe_v1,ok,,0.9,0.1
airplane vs ship,airplane,ship,1,8,1,laplacian,small_mu,37,37,36,73,24,16776.76553540217,37853.43196441687,,disjoint_bag_coordinate_me_single_point_probe_v1,ok,,0.89,0.1
airplane vs ship,airplane,ship,1,8,2,laplacian,small_mu,37,37,36,73,24,16776.76553540217,37853.43196441687,small_mu,disjoint_bag_coordinate_me_single_point_probe_v1,ok,,0.895,1.0
airplane vs ship,airplane,ship,1,8,4,laplacian,small_mu,37,37,36,73,24,16776.76553540217,37853.43196441687,large_mu,disjoint_bag_coordinate_me_single_point_probe_v1,ok,,0.8925,10.0
airplane vs ship,airplane,ship,1,8,6,laplacian,small_mu,37,37,36,73,24,16776.76553540217,37853.43196441687,large_mu,disjoint_bag_coordinate_me_single_point_probe_v1,ok,,0.9,0.1
airplane vs ship,airplane,ship,1,8,8,laplacian,small_mu,37,37,36,73,24,16776.76553540217,37853.43196441687,large_mu,disjoint_bag_coordinate_me_single_point_probe_v1,ok,,0.9,0.1
airplane vs ship,airplane,ship,1,8,10,laplacian,small_mu,37,37,36,73,24,16776.76553540217,37853.43196441687,large_mu,disjoint_bag_coordinate_me_single_point_probe_v1,ok,,0.8925,1.0
airplane vs ship,airplane,ship,1,8,16,laplacian,small_mu,37,37,36,73,24,16776.76553540217,37853.43196441687,large_mu,disjoint_bag_coordinate_me_single_point_probe_v1,ok,,0.895,1.0
airplane vs ship,airplane,ship,1,8,24,laplacian,small_mu,37,37,36,73,24,16776.76553540217,37853.43196441687,large_mu,disjoint_bag_coordinate_me_single_point_probe_v1,ok,,0.895,10.0
airplane vs ship,airplane,ship,1,8,1,polynomial,large_mu,37,37,37,73,24,124766.82318546128,180683.6509197171,,disjoint_bag_coordinate_me_single_point_probe_v1,ok,,0.8875,1.0
airplane vs ship,airplane,ship,1,8,2,polynomial,large_mu,37,37,37,73,24,124766.82318546128,180683.6509197171,small_mu,disjoint_bag_coordinate_me_single_point_probe_v1,ok,,0.905,0.1
airplane vs ship,airplane,ship,1,8,4,polynomial,large_mu,37,37,37,73,24,124766.82318546128,180683.6509197171,large_mu,disjoint_bag_coordinate_me_single_point_probe_v1,ok,,0.9025,1.0
airplane vs ship,airplane,ship,1,8,6,polynomial,large_mu,37,37,37,73,24,124766.82318546128,180683.6509197171,large_mu,disjoint_bag_coordinate_me_single_point_probe_v1,ok,,0.9025,1.0
airplane vs ship,airplane,ship,1,8,8,polynomial,large_mu,37,37,37,73,24,124766.82318546128,180683.6509197171,large_mu,disjoint_bag_coordinate_me_single_point_probe_v1,ok,,0.905,1.0
airplane vs ship,airplane,ship,1,8,10,polynomial,large_mu,37,37,37,73,24,124766.82318546128,180683.6509197171,large_mu,disjoint_bag_coordinate_me_single_point_probe_v1,ok,,0.91,0.1
airplane vs ship,airplane,ship,1,8,16,polynomial,large_mu,37,37,37,73,24,124766.82318546128,180683.6509197171,large_mu,disjoint_bag_coordinate_me_single_point_probe_v1,ok,,0.895,10.0
airplane vs ship,airplane,ship,1,8,24,polynomial,large_mu,37,37,37,73,24,124766.82318546128,180683.6509197171,large_mu,disjoint_bag_coordinate_me_single_point_probe_v1,ok,,0.9025,0.1
airplane vs ship,airplane,ship,1,8,1,polynomial,small_mu,37,37,36,73,24,124766.82318546128,180683.6509197171,,disjoint_bag_coordinate_me_single_point_probe_v1,ok,,0.8975,0.1
airplane vs ship,airplane,ship,1,8,2,polynomial,small_mu,37,37,36,73,24,124766.82318546128,180683.6509197171,small_mu,disjoint_bag_coordinate_me_single_point_probe_v1,ok,,0.8925,10.0
airplane vs ship,airplane,ship,1,8,4,polynomial,small_mu,37,37,36,73,24,124766.82318546128,180683.6509197171,large_mu,disjoint_bag_coordinate_me_single_point_probe_v1,ok,,0.89,1.0
airplane vs ship,airplane,ship,1,8,6,polynomial,small_mu,37,37,36,73,24,124766.82318546128,180683.6509197171,large_mu,disjoint_bag_coordinate_me_single_point_probe_v1,ok,,0.905,10.0
airplane vs ship,airplane,ship,1,8,8,polynomial,small_mu,37,37,36,73,24,124766.82318546128,180683.6509197171,large_mu,disjoint_bag_coordinate_me_single_point_probe_v1,ok,,0.91,0.1
airplane vs ship,airplane,ship,1,8,10,polynomial,small_mu,37,37,36,73,24,124766.82318546128,180683.6509197171,large_mu,disjoint_bag_coordinate_me_single_point_probe_v1,ok,,0.905,0.1
airplane vs ship,airplane,ship,1,8,16,polynomial,small_mu,37,37,36,73,24,124766.82318546128,180683.6509197171,large_mu,disjoint_bag_coordinate_me_single_point_probe_v1,ok,,0.8975,10.0
airplane vs ship,airplane,ship,1,8,24,polynomial,small_mu,37,37,36,73,24,124766.82318546128,180683.6509197171,large_mu,disjoint_bag_coordinate_me_single_point_probe_v1,ok,,0.9075,10.0
airplane vs ship,airplane,ship,1,8,1,sigmoid,large_mu,37,37,37,64,24,36291.23703531686,22322.254823351577,,disjoint_bag_coordinate_me_single_point_probe_v1,ok,,0.8575,0.1
airplane vs ship,airplane,ship,1,8,2,sigmoid,large_mu,37,37,37,64,24,36291.23703531686,22322.254823351577,large_mu,disjoint_bag_coordinate_me_single_point_probe_v1,ok,,0.8675,1.0
airplane vs ship,airplane,ship,1,8,4,sigmoid,large_mu,37,37,37,64,24,36291.23703531686,22322.254823351577,large_mu,disjoint_bag_coordinate_me_single_point_probe_v1,ok,,0.8675,1.0
airplane vs ship,airplane,ship,1,8,6,sigmoid,large_mu,37,37,37,64,24,36291.23703531686,22322.254823351577,large_mu,disjoint_bag_coordinate_me_single_point_probe_v1,ok,,0.8675,1.0
airplane vs ship,airplane,ship,1,8,8,sigmoid,large_mu,37,37,37,64,24,36291.23703531686,22322.254823351577,large_mu,disjoint_bag_coordinate_me_single_point_probe_v1,ok,,0.8675,1.0
airplane vs ship,airplane,ship,1,8,10,sigmoid,large_mu,37,37,37,64,24,36291.23703531686,22322.254823351577,large_mu,disjoint_bag_coordinate_me_single_point_probe_v1,ok,,0.86,0.1
airplane vs ship,airplane,ship,1,8,16,sigmoid,large_mu,37,37,37,64,24,36291.23703531686,22322.254823351577,large_mu,disjoint_bag_coordinate_me_single_point_probe_v1,ok,,0.88,10.0
airplane vs ship,airplane,ship,1,8,24,sigmoid,large_mu,37,37,37,64,24,36291.23703531686,22322.254823351577,large_mu,disjoint_bag_coordinate_me_single_point_probe_v1,ok,,0.875,10.0
airplane vs ship,airplane,ship,1,8,1,sigmoid,small_mu,37,37,36,64,24,36291.23703531686,22322.254823351577,,disjoint_bag_coordinate_me_single_point_probe_v1,ok,,0.6475,10.0
airplane vs ship,airplane,ship,1,8,2,sigmoid,small_mu,37,37,36,64,24,36291.23703531686,22322.254823351577,large_mu,disjoint_bag_coordinate_me_single_point_probe_v1,ok,,0.6675,10.0
airplane vs ship,airplane,ship,1,8,4,sigmoid,small_mu,37,37,36,64,24,36291.23703531686,22322.254823351577,large_mu,disjoint_bag_coordinate_me_single_point_probe_v1,ok,,0.7425,1.0
airplane vs ship,airplane,ship,1,8,6,sigmoid,small_mu,37,37,36,64,24,36291.23703531686,22322.254823351577,large_mu,disjoint_bag_coordinate_me_single_point_probe_v1,ok,,0.795,0.1
airplane vs ship,airplane,ship,1,8,8,sigmoid,small_mu,37,37,36,64,24,36291.23703531686,22322.254823351577,large_mu,disjoint_bag_coordinate_me_single_point_probe_v1,ok,,0.81,0.1
airplane vs ship,airplane,ship,1,8,10,sigmoid,small_mu,37,37,36,64,24,36291.23703531686,22322.254823351577,large_mu,disjoint_bag_coordinate_me_single_point_probe_v1,ok,,0.815,1.0
airplane vs ship,airplane,ship,1,8,16,sigmoid,small_mu,37,37,36,64,24,36291.23703531686,22322.254823351577,large_mu,disjoint_bag_coordinate_me_single_point_probe_v1,ok,,0.87,0.1
airplane vs ship,airplane,ship,1,8,24,sigmoid,small_mu,37,37,36,64,24,36291.23703531686,22322.254823351577,large_mu,disjoint_bag_coordinate_me_single_point_probe_v1,ok,,0.875,1.0
airplane vs ship,airplane,ship,1,16,1,linear,large_mu,18,18,18,35,19,30420587.583659295,13953903.152063113,,disjoint_bag_coordinate_me_single_point_probe_v1,ok,,0.8575,0.1
airplane vs ship,airplane,ship,1,16,2,linear,large_mu,18,18,18,35,19,30420587.583659295,13953903.152063113,large_mu,disjoint_bag_coordinate_me_single_point_probe_v1,ok,,0.8525,0.1
airplane vs ship,airplane,ship,1,16,4,linear,large_mu,18,18,18,35,19,30420587.583659295,13953903.152063113,large_mu,disjoint_bag_coordinate_me_single_point_probe_v1,ok,,0.8625,0.1
airplane vs ship,airplane,ship,1,16,6,linear,large_mu,18,18,18,35,19,30420587.583659295,13953903.152063113,large_mu,disjoint_bag_coordinate_me_single_point_probe_v1,ok,,0.8925,1.0
airplane vs ship,airplane,ship,1,16,8,linear,large_mu,18,18,18,35,19,30420587.583659295,13953903.152063113,large_mu,disjoint_bag_coordinate_me_single_point_probe_v1,ok,,0.885,1.0
airplane vs ship,airplane,ship,1,16,10,linear,large_mu,18,18,18,35,19,30420587.583659295,13953903.152063113,large_mu,disjoint_bag_coordinate_me_single_point_probe_v1,ok,,0.89,1.0
airplane vs ship,airplane,ship,1,16,16,linear,large_mu,18,18,18,35,19,30420587.583659295,13953903.152063113,large_mu,disjoint_bag_coordinate_me_single_point_probe_v1,ok,,0.8875,1.0
airplane vs ship,airplane,ship,1,16,24,linear,large_mu,18,18,18,35,19,30420587.583659295,13953903.152063113,large_mu,disjoint_bag_coordinate_me_single_point_probe_v1,rank_limited,"requested r=24, stable limit=18, available directions=19",,
airplane vs ship,airplane,ship,1,16,1,linear,small_mu,18,18,17,35,18,30420587.583659295,13953903.152063113,,disjoint_bag_coordinate_me_single_point_probe_v1,ok,,0.8575,0.1
airplane vs ship,airplane,ship,1,16,2,linear,small_mu,18,18,17,35,18,30420587.583659295,13953903.152063113,large_mu,disjoint_bag_coordinate_me_single_point_probe_v1,ok,,0.8675,0.1
airplane vs ship,airplane,ship,1,16,4,linear,small_mu,18,18,17,35,18,30420587.583659295,13953903.152063113,large_mu,disjoint_bag_coordinate_me_single_point_probe_v1,ok,,0.88,10.0
airplane vs ship,airplane,ship,1,16,6,linear,small_mu,18,18,17,35,18,30420587.583659295,13953903.152063113,large_mu,disjoint_bag_coordinate_me_single_point_probe_v1,ok,,0.875,10.0
airplane vs ship,airplane,ship,1,16,8,linear,small_mu,18,18,17,35,18,30420587.583659295,13953903.152063113,large_mu,disjoint_bag_coordinate_me_single_point_probe_v1,ok,,0.875,0.1
airplane vs ship,airplane,ship,1,16,10,linear,small_mu,18,18,17,35,18,30420587.583659295,13953903.152063113,large_mu,disjoint_bag_coordinate_me_single_point_probe_v1,ok,,0.87,1.0
airplane vs ship,airplane,ship,1,16,16,linear,small_mu,18,18,17,35,18,30420587.583659295,13953903.152063113,large_mu,disjoint_bag_coordinate_me_single_point_probe_v1,ok,,0.87,1.0
airplane vs ship,airplane,ship,1,16,24,linear,small_mu,18,18,17,35,18,30420587.583659295,13953903.152063113,large_mu,disjoint_bag_coordinate_me_single_point_probe_v1,rank_limited,"requested r=24, stable limit=17, available directions=18",,
airplane vs ship,airplane,ship,1,16,1,rbf,large_mu,18,18,18,35,24,23664.7853610231,24908.990142032013,,disjoint_bag_coordinate_me_single_point_probe_v1,ok,,0.8375,0.1
airplane vs ship,airplane,ship,1,16,2,rbf,large_mu,18,18,18,35,24,23664.7853610231,24908.990142032013,small_mu,disjoint_bag_coordinate_me_single_point_probe_v1,ok,,0.8825,1.0
airplane vs ship,airplane,ship,1,16,4,rbf,large_mu,18,18,18,35,24,23664.7853610231,24908.990142032013,large_mu,disjoint_bag_coordinate_me_single_point_probe_v1,ok,,0.8825,10.0
airplane vs ship,airplane,ship,1,16,6,rbf,large_mu,18,18,18,35,24,23664.7853610231,24908.990142032013,large_mu,disjoint_bag_coordinate_me_single_point_probe_v1,ok,,0.88,0.1
airplane vs ship,airplane,ship,1,16,8,rbf,large_mu,18,18,18,35,24,23664.7853610231,24908.990142032013,large_mu,disjoint_bag_coordinate_me_single_point_probe_v1,ok,,0.8775,10.0
airplane vs ship,airplane,ship,1,16,10,rbf,large_mu,18,18,18,35,24,23664.7853610231,24908.990142032013,large_mu,disjoint_bag_coordinate_me_single_point_probe_v1,ok,,0.88,10.0
airplane vs ship,airplane,ship,1,16,16,rbf,large_mu,18,18,18,35,24,23664.7853610231,24908.990142032013,large_mu,disjoint_bag_coordinate_me_single_point_probe_v1,ok,,0.8825,1.0
airplane vs ship,airplane,ship,1,16,24,rbf,large_mu,18,18,18,35,24,23664.7853610231,24908.990142032013,large_mu,disjoint_bag_coordinate_me_single_point_probe_v1,rank_limited,"requested r=24, stable limit=18, available directions=24",,
airplane vs ship,airplane,ship,1,16,1,rbf,small_mu,18,18,17,35,24,23664.7853610231,24908.990142032013,,disjoint_bag_coordinate_me_single_point_probe_v1,ok,,0.8625,0.1
airplane vs ship,airplane,ship,1,16,2,rbf,small_mu,18,18,17,35,24,23664.7853610231,24908.990142032013,small_mu,disjoint_bag_coordinate_me_single_point_probe_v1,ok,,0.8875,10.0
airplane vs ship,airplane,ship,1,16,4,rbf,small_mu,18,18,17,35,24,23664.7853610231,24908.990142032013,large_mu,disjoint_bag_coordinate_me_single_point_probe_v1,ok,,0.88,1.0
airplane vs ship,airplane,ship,1,16,6,rbf,small_mu,18,18,17,35,24,23664.7853610231,24908.990142032013,large_mu,disjoint_bag_coordinate_me_single_point_probe_v1,ok,,0.885,10.0
airplane vs ship,airplane,ship,1,16,8,rbf,small_mu,18,18,17,35,24,23664.7853610231,24908.990142032013,large_mu,disjoint_bag_coordinate_me_single_point_probe_v1,ok,,0.8775,10.0
airplane vs ship,airplane,ship,1,16,10,rbf,small_mu,18,18,17,35,24,23664.7853610231,24908.990142032013,large_mu,disjoint_bag_coordinate_me_single_point_probe_v1,ok,,0.89,1.0
airplane vs ship,airplane,ship,1,16,16,rbf,small_mu,18,18,17,35,24,23664.7853610231,24908.990142032013,large_mu,disjoint_bag_coordinate_me_single_point_probe_v1,ok,,0.885,1.0
airplane vs ship,airplane,ship,1,16,24,rbf,small_mu,18,18,17,35,24,23664.7853610231,24908.990142032013,large_mu,disjoint_bag_coordinate_me_single_point_probe_v1,rank_limited,"requested r=24, stable limit=17, available directions=24",,
airplane vs ship,airplane,ship,1,16,1,laplacian,large_mu,18,18,18,35,24,18042.373394588216,18755.546372598063,,disjoint_bag_coordinate_me_single_point_probe_v1,ok,,0.855,10.0
airplane vs ship,airplane,ship,1,16,2,laplacian,large_mu,18,18,18,35,24,18042.373394588216,18755.546372598063,small_mu,disjoint_bag_coordinate_me_single_point_probe_v1,ok,,0.89,0.1
airplane vs ship,airplane,ship,1,16,4,laplacian,large_mu,18,18,18,35,24,18042.373394588216,18755.546372598063,large_mu,disjoint_bag_coordinate_me_single_point_probe_v1,ok,,0.885,0.1
airplane vs ship,airplane,ship,1,16,6,laplacian,large_mu,18,18,18,35,24,18042.373394588216,18755.546372598063,large_mu,disjoint_bag_coordinate_me_single_point_probe_v1,ok,,0.885,0.1
airplane vs ship,airplane,ship,1,16,8,laplacian,large_mu,18,18,18,35,24,18042.373394588216,18755.546372598063,large_mu,disjoint_bag_coordinate_me_single_point_probe_v1,ok,,0.8825,1.0
airplane vs ship,airplane,ship,1,16,10,laplacian,large_mu,18,18,18,35,24,18042.373394588216,18755.546372598063,large_mu,disjoint_bag_coordinate_me_single_point_probe_v1,ok,,0.8875,10.0
airplane vs ship,airplane,ship,1,16,16,laplacian,large_mu,18,18,18,35,24,18042.373394588216,18755.546372598063,large_mu,disjoint_bag_coordinate_me_single_point_probe_v1,ok,,0.8875,0.1
airplane vs ship,airplane,ship,1,16,24,laplacian,large_mu,18,18,18,35,24,18042.373394588216,18755.546372598063,large_mu,disjoint_bag_coordinate_me_single_point_probe_v1,rank_limited,"requested r=24, stable limit=18, available directions=24",,
airplane vs ship,airplane,ship,1,16,1,laplacian,small_mu,18,18,17,35,24,18042.373394588216,18755.546372598063,,disjoint_bag_coordinate_me_single_point_probe_v1,ok,,0.875,0.1
airplane vs ship,airplane,ship,1,16,2,laplacian,small_mu,18,18,17,35,24,18042.373394588216,18755.546372598063,small_mu,disjoint_bag_coordinate_me_single_point_probe_v1,ok,,0.8725,0.1
airplane vs ship,airplane,ship,1,16,4,laplacian,small_mu,18,18,17,35,24,18042.373394588216,18755.546372598063,large_mu,disjoint_bag_coordinate_me_single_point_probe_v1,ok,,0.8875,1.0
airplane vs ship,airplane,ship,1,16,6,laplacian,small_mu,18,18,17,35,24,18042.373394588216,18755.546372598063,large_mu,disjoint_bag_coordinate_me_single_point_probe_v1,ok,,0.885,10.0
airplane vs ship,airplane,ship,1,16,8,laplacian,small_mu,18,18,17,35,24,18042.373394588216,18755.546372598063,large_mu,disjoint_bag_coordinate_me_single_point_probe_v1,ok,,0.885,1.0
airplane vs ship,airplane,ship,1,16,10,laplacian,small_mu,18,18,17,35,24,18042.373394588216,18755.546372598063,large_mu,disjoint_bag_coordinate_me_single_point_probe_v1,ok,,0.8875,10.0
airplane vs ship,airplane,ship,1,16,16,laplacian,small_mu,18,18,17,35,24,18042.373394588216,18755.546372598063,large_mu,disjoint_bag_coordinate_me_single_point_probe_v1,ok,,0.885,1.0
airplane vs ship,airplane,ship,1,16,24,laplacian,small_mu,18,18,17,35,24,18042.373394588216,18755.546372598063,large_mu,disjoint_bag_coordinate_me_single_point_probe_v1,rank_limited,"requested r=24, stable limit=17, available directions=24",,
airplane vs ship,airplane,ship,1,16,1,polynomial,large_mu,18,18,18,35,24,139970.8812622138,95154.21723271214,,disjoint_bag_coordinate_me_single_point_probe_v1,ok,,0.8625,0.1
airplane vs ship,airplane,ship,1,16,2,polynomial,large_mu,18,18,18,35,24,139970.8812622138,95154.21723271214,large_mu,disjoint_bag_coordinate_me_single_point_probe_v1,ok,,0.8925,10.0
airplane vs ship,airplane,ship,1,16,4,polynomial,large_mu,18,18,18,35,24,139970.8812622138,95154.21723271214,large_mu,disjoint_bag_coordinate_me_single_point_probe_v1,ok,,0.8825,10.0
airplane vs ship,airplane,ship,1,16,6,polynomial,large_mu,18,18,18,35,24,139970.8812622138,95154.21723271214,large_mu,disjoint_bag_coordinate_me_single_point_probe_v1,ok,,0.885,0.1
airplane vs ship,airplane,ship,1,16,8,polynomial,large_mu,18,18,18,35,24,139970.8812622138,95154.21723271214,large_mu,disjoint_bag_coordinate_me_single_point_probe_v1,ok,,0.8875,10.0
airplane vs ship,airplane,ship,1,16,10,polynomial,large_mu,18,18,18,35,24,139970.8812622138,95154.21723271214,large_mu,disjoint_bag_coordinate_me_single_point_probe_v1,ok,,0.88,0.1
airplane vs ship,airplane,ship,1,16,16,polynomial,large_mu,18,18,18,35,24,139970.8812622138,95154.21723271214,large_mu,disjoint_bag_coordinate_me_single_point_probe_v1,ok,,0.8875,1.0
airplane vs ship,airplane,ship,1,16,24,polynomial,large_mu,18,18,18,35,24,139970.8812622138,95154.21723271214,large_mu,disjoint_bag_coordinate_me_single_point_probe_v1,rank_limited,"requested r=24, stable limit=18, available directions=24",,
airplane vs ship,airplane,ship,1,16,1,polynomial,small_mu,18,18,17,35,24,139970.8812622138,95154.21723271214,,disjoint_bag_coordinate_me_single_point_probe_v1,ok,,0.875,1.0
airplane vs ship,airplane,ship,1,16,2,polynomial,small_mu,18,18,17,35,24,139970.8812622138,95154.21723271214,large_mu,disjoint_bag_coordinate_me_single_point_probe_v1,ok,,0.87,0.1
airplane vs ship,airplane,ship,1,16,4,polynomial,small_mu,18,18,17,35,24,139970.8812622138,95154.21723271214,large_mu,disjoint_bag_coordinate_me_single_point_probe_v1,ok,,0.885,1.0
airplane vs ship,airplane,ship,1,16,6,polynomial,small_mu,18,18,17,35,24,139970.8812622138,95154.21723271214,large_mu,disjoint_bag_coordinate_me_single_point_probe_v1,ok,,0.885,1.0
airplane vs ship,airplane,ship,1,16,8,polynomial,small_mu,18,18,17,35,24,139970.8812622138,95154.21723271214,large_mu,disjoint_bag_coordinate_me_single_point_probe_v1,ok,,0.8825,1.0
airplane vs ship,airplane,ship,1,16,10,polynomial,small_mu,18,18,17,35,24,139970.8812622138,95154.21723271214,large_mu,disjoint_bag_coordinate_me_single_point_probe_v1,ok,,0.885,0.1
airplane vs ship,airplane,ship,1,16,16,polynomial,small_mu,18,18,17,35,24,139970.8812622138,95154.21723271214,large_mu,disjoint_bag_coordinate_me_single_point_probe_v1,ok,,0.89,0.1
airplane vs ship,airplane,ship,1,16,24,polynomial,small_mu,18,18,17,35,24,139970.8812622138,95154.21723271214,large_mu,disjoint_bag_coordinate_me_single_point_probe_v1,rank_limited,"requested r=24, stable limit=17, available directions=24",,
airplane vs ship,airplane,ship,1,16,1,sigmoid,large_mu,18,18,18,35,24,51537.44831778942,16330.596696614764,,disjoint_bag_coordinate_me_single_point_probe_v1,ok,,0.84,0.1
airplane vs ship,airplane,ship,1,16,2,sigmoid,large_mu,18,18,18,35,24,51537.44831778942,16330.596696614764,large_mu,disjoint_bag_coordinate_me_single_point_probe_v1,ok,,0.855,10.0
airplane vs ship,airplane,ship,1,16,4,sigmoid,large_mu,18,18,18,35,24,51537.44831778942,16330.596696614764,large_mu,disjoint_bag_coordinate_me_single_point_probe_v1,ok,,0.855,1.0
airplane vs ship,airplane,ship,1,16,6,sigmoid,large_mu,18,18,18,35,24,51537.44831778942,16330.596696614764,large_mu,disjoint_bag_coordinate_me_single_point_probe_v1,ok,,0.86,0.1
airplane vs ship,airplane,ship,1,16,8,sigmoid,large_mu,18,18,18,35,24,51537.44831778942,16330.596696614764,large_mu,disjoint_bag_coordinate_me_single_point_probe_v1,ok,,0.8575,1.0
airplane vs ship,airplane,ship,1,16,10,sigmoid,large_mu,18,18,18,35,24,51537.44831778942,16330.596696614764,large_mu,disjoint_bag_coordinate_me_single_point_probe_v1,ok,,0.8575,1.0
airplane vs ship,airplane,ship,1,16,16,sigmoid,large_mu,18,18,18,35,24,51537.44831778942,16330.596696614764,large_mu,disjoint_bag_coordinate_me_single_point_probe_v1,ok,,0.86,0.1
airplane vs ship,airplane,ship,1,16,24,sigmoid,large_mu,18,18,18,35,24,51537.44831778942,16330.596696614764,large_mu,disjoint_bag_coordinate_me_single_point_probe_v1,rank_limited,"requested r=24, stable limit=18, available directions=24",,
airplane vs ship,airplane,ship,1,16,1,sigmoid,small_mu,18,18,17,35,24,51537.44831778942,16330.596696614764,,disjoint_bag_coordinate_me_single_point_probe_v1,ok,,0.8,1.0
airplane vs ship,airplane,ship,1,16,2,sigmoid,small_mu,18,18,17,35,24,51537.44831778942,16330.596696614764,large_mu,disjoint_bag_coordinate_me_single_point_probe_v1,ok,,0.81,0.1
airplane vs ship,airplane,ship,1,16,4,sigmoid,small_mu,18,18,17,35,24,51537.44831778942,16330.596696614764,large_mu,disjoint_bag_coordinate_me_single_point_probe_v1,ok,,0.8125,0.1
airplane vs ship,airplane,ship,1,16,6,sigmoid,small_mu,18,18,17,35,24,51537.44831778942,16330.596696614764,large_mu,disjoint_bag_coordinate_me_single_point_probe_v1,ok,,0.855,1.0
airplane vs ship,airplane,ship,1,16,8,sigmoid,small_mu,18,18,17,35,24,51537.44831778942,16330.596696614764,large_mu,disjoint_bag_coordinate_me_single_point_probe_v1,ok,,0.8425,0.1
airplane vs ship,airplane,ship,1,16,10,sigmoid,small_mu,18,18,17,35,24,51537.44831778942,16330.596696614764,large_mu,disjoint_bag_coordinate_me_single_point_probe_v1,ok,,0.8375,1.0
airplane vs ship,airplane,ship,1,16,16,sigmoid,small_mu,18,18,17,35,24,51537.44831778942,16330.596696614764,large_mu,disjoint_bag_coordinate_me_single_point_probe_v1,ok,,0.86,0.1
airplane vs ship,airplane,ship,1,16,24,sigmoid,small_mu,18,18,17,35,24,51537.44831778942,16330.596696614764,large_mu,disjoint_bag_coordinate_me_single_point_probe_v1,rank_limited,"requested r=24, stable limit=17, available directions=24",,
airplane vs ship,airplane,ship,2,4,1,linear,large_mu,75,75,75,149,24,16573904.189195735,37908261.24269738,,disjoint_bag_coordinate_me_single_point_probe_v1,ok,,0.8875,0.1
airplane vs ship,airplane,ship,2,4,2,linear,large_mu,75,75,75,149,24,16573904.189195735,37908261.24269738,small_mu,disjoint_bag_coordinate_me_single_point_probe_v1,ok,,0.885,0.1
airplane vs ship,airplane,ship,2,4,4,linear,large_mu,75,75,75,149,24,16573904.189195735,37908261.24269738,large_mu,disjoint_bag_coordinate_me_single_point_probe_v1,ok,,0.8925,0.1
airplane vs ship,airplane,ship,2,4,6,linear,large_mu,75,75,75,149,24,16573904.189195735,37908261.24269738,large_mu,disjoint_bag_coordinate_me_single_point_probe_v1,ok,,0.9075,1.0
airplane vs ship,airplane,ship,2,4,8,linear,large_mu,75,75,75,149,24,16573904.189195735,37908261.24269738,large_mu,disjoint_bag_coordinate_me_single_point_probe_v1,ok,,0.9225,1.0
airplane vs ship,airplane,ship,2,4,10,linear,large_mu,75,75,75,149,24,16573904.189195735,37908261.24269738,large_mu,disjoint_bag_coordinate_me_single_point_probe_v1,ok,,0.925,0.1
airplane vs ship,airplane,ship,2,4,16,linear,large_mu,75,75,75,149,24,16573904.189195735,37908261.24269738,large_mu,disjoint_bag_coordinate_me_single_point_probe_v1,ok,,0.9175,10.0
airplane vs ship,airplane,ship,2,4,24,linear,large_mu,75,75,75,149,24,16573904.189195735,37908261.24269738,large_mu,disjoint_bag_coordinate_me_single_point_probe_v1,ok,,0.91,10.0
airplane vs ship,airplane,ship,2,4,1,linear,small_mu,75,75,74,149,24,16573904.189195735,37908261.24269738,,disjoint_bag_coordinate_me_single_point_probe_v1,ok,,0.8875,1.0
airplane vs ship,airplane,ship,2,4,2,linear,small_mu,75,75,74,149,24,16573904.189195735,37908261.24269738,small_mu,disjoint_bag_coordinate_me_single_point_probe_v1,ok,,0.8925,1.0
airplane vs ship,airplane,ship,2,4,4,linear,small_mu,75,75,74,149,24,16573904.189195735,37908261.24269738,large_mu,disjoint_bag_coordinate_me_single_point_probe_v1,ok,,0.895,0.1
airplane vs ship,airplane,ship,2,4,6,linear,small_mu,75,75,74,149,24,16573904.189195735,37908261.24269738,large_mu,disjoint_bag_coordinate_me_single_point_probe_v1,ok,,0.9,1.0
airplane vs ship,airplane,ship,2,4,8,linear,small_mu,75,75,74,149,24,16573904.189195735,37908261.24269738,large_mu,disjoint_bag_coordinate_me_single_point_probe_v1,ok,,0.895,0.1
airplane vs ship,airplane,ship,2,4,10,linear,small_mu,75,75,74,149,24,16573904.189195735,37908261.24269738,large_mu,disjoint_bag_coordinate_me_single_point_probe_v1,ok,,0.8925,1.0
airplane vs ship,airplane,ship,2,4,16,linear,small_mu,75,75,74,149,24,16573904.189195735,37908261.24269738,large_mu,disjoint_bag_coordinate_me_single_point_probe_v1,ok,,0.91,1.0
airplane vs ship,airplane,ship,2,4,24,linear,small_mu,75,75,74,149,24,16573904.189195735,37908261.24269738,large_mu,disjoint_bag_coordinate_me_single_point_probe_v1,ok,,0.91,0.1
airplane vs ship,airplane,ship,2,4,1,rbf,large_mu,75,75,75,149,24,17520.754768003844,98182.84076481602,,disjoint_bag_coordinate_me_single_point_probe_v1,ok,,0.915,10.0
airplane vs ship,airplane,ship,2,4,2,rbf,large_mu,75,75,75,149,24,17520.754768003844,98182.84076481602,small_mu,disjoint_bag_coordinate_me_single_point_probe_v1,ok,,0.935,1.0
airplane vs ship,airplane,ship,2,4,4,rbf,large_mu,75,75,75,149,24,17520.754768003844,98182.84076481602,small_mu,disjoint_bag_coordinate_me_single_point_probe_v1,ok,,0.9275,10.0
airplane vs ship,airplane,ship,2,4,6,rbf,large_mu,75,75,75,149,24,17520.754768003844,98182.84076481602,small_mu,disjoint_bag_coordinate_me_single_point_probe_v1,ok,,0.9225,10.0
airplane vs ship,airplane,ship,2,4,8,rbf,large_mu,75,75,75,149,24,17520.754768003844,98182.84076481602,large_mu,disjoint_bag_coordinate_me_single_point_probe_v1,ok,,0.93,1.0
airplane vs ship,airplane,ship,2,4,10,rbf,large_mu,75,75,75,149,24,17520.754768003844,98182.84076481602,large_mu,disjoint_bag_coordinate_me_single_point_probe_v1,ok,,0.9125,10.0
airplane vs ship,airplane,ship,2,4,16,rbf,large_mu,75,75,75,149,24,17520.754768003844,98182.84076481602,large_mu,disjoint_bag_coordinate_me_single_point_probe_v1,ok,,0.935,1.0
airplane vs ship,airplane,ship,2,4,24,rbf,large_mu,75,75,75,149,24,17520.754768003844,98182.84076481602,large_mu,disjoint_bag_coordinate_me_single_point_probe_v1,ok,,0.9275,0.1
airplane vs ship,airplane,ship,2,4,1,rbf,small_mu,75,75,74,149,24,17520.754768003844,98182.84076481602,,disjoint_bag_coordinate_me_single_point_probe_v1,ok,,0.9375,0.1
airplane vs ship,airplane,ship,2,4,2,rbf,small_mu,75,75,74,149,24,17520.754768003844,98182.84076481602,small_mu,disjoint_bag_coordinate_me_single_point_probe_v1,ok,,0.9375,1.0
airplane vs ship,airplane,ship,2,4,4,rbf,small_mu,75,75,74,149,24,17520.754768003844,98182.84076481602,small_mu,disjoint_bag_coordinate_me_single_point_probe_v1,ok,,0.93,10.0
airplane vs ship,airplane,ship,2,4,6,rbf,small_mu,75,75,74,149,24,17520.754768003844,98182.84076481602,small_mu,disjoint_bag_coordinate_me_single_point_probe_v1,ok,,0.9325,1.0
airplane vs ship,airplane,ship,2,4,8,rbf,small_mu,75,75,74,149,24,17520.754768003844,98182.84076481602,large_mu,disjoint_bag_coordinate_me_single_point_probe_v1,ok,,0.9375,1.0
airplane vs ship,airplane,ship,2,4,10,rbf,small_mu,75,75,74,149,24,17520.754768003844,98182.84076481602,large_mu,disjoint_bag_coordinate_me_single_point_probe_v1,ok,,0.9375,1.0
airplane vs ship,airplane,ship,2,4,16,rbf,small_mu,75,75,74,149,24,17520.754768003844,98182.84076481602,large_mu,disjoint_bag_coordinate_me_single_point_probe_v1,ok,,0.9325,1.0
airplane vs ship,airplane,ship,2,4,24,rbf,small_mu,75,75,74,149,24,17520.754768003844,98182.84076481602,large_mu,disjoint_bag_coordinate_me_single_point_probe_v1,ok,,0.93,1.0
airplane vs ship,airplane,ship,2,4,1,laplacian,large_mu,75,75,75,149,24,13829.58524477935,74336.61766937256,,disjoint_bag_coordinate_me_single_point_probe_v1,ok,,0.92,0.1
airplane vs ship,airplane,ship,2,4,2,laplacian,large_mu,75,75,75,149,24,13829.58524477935,74336.61766937256,small_mu,disjoint_bag_coordinate_me_single_point_probe_v1,ok,,0.9325,1.0
airplane vs ship,airplane,ship,2,4,4,laplacian,large_mu,75,75,75,149,24,13829.58524477935,74336.61766937256,small_mu,disjoint_bag_coordinate_me_single_point_probe_v1,ok,,0.925,1.0
airplane vs ship,airplane,ship,2,4,6,laplacian,large_mu,75,75,75,149,24,13829.58524477935,74336.61766937256,small_mu,disjoint_bag_coordinate_me_single_point_probe_v1,ok,,0.93,10.0
airplane vs ship,airplane,ship,2,4,8,laplacian,large_mu,75,75,75,149,24,13829.58524477935,74336.61766937256,large_mu,disjoint_bag_coordinate_me_single_point_probe_v1,ok,,0.9275,1.0
airplane vs ship,airplane,ship,2,4,10,laplacian,large_mu,75,75,75,149,24,13829.58524477935,74336.61766937256,large_mu,disjoint_bag_coordinate_me_single_point_probe_v1,ok,,0.93,10.0
airplane vs ship,airplane,ship,2,4,16,laplacian,large_mu,75,75,75,149,24,13829.58524477935,74336.61766937256,large_mu,disjoint_bag_coordinate_me_single_point_probe_v1,ok,,0.9325,1.0
airplane vs ship,airplane,ship,2,4,24,laplacian,large_mu,75,75,75,149,24,13829.58524477935,74336.61766937256,large_mu,disjoint_bag_coordinate_me_single_point_probe_v1,ok,,0.94,1.0
airplane vs ship,airplane,ship,2,4,1,laplacian,small_mu,75,75,74,149,24,13829.58524477935,74336.61766937256,,disjoint_bag_coordinate_me_single_point_probe_v1,ok,,0.94,0.1
airplane vs ship,airplane,ship,2,4,2,laplacian,small_mu,75,75,74,149,24,13829.58524477935,74336.61766937256,small_mu,disjoint_bag_coordinate_me_single_point_probe_v1,ok,,0.94,1.0
airplane vs ship,airplane,ship,2,4,4,laplacian,small_mu,75,75,74,149,24,13829.58524477935,74336.61766937256,small_mu,disjoint_bag_coordinate_me_single_point_probe_v1,ok,,0.9425,1.0
airplane vs ship,airplane,ship,2,4,6,laplacian,small_mu,75,75,74,149,24,13829.58524477935,74336.61766937256,small_mu,disjoint_bag_coordinate_me_single_point_probe_v1,ok,,0.9425,1.0
airplane vs ship,airplane,ship,2,4,8,laplacian,small_mu,75,75,74,149,24,13829.58524477935,74336.61766937256,large_mu,disjoint_bag_coordinate_me_single_point_probe_v1,ok,,0.9425,10.0
airplane vs ship,airplane,ship,2,4,10,laplacian,small_mu,75,75,74,149,24,13829.58524477935,74336.61766937256,large_mu,disjoint_bag_coordinate_me_single_point_probe_v1,ok,,0.94,10.0
airplane vs ship,airplane,ship,2,4,16,laplacian,small_mu,75,75,74,149,24,13829.58524477935,74336.61766937256,large_mu,disjoint_bag_coordinate_me_single_point_probe_v1,ok,,0.9275,10.0
airplane vs ship,airplane,ship,2,4,24,laplacian,small_mu,75,75,74,149,24,13829.58524477935,74336.61766937256,large_mu,disjoint_bag_coordinate_me_single_point_probe_v1,ok,,0.9325,1.0
airplane vs ship,airplane,ship,2,4,1,polynomial,large_mu,75,75,75,149,24,96121.14753075172,335417.1247455519,,disjoint_bag_coordinate_me_single_point_probe_v1,ok,,0.9125,10.0
airplane vs ship,airplane,ship,2,4,2,polynomial,large_mu,75,75,75,149,24,96121.14753075172,335417.1247455519,small_mu,disjoint_bag_coordinate_me_single_point_probe_v1,ok,,0.92,0.1
airplane vs ship,airplane,ship,2,4,4,polynomial,large_mu,75,75,75,149,24,96121.14753075172,335417.1247455519,small_mu,disjoint_bag_coordinate_me_single_point_probe_v1,ok,,0.9225,0.1
airplane vs ship,airplane,ship,2,4,6,polynomial,large_mu,75,75,75,149,24,96121.14753075172,335417.1247455519,large_mu,disjoint_bag_coordinate_me_single_point_probe_v1,ok,,0.9275,1.0
airplane vs ship,airplane,ship,2,4,8,polynomial,large_mu,75,75,75,149,24,96121.14753075172,335417.1247455519,large_mu,disjoint_bag_coordinate_me_single_point_probe_v1,ok,,0.93,10.0
airplane vs ship,airplane,ship,2,4,10,polynomial,large_mu,75,75,75,149,24,96121.14753075172,335417.1247455519,large_mu,disjoint_bag_coordinate_me_single_point_probe_v1,ok,,0.93,1.0
airplane vs ship,airplane,ship,2,4,16,polynomial,large_mu,75,75,75,149,24,96121.14753075172,335417.1247455519,large_mu,disjoint_bag_coordinate_me_single_point_probe_v1,ok,,0.9175,1.0
airplane vs ship,airplane,ship,2,4,24,polynomial,large_mu,75,75,75,149,24,96121.14753075172,335417.1247455519,large_mu,disjoint_bag_coordinate_me_single_point_probe_v1,ok,,0.93,0.1
airplane vs ship,airplane,ship,2,4,1,polynomial,small_mu,75,75,74,149,24,96121.14753075172,335417.1247455519,,disjoint_bag_coordinate_me_single_point_probe_v1,ok,,0.9275,1.0
airplane vs ship,airplane,ship,2,4,2,polynomial,small_mu,75,75,74,149,24,96121.14753075172,335417.1247455519,small_mu,disjoint_bag_coordinate_me_single_point_probe_v1,ok,,0.925,1.0
airplane vs ship,airplane,ship,2,4,4,polynomial,small_mu,75,75,74,149,24,96121.14753075172,335417.1247455519,small_mu,disjoint_bag_coordinate_me_single_point_probe_v1,ok,,0.935,10.0
airplane vs ship,airplane,ship,2,4,6,polynomial,small_mu,75,75,74,149,24,96121.14753075172,335417.1247455519,large_mu,disjoint_bag_coordinate_me_single_point_probe_v1,ok,,0.93,1.0
airplane vs ship,airplane,ship,2,4,8,polynomial,small_mu,75,75,74,149,24,96121.14753075172,335417.1247455519,large_mu,disjoint_bag_coordinate_me_single_point_probe_v1,ok,,0.93,10.0
airplane vs ship,airplane,ship,2,4,10,polynomial,small_mu,75,75,74,149,24,96121.14753075172,335417.1247455519,large_mu,disjoint_bag_coordinate_me_single_point_probe_v1,ok,,0.925,10.0
airplane vs ship,airplane,ship,2,4,16,polynomial,small_mu,75,75,74,149,24,96121.14753075172,335417.1247455519,large_mu,disjoint_bag_coordinate_me_single_point_probe_v1,ok,,0.9225,10.0
airplane vs ship,airplane,ship,2,4,24,polynomial,small_mu,75,75,74,149,24,96121.14753075172,335417.1247455519,large_mu,disjoint_bag_coordinate_me_single_point_probe_v1,ok,,0.9225,1.0
airplane vs ship,airplane,ship,2,4,1,sigmoid,large_mu,75,75,75,109,24,14744.87601673819,24028.95818712818,,disjoint_bag_coordinate_me_single_point_probe_v1,ok,,0.8225,0.1
airplane vs ship,airplane,ship,2,4,2,sigmoid,large_mu,75,75,75,109,24,14744.87601673819,24028.95818712818,small_mu,disjoint_bag_coordinate_me_single_point_probe_v1,ok,,0.82,0.1
airplane vs ship,airplane,ship,2,4,4,sigmoid,large_mu,75,75,75,109,24,14744.87601673819,24028.95818712818,large_mu,disjoint_bag_coordinate_me_single_point_probe_v1,ok,,0.815,0.1
airplane vs ship,airplane,ship,2,4,6,sigmoid,large_mu,75,75,75,109,24,14744.87601673819,24028.95818712818,large_mu,disjoint_bag_coordinate_me_single_point_probe_v1,ok,,0.81,0.1
airplane vs ship,airplane,ship,2,4,8,sigmoid,large_mu,75,75,75,109,24,14744.87601673819,24028.95818712818,large_mu,disjoint_bag_coordinate_me_single_point_probe_v1,ok,,0.7925,1.0
airplane vs ship,airplane,ship,2,4,10,sigmoid,large_mu,75,75,75,109,24,14744.87601673819,24028.95818712818,large_mu,disjoint_bag_coordinate_me_single_point_probe_v1,ok,,0.7875,10.0
airplane vs ship,airplane,ship,2,4,16,sigmoid,large_mu,75,75,75,109,24,14744.87601673819,24028.95818712818,large_mu,disjoint_bag_coordinate_me_single_point_probe_v1,ok,,0.7975,1.0
airplane vs ship,airplane,ship,2,4,24,sigmoid,large_mu,75,75,75,109,24,14744.87601673819,24028.95818712818,large_mu,disjoint_bag_coordinate_me_single_point_probe_v1,ok,,0.8125,0.1
airplane vs ship,airplane,ship,2,4,1,sigmoid,small_mu,75,75,74,109,24,14744.87601673819,24028.95818712818,,disjoint_bag_coordinate_me_single_point_probe_v1,ok,,0.7325,0.1
airplane vs ship,airplane,ship,2,4,2,sigmoid,small_mu,75,75,74,109,24,14744.87601673819,24028.95818712818,small_mu,disjoint_bag_coordinate_me_single_point_probe_v1,ok,,0.725,0.1
airplane vs ship,airplane,ship,2,4,4,sigmoid,small_mu,75,75,74,109,24,14744.87601673819,24028.95818712818,large_mu,disjoint_bag_coordinate_me_single_point_probe_v1,ok,,0.74,0.1
airplane vs ship,airplane,ship,2,4,6,sigmoid,small_mu,75,75,74,109,24,14744.87601673819,24028.95818712818,large_mu,disjoint_bag_coordinate_me_single_point_probe_v1,ok,,0.7575,0.1
airplane vs ship,airplane,ship,2,4,8,sigmoid,small_mu,75,75,74,109,24,14744.87601673819,24028.95818712818,large_mu,disjoint_bag_coordinate_me_single_point_probe_v1,ok,,0.7825,0.1
airplane vs ship,airplane,ship,2,4,10,sigmoid,small_mu,75,75,74,109,24,14744.87601673819,24028.95818712818,large_mu,disjoint_bag_coordinate_me_single_point_probe_v1,ok,,0.785,1.0
airplane vs ship,airplane,ship,2,4,16,sigmoid,small_mu,75,75,74,109,24,14744.87601673819,24028.95818712818,large_mu,disjoint_bag_coordinate_me_single_point_probe_v1,ok,,0.7975,0.1
airplane vs ship,airplane,ship,2,4,24,sigmoid,small_mu,75,75,74,109,24,14744.87601673819,24028.95818712818,large_mu,disjoint_bag_coordinate_me_single_point_probe_v1,ok,,0.8125,0.1
airplane vs ship,airplane,ship,2,8,1,linear,large_mu,37,37,37,73,24,18613279.364988633,24216248.79500123,,disjoint_bag_coordinate_me_single_point_probe_v1,ok,,0.895,1.0
airplane vs ship,airplane,ship,2,8,2,linear,large_mu,37,37,37,73,24,18613279.364988633,24216248.79500123,small_mu,disjoint_bag_coordinate_me_single_point_probe_v1,ok,,0.9,1.0
airplane vs ship,airplane,ship,2,8,4,linear,large_mu,37,37,37,73,24,18613279.364988633,24216248.79500123,large_mu,disjoint_bag_coordinate_me_single_point_probe_v1,ok,,0.91,1.0
airplane vs ship,airplane,ship,2,8,6,linear,large_mu,37,37,37,73,24,18613279.364988633,24216248.79500123,large_mu,disjoint_bag_coordinate_me_single_point_probe_v1,ok,,0.9125,0.1
airplane vs ship,airplane,ship,2,8,8,linear,large_mu,37,37,37,73,24,18613279.364988633,24216248.79500123,large_mu,disjoint_bag_coordinate_me_single_point_probe_v1,ok,,0.9175,1.0
airplane vs ship,airplane,ship,2,8,10,linear,large_mu,37,37,37,73,24,18613279.364988633,24216248.79500123,large_mu,disjoint_bag_coordinate_me_single_point_probe_v1,ok,,0.9125,1.0
airplane vs ship,airplane,ship,2,8,16,linear,large_mu,37,37,37,73,24,18613279.364988633,24216248.79500123,large_mu,disjoint_bag_coordinate_me_single_point_probe_v1,ok,,0.9225,1.0
airplane vs ship,airplane,ship,2,8,24,linear,large_mu,37,37,37,73,24,18613279.364988633,24216248.79500123,large_mu,disjoint_bag_coordinate_me_single_point_probe_v1,ok,,0.9225,1.0
airplane vs ship,airplane,ship,2,8,1,linear,small_mu,37,37,36,73,24,18613279.364988633,24216248.79500123,,disjoint_bag_coordinate_me_single_point_probe_v1,ok,,0.895,0.1
airplane vs ship,airplane,ship,2,8,2,linear,small_mu,37,37,36,73,24,18613279.364988633,24216248.79500123,small_mu,disjoint_bag_coordinate_me_single_point_probe_v1,ok,,0.88,0.1
airplane vs ship,airplane,ship,2,8,4,linear,small_mu,37,37,36,73,24,18613279.364988633,24216248.79500123,large_mu,disjoint_bag_coordinate_me_single_point_probe_v1,ok,,0.9025,1.0
airplane vs ship,airplane,ship,2,8,6,linear,small_mu,37,37,36,73,24,18613279.364988633,24216248.79500123,large_mu,disjoint_bag_coordinate_me_single_point_probe_v1,ok,,0.8875,0.1
airplane vs ship,airplane,ship,2,8,8,linear,small_mu,37,37,36,73,24,18613279.364988633,24216248.79500123,large_mu,disjoint_bag_coordinate_me_single_point_probe_v1,ok,,0.8975,10.0
airplane vs ship,airplane,ship,2,8,10,linear,small_mu,37,37,36,73,24,18613279.364988633,24216248.79500123,large_mu,disjoint_bag_coordinate_me_single_point_probe_v1,ok,,0.9175,1.0
airplane vs ship,airplane,ship,2,8,16,linear,small_mu,37,37,36,73,24,18613279.364988633,24216248.79500123,large_mu,disjoint_bag_coordinate_me_single_point_probe_v1,ok,,0.8925,0.1
airplane vs ship,airplane,ship,2,8,24,linear,small_mu,37,37,36,73,24,18613279.364988633,24216248.79500123,large_mu,disjoint_bag_coordinate_me_single_point_probe_v1,ok,,0.885,0.1
airplane vs ship,airplane,ship,2,8,1,rbf,large_mu,37,37,37,73,24,18710.295332063382,50191.26835763852,,disjoint_bag_coordinate_me_single_point_probe_v1,ok,,0.92,1.0
airplane vs ship,airplane,ship,2,8,2,rbf,large_mu,37,37,37,73,24,18710.295332063382,50191.26835763852,small_mu,disjoint_bag_coordinate_me_single_point_probe_v1,ok,,0.925,0.1
airplane vs ship,airplane,ship,2,8,4,rbf,large_mu,37,37,37,73,24,18710.295332063382,50191.26835763852,large_mu,disjoint_bag_coordinate_me_single_point_probe_v1,ok,,0.93,10.0
airplane vs ship,airplane,ship,2,8,6,rbf,large_mu,37,37,37,73,24,18710.295332063382,50191.26835763852,large_mu,disjoint_bag_coordinate_me_single_point_probe_v1,ok,,0.9275,10.0
airplane vs ship,airplane,ship,2,8,8,rbf,large_mu,37,37,37,73,24,18710.295332063382,50191.26835763852,large_mu,disjoint_bag_coordinate_me_single_point_probe_v1,ok,,0.9275,10.0
airplane vs ship,airplane,ship,2,8,10,rbf,large_mu,37,37,37,73,24,18710.295332063382,50191.26835763852,large_mu,disjoint_bag_coordinate_me_single_point_probe_v1,ok,,0.9275,0.1
airplane vs ship,airplane,ship,2,8,16,rbf,large_mu,37,37,37,73,24,18710.295332063382,50191.26835763852,large_mu,disjoint_bag_coordinate_me_single_point_probe_v1,ok,,0.9275,1.0
airplane vs ship,airplane,ship,2,8,24,rbf,large_mu,37,37,37,73,24,18710.295332063382,50191.26835763852,large_mu,disjoint_bag_coordinate_me_single_point_probe_v1,ok,,0.935,0.1
airplane vs ship,airplane,ship,2,8,1,rbf,small_mu,37,37,36,73,24,18710.295332063382,50191.26835763852,,disjoint_bag_coordinate_me_single_point_probe_v1,ok,,0.915,1.0
airplane vs ship,airplane,ship,2,8,2,rbf,small_mu,37,37,36,73,24,18710.295332063382,50191.26835763852,small_mu,disjoint_bag_coordinate_me_single_point_probe_v1,ok,,0.92,1.0
airplane vs ship,airplane,ship,2,8,4,rbf,small_mu,37,37,36,73,24,18710.295332063382,50191.26835763852,large_mu,disjoint_bag_coordinate_me_single_point_probe_v1,ok,,0.9225,1.0
airplane vs ship,airplane,ship,2,8,6,rbf,small_mu,37,37,36,73,24,18710.295332063382,50191.26835763852,large_mu,disjoint_bag_coordinate_me_single_point_probe_v1,ok,,0.92,1.0
airplane vs ship,airplane,ship,2,8,8,rbf,small_mu,37,37,36,73,24,18710.295332063382,50191.26835763852,large_mu,disjoint_bag_coordinate_me_single_point_probe_v1,ok,,0.9275,10.0
airplane vs ship,airplane,ship,2,8,10,rbf,small_mu,37,37,36,73,24,18710.295332063382,50191.26835763852,large_mu,disjoint_bag_coordinate_me_single_point_probe_v1,ok,,0.935,1.0
airplane vs ship,airplane,ship,2,8,16,rbf,small_mu,37,37,36,73,24,18710.295332063382,50191.26835763852,large_mu,disjoint_bag_coordinate_me_single_point_probe_v1,ok,,0.93,10.0
airplane vs ship,airplane,ship,2,8,24,rbf,small_mu,37,37,36,73,24,18710.295332063382,50191.26835763852,large_mu,disjoint_bag_coordinate_me_single_point_probe_v1,ok,,0.935,1.0
airplane vs ship,airplane,ship,2,8,1,laplacian,large_mu,37,37,37,73,24,14575.734119256613,37791.04067837831,,disjoint_bag_coordinate_me_single_point_probe_v1,ok,,0.9225,10.0
airplane vs ship,airplane,ship,2,8,2,laplacian,large_mu,37,37,37,73,24,14575.734119256613,37791.04067837831,small_mu,disjoint_bag_coordinate_me_single_point_probe_v1,ok,,0.9225,1.0
airplane vs ship,airplane,ship,2,8,4,laplacian,large_mu,37,37,37,73,24,14575.734119256613,37791.04067837831,large_mu,disjoint_bag_coordinate_me_single_point_probe_v1,ok,,0.9225,0.1
airplane vs ship,airplane,ship,2,8,6,laplacian,large_mu,37,37,37,73,24,14575.734119256613,37791.04067837831,large_mu,disjoint_bag_coordinate_me_single_point_probe_v1,ok,,0.9275,1.0
airplane vs ship,airplane,ship,2,8,8,laplacian,large_mu,37,37,37,73,24,14575.734119256613,37791.04067837831,large_mu,disjoint_bag_coordinate_me_single_point_probe_v1,ok,,0.9275,0.1
airplane vs ship,airplane,ship,2,8,10,laplacian,large_mu,37,37,37,73,24,14575.734119256613,37791.04067837831,large_mu,disjoint_bag_coordinate_me_single_point_probe_v1,ok,,0.9325,10.0
airplane vs ship,airplane,ship,2,8,16,laplacian,large_mu,37,37,37,73,24,14575.734119256613,37791.04067837831,large_mu,disjoint_bag_coordinate_me_single_point_probe_v1,ok,,0.9275,1.0
airplane vs ship,airplane,ship,2,8,24,laplacian,large_mu,37,37,37,73,24,14575.734119256613,37791.04067837831,large_mu,disjoint_bag_coordinate_me_single_point_probe_v1,ok,,0.9325,1.0
airplane vs ship,airplane,ship,2,8,1,laplacian,small_mu,37,37,36,73,24,14575.734119256613,37791.04067837831,,disjoint_bag_coordinate_me_single_point_probe_v1,ok,,0.93,10.0
airplane vs ship,airplane,ship,2,8,2,laplacian,small_mu,37,37,36,73,24,14575.734119256613,37791.04067837831,small_mu,disjoint_bag_coordinate_me_single_point_probe_v1,ok,,0.925,1.0
airplane vs ship,airplane,ship,2,8,4,laplacian,small_mu,37,37,36,73,24,14575.734119256613,37791.04067837831,large_mu,disjoint_bag_coordinate_me_single_point_probe_v1,ok,,0.9225,0.1
airplane vs ship,airplane,ship,2,8,6,laplacian,small_mu,37,37,36,73,24,14575.734119256613,37791.04067837831,large_mu,disjoint_bag_coordinate_me_single_point_probe_v1,ok,,0.92,10.0
airplane vs ship,airplane,ship,2,8,8,laplacian,small_mu,37,37,36,73,24,14575.734119256613,37791.04067837831,large_mu,disjoint_bag_coordinate_me_single_point_probe_v1,ok,,0.935,10.0
airplane vs ship,airplane,ship,2,8,10,laplacian,small_mu,37,37,36,73,24,14575.734119256613,37791.04067837831,large_mu,disjoint_bag_coordinate_me_single_point_probe_v1,ok,,0.9325,10.0
airplane vs ship,airplane,ship,2,8,16,laplacian,small_mu,37,37,36,73,24,14575.734119256613,37791.04067837831,large_mu,disjoint_bag_coordinate_me_single_point_probe_v1,ok,,0.9325,1.0
airplane vs ship,airplane,ship,2,8,24,laplacian,small_mu,37,37,36,73,24,14575.734119256613,37791.04067837831,large_mu,disjoint_bag_coordinate_me_single_point_probe_v1,ok,,0.9325,1.0
airplane vs ship,airplane,ship,2,8,1,polynomial,large_mu,37,37,37,73,24,100827.4384980076,182234.80221386708,,disjoint_bag_coordinate_me_single_point_probe_v1,ok,,0.9175,0.1
airplane vs ship,airplane,ship,2,8,2,polynomial,large_mu,37,37,37,73,24,100827.4384980076,182234.80221386708,small_mu,disjoint_bag_coordinate_me_single_point_probe_v1,ok,,0.92,0.1
airplane vs ship,airplane,ship,2,8,4,polynomial,large_mu,37,37,37,73,24,100827.4384980076,182234.80221386708,large_mu,disjoint_bag_coordinate_me_single_point_probe_v1,ok,,0.9175,0.1
airplane vs ship,airplane,ship,2,8,6,polynomial,large_mu,37,37,37,73,24,100827.4384980076,182234.80221386708,large_mu,disjoint_bag_coordinate_me_single_point_probe_v1,ok,,0.915,0.1
airplane vs ship,airplane,ship,2,8,8,polynomial,large_mu,37,37,37,73,24,100827.4384980076,182234.80221386708,large_mu,disjoint_bag_coordinate_me_single_point_probe_v1,ok,,0.915,10.0
airplane vs ship,airplane,ship,2,8,10,polynomial,large_mu,37,37,37,73,24,100827.4384980076,182234.80221386708,large_mu,disjoint_bag_coordinate_me_single_point_probe_v1,ok,,0.9175,0.1
airplane vs ship,airplane,ship,2,8,16,polynomial,large_mu,37,37,37,73,24,100827.4384980076,182234.80221386708,large_mu,disjoint_bag_coordinate_me_single_point_probe_v1,ok,,0.9225,1.0
airplane vs ship,airplane,ship,2,8,24,polynomial,large_mu,37,37,37,73,24,100827.4384980076,182234.80221386708,large_mu,disjoint_bag_coordinate_me_single_point_probe_v1,ok,,0.92,1.0
airplane vs ship,airplane,ship,2,8,1,polynomial,small_mu,37,37,36,73,24,100827.4384980076,182234.80221386708,,disjoint_bag_coordinate_me_single_point_probe_v1,ok,,0.91,0.1
airplane vs ship,airplane,ship,2,8,2,polynomial,small_mu,37,37,36,73,24,100827.4384980076,182234.80221386708,small_mu,disjoint_bag_coordinate_me_single_point_probe_v1,ok,,0.905,10.0
airplane vs ship,airplane,ship,2,8,4,polynomial,small_mu,37,37,36,73,24,100827.4384980076,182234.80221386708,large_mu,disjoint_bag_coordinate_me_single_point_probe_v1,ok,,0.92,0.1
airplane vs ship,airplane,ship,2,8,6,polynomial,small_mu,37,37,36,73,24,100827.4384980076,182234.80221386708,large_mu,disjoint_bag_coordinate_me_single_point_probe_v1,ok,,0.915,10.0
airplane vs ship,airplane,ship,2,8,8,polynomial,small_mu,37,37,36,73,24,100827.4384980076,182234.80221386708,large_mu,disjoint_bag_coordinate_me_single_point_probe_v1,ok,,0.9025,10.0
airplane vs ship,airplane,ship,2,8,10,polynomial,small_mu,37,37,36,73,24,100827.4384980076,182234.80221386708,large_mu,disjoint_bag_coordinate_me_single_point_probe_v1,ok,,0.9175,0.1
airplane vs ship,airplane,ship,2,8,16,polynomial,small_mu,37,37,36,73,24,100827.4384980076,182234.80221386708,large_mu,disjoint_bag_coordinate_me_single_point_probe_v1,ok,,0.9225,1.0
airplane vs ship,airplane,ship,2,8,24,polynomial,small_mu,37,37,36,73,24,100827.4384980076,182234.80221386708,large_mu,disjoint_bag_coordinate_me_single_point_probe_v1,ok,,0.92,1.0
airplane vs ship,airplane,ship,2,8,1,sigmoid,large_mu,37,37,37,66,24,25375.905688950126,22715.12772040827,,disjoint_bag_coordinate_me_single_point_probe_v1,ok,,0.86,0.1
airplane vs ship,airplane,ship,2,8,2,sigmoid,large_mu,37,37,37,66,24,25375.905688950126,22715.12772040827,large_mu,disjoint_bag_coordinate_me_single_point_probe_v1,ok,,0.8625,0.1
airplane vs ship,airplane,ship,2,8,4,sigmoid,large_mu,37,37,37,66,24,25375.905688950126,22715.12772040827,large_mu,disjoint_bag_coordinate_me_single_point_probe_v1,ok,,0.8575,1.0
airplane vs ship,airplane,ship,2,8,6,sigmoid,large_mu,37,37,37,66,24,25375.905688950126,22715.12772040827,large_mu,disjoint_bag_coordinate_me_single_point_probe_v1,ok,,0.8625,0.1
airplane vs ship,airplane,ship,2,8,8,sigmoid,large_mu,37,37,37,66,24,25375.905688950126,22715.12772040827,large_mu,disjoint_bag_coordinate_me_single_point_probe_v1,ok,,0.8575,10.0
airplane vs ship,airplane,ship,2,8,10,sigmoid,large_mu,37,37,37,66,24,25375.905688950126,22715.12772040827,large_mu,disjoint_bag_coordinate_me_single_point_probe_v1,ok,,0.8575,10.0
airplane vs ship,airplane,ship,2,8,16,sigmoid,large_mu,37,37,37,66,24,25375.905688950126,22715.12772040827,large_mu,disjoint_bag_coordinate_me_single_point_probe_v1,ok,,0.8475,0.1
airplane vs ship,airplane,ship,2,8,24,sigmoid,large_mu,37,37,37,66,24,25375.905688950126,22715.12772040827,large_mu,disjoint_bag_coordinate_me_single_point_probe_v1,ok,,0.8475,1.0
airplane vs ship,airplane,ship,2,8,1,sigmoid,small_mu,37,37,36,66,24,25375.905688950126,22715.12772040827,,disjoint_bag_coordinate_me_single_point_probe_v1,ok,,0.76,0.1
airplane vs ship,airplane,ship,2,8,2,sigmoid,small_mu,37,37,36,66,24,25375.905688950126,22715.12772040827,large_mu,disjoint_bag_coordinate_me_single_point_probe_v1,ok,,0.76,0.1
airplane vs ship,airplane,ship,2,8,4,sigmoid,small_mu,37,37,36,66,24,25375.905688950126,22715.12772040827,large_mu,disjoint_bag_coordinate_me_single_point_probe_v1,ok,,0.79,0.1
airplane vs ship,airplane,ship,2,8,6,sigmoid,small_mu,37,37,36,66,24,25375.905688950126,22715.12772040827,large_mu,disjoint_bag_coordinate_me_single_point_probe_v1,ok,,0.78,1.0
airplane vs ship,airplane,ship,2,8,8,sigmoid,small_mu,37,37,36,66,24,25375.905688950126,22715.12772040827,large_mu,disjoint_bag_coordinate_me_single_point_probe_v1,ok,,0.81,1.0
airplane vs ship,airplane,ship,2,8,10,sigmoid,small_mu,37,37,36,66,24,25375.905688950126,22715.12772040827,large_mu,disjoint_bag_coordinate_me_single_point_probe_v1,ok,,0.815,10.0
airplane vs ship,airplane,ship,2,8,16,sigmoid,small_mu,37,37,36,66,24,25375.905688950126,22715.12772040827,large_mu,disjoint_bag_coordinate_me_single_point_probe_v1,ok,,0.8325,0.1
airplane vs ship,airplane,ship,2,8,24,sigmoid,small_mu,37,37,36,66,24,25375.905688950126,22715.12772040827,large_mu,disjoint_bag_coordinate_me_single_point_probe_v1,ok,,0.84,0.1
airplane vs ship,airplane,ship,2,16,1,linear,large_mu,18,18,18,35,19,29954479.335556567,13050828.564463727,,disjoint_bag_coordinate_me_single_point_probe_v1,ok,,0.915,10.0
airplane vs ship,airplane,ship,2,16,2,linear,large_mu,18,18,18,35,19,29954479.335556567,13050828.564463727,large_mu,disjoint_bag_coordinate_me_single_point_probe_v1,ok,,0.91,1.0
airplane vs ship,airplane,ship,2,16,4,linear,large_mu,18,18,18,35,19,29954479.335556567,13050828.564463727,large_mu,disjoint_bag_coordinate_me_single_point_probe_v1,ok,,0.9125,1.0
airplane vs ship,airplane,ship,2,16,6,linear,large_mu,18,18,18,35,19,29954479.335556567,13050828.564463727,large_mu,disjoint_bag_coordinate_me_single_point_probe_v1,ok,,0.9075,10.0
airplane vs ship,airplane,ship,2,16,8,linear,large_mu,18,18,18,35,19,29954479.335556567,13050828.564463727,large_mu,disjoint_bag_coordinate_me_single_point_probe_v1,ok,,0.9175,10.0
airplane vs ship,airplane,ship,2,16,10,linear,large_mu,18,18,18,35,19,29954479.335556567,13050828.564463727,large_mu,disjoint_bag_coordinate_me_single_point_probe_v1,ok,,0.91,1.0
airplane vs ship,airplane,ship,2,16,16,linear,large_mu,18,18,18,35,19,29954479.335556567,13050828.564463727,large_mu,disjoint_bag_coordinate_me_single_point_probe_v1,ok,,0.915,1.0
airplane vs ship,airplane,ship,2,16,24,linear,large_mu,18,18,18,35,19,29954479.335556567,13050828.564463727,large_mu,disjoint_bag_coordinate_me_single_point_probe_v1,rank_limited,"requested r=24, stable limit=18, available directions=19",,
airplane vs ship,airplane,ship,2,16,1,linear,small_mu,18,18,17,35,18,29954479.335556567,13050828.564463727,,disjoint_bag_coordinate_me_single_point_probe_v1,ok,,0.8925,0.1
airplane vs ship,airplane,ship,2,16,2,linear,small_mu,18,18,17,35,18,29954479.335556567,13050828.564463727,large_mu,disjoint_bag_coordinate_me_single_point_probe_v1,ok,,0.8925,1.0
airplane vs ship,airplane,ship,2,16,4,linear,small_mu,18,18,17,35,18,29954479.335556567,13050828.564463727,large_mu,disjoint_bag_coordinate_me_single_point_probe_v1,ok,,0.9025,10.0
airplane vs ship,airplane,ship,2,16,6,linear,small_mu,18,18,17,35,18,29954479.335556567,13050828.564463727,large_mu,disjoint_bag_coordinate_me_single_point_probe_v1,ok,,0.9025,1.0
airplane vs ship,airplane,ship,2,16,8,linear,small_mu,18,18,17,35,18,29954479.335556567,13050828.564463727,large_mu,disjoint_bag_coordinate_me_single_point_probe_v1,ok,,0.8975,10.0
airplane vs ship,airplane,ship,2,16,10,linear,small_mu,18,18,17,35,18,29954479.335556567,13050828.564463727,large_mu,disjoint_bag_coordinate_me_single_point_probe_v1,ok,,0.895,10.0
airplane vs ship,airplane,ship,2,16,16,linear,small_mu,18,18,17,35,18,29954479.335556567,13050828.564463727,large_mu,disjoint_bag_coordinate_me_single_point_probe_v1,ok,,0.89,10.0
airplane vs ship,airplane,ship,2,16,24,linear,small_mu,18,18,17,35,18,29954479.335556567,13050828.564463727,large_mu,disjoint_bag_coordinate_me_single_point_probe_v1,rank_limited,"requested r=24, stable limit=17, available directions=18",,
airplane vs ship,airplane,ship,2,16,1,rbf,large_mu,18,18,18,35,24,21826.957353736416,24606.364696985547,,disjoint_bag_coordinate_me_single_point_probe_v1,ok,,0.8925,10.0
airplane vs ship,airplane,ship,2,16,2,rbf,large_mu,18,18,18,35,24,21826.957353736416,24606.364696985547,small_mu,disjoint_bag_coordinate_me_single_point_probe_v1,ok,,0.905,0.1
airplane vs ship,airplane,ship,2,16,4,rbf,large_mu,18,18,18,35,24,21826.957353736416,24606.364696985547,large_mu,disjoint_bag_coordinate_me_single_point_probe_v1,ok,,0.9025,1.0
airplane vs ship,airplane,ship,2,16,6,rbf,large_mu,18,18,18,35,24,21826.957353736416,24606.364696985547,large_mu,disjoint_bag_coordinate_me_single_point_probe_v1,ok,,0.91,0.1
airplane vs ship,airplane,ship,2,16,8,rbf,large_mu,18,18,18,35,24,21826.957353736416,24606.364696985547,large_mu,disjoint_bag_coordinate_me_single_point_probe_v1,ok,,0.9125,1.0
airplane vs ship,airplane,ship,2,16,10,rbf,large_mu,18,18,18,35,24,21826.957353736416,24606.364696985547,large_mu,disjoint_bag_coordinate_me_single_point_probe_v1,ok,,0.9075,1.0
airplane vs ship,airplane,ship,2,16,16,rbf,large_mu,18,18,18,35,24,21826.957353736416,24606.364696985547,large_mu,disjoint_bag_coordinate_me_single_point_probe_v1,ok,,0.9125,1.0
airplane vs ship,airplane,ship,2,16,24,rbf,large_mu,18,18,18,35,24,21826.957353736416,24606.364696985547,large_mu,disjoint_bag_coordinate_me_single_point_probe_v1,rank_limited,"requested r=24, stable limit=18, available directions=24",,
airplane vs ship,airplane,ship,2,16,1,rbf,small_mu,18,18,17,35,24,21826.957353736416,24606.364696985547,,disjoint_bag_coordinate_me_single_point_probe_v1,ok,,0.9,1.0
airplane vs ship,airplane,ship,2,16,2,rbf,small_mu,18,18,17,35,24,21826.957353736416,24606.364696985547,small_mu,disjoint_bag_coordinate_me_single_point_probe_v1,ok,,0.905,10.0
airplane vs ship,airplane,ship,2,16,4,rbf,small_mu,18,18,17,35,24,21826.957353736416,24606.364696985547,large_mu,disjoint_bag_coordinate_me_single_point_probe_v1,ok,,0.9,0.1
airplane vs ship,airplane,ship,2,16,6,rbf,small_mu,18,18,17,35,24,21826.957353736416,24606.364696985547,large_mu,disjoint_bag_coordinate_me_single_point_probe_v1,ok,,0.9075,1.0
airplane vs ship,airplane,ship,2,16,8,rbf,small_mu,18,18,17,35,24,21826.957353736416,24606.364696985547,large_mu,disjoint_bag_coordinate_me_single_point_probe_v1,ok,,0.91,1.0
airplane vs ship,airplane,ship,2,16,10,rbf,small_mu,18,18,17,35,24,21826.957353736416,24606.364696985547,large_mu,disjoint_bag_coordinate_me_single_point_probe_v1,ok,,0.9075,0.1
airplane vs ship,airplane,ship,2,16,16,rbf,small_mu,18,18,17,35,24,21826.957353736416,24606.364696985547,large_mu,disjoint_bag_coordinate_me_single_point_probe_v1,ok,,0.9125,1.0
airplane vs ship,airplane,ship,2,16,24,rbf,small_mu,18,18,17,35,24,21826.957353736416,24606.364696985547,large_mu,disjoint_bag_coordinate_me_single_point_probe_v1,rank_limited,"requested r=24, stable limit=17, available directions=24",,
airplane vs ship,airplane,ship,2,16,1,laplacian,large_mu,18,18,18,35,24,16914.79185461417,18521.272431295976,,disjoint_bag_coordinate_me_single_point_probe_v1,ok,,0.915,1.0
airplane vs ship,airplane,ship,2,16,2,laplacian,large_mu,18,18,18,35,24,16914.79185461417,18521.272431295976,small_mu,disjoint_bag_coordinate_me_single_point_probe_v1,ok,,0.9175,1.0
airplane vs ship,airplane,ship,2,16,4,laplacian,large_mu,18,18,18,35,24,16914.79185461417,18521.272431295976,large_mu,disjoint_bag_coordinate_me_single_point_probe_v1,ok,,0.92,0.1
airplane vs ship,airplane,ship,2,16,6,laplacian,large_mu,18,18,18,35,24,16914.79185461417,18521.272431295976,large_mu,disjoint_bag_coordinate_me_single_point_probe_v1,ok,,0.9175,10.0
airplane vs ship,airplane,ship,2,16,8,laplacian,large_mu,18,18,18,35,24,16914.79185461417,18521.272431295976,large_mu,disjoint_bag_coordinate_me_single_point_probe_v1,ok,,0.915,1.0
airplane vs ship,airplane,ship,2,16,10,laplacian,large_mu,18,18,18,35,24,16914.79185461417,18521.272431295976,large_mu,disjoint_bag_coordinate_me_single_point_probe_v1,ok,,0.915,1.0
airplane vs ship,airplane,ship,2,16,16,laplacian,large_mu,18,18,18,35,24,16914.79185461417,18521.272431295976,large_mu,disjoint_bag_coordinate_me_single_point_probe_v1,ok,,0.905,10.0
airplane vs ship,airplane,ship,2,16,24,laplacian,large_mu,18,18,18,35,24,16914.79185461417,18521.272431295976,large_mu,disjoint_bag_coordinate_me_single_point_probe_v1,rank_limited,"requested r=24, stable limit=18, available directions=24",,
airplane vs ship,airplane,ship,2,16,1,laplacian,small_mu,18,18,17,35,24,16914.79185461417,18521.272431295976,,disjoint_bag_coordinate_me_single_point_probe_v1,ok,,0.91,0.1
airplane vs ship,airplane,ship,2,16,2,laplacian,small_mu,18,18,17,35,24,16914.79185461417,18521.272431295976,small_mu,disjoint_bag_coordinate_me_single_point_probe_v1,ok,,0.9075,10.0
airplane vs ship,airplane,ship,2,16,4,laplacian,small_mu,18,18,17,35,24,16914.79185461417,18521.272431295976,large_mu,disjoint_bag_coordinate_me_single_point_probe_v1,ok,,0.915,1.0
airplane vs ship,airplane,ship,2,16,6,laplacian,small_mu,18,18,17,35,24,16914.79185461417,18521.272431295976,large_mu,disjoint_bag_coordinate_me_single_point_probe_v1,ok,,0.9175,1.0
airplane vs ship,airplane,ship,2,16,8,laplacian,small_mu,18,18,17,35,24,16914.79185461417,18521.272431295976,large_mu,disjoint_bag_coordinate_me_single_point_probe_v1,ok,,0.91,1.0
airplane vs ship,airplane,ship,2,16,10,laplacian,small_mu,18,18,17,35,24,16914.79185461417,18521.272431295976,large_mu,disjoint_bag_coordinate_me_single_point_probe_v1,ok,,0.9075,10.0
airplane vs ship,airplane,ship,2,16,16,laplacian,small_mu,18,18,17,35,24,16914.79185461417,18521.272431295976,large_mu,disjoint_bag_coordinate_me_single_point_probe_v1,ok,,0.905,10.0
airplane vs ship,airplane,ship,2,16,24,laplacian,small_mu,18,18,17,35,24,16914.79185461417,18521.272431295976,large_mu,disjoint_bag_coordinate_me_single_point_probe_v1,rank_limited,"requested r=24, stable limit=17, available directions=24",,
airplane vs ship,airplane,ship,2,16,1,polynomial,large_mu,18,18,18,35,24,134256.11040756718,91172.8940694585,,disjoint_bag_coordinate_me_single_point_probe_v1,ok,,0.91,0.1
airplane vs ship,airplane,ship,2,16,2,polynomial,large_mu,18,18,18,35,24,134256.11040756718,91172.8940694585,large_mu,disjoint_bag_coordinate_me_single_point_probe_v1,ok,,0.92,10.0
airplane vs ship,airplane,ship,2,16,4,polynomial,large_mu,18,18,18,35,24,134256.11040756718,91172.8940694585,large_mu,disjoint_bag_coordinate_me_single_point_probe_v1,ok,,0.92,1.0
airplane vs ship,airplane,ship,2,16,6,polynomial,large_mu,18,18,18,35,24,134256.11040756718,91172.8940694585,large_mu,disjoint_bag_coordinate_me_single_point_probe_v1,ok,,0.92,0.1
airplane vs ship,airplane,ship,2,16,8,polynomial,large_mu,18,18,18,35,24,134256.11040756718,91172.8940694585,large_mu,disjoint_bag_coordinate_me_single_point_probe_v1,ok,,0.9025,10.0
airplane vs ship,airplane,ship,2,16,10,polynomial,large_mu,18,18,18,35,24,134256.11040756718,91172.8940694585,large_mu,disjoint_bag_coordinate_me_single_point_probe_v1,ok,,0.905,1.0
airplane vs ship,airplane,ship,2,16,16,polynomial,large_mu,18,18,18,35,24,134256.11040756718,91172.8940694585,large_mu,disjoint_bag_coordinate_me_single_point_probe_v1,ok,,0.9025,10.0
airplane vs ship,airplane,ship,2,16,24,polynomial,large_mu,18,18,18,35,24,134256.11040756718,91172.8940694585,large_mu,disjoint_bag_coordinate_me_single_point_probe_v1,rank_limited,"requested r=24, stable limit=18, available directions=24",,
airplane vs ship,airplane,ship,2,16,1,polynomial,small_mu,18,18,17,35,24,134256.11040756718,91172.8940694585,,disjoint_bag_coordinate_me_single_point_probe_v1,ok,,0.91,1.0
airplane vs ship,airplane,ship,2,16,2,polynomial,small_mu,18,18,17,35,24,134256.11040756718,91172.8940694585,large_mu,disjoint_bag_coordinate_me_single_point_probe_v1,ok,,0.9125,1.0
airplane vs ship,airplane,ship,2,16,4,polynomial,small_mu,18,18,17,35,24,134256.11040756718,91172.8940694585,large_mu,disjoint_bag_coordinate_me_single_point_probe_v1,ok,,0.915,0.1
airplane vs ship,airplane,ship,2,16,6,polynomial,small_mu,18,18,17,35,24,134256.11040756718,91172.8940694585,large_mu,disjoint_bag_coordinate_me_single_point_probe_v1,ok,,0.9175,0.1
airplane vs ship,airplane,ship,2,16,8,polynomial,small_mu,18,18,17,35,24,134256.11040756718,91172.8940694585,large_mu,disjoint_bag_coordinate_me_single_point_probe_v1,ok,,0.905,10.0
airplane vs ship,airplane,ship,2,16,10,polynomial,small_mu,18,18,17,35,24,134256.11040756718,91172.8940694585,large_mu,disjoint_bag_coordinate_me_single_point_probe_v1,ok,,0.9125,0.1
airplane vs ship,airplane,ship,2,16,16,polynomial,small_mu,18,18,17,35,24,134256.11040756718,91172.8940694585,large_mu,disjoint_bag_coordinate_me_single_point_probe_v1,ok,,0.905,10.0
airplane vs ship,airplane,ship,2,16,24,polynomial,small_mu,18,18,17,35,24,134256.11040756718,91172.8940694585,large_mu,disjoint_bag_coordinate_me_single_point_probe_v1,rank_limited,"requested r=24, stable limit=17, available directions=24",,
airplane vs ship,airplane,ship,2,16,1,sigmoid,large_mu,18,18,18,35,24,51147.98511885505,14900.725577554513,,disjoint_bag_coordinate_me_single_point_probe_v1,ok,,0.89,1.0
airplane vs ship,airplane,ship,2,16,2,sigmoid,large_mu,18,18,18,35,24,51147.98511885505,14900.725577554513,large_mu,disjoint_bag_coordinate_me_single_point_probe_v1,ok,,0.8975,10.0
airplane vs ship,airplane,ship,2,16,4,sigmoid,large_mu,18,18,18,35,24,51147.98511885505,14900.725577554513,large_mu,disjoint_bag_coordinate_me_single_point_probe_v1,ok,,0.8975,1.0
airplane vs ship,airplane,ship,2,16,6,sigmoid,large_mu,18,18,18,35,24,51147.98511885505,14900.725577554513,large_mu,disjoint_bag_coordinate_me_single_point_probe_v1,ok,,0.8975,10.0
airplane vs ship,airplane,ship,2,16,8,sigmoid,large_mu,18,18,18,35,24,51147.98511885505,14900.725577554513,large_mu,disjoint_bag_coordinate_me_single_point_probe_v1,ok,,0.8875,0.1
airplane vs ship,airplane,ship,2,16,10,sigmoid,large_mu,18,18,18,35,24,51147.98511885505,14900.725577554513,large_mu,disjoint_bag_coordinate_me_single_point_probe_v1,ok,,0.89,10.0
airplane vs ship,airplane,ship,2,16,16,sigmoid,large_mu,18,18,18,35,24,51147.98511885505,14900.725577554513,large_mu,disjoint_bag_coordinate_me_single_point_probe_v1,ok,,0.8975,0.1
airplane vs ship,airplane,ship,2,16,24,sigmoid,large_mu,18,18,18,35,24,51147.98511885505,14900.725577554513,large_mu,disjoint_bag_coordinate_me_single_point_probe_v1,rank_limited,"requested r=24, stable limit=18, available directions=24",,
airplane vs ship,airplane,ship,2,16,1,sigmoid,small_mu,18,18,17,35,24,51147.98511885505,14900.725577554513,,disjoint_bag_coordinate_me_single_point_probe_v1,ok,,0.8475,0.1
airplane vs ship,airplane,ship,2,16,2,sigmoid,small_mu,18,18,17,35,24,51147.98511885505,14900.725577554513,large_mu,disjoint_bag_coordinate_me_single_point_probe_v1,ok,,0.85,1.0
airplane vs ship,airplane,ship,2,16,4,sigmoid,small_mu,18,18,17,35,24,51147.98511885505,14900.725577554513,large_mu,disjoint_bag_coordinate_me_single_point_probe_v1,ok,,0.8775,10.0
airplane vs ship,airplane,ship,2,16,6,sigmoid,small_mu,18,18,17,35,24,51147.98511885505,14900.725577554513,large_mu,disjoint_bag_coordinate_me_single_point_probe_v1,ok,,0.8825,0.1
airplane vs ship,airplane,ship,2,16,8,sigmoid,small_mu,18,18,17,35,24,51147.98511885505,14900.725577554513,large_mu,disjoint_bag_coordinate_me_single_point_probe_v1,ok,,0.8825,0.1
airplane vs ship,airplane,ship,2,16,10,sigmoid,small_mu,18,18,17,35,24,51147.98511885505,14900.725577554513,large_mu,disjoint_bag_coordinate_me_single_point_probe_v1,ok,,0.875,0.1
airplane vs ship,airplane,ship,2,16,16,sigmoid,small_mu,18,18,17,35,24,51147.98511885505,14900.725577554513,large_mu,disjoint_bag_coordinate_me_single_point_probe_v1,ok,,0.8875,10.0
airplane vs ship,airplane,ship,2,16,24,sigmoid,small_mu,18,18,17,35,24,51147.98511885505,14900.725577554513,large_mu,disjoint_bag_coordinate_me_single_point_probe_v1,rank_limited,"requested r=24, stable limit=17, available directions=24",,
automobile vs truck,automobile,truck,0,4,1,linear,large_mu,75,75,75,149,24,10532666.126410566,36243471.81510208,,disjoint_bag_coordinate_me_single_point_probe_v1,ok,,0.8775,0.1
automobile vs truck,automobile,truck,0,4,2,linear,large_mu,75,75,75,149,24,10532666.126410566,36243471.81510208,small_mu,disjoint_bag_coordinate_me_single_point_probe_v1,ok,,0.8875,10.0
automobile vs truck,automobile,truck,0,4,4,linear,large_mu,75,75,75,149,24,10532666.126410566,36243471.81510208,small_mu,disjoint_bag_coordinate_me_single_point_probe_v1,ok,,0.8875,0.1
automobile vs truck,automobile,truck,0,4,6,linear,large_mu,75,75,75,149,24,10532666.126410566,36243471.81510208,large_mu,disjoint_bag_coordinate_me_single_point_probe_v1,ok,,0.885,0.1
automobile vs truck,automobile,truck,0,4,8,linear,large_mu,75,75,75,149,24,10532666.126410566,36243471.81510208,large_mu,disjoint_bag_coordinate_me_single_point_probe_v1,ok,,0.895,0.1
automobile vs truck,automobile,truck,0,4,10,linear,large_mu,75,75,75,149,24,10532666.126410566,36243471.81510208,large_mu,disjoint_bag_coordinate_me_single_point_probe_v1,ok,,0.885,0.1
automobile vs truck,automobile,truck,0,4,16,linear,large_mu,75,75,75,149,24,10532666.126410566,36243471.81510208,large_mu,disjoint_bag_coordinate_me_single_point_probe_v1,ok,,0.89,10.0
automobile vs truck,automobile,truck,0,4,24,linear,large_mu,75,75,75,149,24,10532666.126410566,36243471.81510208,large_mu,disjoint_bag_coordinate_me_single_point_probe_v1,ok,,0.89,1.0
automobile vs truck,automobile,truck,0,4,1,linear,small_mu,75,75,74,149,24,10532666.126410566,36243471.81510208,,disjoint_bag_coordinate_me_single_point_probe_v1,ok,,0.835,0.1
automobile vs truck,automobile,truck,0,4,2,linear,small_mu,75,75,74,149,24,10532666.126410566,36243471.81510208,small_mu,disjoint_bag_coordinate_me_single_point_probe_v1,ok,,0.835,10.0
automobile vs truck,automobile,truck,0,4,4,linear,small_mu,75,75,74,149,24,10532666.126410566,36243471.81510208,small_mu,disjoint_bag_coordinate_me_single_point_probe_v1,ok,,0.8375,1.0
automobile vs truck,automobile,truck,0,4,6,linear,small_mu,75,75,74,149,24,10532666.126410566,36243471.81510208,large_mu,disjoint_bag_coordinate_me_single_point_probe_v1,ok,,0.8375,0.1
automobile vs truck,automobile,truck,0,4,8,linear,small_mu,75,75,74,149,24,10532666.126410566,36243471.81510208,large_mu,disjoint_bag_coordinate_me_single_point_probe_v1,ok,,0.8525,1.0
automobile vs truck,automobile,truck,0,4,10,linear,small_mu,75,75,74,149,24,10532666.126410566,36243471.81510208,large_mu,disjoint_bag_coordinate_me_single_point_probe_v1,ok,,0.865,1.0
automobile vs truck,automobile,truck,0,4,16,linear,small_mu,75,75,74,149,24,10532666.126410566,36243471.81510208,large_mu,disjoint_bag_coordinate_me_single_point_probe_v1,ok,,0.86,0.1
automobile vs truck,automobile,truck,0,4,24,linear,small_mu,75,75,74,149,24,10532666.126410566,36243471.81510208,large_mu,disjoint_bag_coordinate_me_single_point_probe_v1,ok,,0.875,0.1
automobile vs truck,automobile,truck,0,4,1,rbf,large_mu,75,75,75,149,24,13125.510285672412,97850.30304221912,,disjoint_bag_coordinate_me_single_point_probe_v1,ok,,0.8975,1.0
automobile vs truck,automobile,truck,0,4,2,rbf,large_mu,75,75,75,149,24,13125.510285672412,97850.30304221912,small_mu,disjoint_bag_coordinate_me_single_point_probe_v1,ok,,0.8925,0.1
automobile vs truck,automobile,truck,0,4,4,rbf,large_mu,75,75,75,149,24,13125.510285672412,97850.30304221912,small_mu,disjoint_bag_coordinate_me_single_point_probe_v1,ok,,0.9,0.1
automobile vs truck,automobile,truck,0,4,6,rbf,large_mu,75,75,75,149,24,13125.510285672412,97850.30304221912,small_mu,disjoint_bag_coordinate_me_single_point_probe_v1,ok,,0.9,0.1
automobile vs truck,automobile,truck,0,4,8,rbf,large_mu,75,75,75,149,24,13125.510285672412,97850.30304221912,small_mu,disjoint_bag_coordinate_me_single_point_probe_v1,ok,,0.9,0.1
automobile vs truck,automobile,truck,0,4,10,rbf,large_mu,75,75,75,149,24,13125.510285672412,97850.30304221912,large_mu,disjoint_bag_coordinate_me_single_point_probe_v1,ok,,0.905,0.1
automobile vs truck,automobile,truck,0,4,16,rbf,large_mu,75,75,75,149,24,13125.510285672412,97850.30304221912,large_mu,disjoint_bag_coordinate_me_single_point_probe_v1,ok,,0.9025,0.1
automobile vs truck,automobile,truck,0,4,24,rbf,large_mu,75,75,75,149,24,13125.510285672412,97850.30304221912,large_mu,disjoint_bag_coordinate_me_single_point_probe_v1,ok,,0.9025,0.1
automobile vs truck,automobile,truck,0,4,1,rbf,small_mu,75,75,74,149,24,13125.510285672412,97850.30304221912,,disjoint_bag_coordinate_me_single_point_probe_v1,ok,,0.9,0.1
automobile vs truck,automobile,truck,0,4,2,rbf,small_mu,75,75,74,149,24,13125.510285672412,97850.30304221912,small_mu,disjoint_bag_coordinate_me_single_point_probe_v1,ok,,0.895,1.0
automobile vs truck,automobile,truck,0,4,4,rbf,small_mu,75,75,74,149,24,13125.510285672412,97850.30304221912,small_mu,disjoint_bag_coordinate_me_single_point_probe_v1,ok,,0.9,0.1
automobile vs truck,automobile,truck,0,4,6,rbf,small_mu,75,75,74,149,24,13125.510285672412,97850.30304221912,small_mu,disjoint_bag_coordinate_me_single_point_probe_v1,ok,,0.905,0.1
automobile vs truck,automobile,truck,0,4,8,rbf,small_mu,75,75,74,149,24,13125.510285672412,97850.30304221912,small_mu,disjoint_bag_coordinate_me_single_point_probe_v1,ok,,0.9075,0.1
automobile vs truck,automobile,truck,0,4,10,rbf,small_mu,75,75,74,149,24,13125.510285672412,97850.30304221912,large_mu,disjoint_bag_coordinate_me_single_point_probe_v1,ok,,0.905,0.1
automobile vs truck,automobile,truck,0,4,16,rbf,small_mu,75,75,74,149,24,13125.510285672412,97850.30304221912,large_mu,disjoint_bag_coordinate_me_single_point_probe_v1,ok,,0.9075,1.0
automobile vs truck,automobile,truck,0,4,24,rbf,small_mu,75,75,74,149,24,13125.510285672412,97850.30304221912,large_mu,disjoint_bag_coordinate_me_single_point_probe_v1,ok,,0.91,0.1
automobile vs truck,automobile,truck,0,4,1,laplacian,large_mu,75,75,75,149,24,9888.881752995148,76301.93570695823,,disjoint_bag_coordinate_me_single_point_probe_v1,ok,,0.91,1.0
automobile vs truck,automobile,truck,0,4,2,laplacian,large_mu,75,75,75,149,24,9888.881752995148,76301.93570695823,small_mu,disjoint_bag_coordinate_me_single_point_probe_v1,ok,,0.9025,10.0
automobile vs truck,automobile,truck,0,4,4,laplacian,large_mu,75,75,75,149,24,9888.881752995148,76301.93570695823,small_mu,disjoint_bag_coordinate_me_single_point_probe_v1,ok,,0.9125,1.0
automobile vs truck,automobile,truck,0,4,6,laplacian,large_mu,75,75,75,149,24,9888.881752995148,76301.93570695823,small_mu,disjoint_bag_coordinate_me_single_point_probe_v1,ok,,0.9125,0.1
automobile vs truck,automobile,truck,0,4,8,laplacian,large_mu,75,75,75,149,24,9888.881752995148,76301.93570695823,small_mu,disjoint_bag_coordinate_me_single_point_probe_v1,ok,,0.91,0.1
automobile vs truck,automobile,truck,0,4,10,laplacian,large_mu,75,75,75,149,24,9888.881752995148,76301.93570695823,large_mu,disjoint_bag_coordinate_me_single_point_probe_v1,ok,,0.9075,0.1
automobile vs truck,automobile,truck,0,4,16,laplacian,large_mu,75,75,75,149,24,9888.881752995148,76301.93570695823,large_mu,disjoint_bag_coordinate_me_single_point_probe_v1,ok,,0.9075,0.1
automobile vs truck,automobile,truck,0,4,24,laplacian,large_mu,75,75,75,149,24,9888.881752995148,76301.93570695823,large_mu,disjoint_bag_coordinate_me_single_point_probe_v1,ok,,0.905,0.1
automobile vs truck,automobile,truck,0,4,1,laplacian,small_mu,75,75,74,149,24,9888.881752995148,76301.93570695823,,disjoint_bag_coordinate_me_single_point_probe_v1,ok,,0.9075,0.1
automobile vs truck,automobile,truck,0,4,2,laplacian,small_mu,75,75,74,149,24,9888.881752995148,76301.93570695823,small_mu,disjoint_bag_coordinate_me_single_point_probe_v1,ok,,0.91,1.0
automobile vs truck,automobile,truck,0,4,4,laplacian,small_mu,75,75,74,149,24,9888.881752995148,76301.93570695823,small_mu,disjoint_bag_coordinate_me_single_point_probe_v1,ok,,0.9075,0.1
automobile vs truck,automobile,truck,0,4,6,laplacian,small_mu,75,75,74,149,24,9888.881752995148,76301.93570695823,small_mu,disjoint_bag_coordinate_me_single_point_probe_v1,ok,,0.91,1.0
automobile vs truck,automobile,truck,0,4,8,laplacian,small_mu,75,75,74,149,24,9888.881752995148,76301.93570695823,small_mu,disjoint_bag_coordinate_me_single_point_probe_v1,ok,,0.91,0.1
automobile vs truck,automobile,truck,0,4,10,laplacian,small_mu,75,75,74,149,24,9888.881752995148,76301.93570695823,large_mu,disjoint_bag_coordinate_me_single_point_probe_v1,ok,,0.91,0.1
automobile vs truck,automobile,truck,0,4,16,laplacian,small_mu,75,75,74,149,24,9888.881752995148,76301.93570695823,large_mu,disjoint_bag_coordinate_me_single_point_probe_v1,ok,,0.91,1.0
automobile vs truck,automobile,truck,0,4,24,laplacian,small_mu,75,75,74,149,24,9888.881752995148,76301.93570695823,large_mu,disjoint_bag_coordinate_me_single_point_probe_v1,ok,,0.91,1.0
automobile vs truck,automobile,truck,0,4,1,polynomial,large_mu,75,75,75,149,24,63555.1761141571,294459.5310230659,,disjoint_bag_coordinate_me_single_point_probe_v1,ok,,0.905,0.1
automobile vs truck,automobile,truck,0,4,2,polynomial,large_mu,75,75,75,149,24,63555.1761141571,294459.5310230659,small_mu,disjoint_bag_coordinate_me_single_point_probe_v1,ok,,0.905,0.1
automobile vs truck,automobile,truck,0,4,4,polynomial,large_mu,75,75,75,149,24,63555.1761141571,294459.5310230659,small_mu,disjoint_bag_coordinate_me_single_point_probe_v1,ok,,0.9075,1.0
automobile vs truck,automobile,truck,0,4,6,polynomial,large_mu,75,75,75,149,24,63555.1761141571,294459.5310230659,large_mu,disjoint_bag_coordinate_me_single_point_probe_v1,ok,,0.9075,0.1
automobile vs truck,automobile,truck,0,4,8,polynomial,large_mu,75,75,75,149,24,63555.1761141571,294459.5310230659,large_mu,disjoint_bag_coordinate_me_single_point_probe_v1,ok,,0.905,0.1
automobile vs truck,automobile,truck,0,4,10,polynomial,large_mu,75,75,75,149,24,63555.1761141571,294459.5310230659,large_mu,disjoint_bag_coordinate_me_single_point_probe_v1,ok,,0.9,0.1
automobile vs truck,automobile,truck,0,4,16,polynomial,large_mu,75,75,75,149,24,63555.1761141571,294459.5310230659,large_mu,disjoint_bag_coordinate_me_single_point_probe_v1,ok,,0.905,0.1
automobile vs truck,automobile,truck,0,4,24,polynomial,large_mu,75,75,75,149,24,63555.1761141571,294459.5310230659,large_mu,disjoint_bag_coordinate_me_single_point_probe_v1,ok,,0.9025,1.0
automobile vs truck,automobile,truck,0,4,1,polynomial,small_mu,75,75,74,149,24,63555.1761141571,294459.5310230659,,disjoint_bag_coordinate_me_single_point_probe_v1,ok,,0.9,1.0
automobile vs truck,automobile,truck,0,4,2,polynomial,small_mu,75,75,74,149,24,63555.1761141571,294459.5310230659,small_mu,disjoint_bag_coordinate_me_single_point_probe_v1,ok,,0.9,10.0
automobile vs truck,automobile,truck,0,4,4,polynomial,small_mu,75,75,74,149,24,63555.1761141571,294459.5310230659,small_mu,disjoint_bag_coordinate_me_single_point_probe_v1,ok,,0.8975,10.0
automobile vs truck,automobile,truck,0,4,6,polynomial,small_mu,75,75,74,149,24,63555.1761141571,294459.5310230659,large_mu,disjoint_bag_coordinate_me_single_point_probe_v1,ok,,0.8975,1.0
automobile vs truck,automobile,truck,0,4,8,polynomial,small_mu,75,75,74,149,24,63555.1761141571,294459.5310230659,large_mu,disjoint_bag_coordinate_me_single_point_probe_v1,ok,,0.9,1.0
automobile vs truck,automobile,truck,0,4,10,polynomial,small_mu,75,75,74,149,24,63555.1761141571,294459.5310230659,large_mu,disjoint_bag_coordinate_me_single_point_probe_v1,ok,,0.9,1.0
automobile vs truck,automobile,truck,0,4,16,polynomial,small_mu,75,75,74,149,24,63555.1761141571,294459.5310230659,large_mu,disjoint_bag_coordinate_me_single_point_probe_v1,ok,,0.9025,10.0
automobile vs truck,automobile,truck,0,4,24,polynomial,small_mu,75,75,74,149,24,63555.1761141571,294459.5310230659,large_mu,disjoint_bag_coordinate_me_single_point_probe_v1,ok,,0.9125,1.0
automobile vs truck,automobile,truck,0,4,1,sigmoid,large_mu,75,75,75,115,24,9080.727146790976,26081.860930094394,,disjoint_bag_coordinate_me_single_point_probe_v1,ok,,0.76,1.0
automobile vs truck,automobile,truck,0,4,2,sigmoid,large_mu,75,75,75,115,24,9080.727146790976,26081.860930094394,small_mu,disjoint_bag_coordinate_me_single_point_probe_v1,ok,,0.765,0.1
automobile vs truck,automobile,truck,0,4,4,sigmoid,large_mu,75,75,75,115,24,9080.727146790976,26081.860930094394,large_mu,disjoint_bag_coordinate_me_single_point_probe_v1,ok,,0.77,0.1
automobile vs truck,automobile,truck,0,4,6,sigmoid,large_mu,75,75,75,115,24,9080.727146790976,26081.860930094394,large_mu,disjoint_bag_coordinate_me_single_point_probe_v1,ok,,0.765,1.0
automobile vs truck,automobile,truck,0,4,8,sigmoid,large_mu,75,75,75,115,24,9080.727146790976,26081.860930094394,large_mu,disjoint_bag_coordinate_me_single_point_probe_v1,ok,,0.765,1.0
automobile vs truck,automobile,truck,0,4,10,sigmoid,large_mu,75,75,75,115,24,9080.727146790976,26081.860930094394,large_mu,disjoint_bag_coordinate_me_single_point_probe_v1,ok,,0.77,10.0
automobile vs truck,automobile,truck,0,4,16,sigmoid,large_mu,75,75,75,115,24,9080.727146790976,26081.860930094394,large_mu,disjoint_bag_coordinate_me_single_point_probe_v1,ok,,0.7675,10.0
automobile vs truck,automobile,truck,0,4,24,sigmoid,large_mu,75,75,75,115,24,9080.727146790976,26081.860930094394,large_mu,disjoint_bag_coordinate_me_single_point_probe_v1,ok,,0.7825,0.1
automobile vs truck,automobile,truck,0,4,1,sigmoid,small_mu,75,75,74,115,24,9080.727146790976,26081.860930094394,,disjoint_bag_coordinate_me_single_point_probe_v1,ok,,0.59,0.1
automobile vs truck,automobile,truck,0,4,2,sigmoid,small_mu,75,75,74,115,24,9080.727146790976,26081.860930094394,small_mu,disjoint_bag_coordinate_me_single_point_probe_v1,ok,,0.6325,0.1
automobile vs truck,automobile,truck,0,4,4,sigmoid,small_mu,75,75,74,115,24,9080.727146790976,26081.860930094394,large_mu,disjoint_bag_coordinate_me_single_point_probe_v1,ok,,0.6375,0.1
automobile vs truck,automobile,truck,0,4,6,sigmoid,small_mu,75,75,74,115,24,9080.727146790976,26081.860930094394,large_mu,disjoint_bag_coordinate_me_single_point_probe_v1,ok,,0.68,10.0
automobile vs truck,automobile,truck,0,4,8,sigmoid,small_mu,75,75,74,115,24,9080.727146790976,26081.860930094394,large_mu,disjoint_bag_coordinate_me_single_point_probe_v1,ok,,0.6875,1.0
automobile vs truck,automobile,truck,0,4,10,sigmoid,small_mu,75,75,74,115,24,9080.727146790976,26081.860930094394,large_mu,disjoint_bag_coordinate_me_single_point_probe_v1,ok,,0.7025,1.0
automobile vs truck,automobile,truck,0,4,16,sigmoid,small_mu,75,75,74,115,24,9080.727146790976,26081.860930094394,large_mu,disjoint_bag_coordinate_me_single_point_probe_v1,ok,,0.7275,1.0
automobile vs truck,automobile,truck,0,4,24,sigmoid,small_mu,75,75,74,115,24,9080.727146790976,26081.860930094394,large_mu,disjoint_bag_coordinate_me_single_point_probe_v1,ok,,0.7775,0.1
automobile vs truck,automobile,truck,0,8,1,linear,large_mu,37,37,37,73,24,16406768.924645197,22881404.08673531,,disjoint_bag_coordinate_me_single_point_probe_v1,ok,,0.875,0.1
automobile vs truck,automobile,truck,0,8,2,linear,large_mu,37,37,37,73,24,16406768.924645197,22881404.08673531,small_mu,disjoint_bag_coordinate_me_single_point_probe_v1,ok,,0.8725,0.1
automobile vs truck,automobile,truck,0,8,4,linear,large_mu,37,37,37,73,24,16406768.924645197,22881404.08673531,large_mu,disjoint_bag_coordinate_me_single_point_probe_v1,ok,,0.8875,0.1
automobile vs truck,automobile,truck,0,8,6,linear,large_mu,37,37,37,73,24,16406768.924645197,22881404.08673531,large_mu,disjoint_bag_coordinate_me_single_point_probe_v1,ok,,0.88,10.0
automobile vs truck,automobile,truck,0,8,8,linear,large_mu,37,37,37,73,24,16406768.924645197,22881404.08673531,large_mu,disjoint_bag_coordinate_me_single_point_probe_v1,ok,,0.8925,0.1
automobile vs truck,automobile,truck,0,8,10,linear,large_mu,37,37,37,73,24,16406768.924645197,22881404.08673531,large_mu,disjoint_bag_coordinate_me_single_point_probe_v1,ok,,0.89,1.0
automobile vs truck,automobile,truck,0,8,16,linear,large_mu,37,37,37,73,24,16406768.924645197,22881404.08673531,large_mu,disjoint_bag_coordinate_me_single_point_probe_v1,ok,,0.895,1.0
automobile vs truck,automobile,truck,0,8,24,linear,large_mu,37,37,37,73,24,16406768.924645197,22881404.08673531,large_mu,disjoint_bag_coordinate_me_single_point_probe_v1,ok,,0.8975,1.0
automobile vs truck,automobile,truck,0,8,1,linear,small_mu,37,37,36,73,24,16406768.924645197,22881404.08673531,,disjoint_bag_coordinate_me_single_point_probe_v1,ok,,0.86,1.0
automobile vs truck,automobile,truck,0,8,2,linear,small_mu,37,37,36,73,24,16406768.924645197,22881404.08673531,small_mu,disjoint_bag_coordinate_me_single_point_probe_v1,ok,,0.86,0.1
automobile vs truck,automobile,truck,0,8,4,linear,small_mu,37,37,36,73,24,16406768.924645197,22881404.08673531,large_mu,disjoint_bag_coordinate_me_single_point_probe_v1,ok,,0.8675,1.0
automobile vs truck,automobile,truck,0,8,6,linear,small_mu,37,37,36,73,24,16406768.924645197,22881404.08673531,large_mu,disjoint_bag_coordinate_me_single_point_probe_v1,ok,,0.87,10.0
automobile vs truck,automobile,truck,0,8,8,linear,small_mu,37,37,36,73,24,16406768.924645197,22881404.08673531,large_mu,disjoint_bag_coordinate_me_single_point_probe_v1,ok,,0.8675,1.0
automobile vs truck,automobile,truck,0,8,10,linear,small_mu,37,37,36,73,24,16406768.924645197,22881404.08673531,large_mu,disjoint_bag_coordinate_me_single_point_probe_v1,ok,,0.865,10.0
automobile vs truck,automobile,truck,0,8,16,linear,small_mu,37,37,36,73,24,16406768.924645197,22881404.08673531,large_mu,disjoint_bag_coordinate_me_single_point_probe_v1,ok,,0.87,10.0
automobile vs truck,automobile,truck,0,8,24,linear,small_mu,37,37,36,73,24,16406768.924645197,22881404.08673531,large_mu,disjoint_bag_coordinate_me_single_point_probe_v1,ok,,0.8775,1.0
automobile vs truck,automobile,truck,0,8,1,rbf,large_mu,37,37,37,73,24,14642.030542134338,49440.429564285274,,disjoint_bag_coordinate_me_single_point_probe_v1,ok,,0.9025,0.1
automobile vs truck,automobile,truck,0,8,2,rbf,large_mu,37,37,37,73,24,14642.030542134338,49440.429564285274,small_mu,disjoint_bag_coordinate_me_single_point_probe_v1,ok,,0.9,1.0
automobile vs truck,automobile,truck,0,8,4,rbf,large_mu,37,37,37,73,24,14642.030542134338,49440.429564285274,small_mu,disjoint_bag_coordinate_me_single_point_probe_v1,ok,,0.8925,1.0
automobile vs truck,automobile,truck,0,8,6,rbf,large_mu,37,37,37,73,24,14642.030542134338,49440.429564285274,large_mu,disjoint_bag_coordinate_me_single_point_probe_v1,ok,,0.905,0.1
automobile vs truck,automobile,truck,0,8,8,rbf,large_mu,37,37,37,73,24,14642.030542134338,49440.429564285274,large_mu,disjoint_bag_coordinate_me_single_point_probe_v1,ok,,0.9025,1.0
automobile vs truck,automobile,truck,0,8,10,rbf,large_mu,37,37,37,73,24,14642.030542134338,49440.429564285274,large_mu,disjoint_bag_coordinate_me_single_point_probe_v1,ok,,0.9075,1.0
automobile vs truck,automobile,truck,0,8,16,rbf,large_mu,37,37,37,73,24,14642.030542134338,49440.429564285274,large_mu,disjoint_bag_coordinate_me_single_point_probe_v1,ok,,0.8975,0.1
automobile vs truck,automobile,truck,0,8,24,rbf,large_mu,37,37,37,73,24,14642.030542134338,49440.429564285274,large_mu,disjoint_bag_coordinate_me_single_point_probe_v1,ok,,0.8975,1.0
automobile vs truck,automobile,truck,0,8,1,rbf,small_mu,37,37,36,73,24,14642.030542134338,49440.429564285274,,disjoint_bag_coordinate_me_single_point_probe_v1,ok,,0.9,1.0
automobile vs truck,automobile,truck,0,8,2,rbf,small_mu,37,37,36,73,24,14642.030542134338,49440.429564285274,small_mu,disjoint_bag_coordinate_me_single_point_probe_v1,ok,,0.895,0.1
automobile vs truck,automobile,truck,0,8,4,rbf,small_mu,37,37,36,73,24,14642.030542134338,49440.429564285274,small_mu,disjoint_bag_coordinate_me_single_point_probe_v1,ok,,0.895,0.1
automobile vs truck,automobile,truck,0,8,6,rbf,small_mu,37,37,36,73,24,14642.030542134338,49440.429564285274,large_mu,disjoint_bag_coordinate_me_single_point_probe_v1,ok,,0.8975,0.1
automobile vs truck,automobile,truck,0,8,8,rbf,small_mu,37,37,36,73,24,14642.030542134338,49440.429564285274,large_mu,disjoint_bag_coordinate_me_single_point_probe_v1,ok,,0.895,0.1
automobile vs truck,automobile,truck,0,8,10,rbf,small_mu,37,37,36,73,24,14642.030542134338,49440.429564285274,large_mu,disjoint_bag_coordinate_me_single_point_probe_v1,ok,,0.8975,0.1
automobile vs truck,automobile,truck,0,8,16,rbf,small_mu,37,37,36,73,24,14642.030542134338,49440.429564285274,large_mu,disjoint_bag_coordinate_me_single_point_probe_v1,ok,,0.8925,1.0
automobile vs truck,automobile,truck,0,8,24,rbf,small_mu,37,37,36,73,24,14642.030542134338,49440.429564285274,large_mu,disjoint_bag_coordinate_me_single_point_probe_v1,ok,,0.9,0.1
automobile vs truck,automobile,truck,0,8,1,laplacian,large_mu,37,37,37,73,24,10909.929156856417,38384.829516831785,,disjoint_bag_coordinate_me_single_point_probe_v1,ok,,0.9,0.1
automobile vs truck,automobile,truck,0,8,2,laplacian,large_mu,37,37,37,73,24,10909.929156856417,38384.829516831785,small_mu,disjoint_bag_coordinate_me_single_point_probe_v1,ok,,0.9025,0.1
automobile vs truck,automobile,truck,0,8,4,laplacian,large_mu,37,37,37,73,24,10909.929156856417,38384.829516831785,small_mu,disjoint_bag_coordinate_me_single_point_probe_v1,ok,,0.91,1.0
automobile vs truck,automobile,truck,0,8,6,laplacian,large_mu,37,37,37,73,24,10909.929156856417,38384.829516831785,large_mu,disjoint_bag_coordinate_me_single_point_probe_v1,ok,,0.9125,0.1
automobile vs truck,automobile,truck,0,8,8,laplacian,large_mu,37,37,37,73,24,10909.929156856417,38384.829516831785,large_mu,disjoint_bag_coordinate_me_single_point_probe_v1,ok,,0.9175,0.1
automobile vs truck,automobile,truck,0,8,10,laplacian,large_mu,37,37,37,73,24,10909.929156856417,38384.829516831785,large_mu,disjoint_bag_coordinate_me_single_point_probe_v1,ok,,0.915,0.1
automobile vs truck,automobile,truck,0,8,16,laplacian,large_mu,37,37,37,73,24,10909.929156856417,38384.829516831785,large_mu,disjoint_bag_coordinate_me_single_point_probe_v1,ok,,0.9175,1.0
automobile vs truck,automobile,truck,0,8,24,laplacian,large_mu,37,37,37,73,24,10909.929156856417,38384.829516831785,large_mu,disjoint_bag_coordinate_me_single_point_probe_v1,ok,,0.9125,0.1
automobile vs truck,automobile,truck,0,8,1,laplacian,small_mu,37,37,36,73,24,10909.929156856417,38384.829516831785,,disjoint_bag_coordinate_me_single_point_probe_v1,ok,,0.9075,0.1
automobile vs truck,automobile,truck,0,8,2,laplacian,small_mu,37,37,36,73,24,10909.929156856417,38384.829516831785,small_mu,disjoint_bag_coordinate_me_single_point_probe_v1,ok,,0.905,1.0
automobile vs truck,automobile,truck,0,8,4,laplacian,small_mu,37,37,36,73,24,10909.929156856417,38384.829516831785,small_mu,disjoint_bag_coordinate_me_single_point_probe_v1,ok,,0.9125,10.0
automobile vs truck,automobile,truck,0,8,6,laplacian,small_mu,37,37,36,73,24,10909.929156856417,38384.829516831785,large_mu,disjoint_bag_coordinate_me_single_point_probe_v1,ok,,0.92,1.0
automobile vs truck,automobile,truck,0,8,8,laplacian,small_mu,37,37,36,73,24,10909.929156856417,38384.829516831785,large_mu,disjoint_bag_coordinate_me_single_point_probe_v1,ok,,0.92,1.0
automobile vs truck,automobile,truck,0,8,10,laplacian,small_mu,37,37,36,73,24,10909.929156856417,38384.829516831785,large_mu,disjoint_bag_coordinate_me_single_point_probe_v1,ok,,0.9175,10.0
automobile vs truck,automobile,truck,0,8,16,laplacian,small_mu,37,37,36,73,24,10909.929156856417,38384.829516831785,large_mu,disjoint_bag_coordinate_me_single_point_probe_v1,ok,,0.9175,0.1
automobile vs truck,automobile,truck,0,8,24,laplacian,small_mu,37,37,36,73,24,10909.929156856417,38384.829516831785,large_mu,disjoint_bag_coordinate_me_single_point_probe_v1,ok,,0.915,1.0
automobile vs truck,automobile,truck,0,8,1,polynomial,large_mu,37,37,37,73,24,80762.24833264147,158269.64892467836,,disjoint_bag_coordinate_me_single_point_probe_v1,ok,,0.8975,0.1
automobile vs truck,automobile,truck,0,8,2,polynomial,large_mu,37,37,37,73,24,80762.24833264147,158269.64892467836,small_mu,disjoint_bag_coordinate_me_single_point_probe_v1,ok,,0.8975,0.1
automobile vs truck,automobile,truck,0,8,4,polynomial,large_mu,37,37,37,73,24,80762.24833264147,158269.64892467836,large_mu,disjoint_bag_coordinate_me_single_point_probe_v1,ok,,0.9025,0.1
automobile vs truck,automobile,truck,0,8,6,polynomial,large_mu,37,37,37,73,24,80762.24833264147,158269.64892467836,large_mu,disjoint_bag_coordinate_me_single_point_probe_v1,ok,,0.9,10.0
automobile vs truck,automobile,truck,0,8,8,polynomial,large_mu,37,37,37,73,24,80762.24833264147,158269.64892467836,large_mu,disjoint_bag_coordinate_me_single_point_probe_v1,ok,,0.8925,1.0
automobile vs truck,automobile,truck,0,8,10,polynomial,large_mu,37,37,37,73,24,80762.24833264147,158269.64892467836,large_mu,disjoint_bag_coordinate_me_single_point_probe_v1,ok,,0.895,10.0
automobile vs truck,automobile,truck,0,8,16,polynomial,large_mu,37,37,37,73,24,80762.24833264147,158269.64892467836,large_mu,disjoint_bag_coordinate_me_single_point_probe_v1,ok,,0.9,0.1
automobile vs truck,automobile,truck,0,8,24,polynomial,large_mu,37,37,37,73,24,80762.24833264147,158269.64892467836,large_mu,disjoint_bag_coordinate_me_single_point_probe_v1,ok,,0.8925,0.1
automobile vs truck,automobile,truck,0,8,1,polynomial,small_mu,37,37,36,73,24,80762.24833264147,158269.64892467836,,disjoint_bag_coordinate_me_single_point_probe_v1,ok,,0.89,0.1
automobile vs truck,automobile,truck,0,8,2,polynomial,small_mu,37,37,36,73,24,80762.24833264147,158269.64892467836,small_mu,disjoint_bag_coordinate_me_single_point_probe_v1,ok,,0.895,1.0
automobile vs truck,automobile,truck,0,8,4,polynomial,small_mu,37,37,36,73,24,80762.24833264147,158269.64892467836,large_mu,disjoint_bag_coordinate_me_single_point_probe_v1,ok,,0.895,0.1
automobile vs truck,automobile,truck,0,8,6,polynomial,small_mu,37,37,36,73,24,80762.24833264147,158269.64892467836,large_mu,disjoint_bag_coordinate_me_single_point_probe_v1,ok,,0.8925,1.0
automobile vs truck,automobile,truck,0,8,8,polynomial,small_mu,37,37,36,73,24,80762.24833264147,158269.64892467836,large_mu,disjoint_bag_coordinate_me_single_point_probe_v1,ok,,0.89,10.0
automobile vs truck,automobile,truck,0,8,10,polynomial,small_mu,37,37,36,73,24,80762.24833264147,158269.64892467836,large_mu,disjoint_bag_coordinate_me_single_point_probe_v1,ok,,0.9,0.1
automobile vs truck,automobile,truck,0,8,16,polynomial,small_mu,37,37,36,73,24,80762.24833264147,158269.64892467836,large_mu,disjoint_bag_coordinate_me_single_point_probe_v1,ok,,0.9,1.0
automobile vs truck,automobile,truck,0,8,24,polynomial,small_mu,37,37,36,73,24,80762.24833264147,158269.64892467836,large_mu,disjoint_bag_coordinate_me_single_point_probe_v1,ok,,0.8975,10.0
automobile vs truck,automobile,truck,0,8,1,sigmoid,large_mu,37,37,37,70,24,23674.781561561485,24456.06562286493,,disjoint_bag_coordinate_me_single_point_probe_v1,ok,,0.8525,0.1
automobile vs truck,automobile,truck,0,8,2,sigmoid,large_mu,37,37,37,70,24,23674.781561561485,24456.06562286493,small_mu,disjoint_bag_coordinate_me_single_point_probe_v1,ok,,0.85,1.0
automobile vs truck,automobile,truck,0,8,4,sigmoid,large_mu,37,37,37,70,24,23674.781561561485,24456.06562286493,large_mu,disjoint_bag_coordinate_me_single_point_probe_v1,ok,,0.845,0.1
automobile vs truck,automobile,truck,0,8,6,sigmoid,large_mu,37,37,37,70,24,23674.781561561485,24456.06562286493,large_mu,disjoint_bag_coordinate_me_single_point_probe_v1,ok,,0.845,0.1
automobile vs truck,automobile,truck,0,8,8,sigmoid,large_mu,37,37,37,70,24,23674.781561561485,24456.06562286493,large_mu,disjoint_bag_coordinate_me_single_point_probe_v1,ok,,0.845,1.0
automobile vs truck,automobile,truck,0,8,10,sigmoid,large_mu,37,37,37,70,24,23674.781561561485,24456.06562286493,large_mu,disjoint_bag_coordinate_me_single_point_probe_v1,ok,,0.8525,0.1
automobile vs truck,automobile,truck,0,8,16,sigmoid,large_mu,37,37,37,70,24,23674.781561561485,24456.06562286493,large_mu,disjoint_bag_coordinate_me_single_point_probe_v1,ok,,0.8325,1.0
automobile vs truck,automobile,truck,0,8,24,sigmoid,large_mu,37,37,37,70,24,23674.781561561485,24456.06562286493,large_mu,disjoint_bag_coordinate_me_single_point_probe_v1,ok,,0.8225,1.0
automobile vs truck,automobile,truck,0,8,1,sigmoid,small_mu,37,37,36,70,24,23674.781561561485,24456.06562286493,,disjoint_bag_coordinate_me_single_point_probe_v1,ok,,0.5525,0.1
automobile vs truck,automobile,truck,0,8,2,sigmoid,small_mu,37,37,36,70,24,23674.781561561485,24456.06562286493,small_mu,disjoint_bag_coordinate_me_single_point_probe_v1,ok,,0.6025,0.1
automobile vs truck,automobile,truck,0,8,4,sigmoid,small_mu,37,37,36,70,24,23674.781561561485,24456.06562286493,large_mu,disjoint_bag_coordinate_me_single_point_probe_v1,ok,,0.6675,0.1
automobile vs truck,automobile,truck,0,8,6,sigmoid,small_mu,37,37,36,70,24,23674.781561561485,24456.06562286493,large_mu,disjoint_bag_coordinate_me_single_point_probe_v1,ok,,0.7125,10.0
automobile vs truck,automobile,truck,0,8,8,sigmoid,small_mu,37,37,36,70,24,23674.781561561485,24456.06562286493,large_mu,disjoint_bag_coordinate_me_single_point_probe_v1,ok,,0.7475,10.0
automobile vs truck,automobile,truck,0,8,10,sigmoid,small_mu,37,37,36,70,24,23674.781561561485,24456.06562286493,large_mu,disjoint_bag_coordinate_me_single_point_probe_v1,ok,,0.7925,10.0
automobile vs truck,automobile,truck,0,8,16,sigmoid,small_mu,37,37,36,70,24,23674.781561561485,24456.06562286493,large_mu,disjoint_bag_coordinate_me_single_point_probe_v1,ok,,0.815,10.0
automobile vs truck,automobile,truck,0,8,24,sigmoid,small_mu,37,37,36,70,24,23674.781561561485,24456.06562286493,large_mu,disjoint_bag_coordinate_me_single_point_probe_v1,ok,,0.8275,1.0
automobile vs truck,automobile,truck,0,16,1,linear,large_mu,18,18,18,35,19,18427732.091260467,12521075.285672612,,disjoint_bag_coordinate_me_single_point_probe_v1,ok,,0.8675,0.1
automobile vs truck,automobile,truck,0,16,2,linear,large_mu,18,18,18,35,19,18427732.091260467,12521075.285672612,large_mu,disjoint_bag_coordinate_me_single_point_probe_v1,ok,,0.8575,0.1
automobile vs truck,automobile,truck,0,16,4,linear,large_mu,18,18,18,35,19,18427732.091260467,12521075.285672612,large_mu,disjoint_bag_coordinate_me_single_point_probe_v1,ok,,0.885,0.1
automobile vs truck,automobile,truck,0,16,6,linear,large_mu,18,18,18,35,19,18427732.091260467,12521075.285672612,large_mu,disjoint_bag_coordinate_me_single_point_probe_v1,ok,,0.895,0.1
automobile vs truck,automobile,truck,0,16,8,linear,large_mu,18,18,18,35,19,18427732.091260467,12521075.285672612,large_mu,disjoint_bag_coordinate_me_single_point_probe_v1,ok,,0.88,10.0
automobile vs truck,automobile,truck,0,16,10,linear,large_mu,18,18,18,35,19,18427732.091260467,12521075.285672612,large_mu,disjoint_bag_coordinate_me_single_point_probe_v1,ok,,0.89,0.1
automobile vs truck,automobile,truck,0,16,16,linear,large_mu,18,18,18,35,19,18427732.091260467,12521075.285672612,large_mu,disjoint_bag_coordinate_me_single_point_probe_v1,ok,,0.91,0.1
automobile vs truck,automobile,truck,0,16,24,linear,large_mu,18,18,18,35,19,18427732.091260467,12521075.285672612,large_mu,disjoint_bag_coordinate_me_single_point_probe_v1,rank_limited,"requested r=24, stable limit=18, available directions=19",,
automobile vs truck,automobile,truck,0,16,1,linear,small_mu,18,18,17,35,18,18427732.091260467,12521075.285672612,,disjoint_bag_coordinate_me_single_point_probe_v1,ok,,0.85,0.1
automobile vs truck,automobile,truck,0,16,2,linear,small_mu,18,18,17,35,18,18427732.091260467,12521075.285672612,large_mu,disjoint_bag_coordinate_me_single_point_probe_v1,ok,,0.8675,1.0
automobile vs truck,automobile,truck,0,16,4,linear,small_mu,18,18,17,35,18,18427732.091260467,12521075.285672612,large_mu,disjoint_bag_coordinate_me_single_point_probe_v1,ok,,0.8775,1.0
automobile vs truck,automobile,truck,0,16,6,linear,small_mu,18,18,17,35,18,18427732.091260467,12521075.285672612,large_mu,disjoint_bag_coordinate_me_single_point_probe_v1,ok,,0.885,1.0
automobile vs truck,automobile,truck,0,16,8,linear,small_mu,18,18,17,35,18,18427732.091260467,12521075.285672612,large_mu,disjoint_bag_coordinate_me_single_point_probe_v1,ok,,0.8875,1.0
automobile vs truck,automobile,truck,0,16,10,linear,small_mu,18,18,17,35,18,18427732.091260467,12521075.285672612,large_mu,disjoint_bag_coordinate_me_single_point_probe_v1,ok,,0.89,0.1
automobile vs truck,automobile,truck,0,16,16,linear,small_mu,18,18,17,35,18,18427732.091260467,12521075.285672612,large_mu,disjoint_bag_coordinate_me_single_point_probe_v1,ok,,0.9,0.1
automobile vs truck,automobile,truck,0,16,24,linear,small_mu,18,18,17,35,18,18427732.091260467,12521075.285672612,large_mu,disjoint_bag_coordinate_me_single_point_probe_v1,rank_limited,"requested r=24, stable limit=17, available directions=18",,
automobile vs truck,automobile,truck,0,16,1,rbf,large_mu,18,18,18,35,24,15294.685134659809,24213.63342793715,,disjoint_bag_coordinate_me_single_point_probe_v1,ok,,0.8975,0.1
automobile vs truck,automobile,truck,0,16,2,rbf,large_mu,18,18,18,35,24,15294.685134659809,24213.63342793715,small_mu,disjoint_bag_coordinate_me_single_point_probe_v1,ok,,0.895,1.0
automobile vs truck,automobile,truck,0,16,4,rbf,large_mu,18,18,18,35,24,15294.685134659809,24213.63342793715,large_mu,disjoint_bag_coordinate_me_single_point_probe_v1,ok,,0.8925,1.0
automobile vs truck,automobile,truck,0,16,6,rbf,large_mu,18,18,18,35,24,15294.685134659809,24213.63342793715,large_mu,disjoint_bag_coordinate_me_single_point_probe_v1,ok,,0.8925,10.0
automobile vs truck,automobile,truck,0,16,8,rbf,large_mu,18,18,18,35,24,15294.685134659809,24213.63342793715,large_mu,disjoint_bag_coordinate_me_single_point_probe_v1,ok,,0.895,10.0
automobile vs truck,automobile,truck,0,16,10,rbf,large_mu,18,18,18,35,24,15294.685134659809,24213.63342793715,large_mu,disjoint_bag_coordinate_me_single_point_probe_v1,ok,,0.9,1.0
automobile vs truck,automobile,truck,0,16,16,rbf,large_mu,18,18,18,35,24,15294.685134659809,24213.63342793715,large_mu,disjoint_bag_coordinate_me_single_point_probe_v1,ok,,0.8975,0.1
automobile vs truck,automobile,truck,0,16,24,rbf,large_mu,18,18,18,35,24,15294.685134659809,24213.63342793715,large_mu,disjoint_bag_coordinate_me_single_point_probe_v1,rank_limited,"requested r=24, stable limit=18, available directions=24",,
automobile vs truck,automobile,truck,0,16,1,rbf,small_mu,18,18,17,35,24,15294.685134659809,24213.63342793715,,disjoint_bag_coordinate_me_single_point_probe_v1,ok,,0.8875,0.1
automobile vs truck,automobile,truck,0,16,2,rbf,small_mu,18,18,17,35,24,15294.685134659809,24213.63342793715,small_mu,disjoint_bag_coordinate_me_single_point_probe_v1,ok,,0.89,0.1
automobile vs truck,automobile,truck,0,16,4,rbf,small_mu,18,18,17,35,24,15294.685134659809,24213.63342793715,large_mu,disjoint_bag_coordinate_me_single_point_probe_v1,ok,,0.8975,1.0
automobile vs truck,automobile,truck,0,16,6,rbf,small_mu,18,18,17,35,24,15294.685134659809,24213.63342793715,large_mu,disjoint_bag_coordinate_me_single_point_probe_v1,ok,,0.8975,10.0
automobile vs truck,automobile,truck,0,16,8,rbf,small_mu,18,18,17,35,24,15294.685134659809,24213.63342793715,large_mu,disjoint_bag_coordinate_me_single_point_probe_v1,ok,,0.8975,1.0
automobile vs truck,automobile,truck,0,16,10,rbf,small_mu,18,18,17,35,24,15294.685134659809,24213.63342793715,large_mu,disjoint_bag_coordinate_me_single_point_probe_v1,ok,,0.9,1.0
automobile vs truck,automobile,truck,0,16,16,rbf,small_mu,18,18,17,35,24,15294.685134659809,24213.63342793715,large_mu,disjoint_bag_coordinate_me_single_point_probe_v1,ok,,0.9,0.1
automobile vs truck,automobile,truck,0,16,24,rbf,small_mu,18,18,17,35,24,15294.685134659809,24213.63342793715,large_mu,disjoint_bag_coordinate_me_single_point_probe_v1,rank_limited,"requested r=24, stable limit=17, available directions=24",,
automobile vs truck,automobile,truck,0,16,1,laplacian,large_mu,18,18,18,35,24,11311.8724647744,18777.678304907025,,disjoint_bag_coordinate_me_single_point_probe_v1,ok,,0.9025,0.1
automobile vs truck,automobile,truck,0,16,2,laplacian,large_mu,18,18,18,35,24,11311.8724647744,18777.678304907025,small_mu,disjoint_bag_coordinate_me_single_point_probe_v1,ok,,0.9025,0.1
automobile vs truck,automobile,truck,0,16,4,laplacian,large_mu,18,18,18,35,24,11311.8724647744,18777.678304907025,large_mu,disjoint_bag_coordinate_me_single_point_probe_v1,ok,,0.9075,0.1
automobile vs truck,automobile,truck,0,16,6,laplacian,large_mu,18,18,18,35,24,11311.8724647744,18777.678304907025,large_mu,disjoint_bag_coordinate_me_single_point_probe_v1,ok,,0.9075,0.1
automobile vs truck,automobile,truck,0,16,8,laplacian,large_mu,18,18,18,35,24,11311.8724647744,18777.678304907025,large_mu,disjoint_bag_coordinate_me_single_point_probe_v1,ok,,0.9075,0.1
automobile vs truck,automobile,truck,0,16,10,laplacian,large_mu,18,18,18,35,24,11311.8724647744,18777.678304907025,large_mu,disjoint_bag_coordinate_me_single_point_probe_v1,ok,,0.91,1.0
automobile vs truck,automobile,truck,0,16,16,laplacian,large_mu,18,18,18,35,24,11311.8724647744,18777.678304907025,large_mu,disjoint_bag_coordinate_me_single_point_probe_v1,ok,,0.91,0.1
automobile vs truck,automobile,truck,0,16,24,laplacian,large_mu,18,18,18,35,24,11311.8724647744,18777.678304907025,large_mu,disjoint_bag_coordinate_me_single_point_probe_v1,rank_limited,"requested r=24, stable limit=18, available directions=24",,
automobile vs truck,automobile,truck,0,16,1,laplacian,small_mu,18,18,17,35,24,11311.8724647744,18777.678304907025,,disjoint_bag_coordinate_me_single_point_probe_v1,ok,,0.905,0.1
automobile vs truck,automobile,truck,0,16,2,laplacian,small_mu,18,18,17,35,24,11311.8724647744,18777.678304907025,small_mu,disjoint_bag_coordinate_me_single_point_probe_v1,ok,,0.905,10.0
automobile vs truck,automobile,truck,0,16,4,laplacian,small_mu,18,18,17,35,24,11311.8724647744,18777.678304907025,large_mu,disjoint_bag_coordinate_me_single_point_probe_v1,ok,,0.91,1.0
automobile vs truck,automobile,truck,0,16,6,laplacian,small_mu,18,18,17,35,24,11311.8724647744,18777.678304907025,large_mu,disjoint_bag_coordinate_me_single_point_probe_v1,ok,,0.91,10.0
automobile vs truck,automobile,truck,0,16,8,laplacian,small_mu,18,18,17,35,24,11311.8724647744,18777.678304907025,large_mu,disjoint_bag_coordinate_me_single_point_probe_v1,ok,,0.9125,1.0
automobile vs truck,automobile,truck,0,16,10,laplacian,small_mu,18,18,17,35,24,11311.8724647744,18777.678304907025,large_mu,disjoint_bag_coordinate_me_single_point_probe_v1,ok,,0.905,1.0
automobile vs truck,automobile,truck,0,16,16,laplacian,small_mu,18,18,17,35,24,11311.8724647744,18777.678304907025,large_mu,disjoint_bag_coordinate_me_single_point_probe_v1,ok,,0.91,0.1
automobile vs truck,automobile,truck,0,16,24,laplacian,small_mu,18,18,17,35,24,11311.8724647744,18777.678304907025,large_mu,disjoint_bag_coordinate_me_single_point_probe_v1,rank_limited,"requested r=24, stable limit=17, available directions=24",,
automobile vs truck,automobile,truck,0,16,1,polynomial,large_mu,18,18,18,35,24,86524.58894082645,79965.46973948127,,disjoint_bag_coordinate_me_single_point_probe_v1,ok,,0.885,0.1
automobile vs truck,automobile,truck,0,16,2,polynomial,large_mu,18,18,18,35,24,86524.58894082645,79965.46973948127,large_mu,disjoint_bag_coordinate_me_single_point_probe_v1,ok,,0.8825,0.1
automobile vs truck,automobile,truck,0,16,4,polynomial,large_mu,18,18,18,35,24,86524.58894082645,79965.46973948127,large_mu,disjoint_bag_coordinate_me_single_point_probe_v1,ok,,0.8925,0.1
automobile vs truck,automobile,truck,0,16,6,polynomial,large_mu,18,18,18,35,24,86524.58894082645,79965.46973948127,large_mu,disjoint_bag_coordinate_me_single_point_probe_v1,ok,,0.8975,0.1
automobile vs truck,automobile,truck,0,16,8,polynomial,large_mu,18,18,18,35,24,86524.58894082645,79965.46973948127,large_mu,disjoint_bag_coordinate_me_single_point_probe_v1,ok,,0.9,0.1
automobile vs truck,automobile,truck,0,16,10,polynomial,large_mu,18,18,18,35,24,86524.58894082645,79965.46973948127,large_mu,disjoint_bag_coordinate_me_single_point_probe_v1,ok,,0.9,10.0
automobile vs truck,automobile,truck,0,16,16,polynomial,large_mu,18,18,18,35,24,86524.58894082645,79965.46973948127,large_mu,disjoint_bag_coordinate_me_single_point_probe_v1,ok,,0.9025,10.0
automobile vs truck,automobile,truck,0,16,24,polynomial,large_mu,18,18,18,35,24,86524.58894082645,79965.46973948127,large_mu,disjoint_bag_coordinate_me_single_point_probe_v1,rank_limited,"requested r=24, stable limit=18, available directions=24",,
automobile vs truck,automobile,truck,0,16,1,polynomial,small_mu,18,18,17,35,24,86524.58894082645,79965.46973948127,,disjoint_bag_coordinate_me_single_point_probe_v1,ok,,0.89,0.1
automobile vs truck,automobile,truck,0,16,2,polynomial,small_mu,18,18,17,35,24,86524.58894082645,79965.46973948127,large_mu,disjoint_bag_coordinate_me_single_point_probe_v1,ok,,0.885,0.1
automobile vs truck,automobile,truck,0,16,4,polynomial,small_mu,18,18,17,35,24,86524.58894082645,79965.46973948127,large_mu,disjoint_bag_coordinate_me_single_point_probe_v1,ok,,0.8825,10.0
automobile vs truck,automobile,truck,0,16,6,polynomial,small_mu,18,18,17,35,24,86524.58894082645,79965.46973948127,large_mu,disjoint_bag_coordinate_me_single_point_probe_v1,ok,,0.8925,1.0
automobile vs truck,automobile,truck,0,16,8,polynomial,small_mu,18,18,17,35,24,86524.58894082645,79965.46973948127,large_mu,disjoint_bag_coordinate_me_single_point_probe_v1,ok,,0.895,1.0
automobile vs truck,automobile,truck,0,16,10,polynomial,small_mu,18,18,17,35,24,86524.58894082645,79965.46973948127,large_mu,disjoint_bag_coordinate_me_single_point_probe_v1,ok,,0.9,1.0
automobile vs truck,automobile,truck,0,16,16,polynomial,small_mu,18,18,17,35,24,86524.58894082645,79965.46973948127,large_mu,disjoint_bag_coordinate_me_single_point_probe_v1,ok,,0.9,10.0
automobile vs truck,automobile,truck,0,16,24,polynomial,small_mu,18,18,17,35,24,86524.58894082645,79965.46973948127,large_mu,disjoint_bag_coordinate_me_single_point_probe_v1,rank_limited,"requested r=24, stable limit=17, available directions=24",,
automobile vs truck,automobile,truck,0,16,1,sigmoid,large_mu,18,18,18,35,24,29657.24652454925,16190.438239531368,,disjoint_bag_coordinate_me_single_point_probe_v1,ok,,0.845,0.1
automobile vs truck,automobile,truck,0,16,2,sigmoid,large_mu,18,18,18,35,24,29657.24652454925,16190.438239531368,large_mu,disjoint_bag_coordinate_me_single_point_probe_v1,ok,,0.845,10.0
automobile vs truck,automobile,truck,0,16,4,sigmoid,large_mu,18,18,18,35,24,29657.24652454925,16190.438239531368,large_mu,disjoint_bag_coordinate_me_single_point_probe_v1,ok,,0.845,10.0
automobile vs truck,automobile,truck,0,16,6,sigmoid,large_mu,18,18,18,35,24,29657.24652454925,16190.438239531368,large_mu,disjoint_bag_coordinate_me_single_point_probe_v1,ok,,0.835,0.1
automobile vs truck,automobile,truck,0,16,8,sigmoid,large_mu,18,18,18,35,24,29657.24652454925,16190.438239531368,large_mu,disjoint_bag_coordinate_me_single_point_probe_v1,ok,,0.85,10.0
automobile vs truck,automobile,truck,0,16,10,sigmoid,large_mu,18,18,18,35,24,29657.24652454925,16190.438239531368,large_mu,disjoint_bag_coordinate_me_single_point_probe_v1,ok,,0.8475,0.1
automobile vs truck,automobile,truck,0,16,16,sigmoid,large_mu,18,18,18,35,24,29657.24652454925,16190.438239531368,large_mu,disjoint_bag_coordinate_me_single_point_probe_v1,ok,,0.8575,0.1
automobile vs truck,automobile,truck,0,16,24,sigmoid,large_mu,18,18,18,35,24,29657.24652454925,16190.438239531368,large_mu,disjoint_bag_coordinate_me_single_point_probe_v1,rank_limited,"requested r=24, stable limit=18, available directions=24",,
automobile vs truck,automobile,truck,0,16,1,sigmoid,small_mu,18,18,17,35,24,29657.24652454925,16190.438239531368,,disjoint_bag_coordinate_me_single_point_probe_v1,ok,,0.79,0.1
automobile vs truck,automobile,truck,0,16,2,sigmoid,small_mu,18,18,17,35,24,29657.24652454925,16190.438239531368,large_mu,disjoint_bag_coordinate_me_single_point_probe_v1,ok,,0.8075,0.1
automobile vs truck,automobile,truck,0,16,4,sigmoid,small_mu,18,18,17,35,24,29657.24652454925,16190.438239531368,large_mu,disjoint_bag_coordinate_me_single_point_probe_v1,ok,,0.855,0.1
automobile vs truck,automobile,truck,0,16,6,sigmoid,small_mu,18,18,17,35,24,29657.24652454925,16190.438239531368,large_mu,disjoint_bag_coordinate_me_single_point_probe_v1,ok,,0.8525,1.0
automobile vs truck,automobile,truck,0,16,8,sigmoid,small_mu,18,18,17,35,24,29657.24652454925,16190.438239531368,large_mu,disjoint_bag_coordinate_me_single_point_probe_v1,ok,,0.855,1.0
automobile vs truck,automobile,truck,0,16,10,sigmoid,small_mu,18,18,17,35,24,29657.24652454925,16190.438239531368,large_mu,disjoint_bag_coordinate_me_single_point_probe_v1,ok,,0.85,0.1
automobile vs truck,automobile,truck,0,16,16,sigmoid,small_mu,18,18,17,35,24,29657.24652454925,16190.438239531368,large_mu,disjoint_bag_coordinate_me_single_point_probe_v1,ok,,0.8525,1.0
automobile vs truck,automobile,truck,0,16,24,sigmoid,small_mu,18,18,17,35,24,29657.24652454925,16190.438239531368,large_mu,disjoint_bag_coordinate_me_single_point_probe_v1,rank_limited,"requested r=24, stable limit=17, available directions=24",,
automobile vs truck,automobile,truck,1,4,1,linear,large_mu,75,75,75,149,24,10854367.721248474,36754692.7909224,,disjoint_bag_coordinate_me_single_point_probe_v1,ok,,0.86,10.0
automobile vs truck,automobile,truck,1,4,2,linear,large_mu,75,75,75,149,24,10854367.721248474,36754692.7909224,small_mu,disjoint_bag_coordinate_me_single_point_probe_v1,ok,,0.865,10.0
automobile vs truck,automobile,truck,1,4,4,linear,large_mu,75,75,75,149,24,10854367.721248474,36754692.7909224,small_mu,disjoint_bag_coordinate_me_single_point_probe_v1,ok,,0.8575,10.0
automobile vs truck,automobile,truck,1,4,6,linear,large_mu,75,75,75,149,24,10854367.721248474,36754692.7909224,large_mu,disjoint_bag_coordinate_me_single_point_probe_v1,ok,,0.8575,0.1
automobile vs truck,automobile,truck,1,4,8,linear,large_mu,75,75,75,149,24,10854367.721248474,36754692.7909224,large_mu,disjoint_bag_coordinate_me_single_point_probe_v1,ok,,0.855,10.0
automobile vs truck,automobile,truck,1,4,10,linear,large_mu,75,75,75,149,24,10854367.721248474,36754692.7909224,large_mu,disjoint_bag_coordinate_me_single_point_probe_v1,ok,,0.865,0.1
automobile vs truck,automobile,truck,1,4,16,linear,large_mu,75,75,75,149,24,10854367.721248474,36754692.7909224,large_mu,disjoint_bag_coordinate_me_single_point_probe_v1,ok,,0.865,0.1
automobile vs truck,automobile,truck,1,4,24,linear,large_mu,75,75,75,149,24,10854367.721248474,36754692.7909224,large_mu,disjoint_bag_coordinate_me_single_point_probe_v1,ok,,0.89,0.1
automobile vs truck,automobile,truck,1,4,1,linear,small_mu,75,75,74,149,24,10854367.721248474,36754692.7909224,,disjoint_bag_coordinate_me_single_point_probe_v1,ok,,0.81,0.1
automobile vs truck,automobile,truck,1,4,2,linear,small_mu,75,75,74,149,24,10854367.721248474,36754692.7909224,small_mu,disjoint_bag_coordinate_me_single_point_probe_v1,ok,,0.8075,0.1
automobile vs truck,automobile,truck,1,4,4,linear,small_mu,75,75,74,149,24,10854367.721248474,36754692.7909224,small_mu,disjoint_bag_coordinate_me_single_point_probe_v1,ok,,0.8175,1.0
automobile vs truck,automobile,truck,1,4,6,linear,small_mu,75,75,74,149,24,10854367.721248474,36754692.7909224,large_mu,disjoint_bag_coordinate_me_single_point_probe_v1,ok,,0.8175,10.0
automobile vs truck,automobile,truck,1,4,8,linear,small_mu,75,75,74,149,24,10854367.721248474,36754692.7909224,large_mu,disjoint_bag_coordinate_me_single_point_probe_v1,ok,,0.8225,1.0
automobile vs truck,automobile,truck,1,4,10,linear,small_mu,75,75,74,149,24,10854367.721248474,36754692.7909224,large_mu,disjoint_bag_coordinate_me_single_point_probe_v1,ok,,0.8375,0.1
automobile vs truck,automobile,truck,1,4,16,linear,small_mu,75,75,74,149,24,10854367.721248474,36754692.7909224,large_mu,disjoint_bag_coordinate_me_single_point_probe_v1,ok,,0.835,0.1
automobile vs truck,automobile,truck,1,4,24,linear,small_mu,75,75,74,149,24,10854367.721248474,36754692.7909224,large_mu,disjoint_bag_coordinate_me_single_point_probe_v1,ok,,0.8525,0.1
automobile vs truck,automobile,truck,1,4,1,rbf,large_mu,75,75,75,149,24,14068.07413473566,98482.86368056654,,disjoint_bag_coordinate_me_single_point_probe_v1,ok,,0.89,0.1
automobile vs truck,automobile,truck,1,4,2,rbf,large_mu,75,75,75,149,24,14068.07413473566,98482.86368056654,small_mu,disjoint_bag_coordinate_me_single_point_probe_v1,ok,,0.895,1.0
automobile vs truck,automobile,truck,1,4,4,rbf,large_mu,75,75,75,149,24,14068.07413473566,98482.86368056654,small_mu,disjoint_bag_coordinate_me_single_point_probe_v1,ok,,0.88,10.0
automobile vs truck,automobile,truck,1,4,6,rbf,large_mu,75,75,75,149,24,14068.07413473566,98482.86368056654,small_mu,disjoint_bag_coordinate_me_single_point_probe_v1,ok,,0.88,1.0
automobile vs truck,automobile,truck,1,4,8,rbf,large_mu,75,75,75,149,24,14068.07413473566,98482.86368056654,small_mu,disjoint_bag_coordinate_me_single_point_probe_v1,ok,,0.8775,0.1
automobile vs truck,automobile,truck,1,4,10,rbf,large_mu,75,75,75,149,24,14068.07413473566,98482.86368056654,large_mu,disjoint_bag_coordinate_me_single_point_probe_v1,ok,,0.8725,0.1
automobile vs truck,automobile,truck,1,4,16,rbf,large_mu,75,75,75,149,24,14068.07413473566,98482.86368056654,large_mu,disjoint_bag_coordinate_me_single_point_probe_v1,ok,,0.885,10.0
automobile vs truck,automobile,truck,1,4,24,rbf,large_mu,75,75,75,149,24,14068.07413473566,98482.86368056654,large_mu,disjoint_bag_coordinate_me_single_point_probe_v1,ok,,0.885,0.1
automobile vs truck,automobile,truck,1,4,1,rbf,small_mu,75,75,74,149,24,14068.07413473566,98482.86368056654,,disjoint_bag_coordinate_me_single_point_probe_v1,ok,,0.89,0.1
automobile vs truck,automobile,truck,1,4,2,rbf,small_mu,75,75,74,149,24,14068.07413473566,98482.86368056654,small_mu,disjoint_bag_coordinate_me_single_point_probe_v1,ok,,0.89,1.0
automobile vs truck,automobile,truck,1,4,4,rbf,small_mu,75,75,74,149,24,14068.07413473566,98482.86368056654,small_mu,disjoint_bag_coordinate_me_single_point_probe_v1,ok,,0.89,0.1
automobile vs truck,automobile,truck,1,4,6,rbf,small_mu,75,75,74,149,24,14068.07413473566,98482.86368056654,small_mu,disjoint_bag_coordinate_me_single_point_probe_v1,ok,,0.8825,0.1
automobile vs truck,automobile,truck,1,4,8,rbf,small_mu,75,75,74,149,24,14068.07413473566,98482.86368056654,small_mu,disjoint_bag_coordinate_me_single_point_probe_v1,ok,,0.89,1.0
automobile vs truck,automobile,truck,1,4,10,rbf,small_mu,75,75,74,149,24,14068.07413473566,98482.86368056654,large_mu,disjoint_bag_coordinate_me_single_point_probe_v1,ok,,0.8875,1.0
automobile vs truck,automobile,truck,1,4,16,rbf,small_mu,75,75,74,149,24,14068.07413473566,98482.86368056654,large_mu,disjoint_bag_coordinate_me_single_point_probe_v1,ok,,0.8875,10.0
automobile vs truck,automobile,truck,1,4,24,rbf,small_mu,75,75,74,149,24,14068.07413473566,98482.86368056654,large_mu,disjoint_bag_coordinate_me_single_point_probe_v1,ok,,0.89,1.0
automobile vs truck,automobile,truck,1,4,1,laplacian,large_mu,75,75,75,149,24,10302.947705015016,76504.36420564693,,disjoint_bag_coordinate_me_single_point_probe_v1,ok,,0.9,0.1
automobile vs truck,automobile,truck,1,4,2,laplacian,large_mu,75,75,75,149,24,10302.947705015016,76504.36420564693,small_mu,disjoint_bag_coordinate_me_single_point_probe_v1,ok,,0.895,1.0
automobile vs truck,automobile,truck,1,4,4,laplacian,large_mu,75,75,75,149,24,10302.947705015016,76504.36420564693,small_mu,disjoint_bag_coordinate_me_single_point_probe_v1,ok,,0.9025,0.1
automobile vs truck,automobile,truck,1,4,6,laplacian,large_mu,75,75,75,149,24,10302.947705015016,76504.36420564693,small_mu,disjoint_bag_coordinate_me_single_point_probe_v1,ok,,0.8875,0.1
automobile vs truck,automobile,truck,1,4,8,laplacian,large_mu,75,75,75,149,24,10302.947705015016,76504.36420564693,small_mu,disjoint_bag_coordinate_me_single_point_probe_v1,ok,,0.88,1.0
automobile vs truck,automobile,truck,1,4,10,laplacian,large_mu,75,75,75,149,24,10302.947705015016,76504.36420564693,large_mu,disjoint_bag_coordinate_me_single_point_probe_v1,ok,,0.88,1.0
automobile vs truck,automobile,truck,1,4,16,laplacian,large_mu,75,75,75,149,24,10302.947705015016,76504.36420564693,large_mu,disjoint_bag_coordinate_me_single_point_probe_v1,ok,,0.895,0.1
automobile vs truck,automobile,truck,1,4,24,laplacian,large_mu,75,75,75,149,24,10302.947705015016,76504.36420564693,large_mu,disjoint_bag_coordinate_me_single_point_probe_v1,ok,,0.89,10.0
automobile vs truck,automobile,truck,1,4,1,laplacian,small_mu,75,75,74,149,24,10302.947705015016,76504.36420564693,,disjoint_bag_coordinate_me_single_point_probe_v1,ok,,0.89,10.0
automobile vs truck,automobile,truck,1,4,2,laplacian,small_mu,75,75,74,149,24,10302.947705015016,76504.36420564693,small_mu,disjoint_bag_coordinate_me_single_point_probe_v1,ok,,0.895,0.1
automobile vs truck,automobile,truck,1,4,4,laplacian,small_mu,75,75,74,149,24,10302.947705015016,76504.36420564693,small_mu,disjoint_bag_coordinate_me_single_point_probe_v1,ok,,0.905,0.1
automobile vs truck,automobile,truck,1,4,6,laplacian,small_mu,75,75,74,149,24,10302.947705015016,76504.36420564693,small_mu,disjoint_bag_coordinate_me_single_point_probe_v1,ok,,0.9,1.0
automobile vs truck,automobile,truck,1,4,8,laplacian,small_mu,75,75,74,149,24,10302.947705015016,76504.36420564693,small_mu,disjoint_bag_coordinate_me_single_point_probe_v1,ok,,0.9,1.0
automobile vs truck,automobile,truck,1,4,10,laplacian,small_mu,75,75,74,149,24,10302.947705015016,76504.36420564693,large_mu,disjoint_bag_coordinate_me_single_point_probe_v1,ok,,0.895,1.0
automobile vs truck,automobile,truck,1,4,16,laplacian,small_mu,75,75,74,149,24,10302.947705015016,76504.36420564693,large_mu,disjoint_bag_coordinate_me_single_point_probe_v1,ok,,0.8875,10.0
automobile vs truck,automobile,truck,1,4,24,laplacian,small_mu,75,75,74,149,24,10302.947705015016,76504.36420564693,large_mu,disjoint_bag_coordinate_me_single_point_probe_v1,ok,,0.8975,1.0
automobile vs truck,automobile,truck,1,4,1,polynomial,large_mu,75,75,75,149,24,65114.58254644832,299359.57453974214,,disjoint_bag_coordinate_me_single_point_probe_v1,ok,,0.8875,1.0
automobile vs truck,automobile,truck,1,4,2,polynomial,large_mu,75,75,75,149,24,65114.58254644832,299359.57453974214,small_mu,disjoint_bag_coordinate_me_single_point_probe_v1,ok,,0.8825,0.1
automobile vs truck,automobile,truck,1,4,4,polynomial,large_mu,75,75,75,149,24,65114.58254644832,299359.57453974214,small_mu,disjoint_bag_coordinate_me_single_point_probe_v1,ok,,0.875,1.0
automobile vs truck,automobile,truck,1,4,6,polynomial,large_mu,75,75,75,149,24,65114.58254644832,299359.57453974214,large_mu,disjoint_bag_coordinate_me_single_point_probe_v1,ok,,0.885,1.0
automobile vs truck,automobile,truck,1,4,8,polynomial,large_mu,75,75,75,149,24,65114.58254644832,299359.57453974214,large_mu,disjoint_bag_coordinate_me_single_point_probe_v1,ok,,0.8825,10.0
automobile vs truck,automobile,truck,1,4,10,polynomial,large_mu,75,75,75,149,24,65114.58254644832,299359.57453974214,large_mu,disjoint_bag_coordinate_me_single_point_probe_v1,ok,,0.8775,1.0
automobile vs truck,automobile,truck,1,4,16,polynomial,large_mu,75,75,75,149,24,65114.58254644832,299359.57453974214,large_mu,disjoint_bag_coordinate_me_single_point_probe_v1,ok,,0.88,1.0
automobile vs truck,automobile,truck,1,4,24,polynomial,large_mu,75,75,75,149,24,65114.58254644832,299359.57453974214,large_mu,disjoint_bag_coordinate_me_single_point_probe_v1,ok,,0.8825,0.1
automobile vs truck,automobile,truck,1,4,1,polynomial,small_mu,75,75,74,149,24,65114.58254644832,299359.57453974214,,disjoint_bag_coordinate_me_single_point_probe_v1,ok,,0.8775,0.1
automobile vs truck,automobile,truck,1,4,2,polynomial,small_mu,75,75,74,149,24,65114.58254644832,299359.57453974214,small_mu,disjoint_bag_coordinate_me_single_point_probe_v1,ok,,0.8775,0.1
automobile vs truck,automobile,truck,1,4,4,polynomial,small_mu,75,75,74,149,24,65114.58254644832,299359.57453974214,small_mu,disjoint_bag_coordinate_me_single_point_probe_v1,ok,,0.88,0.1
automobile vs truck,automobile,truck,1,4,6,polynomial,small_mu,75,75,74,149,24,65114.58254644832,299359.57453974214,large_mu,disjoint_bag_coordinate_me_single_point_probe_v1,ok,,0.865,10.0
automobile vs truck,automobile,truck,1,4,8,polynomial,small_mu,75,75,74,149,24,65114.58254644832,299359.57453974214,large_mu,disjoint_bag_coordinate_me_single_point_probe_v1,ok,,0.8775,1.0
automobile vs truck,automobile,truck,1,4,10,polynomial,small_mu,75,75,74,149,24,65114.58254644832,299359.57453974214,large_mu,disjoint_bag_coordinate_me_single_point_probe_v1,ok,,0.88,10.0
automobile vs truck,automobile,truck,1,4,16,polynomial,small_mu,75,75,74,149,24,65114.58254644832,299359.57453974214,large_mu,disjoint_bag_coordinate_me_single_point_probe_v1,ok,,0.8925,1.0
automobile vs truck,automobile,truck,1,4,24,polynomial,small_mu,75,75,74,149,24,65114.58254644832,299359.57453974214,large_mu,disjoint_bag_coordinate_me_single_point_probe_v1,ok,,0.89,0.1
automobile vs truck,automobile,truck,1,4,1,sigmoid,large_mu,75,75,75,115,24,10494.03305029286,27025.233137884563,,disjoint_bag_coordinate_me_single_point_probe_v1,ok,,0.78,1.0
automobile vs truck,automobile,truck,1,4,2,sigmoid,large_mu,75,75,75,115,24,10494.03305029286,27025.233137884563,small_mu,disjoint_bag_coordinate_me_single_point_probe_v1,ok,,0.785,1.0
automobile vs truck,automobile,truck,1,4,4,sigmoid,large_mu,75,75,75,115,24,10494.03305029286,27025.233137884563,large_mu,disjoint_bag_coordinate_me_single_point_probe_v1,ok,,0.77,0.1
automobile vs truck,automobile,truck,1,4,6,sigmoid,large_mu,75,75,75,115,24,10494.03305029286,27025.233137884563,large_mu,disjoint_bag_coordinate_me_single_point_probe_v1,ok,,0.7775,1.0
automobile vs truck,automobile,truck,1,4,8,sigmoid,large_mu,75,75,75,115,24,10494.03305029286,27025.233137884563,large_mu,disjoint_bag_coordinate_me_single_point_probe_v1,ok,,0.785,0.1
automobile vs truck,automobile,truck,1,4,10,sigmoid,large_mu,75,75,75,115,24,10494.03305029286,27025.233137884563,large_mu,disjoint_bag_coordinate_me_single_point_probe_v1,ok,,0.795,0.1
automobile vs truck,automobile,truck,1,4,16,sigmoid,large_mu,75,75,75,115,24,10494.03305029286,27025.233137884563,large_mu,disjoint_bag_coordinate_me_single_point_probe_v1,ok,,0.7925,0.1
automobile vs truck,automobile,truck,1,4,24,sigmoid,large_mu,75,75,75,115,24,10494.03305029286,27025.233137884563,large_mu,disjoint_bag_coordinate_me_single_point_probe_v1,ok,,0.7925,0.1
automobile vs truck,automobile,truck,1,4,1,sigmoid,small_mu,75,75,74,115,24,10494.03305029286,27025.233137884563,,disjoint_bag_coordinate_me_single_point_probe_v1,ok,,0.64,0.1
automobile vs truck,automobile,truck,1,4,2,sigmoid,small_mu,75,75,74,115,24,10494.03305029286,27025.233137884563,small_mu,disjoint_bag_coordinate_me_single_point_probe_v1,ok,,0.6425,0.1
automobile vs truck,automobile,truck,1,4,4,sigmoid,small_mu,75,75,74,115,24,10494.03305029286,27025.233137884563,large_mu,disjoint_bag_coordinate_me_single_point_probe_v1,ok,,0.7175,0.1
automobile vs truck,automobile,truck,1,4,6,sigmoid,small_mu,75,75,74,115,24,10494.03305029286,27025.233137884563,large_mu,disjoint_bag_coordinate_me_single_point_probe_v1,ok,,0.7425,10.0
automobile vs truck,automobile,truck,1,4,8,sigmoid,small_mu,75,75,74,115,24,10494.03305029286,27025.233137884563,large_mu,disjoint_bag_coordinate_me_single_point_probe_v1,ok,,0.7375,0.1
automobile vs truck,automobile,truck,1,4,10,sigmoid,small_mu,75,75,74,115,24,10494.03305029286,27025.233137884563,large_mu,disjoint_bag_coordinate_me_single_point_probe_v1,ok,,0.7425,1.0
automobile vs truck,automobile,truck,1,4,16,sigmoid,small_mu,75,75,74,115,24,10494.03305029286,27025.233137884563,large_mu,disjoint_bag_coordinate_me_single_point_probe_v1,ok,,0.755,10.0
automobile vs truck,automobile,truck,1,4,24,sigmoid,small_mu,75,75,74,115,24,10494.03305029286,27025.233137884563,large_mu,disjoint_bag_coordinate_me_single_point_probe_v1,ok,,0.7425,0.1
automobile vs truck,automobile,truck,1,8,1,linear,large_mu,37,37,37,73,24,17019514.07575794,23338151.870217253,,disjoint_bag_coordinate_me_single_point_probe_v1,ok,,0.8725,0.1
automobile vs truck,automobile,truck,1,8,2,linear,large_mu,37,37,37,73,24,17019514.07575794,23338151.870217253,small_mu,disjoint_bag_coordinate_me_single_point_probe_v1,ok,,0.8625,0.1
automobile vs truck,automobile,truck,1,8,4,linear,large_mu,37,37,37,73,24,17019514.07575794,23338151.870217253,large_mu,disjoint_bag_coordinate_me_single_point_probe_v1,ok,,0.8625,0.1
automobile vs truck,automobile,truck,1,8,6,linear,large_mu,37,37,37,73,24,17019514.07575794,23338151.870217253,large_mu,disjoint_bag_coordinate_me_single_point_probe_v1,ok,,0.8775,10.0
automobile vs truck,automobile,truck,1,8,8,linear,large_mu,37,37,37,73,24,17019514.07575794,23338151.870217253,large_mu,disjoint_bag_coordinate_me_single_point_probe_v1,ok,,0.8825,1.0
automobile vs truck,automobile,truck,1,8,10,linear,large_mu,37,37,37,73,24,17019514.07575794,23338151.870217253,large_mu,disjoint_bag_coordinate_me_single_point_probe_v1,ok,,0.8925,10.0
automobile vs truck,automobile,truck,1,8,16,linear,large_mu,37,37,37,73,24,17019514.07575794,23338151.870217253,large_mu,disjoint_bag_coordinate_me_single_point_probe_v1,ok,,0.875,10.0
automobile vs truck,automobile,truck,1,8,24,linear,large_mu,37,37,37,73,24,17019514.07575794,23338151.870217253,large_mu,disjoint_bag_coordinate_me_single_point_probe_v1,ok,,0.8875,0.1
automobile vs truck,automobile,truck,1,8,1,linear,small_mu,37,37,36,73,24,17019514.07575794,23338151.870217253,,disjoint_bag_coordinate_me_single_point_probe_v1,ok,,0.875,0.1
automobile vs truck,automobile,truck,1,8,2,linear,small_mu,37,37,36,73,24,17019514.07575794,23338151.870217253,small_mu,disjoint_bag_coordinate_me_single_point_probe_v1,ok,,0.87,10.0
automobile vs truck,automobile,truck,1,8,4,linear,small_mu,37,37,36,73,24,17019514.07575794,23338151.870217253,large_mu,disjoint_bag_coordinate_me_single_point_probe_v1,ok,,0.87,0.1
automobile vs truck,automobile,truck,1,8,6,linear,small_mu,37,37,36,73,24,17019514.07575794,23338151.870217253,large_mu,disjoint_bag_coordinate_me_single_point_probe_v1,ok,,0.875,1.0
automobile vs truck,automobile,truck,1,8,8,linear,small_mu,37,37,36,73,24,17019514.07575794,23338151.870217253,large_mu,disjoint_bag_coordinate_me_single_point_probe_v1,ok,,0.86,0.1
automobile vs truck,automobile,truck,1,8,10,linear,small_mu,37,37,36,73,24,17019514.07575794,23338151.870217253,large_mu,disjoint_bag_coordinate_me_single_point_probe_v1,ok,,0.87,1.0
automobile vs truck,automobile,truck,1,8,16,linear,small_mu,37,37,36,73,24,17019514.07575794,23338151.870217253,large_mu,disjoint_bag_coordinate_me_single_point_probe_v1,ok,,0.8575,1.0
automobile vs truck,automobile,truck,1,8,24,linear,small_mu,37,37,36,73,24,17019514.07575794,23338151.870217253,large_mu,disjoint_bag_coordinate_me_single_point_probe_v1,ok,,0.8675,10.0
automobile vs truck,automobile,truck,1,8,1,rbf,large_mu,37,37,37,73,24,16316.30335809281,49721.909706679704,,disjoint_bag_coordinate_me_single_point_probe_v1,ok,,0.9,0.1
automobile vs truck,automobile,truck,1,8,2,rbf,large_mu,37,37,37,73,24,16316.30335809281,49721.909706679704,small_mu,disjoint_bag_coordinate_me_single_point_probe_v1,ok,,0.895,1.0
automobile vs truck,automobile,truck,1,8,4,rbf,large_mu,37,37,37,73,24,16316.30335809281,49721.909706679704,small_mu,disjoint_bag_coordinate_me_single_point_probe_v1,ok,,0.9025,1.0
automobile vs truck,automobile,truck,1,8,6,rbf,large_mu,37,37,37,73,24,16316.30335809281,49721.909706679704,large_mu,disjoint_bag_coordinate_me_single_point_probe_v1,ok,,0.9025,1.0
automobile vs truck,automobile,truck,1,8,8,rbf,large_mu,37,37,37,73,24,16316.30335809281,49721.909706679704,large_mu,disjoint_bag_coordinate_me_single_point_probe_v1,ok,,0.8975,1.0
automobile vs truck,automobile,truck,1,8,10,rbf,large_mu,37,37,37,73,24,16316.30335809281,49721.909706679704,large_mu,disjoint_bag_coordinate_me_single_point_probe_v1,ok,,0.8975,0.1
automobile vs truck,automobile,truck,1,8,16,rbf,large_mu,37,37,37,73,24,16316.30335809281,49721.909706679704,large_mu,disjoint_bag_coordinate_me_single_point_probe_v1,ok,,0.8975,1.0
automobile vs truck,automobile,truck,1,8,24,rbf,large_mu,37,37,37,73,24,16316.30335809281,49721.909706679704,large_mu,disjoint_bag_coordinate_me_single_point_probe_v1,ok,,0.895,0.1
automobile vs truck,automobile,truck,1,8,1,rbf,small_mu,37,37,36,73,24,16316.30335809281,49721.909706679704,,disjoint_bag_coordinate_me_single_point_probe_v1,ok,,0.895,0.1
automobile vs truck,automobile,truck,1,8,2,rbf,small_mu,37,37,36,73,24,16316.30335809281,49721.909706679704,small_mu,disjoint_bag_coordinate_me_single_point_probe_v1,ok,,0.9025,0.1
automobile vs truck,automobile,truck,1,8,4,rbf,small_mu,37,37,36,73,24,16316.30335809281,49721.909706679704,small_mu,disjoint_bag_coordinate_me_single_point_probe_v1,ok,,0.9,1.0
automobile vs truck,automobile,truck,1,8,6,rbf,small_mu,37,37,36,73,24,16316.30335809281,49721.909706679704,large_mu,disjoint_bag_coordinate_me_single_point_probe_v1,ok,,0.9,1.0
automobile vs truck,automobile,truck,1,8,8,rbf,small_mu,37,37,36,73,24,16316.30335809281,49721.909706679704,large_mu,disjoint_bag_coordinate_me_single_point_probe_v1,ok,,0.8925,1.0
automobile vs truck,automobile,truck,1,8,10,rbf,small_mu,37,37,36,73,24,16316.30335809281,49721.909706679704,large_mu,disjoint_bag_coordinate_me_single_point_probe_v1,ok,,0.8975,1.0
automobile vs truck,automobile,truck,1,8,16,rbf,small_mu,37,37,36,73,24,16316.30335809281,49721.909706679704,large_mu,disjoint_bag_coordinate_me_single_point_probe_v1,ok,,0.895,1.0
automobile vs truck,automobile,truck,1,8,24,rbf,small_mu,37,37,36,73,24,16316.30335809281,49721.909706679704,large_mu,disjoint_bag_coordinate_me_single_point_probe_v1,ok,,0.895,1.0
automobile vs truck,automobile,truck,1,8,1,laplacian,large_mu,37,37,37,73,24,11743.002639307004,38479.048767550514,,disjoint_bag_coordinate_me_single_point_probe_v1,ok,,0.9125,1.0
automobile vs truck,automobile,truck,1,8,2,laplacian,large_mu,37,37,37,73,24,11743.002639307004,38479.048767550514,small_mu,disjoint_bag_coordinate_me_single_point_probe_v1,ok,,0.9075,0.1
automobile vs truck,automobile,truck,1,8,4,laplacian,large_mu,37,37,37,73,24,11743.002639307004,38479.048767550514,small_mu,disjoint_bag_coordinate_me_single_point_probe_v1,ok,,0.9125,0.1
automobile vs truck,automobile,truck,1,8,6,laplacian,large_mu,37,37,37,73,24,11743.002639307004,38479.048767550514,large_mu,disjoint_bag_coordinate_me_single_point_probe_v1,ok,,0.8975,0.1
automobile vs truck,automobile,truck,1,8,8,laplacian,large_mu,37,37,37,73,24,11743.002639307004,38479.048767550514,large_mu,disjoint_bag_coordinate_me_single_point_probe_v1,ok,,0.8925,1.0
automobile vs truck,automobile,truck,1,8,10,laplacian,large_mu,37,37,37,73,24,11743.002639307004,38479.048767550514,large_mu,disjoint_bag_coordinate_me_single_point_probe_v1,ok,,0.9,0.1
automobile vs truck,automobile,truck,1,8,16,laplacian,large_mu,37,37,37,73,24,11743.002639307004,38479.048767550514,large_mu,disjoint_bag_coordinate_me_single_point_probe_v1,ok,,0.895,0.1
automobile vs truck,automobile,truck,1,8,24,laplacian,large_mu,37,37,37,73,24,11743.002639307004,38479.048767550514,large_mu,disjoint_bag_coordinate_me_single_point_probe_v1,ok,,0.9,0.1
automobile vs truck,automobile,truck,1,8,1,laplacian,small_mu,37,37,36,73,24,11743.002639307004,38479.048767550514,,disjoint_bag_coordinate_me_single_point_probe_v1,ok,,0.895,0.1
automobile vs truck,automobile,truck,1,8,2,laplacian,small_mu,37,37,36,73,24,11743.002639307004,38479.048767550514,small_mu,disjoint_bag_coordinate_me_single_point_probe_v1,ok,,0.8975,10.0
automobile vs truck,automobile,truck,1,8,4,laplacian,small_mu,37,37,36,73,24,11743.002639307004,38479.048767550514,small_mu,disjoint_bag_coordinate_me_single_point_probe_v1,ok,,0.8975,1.0
automobile vs truck,automobile,truck,1,8,6,laplacian,small_mu,37,37,36,73,24,11743.002639307004,38479.048767550514,large_mu,disjoint_bag_coordinate_me_single_point_probe_v1,ok,,0.8975,1.0
automobile vs truck,automobile,truck,1,8,8,laplacian,small_mu,37,37,36,73,24,11743.002639307004,38479.048767550514,large_mu,disjoint_bag_coordinate_me_single_point_probe_v1,ok,,0.9025,0.1
automobile vs truck,automobile,truck,1,8,10,laplacian,small_mu,37,37,36,73,24,11743.002639307004,38479.048767550514,large_mu,disjoint_bag_coordinate_me_single_point_probe_v1,ok,,0.8975,1.0
automobile vs truck,automobile,truck,1,8,16,laplacian,small_mu,37,37,36,73,24,11743.002639307004,38479.048767550514,large_mu,disjoint_bag_coordinate_me_single_point_probe_v1,ok,,0.9025,1.0
automobile vs truck,automobile,truck,1,8,24,laplacian,small_mu,37,37,36,73,24,11743.002639307004,38479.048767550514,large_mu,disjoint_bag_coordinate_me_single_point_probe_v1,ok,,0.9025,1.0
automobile vs truck,automobile,truck,1,8,1,polynomial,large_mu,37,37,37,73,24,84969.87722602542,160969.82751843374,,disjoint_bag_coordinate_me_single_point_probe_v1,ok,,0.895,0.1
automobile vs truck,automobile,truck,1,8,2,polynomial,large_mu,37,37,37,73,24,84969.87722602542,160969.82751843374,small_mu,disjoint_bag_coordinate_me_single_point_probe_v1,ok,,0.895,0.1
automobile vs truck,automobile,truck,1,8,4,polynomial,large_mu,37,37,37,73,24,84969.87722602542,160969.82751843374,large_mu,disjoint_bag_coordinate_me_single_point_probe_v1,ok,,0.8875,1.0
automobile vs truck,automobile,truck,1,8,6,polynomial,large_mu,37,37,37,73,24,84969.87722602542,160969.82751843374,large_mu,disjoint_bag_coordinate_me_single_point_probe_v1,ok,,0.885,0.1
automobile vs truck,automobile,truck,1,8,8,polynomial,large_mu,37,37,37,73,24,84969.87722602542,160969.82751843374,large_mu,disjoint_bag_coordinate_me_single_point_probe_v1,ok,,0.8825,1.0
automobile vs truck,automobile,truck,1,8,10,polynomial,large_mu,37,37,37,73,24,84969.87722602542,160969.82751843374,large_mu,disjoint_bag_coordinate_me_single_point_probe_v1,ok,,0.8875,0.1
automobile vs truck,automobile,truck,1,8,16,polynomial,large_mu,37,37,37,73,24,84969.87722602542,160969.82751843374,large_mu,disjoint_bag_coordinate_me_single_point_probe_v1,ok,,0.8825,0.1
automobile vs truck,automobile,truck,1,8,24,polynomial,large_mu,37,37,37,73,24,84969.87722602542,160969.82751843374,large_mu,disjoint_bag_coordinate_me_single_point_probe_v1,ok,,0.885,0.1
automobile vs truck,automobile,truck,1,8,1,polynomial,small_mu,37,37,36,73,24,84969.87722602542,160969.82751843374,,disjoint_bag_coordinate_me_single_point_probe_v1,ok,,0.88,10.0
automobile vs truck,automobile,truck,1,8,2,polynomial,small_mu,37,37,36,73,24,84969.87722602542,160969.82751843374,small_mu,disjoint_bag_coordinate_me_single_point_probe_v1,ok,,0.8775,0.1
automobile vs truck,automobile,truck,1,8,4,polynomial,small_mu,37,37,36,73,24,84969.87722602542,160969.82751843374,large_mu,disjoint_bag_coordinate_me_single_point_probe_v1,ok,,0.88,1.0
automobile vs truck,automobile,truck,1,8,6,polynomial,small_mu,37,37,36,73,24,84969.87722602542,160969.82751843374,large_mu,disjoint_bag_coordinate_me_single_point_probe_v1,ok,,0.87,0.1
automobile vs truck,automobile,truck,1,8,8,polynomial,small_mu,37,37,36,73,24,84969.87722602542,160969.82751843374,large_mu,disjoint_bag_coordinate_me_single_point_probe_v1,ok,,0.8725,10.0
automobile vs truck,automobile,truck,1,8,10,polynomial,small_mu,37,37,36,73,24,84969.87722602542,160969.82751843374,large_mu,disjoint_bag_coordinate_me_single_point_probe_v1,ok,,0.875,0.1
automobile vs truck,automobile,truck,1,8,16,polynomial,small_mu,37,37,36,73,24,84969.87722602542,160969.82751843374,large_mu,disjoint_bag_coordinate_me_single_point_probe_v1,ok,,0.8725,1.0
automobile vs truck,automobile,truck,1,8,24,polynomial,small_mu,37,37,36,73,24,84969.87722602542,160969.82751843374,large_mu,disjoint_bag_coordinate_me_single_point_probe_v1,ok,,0.8925,0.1
automobile vs truck,automobile,truck,1,8,1,sigmoid,large_mu,37,37,37,70,24,23988.84663202874,25353.53958568987,,disjoint_bag_coordinate_me_single_point_probe_v1,ok,,0.81,1.0
automobile vs truck,automobile,truck,1,8,2,sigmoid,large_mu,37,37,37,70,24,23988.84663202874,25353.53958568987,small_mu,disjoint_bag_coordinate_me_single_point_probe_v1,ok,,0.825,10.0
automobile vs truck,automobile,truck,1,8,4,sigmoid,large_mu,37,37,37,70,24,23988.84663202874,25353.53958568987,large_mu,disjoint_bag_coordinate_me_single_point_probe_v1,ok,,0.8275,1.0
automobile vs truck,automobile,truck,1,8,6,sigmoid,large_mu,37,37,37,70,24,23988.84663202874,25353.53958568987,large_mu,disjoint_bag_coordinate_me_single_point_probe_v1,ok,,0.815,1.0
automobile vs truck,automobile,truck,1,8,8,sigmoid,large_mu,37,37,37,70,24,23988.84663202874,25353.53958568987,large_mu,disjoint_bag_coordinate_me_single_point_probe_v1,ok,,0.8175,10.0
automobile vs truck,automobile,truck,1,8,10,sigmoid,large_mu,37,37,37,70,24,23988.84663202874,25353.53958568987,large_mu,disjoint_bag_coordinate_me_single_point_probe_v1,ok,,0.825,0.1
automobile vs truck,automobile,truck,1,8,16,sigmoid,large_mu,37,37,37,70,24,23988.84663202874,25353.53958568987,large_mu,disjoint_bag_coordinate_me_single_point_probe_v1,ok,,0.825,1.0
automobile vs truck,automobile,truck,1,8,24,sigmoid,large_mu,37,37,37,70,24,23988.84663202874,25353.53958568987,large_mu,disjoint_bag_coordinate_me_single_point_probe_v1,ok,,0.8225,0.1
automobile vs truck,automobile,truck,1,8,1,sigmoid,small_mu,37,37,36,70,24,23988.84663202874,25353.53958568987,,disjoint_bag_coordinate_me_single_point_probe_v1,ok,,0.6125,1.0
automobile vs truck,automobile,truck,1,8,2,sigmoid,small_mu,37,37,36,70,24,23988.84663202874,25353.53958568987,small_mu,disjoint_bag_coordinate_me_single_point_probe_v1,ok,,0.6525,0.1
automobile vs truck,automobile,truck,1,8,4,sigmoid,small_mu,37,37,36,70,24,23988.84663202874,25353.53958568987,large_mu,disjoint_bag_coordinate_me_single_point_probe_v1,ok,,0.6775,0.1
automobile vs truck,automobile,truck,1,8,6,sigmoid,small_mu,37,37,36,70,24,23988.84663202874,25353.53958568987,large_mu,disjoint_bag_coordinate_me_single_point_probe_v1,ok,,0.6875,0.1
automobile vs truck,automobile,truck,1,8,8,sigmoid,small_mu,37,37,36,70,24,23988.84663202874,25353.53958568987,large_mu,disjoint_bag_coordinate_me_single_point_probe_v1,ok,,0.7425,0.1
automobile vs truck,automobile,truck,1,8,10,sigmoid,small_mu,37,37,36,70,24,23988.84663202874,25353.53958568987,large_mu,disjoint_bag_coordinate_me_single_point_probe_v1,ok,,0.735,1.0
automobile vs truck,automobile,truck,1,8,16,sigmoid,small_mu,37,37,36,70,24,23988.84663202874,25353.53958568987,large_mu,disjoint_bag_coordinate_me_single_point_probe_v1,ok,,0.7775,0.1
automobile vs truck,automobile,truck,1,8,24,sigmoid,small_mu,37,37,36,70,24,23988.84663202874,25353.53958568987,large_mu,disjoint_bag_coordinate_me_single_point_probe_v1,ok,,0.815,1.0
automobile vs truck,automobile,truck,1,16,1,linear,large_mu,18,18,18,35,19,23377219.259081986,12038075.91796419,,disjoint_bag_coordinate_me_single_point_probe_v1,ok,,0.885,0.1
automobile vs truck,automobile,truck,1,16,2,linear,large_mu,18,18,18,35,19,23377219.259081986,12038075.91796419,large_mu,disjoint_bag_coordinate_me_single_point_probe_v1,ok,,0.8875,0.1
automobile vs truck,automobile,truck,1,16,4,linear,large_mu,18,18,18,35,19,23377219.259081986,12038075.91796419,large_mu,disjoint_bag_coordinate_me_single_point_probe_v1,ok,,0.89,0.1
automobile vs truck,automobile,truck,1,16,6,linear,large_mu,18,18,18,35,19,23377219.259081986,12038075.91796419,large_mu,disjoint_bag_coordinate_me_single_point_probe_v1,ok,,0.89,0.1
automobile vs truck,automobile,truck,1,16,8,linear,large_mu,18,18,18,35,19,23377219.259081986,12038075.91796419,large_mu,disjoint_bag_coordinate_me_single_point_probe_v1,ok,,0.8975,0.1
automobile vs truck,automobile,truck,1,16,10,linear,large_mu,18,18,18,35,19,23377219.259081986,12038075.91796419,large_mu,disjoint_bag_coordinate_me_single_point_probe_v1,ok,,0.89,1.0
automobile vs truck,automobile,truck,1,16,16,linear,large_mu,18,18,18,35,19,23377219.259081986,12038075.91796419,large_mu,disjoint_bag_coordinate_me_single_point_probe_v1,ok,,0.895,1.0
automobile vs truck,automobile,truck,1,16,24,linear,large_mu,18,18,18,35,19,23377219.259081986,12038075.91796419,large_mu,disjoint_bag_coordinate_me_single_point_probe_v1,rank_limited,"requested r=24, stable limit=18, available directions=19",,
automobile vs truck,automobile,truck,1,16,1,linear,small_mu,18,18,17,35,18,23377219.259081986,12038075.91796419,,disjoint_bag_coordinate_me_single_point_probe_v1,ok,,0.8925,1.0
automobile vs truck,automobile,truck,1,16,2,linear,small_mu,18,18,17,35,18,23377219.259081986,12038075.91796419,large_mu,disjoint_bag_coordinate_me_single_point_probe_v1,ok,,0.8925,1.0
automobile vs truck,automobile,truck,1,16,4,linear,small_mu,18,18,17,35,18,23377219.259081986,12038075.91796419,large_mu,disjoint_bag_coordinate_me_single_point_probe_v1,ok,,0.895,1.0
automobile vs truck,automobile,truck,1,16,6,linear,small_mu,18,18,17,35,18,23377219.259081986,12038075.91796419,large_mu,disjoint_bag_coordinate_me_single_point_probe_v1,ok,,0.8975,1.0
automobile vs truck,automobile,truck,1,16,8,linear,small_mu,18,18,17,35,18,23377219.259081986,12038075.91796419,large_mu,disjoint_bag_coordinate_me_single_point_probe_v1,ok,,0.8975,1.0
automobile vs truck,automobile,truck,1,16,10,linear,small_mu,18,18,17,35,18,23377219.259081986,12038075.91796419,large_mu,disjoint_bag_coordinate_me_single_point_probe_v1,ok,,0.8875,1.0
automobile vs truck,automobile,truck,1,16,16,linear,small_mu,18,18,17,35,18,23377219.259081986,12038075.91796419,large_mu,disjoint_bag_coordinate_me_single_point_probe_v1,ok,,0.8925,1.0
automobile vs truck,automobile,truck,1,16,24,linear,small_mu,18,18,17,35,18,23377219.259081986,12038075.91796419,large_mu,disjoint_bag_coordinate_me_single_point_probe_v1,rank_limited,"requested r=24, stable limit=17, available directions=18",,
automobile vs truck,automobile,truck,1,16,1,rbf,large_mu,18,18,18,35,24,17713.60419774373,23974.19470175545,,disjoint_bag_coordinate_me_single_point_probe_v1,ok,,0.895,10.0
automobile vs truck,automobile,truck,1,16,2,rbf,large_mu,18,18,18,35,24,17713.60419774373,23974.19470175545,small_mu,disjoint_bag_coordinate_me_single_point_probe_v1,ok,,0.8925,0.1
automobile vs truck,automobile,truck,1,16,4,rbf,large_mu,18,18,18,35,24,17713.60419774373,23974.19470175545,large_mu,disjoint_bag_coordinate_me_single_point_probe_v1,ok,,0.9,1.0
automobile vs truck,automobile,truck,1,16,6,rbf,large_mu,18,18,18,35,24,17713.60419774373,23974.19470175545,large_mu,disjoint_bag_coordinate_me_single_point_probe_v1,ok,,0.9,1.0
automobile vs truck,automobile,truck,1,16,8,rbf,large_mu,18,18,18,35,24,17713.60419774373,23974.19470175545,large_mu,disjoint_bag_coordinate_me_single_point_probe_v1,ok,,0.8975,10.0
automobile vs truck,automobile,truck,1,16,10,rbf,large_mu,18,18,18,35,24,17713.60419774373,23974.19470175545,large_mu,disjoint_bag_coordinate_me_single_point_probe_v1,ok,,0.9,0.1
automobile vs truck,automobile,truck,1,16,16,rbf,large_mu,18,18,18,35,24,17713.60419774373,23974.19470175545,large_mu,disjoint_bag_coordinate_me_single_point_probe_v1,ok,,0.8925,1.0
automobile vs truck,automobile,truck,1,16,24,rbf,large_mu,18,18,18,35,24,17713.60419774373,23974.19470175545,large_mu,disjoint_bag_coordinate_me_single_point_probe_v1,rank_limited,"requested r=24, stable limit=18, available directions=24",,
automobile vs truck,automobile,truck,1,16,1,rbf,small_mu,18,18,17,35,24,17713.60419774373,23974.19470175545,,disjoint_bag_coordinate_me_single_point_probe_v1,ok,,0.9,0.1
automobile vs truck,automobile,truck,1,16,2,rbf,small_mu,18,18,17,35,24,17713.60419774373,23974.19470175545,small_mu,disjoint_bag_coordinate_me_single_point_probe_v1,ok,,0.9,0.1
automobile vs truck,automobile,truck,1,16,4,rbf,small_mu,18,18,17,35,24,17713.60419774373,23974.19470175545,large_mu,disjoint_bag_coordinate_me_single_point_probe_v1,ok,,0.905,10.0
automobile vs truck,automobile,truck,1,16,6,rbf,small_mu,18,18,17,35,24,17713.60419774373,23974.19470175545,large_mu,disjoint_bag_coordinate_me_single_point_probe_v1,ok,,0.9025,1.0
automobile vs truck,automobile,truck,1,16,8,rbf,small_mu,18,18,17,35,24,17713.60419774373,23974.19470175545,large_mu,disjoint_bag_coordinate_me_single_point_probe_v1,ok,,0.9,1.0
automobile vs truck,automobile,truck,1,16,10,rbf,small_mu,18,18,17,35,24,17713.60419774373,23974.19470175545,large_mu,disjoint_bag_coordinate_me_single_point_probe_v1,ok,,0.8975,0.1
automobile vs truck,automobile,truck,1,16,16,rbf,small_mu,18,18,17,35,24,17713.60419774373,23974.19470175545,large_mu,disjoint_bag_coordinate_me_single_point_probe_v1,ok,,0.8925,10.0
automobile vs truck,automobile,truck,1,16,24,rbf,small_mu,18,18,17,35,24,17713.60419774373,23974.19470175545,large_mu,disjoint_bag_coordinate_me_single_point_probe_v1,rank_limited,"requested r=24, stable limit=17, available directions=24",,
automobile vs truck,automobile,truck,1,16,1,laplacian,large_mu,18,18,18,35,24,12902.873717080223,18618.166694094056,,disjoint_bag_coordinate_me_single_point_probe_v1,ok,,0.8975,1.0
automobile vs truck,automobile,truck,1,16,2,laplacian,large_mu,18,18,18,35,24,12902.873717080223,18618.166694094056,small_mu,disjoint_bag_coordinate_me_single_point_probe_v1,ok,,0.8975,1.0
automobile vs truck,automobile,truck,1,16,4,laplacian,large_mu,18,18,18,35,24,12902.873717080223,18618.166694094056,large_mu,disjoint_bag_coordinate_me_single_point_probe_v1,ok,,0.8975,0.1
automobile vs truck,automobile,truck,1,16,6,laplacian,large_mu,18,18,18,35,24,12902.873717080223,18618.166694094056,large_mu,disjoint_bag_coordinate_me_single_point_probe_v1,ok,,0.8975,1.0
automobile vs truck,automobile,truck,1,16,8,laplacian,large_mu,18,18,18,35,24,12902.873717080223,18618.166694094056,large_mu,disjoint_bag_coordinate_me_single_point_probe_v1,ok,,0.8975,10.0
automobile vs truck,automobile,truck,1,16,10,laplacian,large_mu,18,18,18,35,24,12902.873717080223,18618.166694094056,large_mu,disjoint_bag_coordinate_me_single_point_probe_v1,ok,,0.9,1.0
automobile vs truck,automobile,truck,1,16,16,laplacian,large_mu,18,18,18,35,24,12902.873717080223,18618.166694094056,large_mu,disjoint_bag_coordinate_me_single_point_probe_v1,ok,,0.8975,0.1
automobile vs truck,automobile,truck,1,16,24,laplacian,large_mu,18,18,18,35,24,12902.873717080223,18618.166694094056,large_mu,disjoint_bag_coordinate_me_single_point_probe_v1,rank_limited,"requested r=24, stable limit=18, available directions=24",,
automobile vs truck,automobile,truck,1,16,1,laplacian,small_mu,18,18,17,35,24,12902.873717080223,18618.166694094056,,disjoint_bag_coordinate_me_single_point_probe_v1,ok,,0.8975,1.0
automobile vs truck,automobile,truck,1,16,2,laplacian,small_mu,18,18,17,35,24,12902.873717080223,18618.166694094056,small_mu,disjoint_bag_coordinate_me_single_point_probe_v1,ok,,0.9,0.1
automobile vs truck,automobile,truck,1,16,4,laplacian,small_mu,18,18,17,35,24,12902.873717080223,18618.166694094056,large_mu,disjoint_bag_coordinate_me_single_point_probe_v1,ok,,0.9,0.1
automobile vs truck,automobile,truck,1,16,6,laplacian,small_mu,18,18,17,35,24,12902.873717080223,18618.166694094056,large_mu,disjoint_bag_coordinate_me_single_point_probe_v1,ok,,0.9,10.0
automobile vs truck,automobile,truck,1,16,8,laplacian,small_mu,18,18,17,35,24,12902.873717080223,18618.166694094056,large_mu,disjoint_bag_coordinate_me_single_point_probe_v1,ok,,0.9,1.0
automobile vs truck,automobile,truck,1,16,10,laplacian,small_mu,18,18,17,35,24,12902.873717080223,18618.166694094056,large_mu,disjoint_bag_coordinate_me_single_point_probe_v1,ok,,0.9,10.0
automobile vs truck,automobile,truck,1,16,16,laplacian,small_mu,18,18,17,35,24,12902.873717080223,18618.166694094056,large_mu,disjoint_bag_coordinate_me_single_point_probe_v1,ok,,0.9,0.1
automobile vs truck,automobile,truck,1,16,24,laplacian,small_mu,18,18,17,35,24,12902.873717080223,18618.166694094056,large_mu,disjoint_bag_coordinate_me_single_point_probe_v1,rank_limited,"requested r=24, stable limit=17, available directions=24",,
automobile vs truck,automobile,truck,1,16,1,polynomial,large_mu,18,18,18,35,24,103713.80771269643,78390.24870476179,,disjoint_bag_coordinate_me_single_point_probe_v1,ok,,0.89,0.1
automobile vs truck,automobile,truck,1,16,2,polynomial,large_mu,18,18,18,35,24,103713.80771269643,78390.24870476179,large_mu,disjoint_bag_coordinate_me_single_point_probe_v1,ok,,0.8875,0.1
automobile vs truck,automobile,truck,1,16,4,polynomial,large_mu,18,18,18,35,24,103713.80771269643,78390.24870476179,large_mu,disjoint_bag_coordinate_me_single_point_probe_v1,ok,,0.8875,1.0
automobile vs truck,automobile,truck,1,16,6,polynomial,large_mu,18,18,18,35,24,103713.80771269643,78390.24870476179,large_mu,disjoint_bag_coordinate_me_single_point_probe_v1,ok,,0.9025,0.1
automobile vs truck,automobile,truck,1,16,8,polynomial,large_mu,18,18,18,35,24,103713.80771269643,78390.24870476179,large_mu,disjoint_bag_coordinate_me_single_point_probe_v1,ok,,0.9,1.0
automobile vs truck,automobile,truck,1,16,10,polynomial,large_mu,18,18,18,35,24,103713.80771269643,78390.24870476179,large_mu,disjoint_bag_coordinate_me_single_point_probe_v1,ok,,0.9025,1.0
automobile vs truck,automobile,truck,1,16,16,polynomial,large_mu,18,18,18,35,24,103713.80771269643,78390.24870476179,large_mu,disjoint_bag_coordinate_me_single_point_probe_v1,ok,,0.895,0.1
automobile vs truck,automobile,truck,1,16,24,polynomial,large_mu,18,18,18,35,24,103713.80771269643,78390.24870476179,large_mu,disjoint_bag_coordinate_me_single_point_probe_v1,rank_limited,"requested r=24, stable limit=18, available directions=24",,
automobile vs truck,automobile,truck,1,16,1,polynomial,small_mu,18,18,17,35,24,103713.80771269643,78390.24870476179,,disjoint_bag_coordinate_me_single_point_probe_v1,ok,,0.8975,0.1
automobile vs truck,automobile,truck,1,16,2,polynomial,small_mu,18,18,17,35,24,103713.80771269643,78390.24870476179,large_mu,disjoint_bag_coordinate_me_single_point_probe_v1,ok,,0.895,0.1
automobile vs truck,automobile,truck,1,16,4,polynomial,small_mu,18,18,17,35,24,103713.80771269643,78390.24870476179,large_mu,disjoint_bag_coordinate_me_single_point_probe_v1,ok,,0.885,0.1
automobile vs truck,automobile,truck,1,16,6,polynomial,small_mu,18,18,17,35,24,103713.80771269643,78390.24870476179,large_mu,disjoint_bag_coordinate_me_single_point_probe_v1,ok,,0.8925,1.0
automobile vs truck,automobile,truck,1,16,8,polynomial,small_mu,18,18,17,35,24,103713.80771269643,78390.24870476179,large_mu,disjoint_bag_coordinate_me_single_point_probe_v1,ok,,0.8975,10.0
automobile vs truck,automobile,truck,1,16,10,polynomial,small_mu,18,18,17,35,24,103713.80771269643,78390.24870476179,large_mu,disjoint_bag_coordinate_me_single_point_probe_v1,ok,,0.8975,10.0
automobile vs truck,automobile,truck,1,16,16,polynomial,small_mu,18,18,17,35,24,103713.80771269643,78390.24870476179,large_mu,disjoint_bag_coordinate_me_single_point_probe_v1,ok,,0.9,0.1
automobile vs truck,automobile,truck,1,16,24,polynomial,small_mu,18,18,17,35,24,103713.80771269643,78390.24870476179,large_mu,disjoint_bag_coordinate_me_single_point_probe_v1,rank_limited,"requested r=24, stable limit=17, available directions=24",,
automobile vs truck,automobile,truck,1,16,1,sigmoid,large_mu,18,18,18,35,24,39870.09054585509,15297.030550481017,,disjoint_bag_coordinate_me_single_point_probe_v1,ok,,0.8725,0.1
automobile vs truck,automobile,truck,1,16,2,sigmoid,large_mu,18,18,18,35,24,39870.09054585509,15297.030550481017,large_mu,disjoint_bag_coordinate_me_single_point_probe_v1,ok,,0.87,1.0
automobile vs truck,automobile,truck,1,16,4,sigmoid,large_mu,18,18,18,35,24,39870.09054585509,15297.030550481017,large_mu,disjoint_bag_coordinate_me_single_point_probe_v1,ok,,0.87,0.1
automobile vs truck,automobile,truck,1,16,6,sigmoid,large_mu,18,18,18,35,24,39870.09054585509,15297.030550481017,large_mu,disjoint_bag_coordinate_me_single_point_probe_v1,ok,,0.8825,0.1
automobile vs truck,automobile,truck,1,16,8,sigmoid,large_mu,18,18,18,35,24,39870.09054585509,15297.030550481017,large_mu,disjoint_bag_coordinate_me_single_point_probe_v1,ok,,0.8775,1.0
automobile vs truck,automobile,truck,1,16,10,sigmoid,large_mu,18,18,18,35,24,39870.09054585509,15297.030550481017,large_mu,disjoint_bag_coordinate_me_single_point_probe_v1,ok,,0.8725,10.0
automobile vs truck,automobile,truck,1,16,16,sigmoid,large_mu,18,18,18,35,24,39870.09054585509,15297.030550481017,large_mu,disjoint_bag_coordinate_me_single_point_probe_v1,ok,,0.88,0.1
automobile vs truck,automobile,truck,1,16,24,sigmoid,large_mu,18,18,18,35,24,39870.09054585509,15297.030550481017,large_mu,disjoint_bag_coordinate_me_single_point_probe_v1,rank_limited,"requested r=24, stable limit=18, available directions=24",,
automobile vs truck,automobile,truck,1,16,1,sigmoid,small_mu,18,18,17,35,24,39870.09054585509,15297.030550481017,,disjoint_bag_coordinate_me_single_point_probe_v1,ok,,0.8475,1.0
automobile vs truck,automobile,truck,1,16,2,sigmoid,small_mu,18,18,17,35,24,39870.09054585509,15297.030550481017,large_mu,disjoint_bag_coordinate_me_single_point_probe_v1,ok,,0.845,10.0
automobile vs truck,automobile,truck,1,16,4,sigmoid,small_mu,18,18,17,35,24,39870.09054585509,15297.030550481017,large_mu,disjoint_bag_coordinate_me_single_point_probe_v1,ok,,0.8675,10.0
automobile vs truck,automobile,truck,1,16,6,sigmoid,small_mu,18,18,17,35,24,39870.09054585509,15297.030550481017,large_mu,disjoint_bag_coordinate_me_single_point_probe_v1,ok,,0.88,1.0
automobile vs truck,automobile,truck,1,16,8,sigmoid,small_mu,18,18,17,35,24,39870.09054585509,15297.030550481017,large_mu,disjoint_bag_coordinate_me_single_point_probe_v1,ok,,0.88,1.0
automobile vs truck,automobile,truck,1,16,10,sigmoid,small_mu,18,18,17,35,24,39870.09054585509,15297.030550481017,large_mu,disjoint_bag_coordinate_me_single_point_probe_v1,ok,,0.88,10.0
automobile vs truck,automobile,truck,1,16,16,sigmoid,small_mu,18,18,17,35,24,39870.09054585509,15297.030550481017,large_mu,disjoint_bag_coordinate_me_single_point_probe_v1,ok,,0.8775,10.0
automobile vs truck,automobile,truck,1,16,24,sigmoid,small_mu,18,18,17,35,24,39870.09054585509,15297.030550481017,large_mu,disjoint_bag_coordinate_me_single_point_probe_v1,rank_limited,"requested r=24, stable limit=17, available directions=24",,
automobile vs truck,automobile,truck,2,4,1,linear,large_mu,75,75,75,149,24,8648173.18940104,37274056.90183878,,disjoint_bag_coordinate_me_single_point_probe_v1,ok,,0.8975,0.1
automobile vs truck,automobile,truck,2,4,2,linear,large_mu,75,75,75,149,24,8648173.18940104,37274056.90183878,small_mu,disjoint_bag_coordinate_me_single_point_probe_v1,ok,,0.8975,0.1
automobile vs truck,automobile,truck,2,4,4,linear,large_mu,75,75,75,149,24,8648173.18940104,37274056.90183878,small_mu,disjoint_bag_coordinate_me_single_point_probe_v1,ok,,0.91,0.1
automobile vs truck,automobile,truck,2,4,6,linear,large_mu,75,75,75,149,24,8648173.18940104,37274056.90183878,large_mu,disjoint_bag_coordinate_me_single_point_probe_v1,ok,,0.915,1.0
automobile vs truck,automobile,truck,2,4,8,linear,large_mu,75,75,75,149,24,8648173.18940104,37274056.90183878,large_mu,disjoint_bag_coordinate_me_single_point_probe_v1,ok,,0.9175,1.0
automobile vs truck,automobile,truck,2,4,10,linear,large_mu,75,75,75,149,24,8648173.18940104,37274056.90183878,large_mu,disjoint_bag_coordinate_me_single_point_probe_v1,ok,,0.9225,1.0
automobile vs truck,automobile,truck,2,4,16,linear,large_mu,75,75,75,149,24,8648173.18940104,37274056.90183878,large_mu,disjoint_bag_coordinate_me_single_point_probe_v1,ok,,0.93,1.0
automobile vs truck,automobile,truck,2,4,24,linear,large_mu,75,75,75,149,24,8648173.18940104,37274056.90183878,large_mu,disjoint_bag_coordinate_me_single_point_probe_v1,ok,,0.9225,1.0
automobile vs truck,automobile,truck,2,4,1,linear,small_mu,75,75,74,149,24,8648173.18940104,37274056.90183878,,disjoint_bag_coordinate_me_single_point_probe_v1,ok,,0.87,0.1
automobile vs truck,automobile,truck,2,4,2,linear,small_mu,75,75,74,149,24,8648173.18940104,37274056.90183878,small_mu,disjoint_bag_coordinate_me_single_point_probe_v1,ok,,0.865,1.0
automobile vs truck,automobile,truck,2,4,4,linear,small_mu,75,75,74,149,24,8648173.18940104,37274056.90183878,small_mu,disjoint_bag_coordinate_me_single_point_probe_v1,ok,,0.8675,10.0
automobile vs truck,automobile,truck,2,4,6,linear,small_mu,75,75,74,149,24,8648173.18940104,37274056.90183878,large_mu,disjoint_bag_coordinate_me_single_point_probe_v1,ok,,0.865,0.1
automobile vs truck,automobile,truck,2,4,8,linear,small_mu,75,75,74,149,24,8648173.18940104,37274056.90183878,large_mu,disjoint_bag_coordinate_me_single_point_probe_v1,ok,,0.87,1.0
automobile vs truck,automobile,truck,2,4,10,linear,small_mu,75,75,74,149,24,8648173.18940104,37274056.90183878,large_mu,disjoint_bag_coordinate_me_single_point_probe_v1,ok,,0.8675,0.1
automobile vs truck,automobile,truck,2,4,16,linear,small_mu,75,75,74,149,24,8648173.18940104,37274056.90183878,large_mu,disjoint_bag_coordinate_me_single_point_probe_v1,ok,,0.8775,10.0
automobile vs truck,automobile,truck,2,4,24,linear,small_mu,75,75,74,149,24,8648173.18940104,37274056.90183878,large_mu,disjoint_bag_coordinate_me_single_point_probe_v1,ok,,0.8825,10.0
automobile vs truck,automobile,truck,2,4,1,rbf,large_mu,75,75,75,149,24,12166.753351019532,98933.06858467108,,disjoint_bag_coordinate_me_single_point_probe_v1,ok,,0.9225,0.1
automobile vs truck,automobile,truck,2,4,2,rbf,large_mu,75,75,75,149,24,12166.753351019532,98933.06858467108,small_mu,disjoint_bag_coordinate_me_single_point_probe_v1,ok,,0.9275,0.1
automobile vs truck,automobile,truck,2,4,4,rbf,large_mu,75,75,75,149,24,12166.753351019532,98933.06858467108,small_mu,disjoint_bag_coordinate_me_single_point_probe_v1,ok,,0.9225,0.1
automobile vs truck,automobile,truck,2,4,6,rbf,large_mu,75,75,75,149,24,12166.753351019532,98933.06858467108,small_mu,disjoint_bag_coordinate_me_single_point_probe_v1,ok,,0.915,1.0
automobile vs truck,automobile,truck,2,4,8,rbf,large_mu,75,75,75,149,24,12166.753351019532,98933.06858467108,small_mu,disjoint_bag_coordinate_me_single_point_probe_v1,ok,,0.915,1.0
automobile vs truck,automobile,truck,2,4,10,rbf,large_mu,75,75,75,149,24,12166.753351019532,98933.06858467108,large_mu,disjoint_bag_coordinate_me_single_point_probe_v1,ok,,0.9125,10.0
automobile vs truck,automobile,truck,2,4,16,rbf,large_mu,75,75,75,149,24,12166.753351019532,98933.06858467108,large_mu,disjoint_bag_coordinate_me_single_point_probe_v1,ok,,0.9225,10.0
automobile vs truck,automobile,truck,2,4,24,rbf,large_mu,75,75,75,149,24,12166.753351019532,98933.06858467108,large_mu,disjoint_bag_coordinate_me_single_point_probe_v1,ok,,0.9275,0.1
automobile vs truck,automobile,truck,2,4,1,rbf,small_mu,75,75,74,149,24,12166.753351019532,98933.06858467108,,disjoint_bag_coordinate_me_single_point_probe_v1,ok,,0.9225,0.1
automobile vs truck,automobile,truck,2,4,2,rbf,small_mu,75,75,74,149,24,12166.753351019532,98933.06858467108,small_mu,disjoint_bag_coordinate_me_single_point_probe_v1,ok,,0.925,1.0
automobile vs truck,automobile,truck,2,4,4,rbf,small_mu,75,75,74,149,24,12166.753351019532,98933.06858467108,small_mu,disjoint_bag_coordinate_me_single_point_probe_v1,ok,,0.925,1.0
automobile vs truck,automobile,truck,2,4,6,rbf,small_mu,75,75,74,149,24,12166.753351019532,98933.06858467108,small_mu,disjoint_bag_coordinate_me_single_point_probe_v1,ok,,0.915,10.0
automobile vs truck,automobile,truck,2,4,8,rbf,small_mu,75,75,74,149,24,12166.753351019532,98933.06858467108,small_mu,disjoint_bag_coordinate_me_single_point_probe_v1,ok,,0.93,1.0
automobile vs truck,automobile,truck,2,4,10,rbf,small_mu,75,75,74,149,24,12166.753351019532,98933.06858467108,large_mu,disjoint_bag_coordinate_me_single_point_probe_v1,ok,,0.9325,1.0
automobile vs truck,automobile,truck,2,4,16,rbf,small_mu,75,75,74,149,24,12166.753351019532,98933.06858467108,large_mu,disjoint_bag_coordinate_me_single_point_probe_v1,ok,,0.925,1.0
automobile vs truck,automobile,truck,2,4,24,rbf,small_mu,75,75,74,149,24,12166.753351019532,98933.06858467108,large_mu,disjoint_bag_coordinate_me_single_point_probe_v1,ok,,0.9225,1.0
automobile vs truck,automobile,truck,2,4,1,laplacian,large_mu,75,75,75,149,24,9002.470948286453,76847.43125334273,,disjoint_bag_coordinate_me_single_point_probe_v1,ok,,0.9225,0.1
automobile vs truck,automobile,truck,2,4,2,laplacian,large_mu,75,75,75,149,24,9002.470948286453,76847.43125334273,small_mu,disjoint_bag_coordinate_me_single_point_probe_v1,ok,,0.925,0.1
automobile vs truck,automobile,truck,2,4,4,laplacian,large_mu,75,75,75,149,24,9002.470948286453,76847.43125334273,small_mu,disjoint_bag_coordinate_me_single_point_probe_v1,ok,,0.9125,0.1
automobile vs truck,automobile,truck,2,4,6,laplacian,large_mu,75,75,75,149,24,9002.470948286453,76847.43125334273,small_mu,disjoint_bag_coordinate_me_single_point_probe_v1,ok,,0.905,1.0
automobile vs truck,automobile,truck,2,4,8,laplacian,large_mu,75,75,75,149,24,9002.470948286453,76847.43125334273,small_mu,disjoint_bag_coordinate_me_single_point_probe_v1,ok,,0.92,1.0
automobile vs truck,automobile,truck,2,4,10,laplacian,large_mu,75,75,75,149,24,9002.470948286453,76847.43125334273,large_mu,disjoint_bag_coordinate_me_single_point_probe_v1,ok,,0.9125,1.0
automobile vs truck,automobile,truck,2,4,16,laplacian,large_mu,75,75,75,149,24,9002.470948286453,76847.43125334273,large_mu,disjoint_bag_coordinate_me_single_point_probe_v1,ok,,0.915,10.0
automobile vs truck,automobile,truck,2,4,24,laplacian,large_mu,75,75,75,149,24,9002.470948286453,76847.43125334273,large_mu,disjoint_bag_coordinate_me_single_point_probe_v1,ok,,0.93,0.1
automobile vs truck,automobile,truck,2,4,1,laplacian,small_mu,75,75,74,149,24,9002.470948286453,76847.43125334273,,disjoint_bag_coordinate_me_single_point_probe_v1,ok,,0.925,10.0
automobile vs truck,automobile,truck,2,4,2,laplacian,small_mu,75,75,74,149,24,9002.470948286453,76847.43125334273,small_mu,disjoint_bag_coordinate_me_single_point_probe_v1,ok,,0.925,0.1
automobile vs truck,automobile,truck,2,4,4,laplacian,small_mu,75,75,74,149,24,9002.470948286453,76847.43125334273,small_mu,disjoint_bag_coordinate_me_single_point_probe_v1,ok,,0.9275,1.0
automobile vs truck,automobile,truck,2,4,6,laplacian,small_mu,75,75,74,149,24,9002.470948286453,76847.43125334273,small_mu,disjoint_bag_coordinate_me_single_point_probe_v1,ok,,0.93,1.0
automobile vs truck,automobile,truck,2,4,8,laplacian,small_mu,75,75,74,149,24,9002.470948286453,76847.43125334273,small_mu,disjoint_bag_coordinate_me_single_point_probe_v1,ok,,0.93,1.0
automobile vs truck,automobile,truck,2,4,10,laplacian,small_mu,75,75,74,149,24,9002.470948286453,76847.43125334273,large_mu,disjoint_bag_coordinate_me_single_point_probe_v1,ok,,0.9325,10.0
automobile vs truck,automobile,truck,2,4,16,laplacian,small_mu,75,75,74,149,24,9002.470948286453,76847.43125334273,large_mu,disjoint_bag_coordinate_me_single_point_probe_v1,ok,,0.92,10.0
automobile vs truck,automobile,truck,2,4,24,laplacian,small_mu,75,75,74,149,24,9002.470948286453,76847.43125334273,large_mu,disjoint_bag_coordinate_me_single_point_probe_v1,ok,,0.93,1.0
automobile vs truck,automobile,truck,2,4,1,polynomial,large_mu,75,75,75,149,24,55049.38107285425,301179.3893446378,,disjoint_bag_coordinate_me_single_point_probe_v1,ok,,0.9275,0.1
automobile vs truck,automobile,truck,2,4,2,polynomial,large_mu,75,75,75,149,24,55049.38107285425,301179.3893446378,small_mu,disjoint_bag_coordinate_me_single_point_probe_v1,ok,,0.93,0.1
automobile vs truck,automobile,truck,2,4,4,polynomial,large_mu,75,75,75,149,24,55049.38107285425,301179.3893446378,small_mu,disjoint_bag_coordinate_me_single_point_probe_v1,ok,,0.9225,0.1
automobile vs truck,automobile,truck,2,4,6,polynomial,large_mu,75,75,75,149,24,55049.38107285425,301179.3893446378,small_mu,disjoint_bag_coordinate_me_single_point_probe_v1,ok,,0.9275,0.1
automobile vs truck,automobile,truck,2,4,8,polynomial,large_mu,75,75,75,149,24,55049.38107285425,301179.3893446378,large_mu,disjoint_bag_coordinate_me_single_point_probe_v1,ok,,0.9175,10.0
automobile vs truck,automobile,truck,2,4,10,polynomial,large_mu,75,75,75,149,24,55049.38107285425,301179.3893446378,large_mu,disjoint_bag_coordinate_me_single_point_probe_v1,ok,,0.9175,0.1
automobile vs truck,automobile,truck,2,4,16,polynomial,large_mu,75,75,75,149,24,55049.38107285425,301179.3893446378,large_mu,disjoint_bag_coordinate_me_single_point_probe_v1,ok,,0.915,0.1
automobile vs truck,automobile,truck,2,4,24,polynomial,large_mu,75,75,75,149,24,55049.38107285425,301179.3893446378,large_mu,disjoint_bag_coordinate_me_single_point_probe_v1,ok,,0.92,0.1
automobile vs truck,automobile,truck,2,4,1,polynomial,small_mu,75,75,74,149,24,55049.38107285425,301179.3893446378,,disjoint_bag_coordinate_me_single_point_probe_v1,ok,,0.9,0.1
automobile vs truck,automobile,truck,2,4,2,polynomial,small_mu,75,75,74,149,24,55049.38107285425,301179.3893446378,small_mu,disjoint_bag_coordinate_me_single_point_probe_v1,ok,,0.9075,0.1
automobile vs truck,automobile,truck,2,4,4,polynomial,small_mu,75,75,74,149,24,55049.38107285425,301179.3893446378,small_mu,disjoint_bag_coordinate_me_single_point_probe_v1,ok,,0.9,10.0
automobile vs truck,automobile,truck,2,4,6,polynomial,small_mu,75,75,74,149,24,55049.38107285425,301179.3893446378,small_mu,disjoint_bag_coordinate_me_single_point_probe_v1,ok,,0.91,0.1
automobile vs truck,automobile,truck,2,4,8,polynomial,small_mu,75,75,74,149,24,55049.38107285425,301179.3893446378,large_mu,disjoint_bag_coordinate_me_single_point_probe_v1,ok,,0.91,0.1
automobile vs truck,automobile,truck,2,4,10,polynomial,small_mu,75,75,74,149,24,55049.38107285425,301179.3893446378,large_mu,disjoint_bag_coordinate_me_single_point_probe_v1,ok,,0.905,10.0
automobile vs truck,automobile,truck,2,4,16,polynomial,small_mu,75,75,74,149,24,55049.38107285425,301179.3893446378,large_mu,disjoint_bag_coordinate_me_single_point_probe_v1,ok,,0.905,1.0
automobile vs truck,automobile,truck,2,4,24,polynomial,small_mu,75,75,74,149,24,55049.38107285425,301179.3893446378,large_mu,disjoint_bag_coordinate_me_single_point_probe_v1,ok,,0.915,1.0
automobile vs truck,automobile,truck,2,4,1,sigmoid,large_mu,75,75,75,116,24,7703.63860803776,28733.928384647752,,disjoint_bag_coordinate_me_single_point_probe_v1,ok,,0.785,1.0
automobile vs truck,automobile,truck,2,4,2,sigmoid,large_mu,75,75,75,116,24,7703.63860803776,28733.928384647752,small_mu,disjoint_bag_coordinate_me_single_point_probe_v1,ok,,0.8025,1.0
automobile vs truck,automobile,truck,2,4,4,sigmoid,large_mu,75,75,75,116,24,7703.63860803776,28733.928384647752,small_mu,disjoint_bag_coordinate_me_single_point_probe_v1,ok,,0.7975,0.1
automobile vs truck,automobile,truck,2,4,6,sigmoid,large_mu,75,75,75,116,24,7703.63860803776,28733.928384647752,large_mu,disjoint_bag_coordinate_me_single_point_probe_v1,ok,,0.8,10.0
automobile vs truck,automobile,truck,2,4,8,sigmoid,large_mu,75,75,75,116,24,7703.63860803776,28733.928384647752,large_mu,disjoint_bag_coordinate_me_single_point_probe_v1,ok,,0.7925,1.0
automobile vs truck,automobile,truck,2,4,10,sigmoid,large_mu,75,75,75,116,24,7703.63860803776,28733.928384647752,large_mu,disjoint_bag_coordinate_me_single_point_probe_v1,ok,,0.78,10.0
automobile vs truck,automobile,truck,2,4,16,sigmoid,large_mu,75,75,75,116,24,7703.63860803776,28733.928384647752,large_mu,disjoint_bag_coordinate_me_single_point_probe_v1,ok,,0.7975,1.0
automobile vs truck,automobile,truck,2,4,24,sigmoid,large_mu,75,75,75,116,24,7703.63860803776,28733.928384647752,large_mu,disjoint_bag_coordinate_me_single_point_probe_v1,ok,,0.7825,1.0
automobile vs truck,automobile,truck,2,4,1,sigmoid,small_mu,75,75,74,116,24,7703.63860803776,28733.928384647752,,disjoint_bag_coordinate_me_single_point_probe_v1,ok,,0.6225,0.1
automobile vs truck,automobile,truck,2,4,2,sigmoid,small_mu,75,75,74,116,24,7703.63860803776,28733.928384647752,small_mu,disjoint_bag_coordinate_me_single_point_probe_v1,ok,,0.72,1.0
automobile vs truck,automobile,truck,2,4,4,sigmoid,small_mu,75,75,74,116,24,7703.63860803776,28733.928384647752,small_mu,disjoint_bag_coordinate_me_single_point_probe_v1,ok,,0.7175,0.1
automobile vs truck,automobile,truck,2,4,6,sigmoid,small_mu,75,75,74,116,24,7703.63860803776,28733.928384647752,large_mu,disjoint_bag_coordinate_me_single_point_probe_v1,ok,,0.72,0.1
automobile vs truck,automobile,truck,2,4,8,sigmoid,small_mu,75,75,74,116,24,7703.63860803776,28733.928384647752,large_mu,disjoint_bag_coordinate_me_single_point_probe_v1,ok,,0.745,0.1
automobile vs truck,automobile,truck,2,4,10,sigmoid,small_mu,75,75,74,116,24,7703.63860803776,28733.928384647752,large_mu,disjoint_bag_coordinate_me_single_point_probe_v1,ok,,0.725,1.0
automobile vs truck,automobile,truck,2,4,16,sigmoid,small_mu,75,75,74,116,24,7703.63860803776,28733.928384647752,large_mu,disjoint_bag_coordinate_me_single_point_probe_v1,ok,,0.7475,1.0
automobile vs truck,automobile,truck,2,4,24,sigmoid,small_mu,75,75,74,116,24,7703.63860803776,28733.928384647752,large_mu,disjoint_bag_coordinate_me_single_point_probe_v1,ok,,0.77,0.1
automobile vs truck,automobile,truck,2,8,1,linear,large_mu,37,37,37,73,24,14360450.13609599,23821522.479126472,,disjoint_bag_coordinate_me_single_point_probe_v1,ok,,0.9125,1.0
automobile vs truck,automobile,truck,2,8,2,linear,large_mu,37,37,37,73,24,14360450.13609599,23821522.479126472,small_mu,disjoint_bag_coordinate_me_single_point_probe_v1,ok,,0.91,1.0
automobile vs truck,automobile,truck,2,8,4,linear,large_mu,37,37,37,73,24,14360450.13609599,23821522.479126472,large_mu,disjoint_bag_coordinate_me_single_point_probe_v1,ok,,0.9125,10.0
automobile vs truck,automobile,truck,2,8,6,linear,large_mu,37,37,37,73,24,14360450.13609599,23821522.479126472,large_mu,disjoint_bag_coordinate_me_single_point_probe_v1,ok,,0.915,0.1
automobile vs truck,automobile,truck,2,8,8,linear,large_mu,37,37,37,73,24,14360450.13609599,23821522.479126472,large_mu,disjoint_bag_coordinate_me_single_point_probe_v1,ok,,0.9125,0.1
automobile vs truck,automobile,truck,2,8,10,linear,large_mu,37,37,37,73,24,14360450.13609599,23821522.479126472,large_mu,disjoint_bag_coordinate_me_single_point_probe_v1,ok,,0.925,0.1
automobile vs truck,automobile,truck,2,8,16,linear,large_mu,37,37,37,73,24,14360450.13609599,23821522.479126472,large_mu,disjoint_bag_coordinate_me_single_point_probe_v1,ok,,0.925,1.0
automobile vs truck,automobile,truck,2,8,24,linear,large_mu,37,37,37,73,24,14360450.13609599,23821522.479126472,large_mu,disjoint_bag_coordinate_me_single_point_probe_v1,ok,,0.9225,1.0
automobile vs truck,automobile,truck,2,8,1,linear,small_mu,37,37,36,73,24,14360450.13609599,23821522.479126472,,disjoint_bag_coordinate_me_single_point_probe_v1,ok,,0.905,1.0
automobile vs truck,automobile,truck,2,8,2,linear,small_mu,37,37,36,73,24,14360450.13609599,23821522.479126472,small_mu,disjoint_bag_coordinate_me_single_point_probe_v1,ok,,0.9075,10.0
automobile vs truck,automobile,truck,2,8,4,linear,small_mu,37,37,36,73,24,14360450.13609599,23821522.479126472,large_mu,disjoint_bag_coordinate_me_single_point_probe_v1,ok,,0.9125,1.0
automobile vs truck,automobile,truck,2,8,6,linear,small_mu,37,37,36,73,24,14360450.13609599,23821522.479126472,large_mu,disjoint_bag_coordinate_me_single_point_probe_v1,ok,,0.9125,0.1
automobile vs truck,automobile,truck,2,8,8,linear,small_mu,37,37,36,73,24,14360450.13609599,23821522.479126472,large_mu,disjoint_bag_coordinate_me_single_point_probe_v1,ok,,0.9025,0.1
automobile vs truck,automobile,truck,2,8,10,linear,small_mu,37,37,36,73,24,14360450.13609599,23821522.479126472,large_mu,disjoint_bag_coordinate_me_single_point_probe_v1,ok,,0.9025,0.1
automobile vs truck,automobile,truck,2,8,16,linear,small_mu,37,37,36,73,24,14360450.13609599,23821522.479126472,large_mu,disjoint_bag_coordinate_me_single_point_probe_v1,ok,,0.905,1.0
automobile vs truck,automobile,truck,2,8,24,linear,small_mu,37,37,36,73,24,14360450.13609599,23821522.479126472,large_mu,disjoint_bag_coordinate_me_single_point_probe_v1,ok,,0.9175,1.0
automobile vs truck,automobile,truck,2,8,1,rbf,large_mu,37,37,37,73,24,13777.643776987488,50213.79619146492,,disjoint_bag_coordinate_me_single_point_probe_v1,ok,,0.9125,1.0
automobile vs truck,automobile,truck,2,8,2,rbf,large_mu,37,37,37,73,24,13777.643776987488,50213.79619146492,small_mu,disjoint_bag_coordinate_me_single_point_probe_v1,ok,,0.915,1.0
automobile vs truck,automobile,truck,2,8,4,rbf,large_mu,37,37,37,73,24,13777.643776987488,50213.79619146492,small_mu,disjoint_bag_coordinate_me_single_point_probe_v1,ok,,0.925,0.1
automobile vs truck,automobile,truck,2,8,6,rbf,large_mu,37,37,37,73,24,13777.643776987488,50213.79619146492,large_mu,disjoint_bag_coordinate_me_single_point_probe_v1,ok,,0.925,0.1
automobile vs truck,automobile,truck,2,8,8,rbf,large_mu,37,37,37,73,24,13777.643776987488,50213.79619146492,large_mu,disjoint_bag_coordinate_me_single_point_probe_v1,ok,,0.9175,10.0
automobile vs truck,automobile,truck,2,8,10,rbf,large_mu,37,37,37,73,24,13777.643776987488,50213.79619146492,large_mu,disjoint_bag_coordinate_me_single_point_probe_v1,ok,,0.92,1.0
automobile vs truck,automobile,truck,2,8,16,rbf,large_mu,37,37,37,73,24,13777.643776987488,50213.79619146492,large_mu,disjoint_bag_coordinate_me_single_point_probe_v1,ok,,0.915,10.0
automobile vs truck,automobile,truck,2,8,24,rbf,large_mu,37,37,37,73,24,13777.643776987488,50213.79619146492,large_mu,disjoint_bag_coordinate_me_single_point_probe_v1,ok,,0.9175,10.0
automobile vs truck,automobile,truck,2,8,1,rbf,small_mu,37,37,36,73,24,13777.643776987488,50213.79619146492,,disjoint_bag_coordinate_me_single_point_probe_v1,ok,,0.925,0.1
automobile vs truck,automobile,truck,2,8,2,rbf,small_mu,37,37,36,73,24,13777.643776987488,50213.79619146492,small_mu,disjoint_bag_coordinate_me_single_point_probe_v1,ok,,0.9225,0.1
automobile vs truck,automobile,truck,2,8,4,rbf,small_mu,37,37,36,73,24,13777.643776987488,50213.79619146492,small_mu,disjoint_bag_coordinate_me_single_point_probe_v1,ok,,0.93,10.0
automobile vs truck,automobile,truck,2,8,6,rbf,small_mu,37,37,36,73,24,13777.643776987488,50213.79619146492,large_mu,disjoint_bag_coordinate_me_single_point_probe_v1,ok,,0.92,0.1
automobile vs truck,automobile,truck,2,8,8,rbf,small_mu,37,37,36,73,24,13777.643776987488,50213.79619146492,large_mu,disjoint_bag_coordinate_me_single_point_probe_v1,ok,,0.9275,10.0
automobile vs truck,automobile,truck,2,8,10,rbf,small_mu,37,37,36,73,24,13777.643776987488,50213.79619146492,large_mu,disjoint_bag_coordinate_me_single_point_probe_v1,ok,,0.9225,10.0
automobile vs truck,automobile,truck,2,8,16,rbf,small_mu,37,37,36,73,24,13777.643776987488,50213.79619146492,large_mu,disjoint_bag_coordinate_me_single_point_probe_v1,ok,,0.92,10.0
automobile vs truck,automobile,truck,2,8,24,rbf,small_mu,37,37,36,73,24,13777.643776987488,50213.79619146492,large_mu,disjoint_bag_coordinate_me_single_point_probe_v1,ok,,0.92,1.0
automobile vs truck,automobile,truck,2,8,1,laplacian,large_mu,37,37,37,73,24,10116.384527288154,38854.23932897474,,disjoint_bag_coordinate_me_single_point_probe_v1,ok,,0.915,0.1
automobile vs truck,automobile,truck,2,8,2,laplacian,large_mu,37,37,37,73,24,10116.384527288154,38854.23932897474,small_mu,disjoint_bag_coordinate_me_single_point_probe_v1,ok,,0.9225,0.1
automobile vs truck,automobile,truck,2,8,4,laplacian,large_mu,37,37,37,73,24,10116.384527288154,38854.23932897474,small_mu,disjoint_bag_coordinate_me_single_point_probe_v1,ok,,0.925,0.1
automobile vs truck,automobile,truck,2,8,6,laplacian,large_mu,37,37,37,73,24,10116.384527288154,38854.23932897474,large_mu,disjoint_bag_coordinate_me_single_point_probe_v1,ok,,0.9225,0.1
automobile vs truck,automobile,truck,2,8,8,laplacian,large_mu,37,37,37,73,24,10116.384527288154,38854.23932897474,large_mu,disjoint_bag_coordinate_me_single_point_probe_v1,ok,,0.91,1.0
automobile vs truck,automobile,truck,2,8,10,laplacian,large_mu,37,37,37,73,24,10116.384527288154,38854.23932897474,large_mu,disjoint_bag_coordinate_me_single_point_probe_v1,ok,,0.9175,1.0
automobile vs truck,automobile,truck,2,8,16,laplacian,large_mu,37,37,37,73,24,10116.384527288154,38854.23932897474,large_mu,disjoint_bag_coordinate_me_single_point_probe_v1,ok,,0.92,1.0
automobile vs truck,automobile,truck,2,8,24,laplacian,large_mu,37,37,37,73,24,10116.384527288154,38854.23932897474,large_mu,disjoint_bag_coordinate_me_single_point_probe_v1,ok,,0.925,0.1
automobile vs truck,automobile,truck,2,8,1,laplacian,small_mu,37,37,36,73,24,10116.384527288154,38854.23932897474,,disjoint_bag_coordinate_me_single_point_probe_v1,ok,,0.925,0.1
automobile vs truck,automobile,truck,2,8,2,laplacian,small_mu,37,37,36,73,24,10116.384527288154,38854.23932897474,small_mu,disjoint_bag_coordinate_me_single_point_probe_v1,ok,,0.925,10.0
automobile vs truck,automobile,truck,2,8,4,laplacian,small_mu,37,37,36,73,24,10116.384527288154,38854.23932897474,small_mu,disjoint_bag_coordinate_me_single_point_probe_v1,ok,,0.9275,1.0
automobile vs truck,automobile,truck,2,8,6,laplacian,small_mu,37,37,36,73,24,10116.384527288154,38854.23932897474,large_mu,disjoint_bag_coordinate_me_single_point_probe_v1,ok,,0.9275,1.0
automobile vs truck,automobile,truck,2,8,8,laplacian,small_mu,37,37,36,73,24,10116.384527288154,38854.23932897474,large_mu,disjoint_bag_coordinate_me_single_point_probe_v1,ok,,0.9275,10.0
automobile vs truck,automobile,truck,2,8,10,laplacian,small_mu,37,37,36,73,24,10116.384527288154,38854.23932897474,large_mu,disjoint_bag_coordinate_me_single_point_probe_v1,ok,,0.925,1.0
automobile vs truck,automobile,truck,2,8,16,laplacian,small_mu,37,37,36,73,24,10116.384527288154,38854.23932897474,large_mu,disjoint_bag_coordinate_me_single_point_probe_v1,ok,,0.925,10.0
automobile vs truck,automobile,truck,2,8,24,laplacian,small_mu,37,37,36,73,24,10116.384527288154,38854.23932897474,large_mu,disjoint_bag_coordinate_me_single_point_probe_v1,ok,,0.93,1.0
automobile vs truck,automobile,truck,2,8,1,polynomial,large_mu,37,37,37,73,24,72435.91098745803,163284.59516832762,,disjoint_bag_coordinate_me_single_point_probe_v1,ok,,0.9125,0.1
automobile vs truck,automobile,truck,2,8,2,polynomial,large_mu,37,37,37,73,24,72435.91098745803,163284.59516832762,small_mu,disjoint_bag_coordinate_me_single_point_probe_v1,ok,,0.92,0.1
automobile vs truck,automobile,truck,2,8,4,polynomial,large_mu,37,37,37,73,24,72435.91098745803,163284.59516832762,large_mu,disjoint_bag_coordinate_me_single_point_probe_v1,ok,,0.9225,0.1
automobile vs truck,automobile,truck,2,8,6,polynomial,large_mu,37,37,37,73,24,72435.91098745803,163284.59516832762,large_mu,disjoint_bag_coordinate_me_single_point_probe_v1,ok,,0.925,10.0
automobile vs truck,automobile,truck,2,8,8,polynomial,large_mu,37,37,37,73,24,72435.91098745803,163284.59516832762,large_mu,disjoint_bag_coordinate_me_single_point_probe_v1,ok,,0.925,1.0
automobile vs truck,automobile,truck,2,8,10,polynomial,large_mu,37,37,37,73,24,72435.91098745803,163284.59516832762,large_mu,disjoint_bag_coordinate_me_single_point_probe_v1,ok,,0.92,10.0
automobile vs truck,automobile,truck,2,8,16,polynomial,large_mu,37,37,37,73,24,72435.91098745803,163284.59516832762,large_mu,disjoint_bag_coordinate_me_single_point_probe_v1,ok,,0.915,0.1
automobile vs truck,automobile,truck,2,8,24,polynomial,large_mu,37,37,37,73,24,72435.91098745803,163284.59516832762,large_mu,disjoint_bag_coordinate_me_single_point_probe_v1,ok,,0.9175,0.1
automobile vs truck,automobile,truck,2,8,1,polynomial,small_mu,37,37,36,73,24,72435.91098745803,163284.59516832762,,disjoint_bag_coordinate_me_single_point_probe_v1,ok,,0.9275,0.1
automobile vs truck,automobile,truck,2,8,2,polynomial,small_mu,37,37,36,73,24,72435.91098745803,163284.59516832762,small_mu,disjoint_bag_coordinate_me_single_point_probe_v1,ok,,0.925,10.0
automobile vs truck,automobile,truck,2,8,4,polynomial,small_mu,37,37,36,73,24,72435.91098745803,163284.59516832762,large_mu,disjoint_bag_coordinate_me_single_point_probe_v1,ok,,0.925,1.0
automobile vs truck,automobile,truck,2,8,6,polynomial,small_mu,37,37,36,73,24,72435.91098745803,163284.59516832762,large_mu,disjoint_bag_coordinate_me_single_point_probe_v1,ok,,0.925,1.0
automobile vs truck,automobile,truck,2,8,8,polynomial,small_mu,37,37,36,73,24,72435.91098745803,163284.59516832762,large_mu,disjoint_bag_coordinate_me_single_point_probe_v1,ok,,0.92,10.0
automobile vs truck,automobile,truck,2,8,10,polynomial,small_mu,37,37,36,73,24,72435.91098745803,163284.59516832762,large_mu,disjoint_bag_coordinate_me_single_point_probe_v1,ok,,0.92,10.0
automobile vs truck,automobile,truck,2,8,16,polynomial,small_mu,37,37,36,73,24,72435.91098745803,163284.59516832762,large_mu,disjoint_bag_coordinate_me_single_point_probe_v1,ok,,0.9225,1.0
automobile vs truck,automobile,truck,2,8,24,polynomial,small_mu,37,37,36,73,24,72435.91098745803,163284.59516832762,large_mu,disjoint_bag_coordinate_me_single_point_probe_v1,ok,,0.915,1.0
automobile vs truck,automobile,truck,2,8,1,sigmoid,large_mu,37,37,37,69,24,19377.607027889186,26147.32289333824,,disjoint_bag_coordinate_me_single_point_probe_v1,ok,,0.8775,10.0
automobile vs truck,automobile,truck,2,8,2,sigmoid,large_mu,37,37,37,69,24,19377.607027889186,26147.32289333824,small_mu,disjoint_bag_coordinate_me_single_point_probe_v1,ok,,0.8775,0.1
automobile vs truck,automobile,truck,2,8,4,sigmoid,large_mu,37,37,37,69,24,19377.607027889186,26147.32289333824,large_mu,disjoint_bag_coordinate_me_single_point_probe_v1,ok,,0.885,10.0
automobile vs truck,automobile,truck,2,8,6,sigmoid,large_mu,37,37,37,69,24,19377.607027889186,26147.32289333824,large_mu,disjoint_bag_coordinate_me_single_point_probe_v1,ok,,0.8825,10.0
automobile vs truck,automobile,truck,2,8,8,sigmoid,large_mu,37,37,37,69,24,19377.607027889186,26147.32289333824,large_mu,disjoint_bag_coordinate_me_single_point_probe_v1,ok,,0.875,0.1
automobile vs truck,automobile,truck,2,8,10,sigmoid,large_mu,37,37,37,69,24,19377.607027889186,26147.32289333824,large_mu,disjoint_bag_coordinate_me_single_point_probe_v1,ok,,0.8825,10.0
automobile vs truck,automobile,truck,2,8,16,sigmoid,large_mu,37,37,37,69,24,19377.607027889186,26147.32289333824,large_mu,disjoint_bag_coordinate_me_single_point_probe_v1,ok,,0.88,0.1
automobile vs truck,automobile,truck,2,8,24,sigmoid,large_mu,37,37,37,69,24,19377.607027889186,26147.32289333824,large_mu,disjoint_bag_coordinate_me_single_point_probe_v1,ok,,0.875,0.1
automobile vs truck,automobile,truck,2,8,1,sigmoid,small_mu,37,37,36,69,24,19377.607027889186,26147.32289333824,,disjoint_bag_coordinate_me_single_point_probe_v1,ok,,0.59,0.1
automobile vs truck,automobile,truck,2,8,2,sigmoid,small_mu,37,37,36,69,24,19377.607027889186,26147.32289333824,small_mu,disjoint_bag_coordinate_me_single_point_probe_v1,ok,,0.6225,0.1
automobile vs truck,automobile,truck,2,8,4,sigmoid,small_mu,37,37,36,69,24,19377.607027889186,26147.32289333824,large_mu,disjoint_bag_coordinate_me_single_point_probe_v1,ok,,0.695,0.1
automobile vs truck,automobile,truck,2,8,6,sigmoid,small_mu,37,37,36,69,24,19377.607027889186,26147.32289333824,large_mu,disjoint_bag_coordinate_me_single_point_probe_v1,ok,,0.735,0.1
automobile vs truck,automobile,truck,2,8,8,sigmoid,small_mu,37,37,36,69,24,19377.607027889186,26147.32289333824,large_mu,disjoint_bag_coordinate_me_single_point_probe_v1,ok,,0.8025,0.1
automobile vs truck,automobile,truck,2,8,10,sigmoid,small_mu,37,37,36,69,24,19377.607027889186,26147.32289333824,large_mu,disjoint_bag_coordinate_me_single_point_probe_v1,ok,,0.8,0.1
automobile vs truck,automobile,truck,2,8,16,sigmoid,small_mu,37,37,36,69,24,19377.607027889186,26147.32289333824,large_mu,disjoint_bag_coordinate_me_single_point_probe_v1,ok,,0.815,0.1
automobile vs truck,automobile,truck,2,8,24,sigmoid,small_mu,37,37,36,69,24,19377.607027889186,26147.32289333824,large_mu,disjoint_bag_coordinate_me_single_point_probe_v1,ok,,0.8225,1.0
automobile vs truck,automobile,truck,2,16,1,linear,large_mu,18,18,18,35,19,20242294.377178226,13003420.74607022,,disjoint_bag_coordinate_me_single_point_probe_v1,ok,,0.9075,0.1
automobile vs truck,automobile,truck,2,16,2,linear,large_mu,18,18,18,35,19,20242294.377178226,13003420.74607022,large_mu,disjoint_bag_coordinate_me_single_point_probe_v1,ok,,0.9075,1.0
automobile vs truck,automobile,truck,2,16,4,linear,large_mu,18,18,18,35,19,20242294.377178226,13003420.74607022,large_mu,disjoint_bag_coordinate_me_single_point_probe_v1,ok,,0.9075,1.0
automobile vs truck,automobile,truck,2,16,6,linear,large_mu,18,18,18,35,19,20242294.377178226,13003420.74607022,large_mu,disjoint_bag_coordinate_me_single_point_probe_v1,ok,,0.9125,1.0
automobile vs truck,automobile,truck,2,16,8,linear,large_mu,18,18,18,35,19,20242294.377178226,13003420.74607022,large_mu,disjoint_bag_coordinate_me_single_point_probe_v1,ok,,0.9125,0.1
automobile vs truck,automobile,truck,2,16,10,linear,large_mu,18,18,18,35,19,20242294.377178226,13003420.74607022,large_mu,disjoint_bag_coordinate_me_single_point_probe_v1,ok,,0.91,0.1
automobile vs truck,automobile,truck,2,16,16,linear,large_mu,18,18,18,35,19,20242294.377178226,13003420.74607022,large_mu,disjoint_bag_coordinate_me_single_point_probe_v1,ok,,0.91,0.1
automobile vs truck,automobile,truck,2,16,24,linear,large_mu,18,18,18,35,19,20242294.377178226,13003420.74607022,large_mu,disjoint_bag_coordinate_me_single_point_probe_v1,rank_limited,"requested r=24, stable limit=18, available directions=19",,
automobile vs truck,automobile,truck,2,16,1,linear,small_mu,18,18,17,35,18,20242294.377178226,13003420.74607022,,disjoint_bag_coordinate_me_single_point_probe_v1,ok,,0.9025,1.0
automobile vs truck,automobile,truck,2,16,2,linear,small_mu,18,18,17,35,18,20242294.377178226,13003420.74607022,large_mu,disjoint_bag_coordinate_me_single_point_probe_v1,ok,,0.9075,10.0
automobile vs truck,automobile,truck,2,16,4,linear,small_mu,18,18,17,35,18,20242294.377178226,13003420.74607022,large_mu,disjoint_bag_coordinate_me_single_point_probe_v1,ok,,0.9025,0.1
automobile vs truck,automobile,truck,2,16,6,linear,small_mu,18,18,17,35,18,20242294.377178226,13003420.74607022,large_mu,disjoint_bag_coordinate_me_single_point_probe_v1,ok,,0.9075,0.1
automobile vs truck,automobile,truck,2,16,8,linear,small_mu,18,18,17,35,18,20242294.377178226,13003420.74607022,large_mu,disjoint_bag_coordinate_me_single_point_probe_v1,ok,,0.9025,0.1
automobile vs truck,automobile,truck,2,16,10,linear,small_mu,18,18,17,35,18,20242294.377178226,13003420.74607022,large_mu,disjoint_bag_coordinate_me_single_point_probe_v1,ok,,0.905,1.0
automobile vs truck,automobile,truck,2,16,16,linear,small_mu,18,18,17,35,18,20242294.377178226,13003420.74607022,large_mu,disjoint_bag_coordinate_me_single_point_probe_v1,ok,,0.905,0.1
automobile vs truck,automobile,truck,2,16,24,linear,small_mu,18,18,17,35,18,20242294.377178226,13003420.74607022,large_mu,disjoint_bag_coordinate_me_single_point_probe_v1,rank_limited,"requested r=24, stable limit=17, available directions=18",,
automobile vs truck,automobile,truck,2,16,1,rbf,large_mu,18,18,18,35,24,15010.529901589802,25015.650416727545,,disjoint_bag_coordinate_me_single_point_probe_v1,ok,,0.92,0.1
automobile vs truck,automobile,truck,2,16,2,rbf,large_mu,18,18,18,35,24,15010.529901589802,25015.650416727545,small_mu,disjoint_bag_coordinate_me_single_point_probe_v1,ok,,0.9175,1.0
automobile vs truck,automobile,truck,2,16,4,rbf,large_mu,18,18,18,35,24,15010.529901589802,25015.650416727545,large_mu,disjoint_bag_coordinate_me_single_point_probe_v1,ok,,0.915,10.0
automobile vs truck,automobile,truck,2,16,6,rbf,large_mu,18,18,18,35,24,15010.529901589802,25015.650416727545,large_mu,disjoint_bag_coordinate_me_single_point_probe_v1,ok,,0.92,1.0
automobile vs truck,automobile,truck,2,16,8,rbf,large_mu,18,18,18,35,24,15010.529901589802,25015.650416727545,large_mu,disjoint_bag_coordinate_me_single_point_probe_v1,ok,,0.92,0.1
automobile vs truck,automobile,truck,2,16,10,rbf,large_mu,18,18,18,35,24,15010.529901589802,25015.650416727545,large_mu,disjoint_bag_coordinate_me_single_point_probe_v1,ok,,0.92,1.0
automobile vs truck,automobile,truck,2,16,16,rbf,large_mu,18,18,18,35,24,15010.529901589802,25015.650416727545,large_mu,disjoint_bag_coordinate_me_single_point_probe_v1,ok,,0.9225,0.1
automobile vs truck,automobile,truck,2,16,24,rbf,large_mu,18,18,18,35,24,15010.529901589802,25015.650416727545,large_mu,disjoint_bag_coordinate_me_single_point_probe_v1,rank_limited,"requested r=24, stable limit=18, available directions=24",,
automobile vs truck,automobile,truck,2,16,1,rbf,small_mu,18,18,17,35,24,15010.529901589802,25015.650416727545,,disjoint_bag_coordinate_me_single_point_probe_v1,ok,,0.9175,10.0
automobile vs truck,automobile,truck,2,16,2,rbf,small_mu,18,18,17,35,24,15010.529901589802,25015.650416727545,small_mu,disjoint_bag_coordinate_me_single_point_probe_v1,ok,,0.9225,0.1
automobile vs truck,automobile,truck,2,16,4,rbf,small_mu,18,18,17,35,24,15010.529901589802,25015.650416727545,large_mu,disjoint_bag_coordinate_me_single_point_probe_v1,ok,,0.9175,1.0
automobile vs truck,automobile,truck,2,16,6,rbf,small_mu,18,18,17,35,24,15010.529901589802,25015.650416727545,large_mu,disjoint_bag_coordinate_me_single_point_probe_v1,ok,,0.9225,1.0
automobile vs truck,automobile,truck,2,16,8,rbf,small_mu,18,18,17,35,24,15010.529901589802,25015.650416727545,large_mu,disjoint_bag_coordinate_me_single_point_probe_v1,ok,,0.925,0.1
automobile vs truck,automobile,truck,2,16,10,rbf,small_mu,18,18,17,35,24,15010.529901589802,25015.650416727545,large_mu,disjoint_bag_coordinate_me_single_point_probe_v1,ok,,0.925,0.1
automobile vs truck,automobile,truck,2,16,16,rbf,small_mu,18,18,17,35,24,15010.529901589802,25015.650416727545,large_mu,disjoint_bag_coordinate_me_single_point_probe_v1,ok,,0.925,0.1
automobile vs truck,automobile,truck,2,16,24,rbf,small_mu,18,18,17,35,24,15010.529901589802,25015.650416727545,large_mu,disjoint_bag_coordinate_me_single_point_probe_v1,rank_limited,"requested r=24, stable limit=17, available directions=24",,
automobile vs truck,automobile,truck,2,16,1,laplacian,large_mu,18,18,18,35,24,11101.587229037365,19181.983912257,,disjoint_bag_coordinate_me_single_point_probe_v1,ok,,0.9175,0.1
automobile vs truck,automobile,truck,2,16,2,laplacian,large_mu,18,18,18,35,24,11101.587229037365,19181.983912257,small_mu,disjoint_bag_coordinate_me_single_point_probe_v1,ok,,0.915,10.0
automobile vs truck,automobile,truck,2,16,4,laplacian,large_mu,18,18,18,35,24,11101.587229037365,19181.983912257,large_mu,disjoint_bag_coordinate_me_single_point_probe_v1,ok,,0.9175,1.0
automobile vs truck,automobile,truck,2,16,6,laplacian,large_mu,18,18,18,35,24,11101.587229037365,19181.983912257,large_mu,disjoint_bag_coordinate_me_single_point_probe_v1,ok,,0.92,1.0
automobile vs truck,automobile,truck,2,16,8,laplacian,large_mu,18,18,18,35,24,11101.587229037365,19181.983912257,large_mu,disjoint_bag_coordinate_me_single_point_probe_v1,ok,,0.9175,0.1
automobile vs truck,automobile,truck,2,16,10,laplacian,large_mu,18,18,18,35,24,11101.587229037365,19181.983912257,large_mu,disjoint_bag_coordinate_me_single_point_probe_v1,ok,,0.92,1.0
automobile vs truck,automobile,truck,2,16,16,laplacian,large_mu,18,18,18,35,24,11101.587229037365,19181.983912257,large_mu,disjoint_bag_coordinate_me_single_point_probe_v1,ok,,0.9125,10.0
automobile vs truck,automobile,truck,2,16,24,laplacian,large_mu,18,18,18,35,24,11101.587229037365,19181.983912257,large_mu,disjoint_bag_coordinate_me_single_point_probe_v1,rank_limited,"requested r=24, stable limit=18, available directions=24",,
automobile vs truck,automobile,truck,2,16,1,laplacian,small_mu,18,18,17,35,24,11101.587229037365,19181.983912257,,disjoint_bag_coordinate_me_single_point_probe_v1,ok,,0.9175,1.0
automobile vs truck,automobile,truck,2,16,2,laplacian,small_mu,18,18,17,35,24,11101.587229037365,19181.983912257,small_mu,disjoint_bag_coordinate_me_single_point_probe_v1,ok,,0.9175,0.1
automobile vs truck,automobile,truck,2,16,4,laplacian,small_mu,18,18,17,35,24,11101.587229037365,19181.983912257,large_mu,disjoint_bag_coordinate_me_single_point_probe_v1,ok,,0.92,10.0
automobile vs truck,automobile,truck,2,16,6,laplacian,small_mu,18,18,17,35,24,11101.587229037365,19181.983912257,large_mu,disjoint_bag_coordinate_me_single_point_probe_v1,ok,,0.9225,1.0
automobile vs truck,automobile,truck,2,16,8,laplacian,small_mu,18,18,17,35,24,11101.587229037365,19181.983912257,large_mu,disjoint_bag_coordinate_me_single_point_probe_v1,ok,,0.9175,1.0
automobile vs truck,automobile,truck,2,16,10,laplacian,small_mu,18,18,17,35,24,11101.587229037365,19181.983912257,large_mu,disjoint_bag_coordinate_me_single_point_probe_v1,ok,,0.9175,10.0
automobile vs truck,automobile,truck,2,16,16,laplacian,small_mu,18,18,17,35,24,11101.587229037365,19181.983912257,large_mu,disjoint_bag_coordinate_me_single_point_probe_v1,ok,,0.9125,1.0
automobile vs truck,automobile,truck,2,16,24,laplacian,small_mu,18,18,17,35,24,11101.587229037365,19181.983912257,large_mu,disjoint_bag_coordinate_me_single_point_probe_v1,rank_limited,"requested r=24, stable limit=17, available directions=24",,
automobile vs truck,automobile,truck,2,16,1,polynomial,large_mu,18,18,18,35,24,89080.27649300835,83122.23425446605,,disjoint_bag_coordinate_me_single_point_probe_v1,ok,,0.9075,1.0
automobile vs truck,automobile,truck,2,16,2,polynomial,large_mu,18,18,18,35,24,89080.27649300835,83122.23425446605,large_mu,disjoint_bag_coordinate_me_single_point_probe_v1,ok,,0.91,0.1
automobile vs truck,automobile,truck,2,16,4,polynomial,large_mu,18,18,18,35,24,89080.27649300835,83122.23425446605,large_mu,disjoint_bag_coordinate_me_single_point_probe_v1,ok,,0.905,10.0
automobile vs truck,automobile,truck,2,16,6,polynomial,large_mu,18,18,18,35,24,89080.27649300835,83122.23425446605,large_mu,disjoint_bag_coordinate_me_single_point_probe_v1,ok,,0.9025,0.1
automobile vs truck,automobile,truck,2,16,8,polynomial,large_mu,18,18,18,35,24,89080.27649300835,83122.23425446605,large_mu,disjoint_bag_coordinate_me_single_point_probe_v1,ok,,0.91,0.1
automobile vs truck,automobile,truck,2,16,10,polynomial,large_mu,18,18,18,35,24,89080.27649300835,83122.23425446605,large_mu,disjoint_bag_coordinate_me_single_point_probe_v1,ok,,0.915,0.1
automobile vs truck,automobile,truck,2,16,16,polynomial,large_mu,18,18,18,35,24,89080.27649300835,83122.23425446605,large_mu,disjoint_bag_coordinate_me_single_point_probe_v1,ok,,0.9125,0.1
automobile vs truck,automobile,truck,2,16,24,polynomial,large_mu,18,18,18,35,24,89080.27649300835,83122.23425446605,large_mu,disjoint_bag_coordinate_me_single_point_probe_v1,rank_limited,"requested r=24, stable limit=18, available directions=24",,
automobile vs truck,automobile,truck,2,16,1,polynomial,small_mu,18,18,17,35,24,89080.27649300835,83122.23425446605,,disjoint_bag_coordinate_me_single_point_probe_v1,ok,,0.9125,0.1
automobile vs truck,automobile,truck,2,16,2,polynomial,small_mu,18,18,17,35,24,89080.27649300835,83122.23425446605,large_mu,disjoint_bag_coordinate_me_single_point_probe_v1,ok,,0.915,0.1
automobile vs truck,automobile,truck,2,16,4,polynomial,small_mu,18,18,17,35,24,89080.27649300835,83122.23425446605,large_mu,disjoint_bag_coordinate_me_single_point_probe_v1,ok,,0.91,0.1
automobile vs truck,automobile,truck,2,16,6,polynomial,small_mu,18,18,17,35,24,89080.27649300835,83122.23425446605,large_mu,disjoint_bag_coordinate_me_single_point_probe_v1,ok,,0.9125,10.0
automobile vs truck,automobile,truck,2,16,8,polynomial,small_mu,18,18,17,35,24,89080.27649300835,83122.23425446605,large_mu,disjoint_bag_coordinate_me_single_point_probe_v1,ok,,0.9075,1.0
automobile vs truck,automobile,truck,2,16,10,polynomial,small_mu,18,18,17,35,24,89080.27649300835,83122.23425446605,large_mu,disjoint_bag_coordinate_me_single_point_probe_v1,ok,,0.915,10.0
automobile vs truck,automobile,truck,2,16,16,polynomial,small_mu,18,18,17,35,24,89080.27649300835,83122.23425446605,large_mu,disjoint_bag_coordinate_me_single_point_probe_v1,ok,,0.9125,1.0
automobile vs truck,automobile,truck,2,16,24,polynomial,small_mu,18,18,17,35,24,89080.27649300835,83122.23425446605,large_mu,disjoint_bag_coordinate_me_single_point_probe_v1,rank_limited,"requested r=24, stable limit=17, available directions=24",,
automobile vs truck,automobile,truck,2,16,1,sigmoid,large_mu,18,18,18,35,24,35277.204088661936,16897.570663162085,,disjoint_bag_coordinate_me_single_point_probe_v1,ok,,0.915,0.1
automobile vs truck,automobile,truck,2,16,2,sigmoid,large_mu,18,18,18,35,24,35277.204088661936,16897.570663162085,large_mu,disjoint_bag_coordinate_me_single_point_probe_v1,ok,,0.9125,0.1
automobile vs truck,automobile,truck,2,16,4,sigmoid,large_mu,18,18,18,35,24,35277.204088661936,16897.570663162085,large_mu,disjoint_bag_coordinate_me_single_point_probe_v1,ok,,0.9175,1.0
automobile vs truck,automobile,truck,2,16,6,sigmoid,large_mu,18,18,18,35,24,35277.204088661936,16897.570663162085,large_mu,disjoint_bag_coordinate_me_single_point_probe_v1,ok,,0.9175,10.0
automobile vs truck,automobile,truck,2,16,8,sigmoid,large_mu,18,18,18,35,24,35277.204088661936,16897.570663162085,large_mu,disjoint_bag_coordinate_me_single_point_probe_v1,ok,,0.92,0.1
automobile vs truck,automobile,truck,2,16,10,sigmoid,large_mu,18,18,18,35,24,35277.204088661936,16897.570663162085,large_mu,disjoint_bag_coordinate_me_single_point_probe_v1,ok,,0.9175,1.0
automobile vs truck,automobile,truck,2,16,16,sigmoid,large_mu,18,18,18,35,24,35277.204088661936,16897.570663162085,large_mu,disjoint_bag_coordinate_me_single_point_probe_v1,ok,,0.915,0.1
automobile vs truck,automobile,truck,2,16,24,sigmoid,large_mu,18,18,18,35,24,35277.204088661936,16897.570663162085,large_mu,disjoint_bag_coordinate_me_single_point_probe_v1,rank_limited,"requested r=24, stable limit=18, available directions=24",,
automobile vs truck,automobile,truck,2,16,1,sigmoid,small_mu,18,18,17,35,24,35277.204088661936,16897.570663162085,,disjoint_bag_coordinate_me_single_point_probe_v1,ok,,0.895,10.0
automobile vs truck,automobile,truck,2,16,2,sigmoid,small_mu,18,18,17,35,24,35277.204088661936,16897.570663162085,large_mu,disjoint_bag_coordinate_me_single_point_probe_v1,ok,,0.9,1.0
automobile vs truck,automobile,truck,2,16,4,sigmoid,small_mu,18,18,17,35,24,35277.204088661936,16897.570663162085,large_mu,disjoint_bag_coordinate_me_single_point_probe_v1,ok,,0.9125,1.0
automobile vs truck,automobile,truck,2,16,6,sigmoid,small_mu,18,18,17,35,24,35277.204088661936,16897.570663162085,large_mu,disjoint_bag_coordinate_me_single_point_probe_v1,ok,,0.91,1.0
automobile vs truck,automobile,truck,2,16,8,sigmoid,small_mu,18,18,17,35,24,35277.204088661936,16897.570663162085,large_mu,disjoint_bag_coordinate_me_single_point_probe_v1,ok,,0.9,1.0
automobile vs truck,automobile,truck,2,16,10,sigmoid,small_mu,18,18,17,35,24,35277.204088661936,16897.570663162085,large_mu,disjoint_bag_coordinate_me_single_point_probe_v1,ok,,0.9175,10.0
automobile vs truck,automobile,truck,2,16,16,sigmoid,small_mu,18,18,17,35,24,35277.204088661936,16897.570663162085,large_mu,disjoint_bag_coordinate_me_single_point_probe_v1,ok,,0.9175,10.0
automobile vs truck,automobile,truck,2,16,24,sigmoid,small_mu,18,18,17,35,24,35277.204088661936,16897.570663162085,large_mu,disjoint_bag_coordinate_me_single_point_probe_v1,rank_limited,"requested r=24, stable limit=17, available directions=24",,
cat vs dog,cat,dog,0,4,1,linear,large_mu,75,75,75,149,24,5226903.401251423,33344226.90513744,,disjoint_bag_coordinate_me_single_point_probe_v1,ok,,0.8175,10.0
cat vs dog,cat,dog,0,4,2,linear,large_mu,75,75,75,149,24,5226903.401251423,33344226.90513744,small_mu,disjoint_bag_coordinate_me_single_point_probe_v1,ok,,0.815,1.0
cat vs dog,cat,dog,0,4,4,linear,large_mu,75,75,75,149,24,5226903.401251423,33344226.90513744,small_mu,disjoint_bag_coordinate_me_single_point_probe_v1,ok,,0.825,0.1
cat vs dog,cat,dog,0,4,6,linear,large_mu,75,75,75,149,24,5226903.401251423,33344226.90513744,small_mu,disjoint_bag_coordinate_me_single_point_probe_v1,ok,,0.82,0.1
cat vs dog,cat,dog,0,4,8,linear,large_mu,75,75,75,149,24,5226903.401251423,33344226.90513744,large_mu,disjoint_bag_coordinate_me_single_point_probe_v1,ok,,0.8225,10.0
cat vs dog,cat,dog,0,4,10,linear,large_mu,75,75,75,149,24,5226903.401251423,33344226.90513744,large_mu,disjoint_bag_coordinate_me_single_point_probe_v1,ok,,0.8275,0.1
cat vs dog,cat,dog,0,4,16,linear,large_mu,75,75,75,149,24,5226903.401251423,33344226.90513744,large_mu,disjoint_bag_coordinate_me_single_point_probe_v1,ok,,0.8275,0.1
cat vs dog,cat,dog,0,4,24,linear,large_mu,75,75,75,149,24,5226903.401251423,33344226.90513744,large_mu,disjoint_bag_coordinate_me_single_point_probe_v1,ok,,0.84,0.1
cat vs dog,cat,dog,0,4,1,linear,small_mu,75,75,74,149,24,5226903.401251423,33344226.90513744,,disjoint_bag_coordinate_me_single_point_probe_v1,ok,,0.785,1.0
cat vs dog,cat,dog,0,4,2,linear,small_mu,75,75,74,149,24,5226903.401251423,33344226.90513744,small_mu,disjoint_bag_coordinate_me_single_point_probe_v1,ok,,0.785,0.1
cat vs dog,cat,dog,0,4,4,linear,small_mu,75,75,74,149,24,5226903.401251423,33344226.90513744,small_mu,disjoint_bag_coordinate_me_single_point_probe_v1,ok,,0.8025,0.1
cat vs dog,cat,dog,0,4,6,linear,small_mu,75,75,74,149,24,5226903.401251423,33344226.90513744,small_mu,disjoint_bag_coordinate_me_single_point_probe_v1,ok,,0.7975,1.0
cat vs dog,cat,dog,0,4,8,linear,small_mu,75,75,74,149,24,5226903.401251423,33344226.90513744,large_mu,disjoint_bag_coordinate_me_single_point_probe_v1,ok,,0.785,1.0
cat vs dog,cat,dog,0,4,10,linear,small_mu,75,75,74,149,24,5226903.401251423,33344226.90513744,large_mu,disjoint_bag_coordinate_me_single_point_probe_v1,ok,,0.79,1.0
cat vs dog,cat,dog,0,4,16,linear,small_mu,75,75,74,149,24,5226903.401251423,33344226.90513744,large_mu,disjoint_bag_coordinate_me_single_point_probe_v1,ok,,0.8125,1.0
cat vs dog,cat,dog,0,4,24,linear,small_mu,75,75,74,149,24,5226903.401251423,33344226.90513744,large_mu,disjoint_bag_coordinate_me_single_point_probe_v1,ok,,0.8125,0.1
cat vs dog,cat,dog,0,4,1,rbf,large_mu,75,75,75,149,24,9156.50666579534,95416.628185835,,disjoint_bag_coordinate_me_single_point_probe_v1,ok,,0.8025,1.0
cat vs dog,cat,dog,0,4,2,rbf,large_mu,75,75,75,149,24,9156.50666579534,95416.628185835,small_mu,disjoint_bag_coordinate_me_single_point_probe_v1,ok,,0.825,10.0
cat vs dog,cat,dog,0,4,4,rbf,large_mu,75,75,75,149,24,9156.50666579534,95416.628185835,small_mu,disjoint_bag_coordinate_me_single_point_probe_v1,ok,,0.8325,1.0
cat vs dog,cat,dog,0,4,6,rbf,large_mu,75,75,75,149,24,9156.50666579534,95416.628185835,small_mu,disjoint_bag_coordinate_me_single_point_probe_v1,ok,,0.8275,0.1
cat vs dog,cat,dog,0,4,8,rbf,large_mu,75,75,75,149,24,9156.50666579534,95416.628185835,small_mu,disjoint_bag_coordinate_me_single_point_probe_v1,ok,,0.845,1.0
cat vs dog,cat,dog,0,4,10,rbf,large_mu,75,75,75,149,24,9156.50666579534,95416.628185835,small_mu,disjoint_bag_coordinate_me_single_point_probe_v1,ok,,0.84,10.0
cat vs dog,cat,dog,0,4,16,rbf,large_mu,75,75,75,149,24,9156.50666579534,95416.628185835,large_mu,disjoint_bag_coordinate_me_single_point_probe_v1,ok,,0.84,1.0
cat vs dog,cat,dog,0,4,24,rbf,large_mu,75,75,75,149,24,9156.50666579534,95416.628185835,large_mu,disjoint_bag_coordinate_me_single_point_probe_v1,ok,,0.8475,1.0
cat vs dog,cat,dog,0,4,1,rbf,small_mu,75,75,74,149,24,9156.50666579534,95416.628185835,,disjoint_bag_coordinate_me_single_point_probe_v1,ok,,0.8125,0.1
cat vs dog,cat,dog,0,4,2,rbf,small_mu,75,75,74,149,24,9156.50666579534,95416.628185835,small_mu,disjoint_bag_coordinate_me_single_point_probe_v1,ok,,0.8125,1.0
cat vs dog,cat,dog,0,4,4,rbf,small_mu,75,75,74,149,24,9156.50666579534,95416.628185835,small_mu,disjoint_bag_coordinate_me_single_point_probe_v1,ok,,0.8225,0.1
cat vs dog,cat,dog,0,4,6,rbf,small_mu,75,75,74,149,24,9156.50666579534,95416.628185835,small_mu,disjoint_bag_coordinate_me_single_point_probe_v1,ok,,0.84,10.0
cat vs dog,cat,dog,0,4,8,rbf,small_mu,75,75,74,149,24,9156.50666579534,95416.628185835,small_mu,disjoint_bag_coordinate_me_single_point_probe_v1,ok,,0.835,1.0
cat vs dog,cat,dog,0,4,10,rbf,small_mu,75,75,74,149,24,9156.50666579534,95416.628185835,small_mu,disjoint_bag_coordinate_me_single_point_probe_v1,ok,,0.83,0.1
cat vs dog,cat,dog,0,4,16,rbf,small_mu,75,75,74,149,24,9156.50666579534,95416.628185835,large_mu,disjoint_bag_coordinate_me_single_point_probe_v1,ok,,0.8325,0.1
cat vs dog,cat,dog,0,4,24,rbf,small_mu,75,75,74,149,24,9156.50666579534,95416.628185835,large_mu,disjoint_bag_coordinate_me_single_point_probe_v1,ok,,0.8425,1.0
cat vs dog,cat,dog,0,4,1,laplacian,large_mu,75,75,75,149,24,6751.364886452477,73016.42281872255,,disjoint_bag_coordinate_me_single_point_probe_v1,ok,,0.8175,0.1
cat vs dog,cat,dog,0,4,2,laplacian,large_mu,75,75,75,149,24,6751.364886452477,73016.42281872255,small_mu,disjoint_bag_coordinate_me_single_point_probe_v1,ok,,0.82,10.0
cat vs dog,cat,dog,0,4,4,laplacian,large_mu,75,75,75,149,24,6751.364886452477,73016.42281872255,small_mu,disjoint_bag_coordinate_me_single_point_probe_v1,ok,,0.8275,0.1
cat vs dog,cat,dog,0,4,6,laplacian,large_mu,75,75,75,149,24,6751.364886452477,73016.42281872255,small_mu,disjoint_bag_coordinate_me_single_point_probe_v1,ok,,0.825,0.1
cat vs dog,cat,dog,0,4,8,laplacian,large_mu,75,75,75,149,24,6751.364886452477,73016.42281872255,small_mu,disjoint_bag_coordinate_me_single_point_probe_v1,ok,,0.8375,0.1
cat vs dog,cat,dog,0,4,10,laplacian,large_mu,75,75,75,149,24,6751.364886452477,73016.42281872255,small_mu,disjoint_bag_coordinate_me_single_point_probe_v1,ok,,0.8425,10.0
cat vs dog,cat,dog,0,4,16,laplacian,large_mu,75,75,75,149,24,6751.364886452477,73016.42281872255,large_mu,disjoint_bag_coordinate_me_single_point_probe_v1,ok,,0.83,0.1
cat vs dog,cat,dog,0,4,24,laplacian,large_mu,75,75,75,149,24,6751.364886452477,73016.42281872255,large_mu,disjoint_bag_coordinate_me_single_point_probe_v1,ok,,0.8375,0.1
cat vs dog,cat,dog,0,4,1,laplacian,small_mu,75,75,74,149,24,6751.364886452477,73016.42281872255,,disjoint_bag_coordinate_me_single_point_probe_v1,ok,,0.8175,1.0
cat vs dog,cat,dog,0,4,2,laplacian,small_mu,75,75,74,149,24,6751.364886452477,73016.42281872255,small_mu,disjoint_bag_coordinate_me_single_point_probe_v1,ok,,0.82,0.1
cat vs dog,cat,dog,0,4,4,laplacian,small_mu,75,75,74,149,24,6751.364886452477,73016.42281872255,small_mu,disjoint_bag_coordinate_me_single_point_probe_v1,ok,,0.8225,0.1
cat vs dog,cat,dog,0,4,6,laplacian,small_mu,75,75,74,149,24,6751.364886452477,73016.42281872255,small_mu,disjoint_bag_coordinate_me_single_point_probe_v1,ok,,0.835,1.0
cat vs dog,cat,dog,0,4,8,laplacian,small_mu,75,75,74,149,24,6751.364886452477,73016.42281872255,small_mu,disjoint_bag_coordinate_me_single_point_probe_v1,ok,,0.84,10.0
cat vs dog,cat,dog,0,4,10,laplacian,small_mu,75,75,74,149,24,6751.364886452477,73016.42281872255,small_mu,disjoint_bag_coordinate_me_single_point_probe_v1,ok,,0.83,0.1
cat vs dog,cat,dog,0,4,16,laplacian,small_mu,75,75,74,149,24,6751.364886452477,73016.42281872255,large_mu,disjoint_bag_coordinate_me_single_point_probe_v1,ok,,0.8325,0.1
cat vs dog,cat,dog,0,4,24,laplacian,small_mu,75,75,74,149,24,6751.364886452477,73016.42281872255,large_mu,disjoint_bag_coordinate_me_single_point_probe_v1,ok,,0.8375,1.0
cat vs dog,cat,dog,0,4,1,polynomial,large_mu,75,75,75,149,24,36326.41229546272,283337.7312705072,,disjoint_bag_coordinate_me_single_point_probe_v1,ok,,0.835,0.1
cat vs dog,cat,dog,0,4,2,polynomial,large_mu,75,75,75,149,24,36326.41229546272,283337.7312705072,small_mu,disjoint_bag_coordinate_me_single_point_probe_v1,ok,,0.8475,0.1
cat vs dog,cat,dog,0,4,4,polynomial,large_mu,75,75,75,149,24,36326.41229546272,283337.7312705072,small_mu,disjoint_bag_coordinate_me_single_point_probe_v1,ok,,0.855,10.0
cat vs dog,cat,dog,0,4,6,polynomial,large_mu,75,75,75,149,24,36326.41229546272,283337.7312705072,small_mu,disjoint_bag_coordinate_me_single_point_probe_v1,ok,,0.8475,1.0
cat vs dog,cat,dog,0,4,8,polynomial,large_mu,75,75,75,149,24,36326.41229546272,283337.7312705072,small_mu,disjoint_bag_coordinate_me_single_point_probe_v1,ok,,0.85,1.0
cat vs dog,cat,dog,0,4,10,polynomial,large_mu,75,75,75,149,24,36326.41229546272,283337.7312705072,large_mu,disjoint_bag_coordinate_me_single_point_probe_v1,ok,,0.8575,0.1
cat vs dog,cat,dog,0,4,16,polynomial,large_mu,75,75,75,149,24,36326.41229546272,283337.7312705072,large_mu,disjoint_bag_coordinate_me_single_point_probe_v1,ok,,0.8625,10.0
cat vs dog,cat,dog,0,4,24,polynomial,large_mu,75,75,75,149,24,36326.41229546272,283337.7312705072,large_mu,disjoint_bag_coordinate_me_single_point_probe_v1,ok,,0.86,0.1
cat vs dog,cat,dog,0,4,1,polynomial,small_mu,75,75,74,149,24,36326.41229546272,283337.7312705072,,disjoint_bag_coordinate_me_single_point_probe_v1,ok,,0.8325,1.0
cat vs dog,cat,dog,0,4,2,polynomial,small_mu,75,75,74,149,24,36326.41229546272,283337.7312705072,small_mu,disjoint_bag_coordinate_me_single_point_probe_v1,ok,,0.8325,0.1
cat vs dog,cat,dog,0,4,4,polynomial,small_mu,75,75,74,149,24,36326.41229546272,283337.7312705072,small_mu,disjoint_bag_coordinate_me_single_point_probe_v1,ok,,0.84,1.0
cat vs dog,cat,dog,0,4,6,polynomial,small_mu,75,75,74,149,24,36326.41229546272,283337.7312705072,small_mu,disjoint_bag_coordinate_me_single_point_probe_v1,ok,,0.8375,0.1
cat vs dog,cat,dog,0,4,8,polynomial,small_mu,75,75,74,149,24,36326.41229546272,283337.7312705072,small_mu,disjoint_bag_coordinate_me_single_point_probe_v1,ok,,0.8425,10.0
cat vs dog,cat,dog,0,4,10,polynomial,small_mu,75,75,74,149,24,36326.41229546272,283337.7312705072,large_mu,disjoint_bag_coordinate_me_single_point_probe_v1,ok,,0.85,1.0
cat vs dog,cat,dog,0,4,16,polynomial,small_mu,75,75,74,149,24,36326.41229546272,283337.7312705072,large_mu,disjoint_bag_coordinate_me_single_point_probe_v1,ok,,0.845,1.0
cat vs dog,cat,dog,0,4,24,polynomial,small_mu,75,75,74,149,24,36326.41229546272,283337.7312705072,large_mu,disjoint_bag_coordinate_me_single_point_probe_v1,ok,,0.8275,0.1
cat vs dog,cat,dog,0,4,1,sigmoid,large_mu,75,75,75,106,24,3429.414413080912,19243.96390464677,,disjoint_bag_coordinate_me_single_point_probe_v1,ok,,0.7125,10.0
cat vs dog,cat,dog,0,4,2,sigmoid,large_mu,75,75,75,106,24,3429.414413080912,19243.96390464677,small_mu,disjoint_bag_coordinate_me_single_point_probe_v1,ok,,0.7125,0.1
cat vs dog,cat,dog,0,4,4,sigmoid,large_mu,75,75,75,106,24,3429.414413080912,19243.96390464677,small_mu,disjoint_bag_coordinate_me_single_point_probe_v1,ok,,0.6875,10.0
cat vs dog,cat,dog,0,4,6,sigmoid,large_mu,75,75,75,106,24,3429.414413080912,19243.96390464677,small_mu,disjoint_bag_coordinate_me_single_point_probe_v1,ok,,0.69,0.1
cat vs dog,cat,dog,0,4,8,sigmoid,large_mu,75,75,75,106,24,3429.414413080912,19243.96390464677,large_mu,disjoint_bag_coordinate_me_single_point_probe_v1,ok,,0.6925,10.0
cat vs dog,cat,dog,0,4,10,sigmoid,large_mu,75,75,75,106,24,3429.414413080912,19243.96390464677,large_mu,disjoint_bag_coordinate_me_single_point_probe_v1,ok,,0.695,1.0
cat vs dog,cat,dog,0,4,16,sigmoid,large_mu,75,75,75,106,24,3429.414413080912,19243.96390464677,large_mu,disjoint_bag_coordinate_me_single_point_probe_v1,ok,,0.7,1.0
cat vs dog,cat,dog,0,4,24,sigmoid,large_mu,75,75,75,106,24,3429.414413080912,19243.96390464677,large_mu,disjoint_bag_coordinate_me_single_point_probe_v1,ok,,0.7275,0.1
cat vs dog,cat,dog,0,4,1,sigmoid,small_mu,75,75,74,106,24,3429.414413080912,19243.96390464677,,disjoint_bag_coordinate_me_single_point_probe_v1,ok,,0.55,0.1
cat vs dog,cat,dog,0,4,2,sigmoid,small_mu,75,75,74,106,24,3429.414413080912,19243.96390464677,small_mu,disjoint_bag_coordinate_me_single_point_probe_v1,ok,,0.5825,0.1
cat vs dog,cat,dog,0,4,4,sigmoid,small_mu,75,75,74,106,24,3429.414413080912,19243.96390464677,small_mu,disjoint_bag_coordinate_me_single_point_probe_v1,ok,,0.575,0.1
cat vs dog,cat,dog,0,4,6,sigmoid,small_mu,75,75,74,106,24,3429.414413080912,19243.96390464677,small_mu,disjoint_bag_coordinate_me_single_point_probe_v1,ok,,0.5725,10.0
cat vs dog,cat,dog,0,4,8,sigmoid,small_mu,75,75,74,106,24,3429.414413080912,19243.96390464677,large_mu,disjoint_bag_coordinate_me_single_point_probe_v1,ok,,0.5975,0.1
cat vs dog,cat,dog,0,4,10,sigmoid,small_mu,75,75,74,106,24,3429.414413080912,19243.96390464677,large_mu,disjoint_bag_coordinate_me_single_point_probe_v1,ok,,0.625,0.1
cat vs dog,cat,dog,0,4,16,sigmoid,small_mu,75,75,74,106,24,3429.414413080912,19243.96390464677,large_mu,disjoint_bag_coordinate_me_single_point_probe_v1,ok,,0.6275,1.0
cat vs dog,cat,dog,0,4,24,sigmoid,small_mu,75,75,74,106,24,3429.414413080912,19243.96390464677,large_mu,disjoint_bag_coordinate_me_single_point_probe_v1,ok,,0.695,0.1
cat vs dog,cat,dog,0,8,1,linear,large_mu,37,37,37,73,24,10803475.926410208,21559773.608287647,,disjoint_bag_coordinate_me_single_point_probe_v1,ok,,0.815,0.1
cat vs dog,cat,dog,0,8,2,linear,large_mu,37,37,37,73,24,10803475.926410208,21559773.608287647,small_mu,disjoint_bag_coordinate_me_single_point_probe_v1,ok,,0.8275,0.1
cat vs dog,cat,dog,0,8,4,linear,large_mu,37,37,37,73,24,10803475.926410208,21559773.608287647,large_mu,disjoint_bag_coordinate_me_single_point_probe_v1,ok,,0.845,0.1
cat vs dog,cat,dog,0,8,6,linear,large_mu,37,37,37,73,24,10803475.926410208,21559773.608287647,large_mu,disjoint_bag_coordinate_me_single_point_probe_v1,ok,,0.8425,1.0
cat vs dog,cat,dog,0,8,8,linear,large_mu,37,37,37,73,24,10803475.926410208,21559773.608287647,large_mu,disjoint_bag_coordinate_me_single_point_probe_v1,ok,,0.855,0.1
cat vs dog,cat,dog,0,8,10,linear,large_mu,37,37,37,73,24,10803475.926410208,21559773.608287647,large_mu,disjoint_bag_coordinate_me_single_point_probe_v1,ok,,0.855,10.0
cat vs dog,cat,dog,0,8,16,linear,large_mu,37,37,37,73,24,10803475.926410208,21559773.608287647,large_mu,disjoint_bag_coordinate_me_single_point_probe_v1,ok,,0.8475,10.0
cat vs dog,cat,dog,0,8,24,linear,large_mu,37,37,37,73,24,10803475.926410208,21559773.608287647,large_mu,disjoint_bag_coordinate_me_single_point_probe_v1,ok,,0.845,0.1
cat vs dog,cat,dog,0,8,1,linear,small_mu,37,37,36,73,24,10803475.926410208,21559773.608287647,,disjoint_bag_coordinate_me_single_point_probe_v1,ok,,0.7925,1.0
cat vs dog,cat,dog,0,8,2,linear,small_mu,37,37,36,73,24,10803475.926410208,21559773.608287647,small_mu,disjoint_bag_coordinate_me_single_point_probe_v1,ok,,0.8,0.1
cat vs dog,cat,dog,0,8,4,linear,small_mu,37,37,36,73,24,10803475.926410208,21559773.608287647,large_mu,disjoint_bag_coordinate_me_single_point_probe_v1,ok,,0.82,10.0
cat vs dog,cat,dog,0,8,6,linear,small_mu,37,37,36,73,24,10803475.926410208,21559773.608287647,large_mu,disjoint_bag_coordinate_me_single_point_probe_v1,ok,,0.8225,0.1
cat vs dog,cat,dog,0,8,8,linear,small_mu,37,37,36,73,24,10803475.926410208,21559773.608287647,large_mu,disjoint_bag_coordinate_me_single_point_probe_v1,ok,,0.82,1.0
cat vs dog,cat,dog,0,8,10,linear,small_mu,37,37,36,73,24,10803475.926410208,21559773.608287647,large_mu,disjoint_bag_coordinate_me_single_point_probe_v1,ok,,0.815,10.0
cat vs dog,cat,dog,0,8,16,linear,small_mu,37,37,36,73,24,10803475.926410208,21559773.608287647,large_mu,disjoint_bag_coordinate_me_single_point_probe_v1,ok,,0.8275,1.0
cat vs dog,cat,dog,0,8,24,linear,small_mu,37,37,36,73,24,10803475.926410208,21559773.608287647,large_mu,disjoint_bag_coordinate_me_single_point_probe_v1,ok,,0.815,10.0
cat vs dog,cat,dog,0,8,1,rbf,large_mu,37,37,37,73,24,11820.390845156437,48459.429338146176,,disjoint_bag_coordinate_me_single_point_probe_v1,ok,,0.785,0.1
cat vs dog,cat,dog,0,8,2,rbf,large_mu,37,37,37,73,24,11820.390845156437,48459.429338146176,small_mu,disjoint_bag_coordinate_me_single_point_probe_v1,ok,,0.815,0.1
cat vs dog,cat,dog,0,8,4,rbf,large_mu,37,37,37,73,24,11820.390845156437,48459.429338146176,small_mu,disjoint_bag_coordinate_me_single_point_probe_v1,ok,,0.83,0.1
cat vs dog,cat,dog,0,8,6,rbf,large_mu,37,37,37,73,24,11820.390845156437,48459.429338146176,large_mu,disjoint_bag_coordinate_me_single_point_probe_v1,ok,,0.8375,0.1
cat vs dog,cat,dog,0,8,8,rbf,large_mu,37,37,37,73,24,11820.390845156437,48459.429338146176,large_mu,disjoint_bag_coordinate_me_single_point_probe_v1,ok,,0.8375,0.1
cat vs dog,cat,dog,0,8,10,rbf,large_mu,37,37,37,73,24,11820.390845156437,48459.429338146176,large_mu,disjoint_bag_coordinate_me_single_point_probe_v1,ok,,0.84,0.1
cat vs dog,cat,dog,0,8,16,rbf,large_mu,37,37,37,73,24,11820.390845156437,48459.429338146176,large_mu,disjoint_bag_coordinate_me_single_point_probe_v1,ok,,0.85,1.0
cat vs dog,cat,dog,0,8,24,rbf,large_mu,37,37,37,73,24,11820.390845156437,48459.429338146176,large_mu,disjoint_bag_coordinate_me_single_point_probe_v1,ok,,0.8525,10.0
cat vs dog,cat,dog,0,8,1,rbf,small_mu,37,37,36,73,24,11820.390845156437,48459.429338146176,,disjoint_bag_coordinate_me_single_point_probe_v1,ok,,0.8325,0.1
cat vs dog,cat,dog,0,8,2,rbf,small_mu,37,37,36,73,24,11820.390845156437,48459.429338146176,small_mu,disjoint_bag_coordinate_me_single_point_probe_v1,ok,,0.8425,10.0
cat vs dog,cat,dog,0,8,4,rbf,small_mu,37,37,36,73,24,11820.390845156437,48459.429338146176,small_mu,disjoint_bag_coordinate_me_single_point_probe_v1,ok,,0.8425,10.0
cat vs dog,cat,dog,0,8,6,rbf,small_mu,37,37,36,73,24,11820.390845156437,48459.429338146176,large_mu,disjoint_bag_coordinate_me_single_point_probe_v1,ok,,0.84,1.0
cat vs dog,cat,dog,0,8,8,rbf,small_mu,37,37,36,73,24,11820.390845156437,48459.429338146176,large_mu,disjoint_bag_coordinate_me_single_point_probe_v1,ok,,0.8375,1.0
cat vs dog,cat,dog,0,8,10,rbf,small_mu,37,37,36,73,24,11820.390845156437,48459.429338146176,large_mu,disjoint_bag_coordinate_me_single_point_probe_v1,ok,,0.8475,1.0
cat vs dog,cat,dog,0,8,16,rbf,small_mu,37,37,36,73,24,11820.390845156437,48459.429338146176,large_mu,disjoint_bag_coordinate_me_single_point_probe_v1,ok,,0.8475,1.0
cat vs dog,cat,dog,0,8,24,rbf,small_mu,37,37,36,73,24,11820.390845156437,48459.429338146176,large_mu,disjoint_bag_coordinate_me_single_point_probe_v1,ok,,0.8325,0.1
cat vs dog,cat,dog,0,8,1,laplacian,large_mu,37,37,37,73,24,8780.994556287877,37023.343576597974,,disjoint_bag_coordinate_me_single_point_probe_v1,ok,,0.81,1.0
cat vs dog,cat,dog,0,8,2,laplacian,large_mu,37,37,37,73,24,8780.994556287877,37023.343576597974,small_mu,disjoint_bag_coordinate_me_single_point_probe_v1,ok,,0.81,0.1
cat vs dog,cat,dog,0,8,4,laplacian,large_mu,37,37,37,73,24,8780.994556287877,37023.343576597974,small_mu,disjoint_bag_coordinate_me_single_point_probe_v1,ok,,0.82,1.0
cat vs dog,cat,dog,0,8,6,laplacian,large_mu,37,37,37,73,24,8780.994556287877,37023.343576597974,large_mu,disjoint_bag_coordinate_me_single_point_probe_v1,ok,,0.8275,1.0
cat vs dog,cat,dog,0,8,8,laplacian,large_mu,37,37,37,73,24,8780.994556287877,37023.343576597974,large_mu,disjoint_bag_coordinate_me_single_point_probe_v1,ok,,0.83,1.0
cat vs dog,cat,dog,0,8,10,laplacian,large_mu,37,37,37,73,24,8780.994556287877,37023.343576597974,large_mu,disjoint_bag_coordinate_me_single_point_probe_v1,ok,,0.8275,0.1
cat vs dog,cat,dog,0,8,16,laplacian,large_mu,37,37,37,73,24,8780.994556287877,37023.343576597974,large_mu,disjoint_bag_coordinate_me_single_point_probe_v1,ok,,0.8275,10.0
cat vs dog,cat,dog,0,8,24,laplacian,large_mu,37,37,37,73,24,8780.994556287877,37023.343576597974,large_mu,disjoint_bag_coordinate_me_single_point_probe_v1,ok,,0.83,0.1
cat vs dog,cat,dog,0,8,1,laplacian,small_mu,37,37,36,73,24,8780.994556287877,37023.343576597974,,disjoint_bag_coordinate_me_single_point_probe_v1,ok,,0.8225,1.0
cat vs dog,cat,dog,0,8,2,laplacian,small_mu,37,37,36,73,24,8780.994556287877,37023.343576597974,small_mu,disjoint_bag_coordinate_me_single_point_probe_v1,ok,,0.825,1.0
cat vs dog,cat,dog,0,8,4,laplacian,small_mu,37,37,36,73,24,8780.994556287877,37023.343576597974,small_mu,disjoint_bag_coordinate_me_single_point_probe_v1,ok,,0.83,10.0
cat vs dog,cat,dog,0,8,6,laplacian,small_mu,37,37,36,73,24,8780.994556287877,37023.343576597974,large_mu,disjoint_bag_coordinate_me_single_point_probe_v1,ok,,0.825,1.0
cat vs dog,cat,dog,0,8,8,laplacian,small_mu,37,37,36,73,24,8780.994556287877,37023.343576597974,large_mu,disjoint_bag_coordinate_me_single_point_probe_v1,ok,,0.83,1.0
cat vs dog,cat,dog,0,8,10,laplacian,small_mu,37,37,36,73,24,8780.994556287877,37023.343576597974,large_mu,disjoint_bag_coordinate_me_single_point_probe_v1,ok,,0.8275,1.0
cat vs dog,cat,dog,0,8,16,laplacian,small_mu,37,37,36,73,24,8780.994556287877,37023.343576597974,large_mu,disjoint_bag_coordinate_me_single_point_probe_v1,ok,,0.82,0.1
cat vs dog,cat,dog,0,8,24,laplacian,small_mu,37,37,36,73,24,8780.994556287877,37023.343576597974,large_mu,disjoint_bag_coordinate_me_single_point_probe_v1,ok,,0.8325,1.0
cat vs dog,cat,dog,0,8,1,polynomial,large_mu,37,37,37,73,24,57857.33669537658,154590.1673221438,,disjoint_bag_coordinate_me_single_point_probe_v1,ok,,0.83,1.0
cat vs dog,cat,dog,0,8,2,polynomial,large_mu,37,37,37,73,24,57857.33669537658,154590.1673221438,small_mu,disjoint_bag_coordinate_me_single_point_probe_v1,ok,,0.8225,0.1
cat vs dog,cat,dog,0,8,4,polynomial,large_mu,37,37,37,73,24,57857.33669537658,154590.1673221438,large_mu,disjoint_bag_coordinate_me_single_point_probe_v1,ok,,0.815,0.1
cat vs dog,cat,dog,0,8,6,polynomial,large_mu,37,37,37,73,24,57857.33669537658,154590.1673221438,large_mu,disjoint_bag_coordinate_me_single_point_probe_v1,ok,,0.8175,0.1
cat vs dog,cat,dog,0,8,8,polynomial,large_mu,37,37,37,73,24,57857.33669537658,154590.1673221438,large_mu,disjoint_bag_coordinate_me_single_point_probe_v1,ok,,0.825,1.0
cat vs dog,cat,dog,0,8,10,polynomial,large_mu,37,37,37,73,24,57857.33669537658,154590.1673221438,large_mu,disjoint_bag_coordinate_me_single_point_probe_v1,ok,,0.8325,1.0
cat vs dog,cat,dog,0,8,16,polynomial,large_mu,37,37,37,73,24,57857.33669537658,154590.1673221438,large_mu,disjoint_bag_coordinate_me_single_point_probe_v1,ok,,0.8325,1.0
cat vs dog,cat,dog,0,8,24,polynomial,large_mu,37,37,37,73,24,57857.33669537658,154590.1673221438,large_mu,disjoint_bag_coordinate_me_single_point_probe_v1,ok,,0.825,0.1
cat vs dog,cat,dog,0,8,1,polynomial,small_mu,37,37,36,73,24,57857.33669537658,154590.1673221438,,disjoint_bag_coordinate_me_single_point_probe_v1,ok,,0.82,0.1
cat vs dog,cat,dog,0,8,2,polynomial,small_mu,37,37,36,73,24,57857.33669537658,154590.1673221438,small_mu,disjoint_bag_coordinate_me_single_point_probe_v1,ok,,0.825,0.1
cat vs dog,cat,dog,0,8,4,polynomial,small_mu,37,37,36,73,24,57857.33669537658,154590.1673221438,large_mu,disjoint_bag_coordinate_me_single_point_probe_v1,ok,,0.8425,10.0
cat vs dog,cat,dog,0,8,6,polynomial,small_mu,37,37,36,73,24,57857.33669537658,154590.1673221438,large_mu,disjoint_bag_coordinate_me_single_point_probe_v1,ok,,0.8275,0.1
cat vs dog,cat,dog,0,8,8,polynomial,small_mu,37,37,36,73,24,57857.33669537658,154590.1673221438,large_mu,disjoint_bag_coordinate_me_single_point_probe_v1,ok,,0.83,0.1
cat vs dog,cat,dog,0,8,10,polynomial,small_mu,37,37,36,73,24,57857.33669537658,154590.1673221438,large_mu,disjoint_bag_coordinate_me_single_point_probe_v1,ok,,0.835,0.1
cat vs dog,cat,dog,0,8,16,polynomial,small_mu,37,37,36,73,24,57857.33669537658,154590.1673221438,large_mu,disjoint_bag_coordinate_me_single_point_probe_v1,ok,,0.845,10.0
cat vs dog,cat,dog,0,8,24,polynomial,small_mu,37,37,36,73,24,57857.33669537658,154590.1673221438,large_mu,disjoint_bag_coordinate_me_single_point_probe_v1,ok,,0.825,0.1
cat vs dog,cat,dog,0,8,1,sigmoid,large_mu,37,37,37,65,24,13159.82921675821,20256.546661417073,,disjoint_bag_coordinate_me_single_point_probe_v1,ok,,0.7775,0.1
cat vs dog,cat,dog,0,8,2,sigmoid,large_mu,37,37,37,65,24,13159.82921675821,20256.546661417073,small_mu,disjoint_bag_coordinate_me_single_point_probe_v1,ok,,0.775,1.0
cat vs dog,cat,dog,0,8,4,sigmoid,large_mu,37,37,37,65,24,13159.82921675821,20256.546661417073,large_mu,disjoint_bag_coordinate_me_single_point_probe_v1,ok,,0.775,1.0
cat vs dog,cat,dog,0,8,6,sigmoid,large_mu,37,37,37,65,24,13159.82921675821,20256.546661417073,large_mu,disjoint_bag_coordinate_me_single_point_probe_v1,ok,,0.7825,0.1
cat vs dog,cat,dog,0,8,8,sigmoid,large_mu,37,37,37,65,24,13159.82921675821,20256.546661417073,large_mu,disjoint_bag_coordinate_me_single_point_probe_v1,ok,,0.785,0.1
cat vs dog,cat,dog,0,8,10,sigmoid,large_mu,37,37,37,65,24,13159.82921675821,20256.546661417073,large_mu,disjoint_bag_coordinate_me_single_point_probe_v1,ok,,0.7725,1.0
cat vs dog,cat,dog,0,8,16,sigmoid,large_mu,37,37,37,65,24,13159.82921675821,20256.546661417073,large_mu,disjoint_bag_coordinate_me_single_point_probe_v1,ok,,0.7725,1.0
cat vs dog,cat,dog,0,8,24,sigmoid,large_mu,37,37,37,65,24,13159.82921675821,20256.546661417073,large_mu,disjoint_bag_coordinate_me_single_point_probe_v1,ok,,0.7675,0.1
cat vs dog,cat,dog,0,8,1,sigmoid,small_mu,37,37,36,65,24,13159.82921675821,20256.546661417073,,disjoint_bag_coordinate_me_single_point_probe_v1,ok,,0.6175,0.1
cat vs dog,cat,dog,0,8,2,sigmoid,small_mu,37,37,36,65,24,13159.82921675821,20256.546661417073,small_mu,disjoint_bag_coordinate_me_single_point_probe_v1,ok,,0.685,0.1
cat vs dog,cat,dog,0,8,4,sigmoid,small_mu,37,37,36,65,24,13159.82921675821,20256.546661417073,large_mu,disjoint_bag_coordinate_me_single_point_probe_v1,ok,,0.6775,0.1
cat vs dog,cat,dog,0,8,6,sigmoid,small_mu,37,37,36,65,24,13159.82921675821,20256.546661417073,large_mu,disjoint_bag_coordinate_me_single_point_probe_v1,ok,,0.73,1.0
cat vs dog,cat,dog,0,8,8,sigmoid,small_mu,37,37,36,65,24,13159.82921675821,20256.546661417073,large_mu,disjoint_bag_coordinate_me_single_point_probe_v1,ok,,0.73,0.1
cat vs dog,cat,dog,0,8,10,sigmoid,small_mu,37,37,36,65,24,13159.82921675821,20256.546661417073,large_mu,disjoint_bag_coordinate_me_single_point_probe_v1,ok,,0.7375,1.0
cat vs dog,cat,dog,0,8,16,sigmoid,small_mu,37,37,36,65,24,13159.82921675821,20256.546661417073,large_mu,disjoint_bag_coordinate_me_single_point_probe_v1,ok,,0.715,0.1
cat vs dog,cat,dog,0,8,24,sigmoid,small_mu,37,37,36,65,24,13159.82921675821,20256.546661417073,large_mu,disjoint_bag_coordinate_me_single_point_probe_v1,ok,,0.775,10.0
cat vs dog,cat,dog,0,16,1,linear,large_mu,18,18,18,35,19,14193024.833762769,12348070.63045548,,disjoint_bag_coordinate_me_single_point_probe_v1,ok,,0.81,0.1
cat vs dog,cat,dog,0,16,2,linear,large_mu,18,18,18,35,19,14193024.833762769,12348070.63045548,large_mu,disjoint_bag_coordinate_me_single_point_probe_v1,ok,,0.815,0.1
cat vs dog,cat,dog,0,16,4,linear,large_mu,18,18,18,35,19,14193024.833762769,12348070.63045548,large_mu,disjoint_bag_coordinate_me_single_point_probe_v1,ok,,0.8225,0.1
cat vs dog,cat,dog,0,16,6,linear,large_mu,18,18,18,35,19,14193024.833762769,12348070.63045548,large_mu,disjoint_bag_coordinate_me_single_point_probe_v1,ok,,0.82,0.1
cat vs dog,cat,dog,0,16,8,linear,large_mu,18,18,18,35,19,14193024.833762769,12348070.63045548,large_mu,disjoint_bag_coordinate_me_single_point_probe_v1,ok,,0.8175,1.0
cat vs dog,cat,dog,0,16,10,linear,large_mu,18,18,18,35,19,14193024.833762769,12348070.63045548,large_mu,disjoint_bag_coordinate_me_single_point_probe_v1,ok,,0.8075,0.1
cat vs dog,cat,dog,0,16,16,linear,large_mu,18,18,18,35,19,14193024.833762769,12348070.63045548,large_mu,disjoint_bag_coordinate_me_single_point_probe_v1,ok,,0.84,10.0
cat vs dog,cat,dog,0,16,24,linear,large_mu,18,18,18,35,19,14193024.833762769,12348070.63045548,large_mu,disjoint_bag_coordinate_me_single_point_probe_v1,rank_limited,"requested r=24, stable limit=18, available directions=19",,
cat vs dog,cat,dog,0,16,1,linear,small_mu,18,18,17,35,18,14193024.833762769,12348070.63045548,,disjoint_bag_coordinate_me_single_point_probe_v1,ok,,0.7875,10.0
cat vs dog,cat,dog,0,16,2,linear,small_mu,18,18,17,35,18,14193024.833762769,12348070.63045548,large_mu,disjoint_bag_coordinate_me_single_point_probe_v1,ok,,0.7875,10.0
cat vs dog,cat,dog,0,16,4,linear,small_mu,18,18,17,35,18,14193024.833762769,12348070.63045548,large_mu,disjoint_bag_coordinate_me_single_point_probe_v1,ok,,0.79,1.0
cat vs dog,cat,dog,0,16,6,linear,small_mu,18,18,17,35,18,14193024.833762769,12348070.63045548,large_mu,disjoint_bag_coordinate_me_single_point_probe_v1,ok,,0.79,10.0
cat vs dog,cat,dog,0,16,8,linear,small_mu,18,18,17,35,18,14193024.833762769,12348070.63045548,large_mu,disjoint_bag_coordinate_me_single_point_probe_v1,ok,,0.795,0.1
cat vs dog,cat,dog,0,16,10,linear,small_mu,18,18,17,35,18,14193024.833762769,12348070.63045548,large_mu,disjoint_bag_coordinate_me_single_point_probe_v1,ok,,0.7925,0.1
cat vs dog,cat,dog,0,16,16,linear,small_mu,18,18,17,35,18,14193024.833762769,12348070.63045548,large_mu,disjoint_bag_coordinate_me_single_point_probe_v1,ok,,0.825,0.1
cat vs dog,cat,dog,0,16,24,linear,small_mu,18,18,17,35,18,14193024.833762769,12348070.63045548,large_mu,disjoint_bag_coordinate_me_single_point_probe_v1,rank_limited,"requested r=24, stable limit=17, available directions=18",,
cat vs dog,cat,dog,0,16,1,rbf,large_mu,18,18,18,35,24,12817.256072602491,24171.64666785402,,disjoint_bag_coordinate_me_single_point_probe_v1,ok,,0.785,10.0
cat vs dog,cat,dog,0,16,2,rbf,large_mu,18,18,18,35,24,12817.256072602491,24171.64666785402,small_mu,disjoint_bag_coordinate_me_single_point_probe_v1,ok,,0.8,1.0
cat vs dog,cat,dog,0,16,4,rbf,large_mu,18,18,18,35,24,12817.256072602491,24171.64666785402,large_mu,disjoint_bag_coordinate_me_single_point_probe_v1,ok,,0.8,0.1
cat vs dog,cat,dog,0,16,6,rbf,large_mu,18,18,18,35,24,12817.256072602491,24171.64666785402,large_mu,disjoint_bag_coordinate_me_single_point_probe_v1,ok,,0.8025,10.0
cat vs dog,cat,dog,0,16,8,rbf,large_mu,18,18,18,35,24,12817.256072602491,24171.64666785402,large_mu,disjoint_bag_coordinate_me_single_point_probe_v1,ok,,0.7925,10.0
cat vs dog,cat,dog,0,16,10,rbf,large_mu,18,18,18,35,24,12817.256072602491,24171.64666785402,large_mu,disjoint_bag_coordinate_me_single_point_probe_v1,ok,,0.805,1.0
cat vs dog,cat,dog,0,16,16,rbf,large_mu,18,18,18,35,24,12817.256072602491,24171.64666785402,large_mu,disjoint_bag_coordinate_me_single_point_probe_v1,ok,,0.805,0.1
cat vs dog,cat,dog,0,16,24,rbf,large_mu,18,18,18,35,24,12817.256072602491,24171.64666785402,large_mu,disjoint_bag_coordinate_me_single_point_probe_v1,rank_limited,"requested r=24, stable limit=18, available directions=24",,
cat vs dog,cat,dog,0,16,1,rbf,small_mu,18,18,17,35,24,12817.256072602491,24171.64666785402,,disjoint_bag_coordinate_me_single_point_probe_v1,ok,,0.785,0.1
cat vs dog,cat,dog,0,16,2,rbf,small_mu,18,18,17,35,24,12817.256072602491,24171.64666785402,small_mu,disjoint_bag_coordinate_me_single_point_probe_v1,ok,,0.8025,0.1
cat vs dog,cat,dog,0,16,4,rbf,small_mu,18,18,17,35,24,12817.256072602491,24171.64666785402,large_mu,disjoint_bag_coordinate_me_single_point_probe_v1,ok,,0.8,1.0
cat vs dog,cat,dog,0,16,6,rbf,small_mu,18,18,17,35,24,12817.256072602491,24171.64666785402,large_mu,disjoint_bag_coordinate_me_single_point_probe_v1,ok,,0.805,1.0
cat vs dog,cat,dog,0,16,8,rbf,small_mu,18,18,17,35,24,12817.256072602491,24171.64666785402,large_mu,disjoint_bag_coordinate_me_single_point_probe_v1,ok,,0.8025,1.0
cat vs dog,cat,dog,0,16,10,rbf,small_mu,18,18,17,35,24,12817.256072602491,24171.64666785402,large_mu,disjoint_bag_coordinate_me_single_point_probe_v1,ok,,0.8075,1.0
cat vs dog,cat,dog,0,16,16,rbf,small_mu,18,18,17,35,24,12817.256072602491,24171.64666785402,large_mu,disjoint_bag_coordinate_me_single_point_probe_v1,ok,,0.8125,1.0
cat vs dog,cat,dog,0,16,24,rbf,small_mu,18,18,17,35,24,12817.256072602491,24171.64666785402,large_mu,disjoint_bag_coordinate_me_single_point_probe_v1,rank_limited,"requested r=24, stable limit=17, available directions=24",,
cat vs dog,cat,dog,0,16,1,laplacian,large_mu,18,18,18,35,24,9647.273807451576,18418.247655120147,,disjoint_bag_coordinate_me_single_point_probe_v1,ok,,0.8,1.0
cat vs dog,cat,dog,0,16,2,laplacian,large_mu,18,18,18,35,24,9647.273807451576,18418.247655120147,small_mu,disjoint_bag_coordinate_me_single_point_probe_v1,ok,,0.81,0.1
cat vs dog,cat,dog,0,16,4,laplacian,large_mu,18,18,18,35,24,9647.273807451576,18418.247655120147,large_mu,disjoint_bag_coordinate_me_single_point_probe_v1,ok,,0.81,0.1
cat vs dog,cat,dog,0,16,6,laplacian,large_mu,18,18,18,35,24,9647.273807451576,18418.247655120147,large_mu,disjoint_bag_coordinate_me_single_point_probe_v1,ok,,0.81,1.0
cat vs dog,cat,dog,0,16,8,laplacian,large_mu,18,18,18,35,24,9647.273807451576,18418.247655120147,large_mu,disjoint_bag_coordinate_me_single_point_probe_v1,ok,,0.8175,0.1
cat vs dog,cat,dog,0,16,10,laplacian,large_mu,18,18,18,35,24,9647.273807451576,18418.247655120147,large_mu,disjoint_bag_coordinate_me_single_point_probe_v1,ok,,0.8225,0.1
cat vs dog,cat,dog,0,16,16,laplacian,large_mu,18,18,18,35,24,9647.273807451576,18418.247655120147,large_mu,disjoint_bag_coordinate_me_single_point_probe_v1,ok,,0.8225,0.1
cat vs dog,cat,dog,0,16,24,laplacian,large_mu,18,18,18,35,24,9647.273807451576,18418.247655120147,large_mu,disjoint_bag_coordinate_me_single_point_probe_v1,rank_limited,"requested r=24, stable limit=18, available directions=24",,
cat vs dog,cat,dog,0,16,1,laplacian,small_mu,18,18,17,35,24,9647.273807451576,18418.247655120147,,disjoint_bag_coordinate_me_single_point_probe_v1,ok,,0.805,1.0
cat vs dog,cat,dog,0,16,2,laplacian,small_mu,18,18,17,35,24,9647.273807451576,18418.247655120147,small_mu,disjoint_bag_coordinate_me_single_point_probe_v1,ok,,0.805,1.0
cat vs dog,cat,dog,0,16,4,laplacian,small_mu,18,18,17,35,24,9647.273807451576,18418.247655120147,large_mu,disjoint_bag_coordinate_me_single_point_probe_v1,ok,,0.81,10.0
cat vs dog,cat,dog,0,16,6,laplacian,small_mu,18,18,17,35,24,9647.273807451576,18418.247655120147,large_mu,disjoint_bag_coordinate_me_single_point_probe_v1,ok,,0.8125,10.0
cat vs dog,cat,dog,0,16,8,laplacian,small_mu,18,18,17,35,24,9647.273807451576,18418.247655120147,large_mu,disjoint_bag_coordinate_me_single_point_probe_v1,ok,,0.8175,0.1
cat vs dog,cat,dog,0,16,10,laplacian,small_mu,18,18,17,35,24,9647.273807451576,18418.247655120147,large_mu,disjoint_bag_coordinate_me_single_point_probe_v1,ok,,0.8225,1.0
cat vs dog,cat,dog,0,16,16,laplacian,small_mu,18,18,17,35,24,9647.273807451576,18418.247655120147,large_mu,disjoint_bag_coordinate_me_single_point_probe_v1,ok,,0.8225,1.0
cat vs dog,cat,dog,0,16,24,laplacian,small_mu,18,18,17,35,24,9647.273807451576,18418.247655120147,large_mu,disjoint_bag_coordinate_me_single_point_probe_v1,rank_limited,"requested r=24, stable limit=17, available directions=24",,
cat vs dog,cat,dog,0,16,1,polynomial,large_mu,18,18,18,35,24,69902.89826337236,81015.58695205604,,disjoint_bag_coordinate_me_single_point_probe_v1,ok,,0.825,0.1
cat vs dog,cat,dog,0,16,2,polynomial,large_mu,18,18,18,35,24,69902.89826337236,81015.58695205604,small_mu,disjoint_bag_coordinate_me_single_point_probe_v1,ok,,0.8275,0.1
cat vs dog,cat,dog,0,16,4,polynomial,large_mu,18,18,18,35,24,69902.89826337236,81015.58695205604,large_mu,disjoint_bag_coordinate_me_single_point_probe_v1,ok,,0.8275,0.1
cat vs dog,cat,dog,0,16,6,polynomial,large_mu,18,18,18,35,24,69902.89826337236,81015.58695205604,large_mu,disjoint_bag_coordinate_me_single_point_probe_v1,ok,,0.83,10.0
cat vs dog,cat,dog,0,16,8,polynomial,large_mu,18,18,18,35,24,69902.89826337236,81015.58695205604,large_mu,disjoint_bag_coordinate_me_single_point_probe_v1,ok,,0.84,1.0
cat vs dog,cat,dog,0,16,10,polynomial,large_mu,18,18,18,35,24,69902.89826337236,81015.58695205604,large_mu,disjoint_bag_coordinate_me_single_point_probe_v1,ok,,0.8475,1.0
cat vs dog,cat,dog,0,16,16,polynomial,large_mu,18,18,18,35,24,69902.89826337236,81015.58695205604,large_mu,disjoint_bag_coordinate_me_single_point_probe_v1,ok,,0.84,1.0
cat vs dog,cat,dog,0,16,24,polynomial,large_mu,18,18,18,35,24,69902.89826337236,81015.58695205604,large_mu,disjoint_bag_coordinate_me_single_point_probe_v1,rank_limited,"requested r=24, stable limit=18, available directions=24",,
cat vs dog,cat,dog,0,16,1,polynomial,small_mu,18,18,17,35,24,69902.89826337236,81015.58695205604,,disjoint_bag_coordinate_me_single_point_probe_v1,ok,,0.805,1.0
cat vs dog,cat,dog,0,16,2,polynomial,small_mu,18,18,17,35,24,69902.89826337236,81015.58695205604,small_mu,disjoint_bag_coordinate_me_single_point_probe_v1,ok,,0.8075,0.1
cat vs dog,cat,dog,0,16,4,polynomial,small_mu,18,18,17,35,24,69902.89826337236,81015.58695205604,large_mu,disjoint_bag_coordinate_me_single_point_probe_v1,ok,,0.8325,0.1
cat vs dog,cat,dog,0,16,6,polynomial,small_mu,18,18,17,35,24,69902.89826337236,81015.58695205604,large_mu,disjoint_bag_coordinate_me_single_point_probe_v1,ok,,0.8275,10.0
cat vs dog,cat,dog,0,16,8,polynomial,small_mu,18,18,17,35,24,69902.89826337236,81015.58695205604,large_mu,disjoint_bag_coordinate_me_single_point_probe_v1,ok,,0.8475,1.0
cat vs dog,cat,dog,0,16,10,polynomial,small_mu,18,18,17,35,24,69902.89826337236,81015.58695205604,large_mu,disjoint_bag_coordinate_me_single_point_probe_v1,ok,,0.855,1.0
cat vs dog,cat,dog,0,16,16,polynomial,small_mu,18,18,17,35,24,69902.89826337236,81015.58695205604,large_mu,disjoint_bag_coordinate_me_single_point_probe_v1,ok,,0.84,1.0
cat vs dog,cat,dog,0,16,24,polynomial,small_mu,18,18,17,35,24,69902.89826337236,81015.58695205604,large_mu,disjoint_bag_coordinate_me_single_point_probe_v1,rank_limited,"requested r=24, stable limit=17, available directions=24",,
cat vs dog,cat,dog,0,16,1,sigmoid,large_mu,18,18,18,35,24,22075.378137622047,14858.160568003412,,disjoint_bag_coordinate_me_single_point_probe_v1,ok,,0.7925,0.1
cat vs dog,cat,dog,0,16,2,sigmoid,large_mu,18,18,18,35,24,22075.378137622047,14858.160568003412,large_mu,disjoint_bag_coordinate_me_single_point_probe_v1,ok,,0.79,0.1
cat vs dog,cat,dog,0,16,4,sigmoid,large_mu,18,18,18,35,24,22075.378137622047,14858.160568003412,large_mu,disjoint_bag_coordinate_me_single_point_probe_v1,ok,,0.7925,0.1
cat vs dog,cat,dog,0,16,6,sigmoid,large_mu,18,18,18,35,24,22075.378137622047,14858.160568003412,large_mu,disjoint_bag_coordinate_me_single_point_probe_v1,ok,,0.7975,0.1
cat vs dog,cat,dog,0,16,8,sigmoid,large_mu,18,18,18,35,24,22075.378137622047,14858.160568003412,large_mu,disjoint_bag_coordinate_me_single_point_probe_v1,ok,,0.8125,1.0
cat vs dog,cat,dog,0,16,10,sigmoid,large_mu,18,18,18,35,24,22075.378137622047,14858.160568003412,large_mu,disjoint_bag_coordinate_me_single_point_probe_v1,ok,,0.815,1.0
cat vs dog,cat,dog,0,16,16,sigmoid,large_mu,18,18,18,35,24,22075.378137622047,14858.160568003412,large_mu,disjoint_bag_coordinate_me_single_point_probe_v1,ok,,0.8225,0.1
cat vs dog,cat,dog,0,16,24,sigmoid,large_mu,18,18,18,35,24,22075.378137622047,14858.160568003412,large_mu,disjoint_bag_coordinate_me_single_point_probe_v1,rank_limited,"requested r=24, stable limit=18, available directions=24",,
cat vs dog,cat,dog,0,16,1,sigmoid,small_mu,18,18,17,35,24,22075.378137622047,14858.160568003412,,disjoint_bag_coordinate_me_single_point_probe_v1,ok,,0.765,1.0
cat vs dog,cat,dog,0,16,2,sigmoid,small_mu,18,18,17,35,24,22075.378137622047,14858.160568003412,large_mu,disjoint_bag_coordinate_me_single_point_probe_v1,ok,,0.77,0.1
cat vs dog,cat,dog,0,16,4,sigmoid,small_mu,18,18,17,35,24,22075.378137622047,14858.160568003412,large_mu,disjoint_bag_coordinate_me_single_point_probe_v1,ok,,0.78,0.1
cat vs dog,cat,dog,0,16,6,sigmoid,small_mu,18,18,17,35,24,22075.378137622047,14858.160568003412,large_mu,disjoint_bag_coordinate_me_single_point_probe_v1,ok,,0.7975,10.0
cat vs dog,cat,dog,0,16,8,sigmoid,small_mu,18,18,17,35,24,22075.378137622047,14858.160568003412,large_mu,disjoint_bag_coordinate_me_single_point_probe_v1,ok,,0.805,0.1
cat vs dog,cat,dog,0,16,10,sigmoid,small_mu,18,18,17,35,24,22075.378137622047,14858.160568003412,large_mu,disjoint_bag_coordinate_me_single_point_probe_v1,ok,,0.8025,0.1
cat vs dog,cat,dog,0,16,16,sigmoid,small_mu,18,18,17,35,24,22075.378137622047,14858.160568003412,large_mu,disjoint_bag_coordinate_me_single_point_probe_v1,ok,,0.82,0.1
cat vs dog,cat,dog,0,16,24,sigmoid,small_mu,18,18,17,35,24,22075.378137622047,14858.160568003412,large_mu,disjoint_bag_coordinate_me_single_point_probe_v1,rank_limited,"requested r=24, stable limit=17, available directions=24",,
cat vs dog,cat,dog,1,4,1,linear,large_mu,75,75,75,149,24,7044162.070293239,32894965.776803553,,disjoint_bag_coordinate_me_single_point_probe_v1,ok,,0.8,0.1
cat vs dog,cat,dog,1,4,2,linear,large_mu,75,75,75,149,24,7044162.070293239,32894965.776803553,small_mu,disjoint_bag_coordinate_me_single_point_probe_v1,ok,,0.8,1.0
cat vs dog,cat,dog,1,4,4,linear,large_mu,75,75,75,149,24,7044162.070293239,32894965.776803553,small_mu,disjoint_bag_coordinate_me_single_point_probe_v1,ok,,0.81,0.1
cat vs dog,cat,dog,1,4,6,linear,large_mu,75,75,75,149,24,7044162.070293239,32894965.776803553,large_mu,disjoint_bag_coordinate_me_single_point_probe_v1,ok,,0.81,1.0
cat vs dog,cat,dog,1,4,8,linear,large_mu,75,75,75,149,24,7044162.070293239,32894965.776803553,large_mu,disjoint_bag_coordinate_me_single_point_probe_v1,ok,,0.8,1.0
cat vs dog,cat,dog,1,4,10,linear,large_mu,75,75,75,149,24,7044162.070293239,32894965.776803553,large_mu,disjoint_bag_coordinate_me_single_point_probe_v1,ok,,0.8,0.1
cat vs dog,cat,dog,1,4,16,linear,large_mu,75,75,75,149,24,7044162.070293239,32894965.776803553,large_mu,disjoint_bag_coordinate_me_single_point_probe_v1,ok,,0.8025,10.0
cat vs dog,cat,dog,1,4,24,linear,large_mu,75,75,75,149,24,7044162.070293239,32894965.776803553,large_mu,disjoint_bag_coordinate_me_single_point_probe_v1,ok,,0.8025,0.1
cat vs dog,cat,dog,1,4,1,linear,small_mu,75,75,74,149,24,7044162.070293239,32894965.776803553,,disjoint_bag_coordinate_me_single_point_probe_v1,ok,,0.785,0.1
cat vs dog,cat,dog,1,4,2,linear,small_mu,75,75,74,149,24,7044162.070293239,32894965.776803553,small_mu,disjoint_bag_coordinate_me_single_point_probe_v1,ok,,0.7925,0.1
cat vs dog,cat,dog,1,4,4,linear,small_mu,75,75,74,149,24,7044162.070293239,32894965.776803553,small_mu,disjoint_bag_coordinate_me_single_point_probe_v1,ok,,0.7925,0.1
cat vs dog,cat,dog,1,4,6,linear,small_mu,75,75,74,149,24,7044162.070293239,32894965.776803553,large_mu,disjoint_bag_coordinate_me_single_point_probe_v1,ok,,0.7925,1.0
cat vs dog,cat,dog,1,4,8,linear,small_mu,75,75,74,149,24,7044162.070293239,32894965.776803553,large_mu,disjoint_bag_coordinate_me_single_point_probe_v1,ok,,0.795,0.1
cat vs dog,cat,dog,1,4,10,linear,small_mu,75,75,74,149,24,7044162.070293239,32894965.776803553,large_mu,disjoint_bag_coordinate_me_single_point_probe_v1,ok,,0.7925,0.1
cat vs dog,cat,dog,1,4,16,linear,small_mu,75,75,74,149,24,7044162.070293239,32894965.776803553,large_mu,disjoint_bag_coordinate_me_single_point_probe_v1,ok,,0.8075,0.1
cat vs dog,cat,dog,1,4,24,linear,small_mu,75,75,74,149,24,7044162.070293239,32894965.776803553,large_mu,disjoint_bag_coordinate_me_single_point_probe_v1,ok,,0.795,10.0
cat vs dog,cat,dog,1,4,1,rbf,large_mu,75,75,75,149,24,10160.054768027076,95159.4876870427,,disjoint_bag_coordinate_me_single_point_probe_v1,ok,,0.8075,0.1
cat vs dog,cat,dog,1,4,2,rbf,large_mu,75,75,75,149,24,10160.054768027076,95159.4876870427,small_mu,disjoint_bag_coordinate_me_single_point_probe_v1,ok,,0.8125,0.1
cat vs dog,cat,dog,1,4,4,rbf,large_mu,75,75,75,149,24,10160.054768027076,95159.4876870427,small_mu,disjoint_bag_coordinate_me_single_point_probe_v1,ok,,0.8075,1.0
cat vs dog,cat,dog,1,4,6,rbf,large_mu,75,75,75,149,24,10160.054768027076,95159.4876870427,small_mu,disjoint_bag_coordinate_me_single_point_probe_v1,ok,,0.8125,0.1
cat vs dog,cat,dog,1,4,8,rbf,large_mu,75,75,75,149,24,10160.054768027076,95159.4876870427,small_mu,disjoint_bag_coordinate_me_single_point_probe_v1,ok,,0.81,1.0
cat vs dog,cat,dog,1,4,10,rbf,large_mu,75,75,75,149,24,10160.054768027076,95159.4876870427,small_mu,disjoint_bag_coordinate_me_single_point_probe_v1,ok,,0.8075,1.0
cat vs dog,cat,dog,1,4,16,rbf,large_mu,75,75,75,149,24,10160.054768027076,95159.4876870427,large_mu,disjoint_bag_coordinate_me_single_point_probe_v1,ok,,0.825,0.1
cat vs dog,cat,dog,1,4,24,rbf,large_mu,75,75,75,149,24,10160.054768027076,95159.4876870427,large_mu,disjoint_bag_coordinate_me_single_point_probe_v1,ok,,0.8225,1.0
cat vs dog,cat,dog,1,4,1,rbf,small_mu,75,75,74,149,24,10160.054768027076,95159.4876870427,,disjoint_bag_coordinate_me_single_point_probe_v1,ok,,0.8125,10.0
cat vs dog,cat,dog,1,4,2,rbf,small_mu,75,75,74,149,24,10160.054768027076,95159.4876870427,small_mu,disjoint_bag_coordinate_me_single_point_probe_v1,ok,,0.82,0.1
cat vs dog,cat,dog,1,4,4,rbf,small_mu,75,75,74,149,24,10160.054768027076,95159.4876870427,small_mu,disjoint_bag_coordinate_me_single_point_probe_v1,ok,,0.8125,10.0
cat vs dog,cat,dog,1,4,6,rbf,small_mu,75,75,74,149,24,10160.054768027076,95159.4876870427,small_mu,disjoint_bag_coordinate_me_single_point_probe_v1,ok,,0.81,1.0
cat vs dog,cat,dog,1,4,8,rbf,small_mu,75,75,74,149,24,10160.054768027076,95159.4876870427,small_mu,disjoint_bag_coordinate_me_single_point_probe_v1,ok,,0.8075,1.0
cat vs dog,cat,dog,1,4,10,rbf,small_mu,75,75,74,149,24,10160.054768027076,95159.4876870427,small_mu,disjoint_bag_coordinate_me_single_point_probe_v1,ok,,0.8,10.0
cat vs dog,cat,dog,1,4,16,rbf,small_mu,75,75,74,149,24,10160.054768027076,95159.4876870427,large_mu,disjoint_bag_coordinate_me_single_point_probe_v1,ok,,0.8125,1.0
cat vs dog,cat,dog,1,4,24,rbf,small_mu,75,75,74,149,24,10160.054768027076,95159.4876870427,large_mu,disjoint_bag_coordinate_me_single_point_probe_v1,ok,,0.82,1.0
cat vs dog,cat,dog,1,4,1,laplacian,large_mu,75,75,75,149,24,7607.406989404965,72694.78641058359,,disjoint_bag_coordinate_me_single_point_probe_v1,ok,,0.825,10.0
cat vs dog,cat,dog,1,4,2,laplacian,large_mu,75,75,75,149,24,7607.406989404965,72694.78641058359,small_mu,disjoint_bag_coordinate_me_single_point_probe_v1,ok,,0.825,1.0
cat vs dog,cat,dog,1,4,4,laplacian,large_mu,75,75,75,149,24,7607.406989404965,72694.78641058359,small_mu,disjoint_bag_coordinate_me_single_point_probe_v1,ok,,0.8125,0.1
cat vs dog,cat,dog,1,4,6,laplacian,large_mu,75,75,75,149,24,7607.406989404965,72694.78641058359,small_mu,disjoint_bag_coordinate_me_single_point_probe_v1,ok,,0.8225,0.1
cat vs dog,cat,dog,1,4,8,laplacian,large_mu,75,75,75,149,24,7607.406989404965,72694.78641058359,small_mu,disjoint_bag_coordinate_me_single_point_probe_v1,ok,,0.835,0.1
cat vs dog,cat,dog,1,4,10,laplacian,large_mu,75,75,75,149,24,7607.406989404965,72694.78641058359,small_mu,disjoint_bag_coordinate_me_single_point_probe_v1,ok,,0.8425,1.0
cat vs dog,cat,dog,1,4,16,laplacian,large_mu,75,75,75,149,24,7607.406989404965,72694.78641058359,large_mu,disjoint_bag_coordinate_me_single_point_probe_v1,ok,,0.8375,10.0
cat vs dog,cat,dog,1,4,24,laplacian,large_mu,75,75,75,149,24,7607.406989404965,72694.78641058359,large_mu,disjoint_bag_coordinate_me_single_point_probe_v1,ok,,0.84,0.1
cat vs dog,cat,dog,1,4,1,laplacian,small_mu,75,75,74,149,24,7607.406989404965,72694.78641058359,,disjoint_bag_coordinate_me_single_point_probe_v1,ok,,0.8325,1.0
cat vs dog,cat,dog,1,4,2,laplacian,small_mu,75,75,74,149,24,7607.406989404965,72694.78641058359,small_mu,disjoint_bag_coordinate_me_single_point_probe_v1,ok,,0.83,1.0
cat vs dog,cat,dog,1,4,4,laplacian,small_mu,75,75,74,149,24,7607.406989404965,72694.78641058359,small_mu,disjoint_bag_coordinate_me_single_point_probe_v1,ok,,0.83,10.0
cat vs dog,cat,dog,1,4,6,laplacian,small_mu,75,75,74,149,24,7607.406989404965,72694.78641058359,small_mu,disjoint_bag_coordinate_me_single_point_probe_v1,ok,,0.835,1.0
cat vs dog,cat,dog,1,4,8,laplacian,small_mu,75,75,74,149,24,7607.406989404965,72694.78641058359,small_mu,disjoint_bag_coordinate_me_single_point_probe_v1,ok,,0.8325,1.0
cat vs dog,cat,dog,1,4,10,laplacian,small_mu,75,75,74,149,24,7607.406989404965,72694.78641058359,small_mu,disjoint_bag_coordinate_me_single_point_probe_v1,ok,,0.84,1.0
cat vs dog,cat,dog,1,4,16,laplacian,small_mu,75,75,74,149,24,7607.406989404965,72694.78641058359,large_mu,disjoint_bag_coordinate_me_single_point_probe_v1,ok,,0.84,1.0
cat vs dog,cat,dog,1,4,24,laplacian,small_mu,75,75,74,149,24,7607.406989404965,72694.78641058359,large_mu,disjoint_bag_coordinate_me_single_point_probe_v1,ok,,0.8275,0.1
cat vs dog,cat,dog,1,4,1,polynomial,large_mu,75,75,75,149,24,45149.35830542061,282236.7561763017,,disjoint_bag_coordinate_me_single_point_probe_v1,ok,,0.8,10.0
cat vs dog,cat,dog,1,4,2,polynomial,large_mu,75,75,75,149,24,45149.35830542061,282236.7561763017,small_mu,disjoint_bag_coordinate_me_single_point_probe_v1,ok,,0.815,0.1
cat vs dog,cat,dog,1,4,4,polynomial,large_mu,75,75,75,149,24,45149.35830542061,282236.7561763017,small_mu,disjoint_bag_coordinate_me_single_point_probe_v1,ok,,0.8125,0.1
cat vs dog,cat,dog,1,4,6,polynomial,large_mu,75,75,75,149,24,45149.35830542061,282236.7561763017,small_mu,disjoint_bag_coordinate_me_single_point_probe_v1,ok,,0.825,0.1
cat vs dog,cat,dog,1,4,8,polynomial,large_mu,75,75,75,149,24,45149.35830542061,282236.7561763017,large_mu,disjoint_bag_coordinate_me_single_point_probe_v1,ok,,0.8225,0.1
cat vs dog,cat,dog,1,4,10,polynomial,large_mu,75,75,75,149,24,45149.35830542061,282236.7561763017,large_mu,disjoint_bag_coordinate_me_single_point_probe_v1,ok,,0.8175,1.0
cat vs dog,cat,dog,1,4,16,polynomial,large_mu,75,75,75,149,24,45149.35830542061,282236.7561763017,large_mu,disjoint_bag_coordinate_me_single_point_probe_v1,ok,,0.84,1.0
cat vs dog,cat,dog,1,4,24,polynomial,large_mu,75,75,75,149,24,45149.35830542061,282236.7561763017,large_mu,disjoint_bag_coordinate_me_single_point_probe_v1,ok,,0.84,10.0
cat vs dog,cat,dog,1,4,1,polynomial,small_mu,75,75,74,149,24,45149.35830542061,282236.7561763017,,disjoint_bag_coordinate_me_single_point_probe_v1,ok,,0.8225,10.0
cat vs dog,cat,dog,1,4,2,polynomial,small_mu,75,75,74,149,24,45149.35830542061,282236.7561763017,small_mu,disjoint_bag_coordinate_me_single_point_probe_v1,ok,,0.8275,1.0
cat vs dog,cat,dog,1,4,4,polynomial,small_mu,75,75,74,149,24,45149.35830542061,282236.7561763017,small_mu,disjoint_bag_coordinate_me_single_point_probe_v1,ok,,0.82,10.0
cat vs dog,cat,dog,1,4,6,polynomial,small_mu,75,75,74,149,24,45149.35830542061,282236.7561763017,small_mu,disjoint_bag_coordinate_me_single_point_probe_v1,ok,,0.825,1.0
cat vs dog,cat,dog,1,4,8,polynomial,small_mu,75,75,74,149,24,45149.35830542061,282236.7561763017,large_mu,disjoint_bag_coordinate_me_single_point_probe_v1,ok,,0.8225,10.0
cat vs dog,cat,dog,1,4,10,polynomial,small_mu,75,75,74,149,24,45149.35830542061,282236.7561763017,large_mu,disjoint_bag_coordinate_me_single_point_probe_v1,ok,,0.8225,1.0
cat vs dog,cat,dog,1,4,16,polynomial,small_mu,75,75,74,149,24,45149.35830542061,282236.7561763017,large_mu,disjoint_bag_coordinate_me_single_point_probe_v1,ok,,0.8375,1.0
cat vs dog,cat,dog,1,4,24,polynomial,small_mu,75,75,74,149,24,45149.35830542061,282236.7561763017,large_mu,disjoint_bag_coordinate_me_single_point_probe_v1,ok,,0.835,10.0
cat vs dog,cat,dog,1,4,1,sigmoid,large_mu,75,75,75,109,24,6234.398558426505,19688.682564502247,,disjoint_bag_coordinate_me_single_point_probe_v1,ok,,0.7275,0.1
cat vs dog,cat,dog,1,4,2,sigmoid,large_mu,75,75,75,109,24,6234.398558426505,19688.682564502247,small_mu,disjoint_bag_coordinate_me_single_point_probe_v1,ok,,0.73,1.0
cat vs dog,cat,dog,1,4,4,sigmoid,large_mu,75,75,75,109,24,6234.398558426505,19688.682564502247,small_mu,disjoint_bag_coordinate_me_single_point_probe_v1,ok,,0.73,1.0
cat vs dog,cat,dog,1,4,6,sigmoid,large_mu,75,75,75,109,24,6234.398558426505,19688.682564502247,large_mu,disjoint_bag_coordinate_me_single_point_probe_v1,ok,,0.7275,0.1
cat vs dog,cat,dog,1,4,8,sigmoid,large_mu,75,75,75,109,24,6234.398558426505,19688.682564502247,large_mu,disjoint_bag_coordinate_me_single_point_probe_v1,ok,,0.735,0.1
cat vs dog,cat,dog,1,4,10,sigmoid,large_mu,75,75,75,109,24,6234.398558426505,19688.682564502247,large_mu,disjoint_bag_coordinate_me_single_point_probe_v1,ok,,0.7325,1.0
cat vs dog,cat,dog,1,4,16,sigmoid,large_mu,75,75,75,109,24,6234.398558426505,19688.682564502247,large_mu,disjoint_bag_coordinate_me_single_point_probe_v1,ok,,0.735,0.1
cat vs dog,cat,dog,1,4,24,sigmoid,large_mu,75,75,75,109,24,6234.398558426505,19688.682564502247,large_mu,disjoint_bag_coordinate_me_single_point_probe_v1,ok,,0.73,0.1
cat vs dog,cat,dog,1,4,1,sigmoid,small_mu,75,75,74,109,24,6234.398558426505,19688.682564502247,,disjoint_bag_coordinate_me_single_point_probe_v1,ok,,0.5675,0.1
cat vs dog,cat,dog,1,4,2,sigmoid,small_mu,75,75,74,109,24,6234.398558426505,19688.682564502247,small_mu,disjoint_bag_coordinate_me_single_point_probe_v1,ok,,0.595,1.0
cat vs dog,cat,dog,1,4,4,sigmoid,small_mu,75,75,74,109,24,6234.398558426505,19688.682564502247,small_mu,disjoint_bag_coordinate_me_single_point_probe_v1,ok,,0.5875,10.0
cat vs dog,cat,dog,1,4,6,sigmoid,small_mu,75,75,74,109,24,6234.398558426505,19688.682564502247,large_mu,disjoint_bag_coordinate_me_single_point_probe_v1,ok,,0.635,0.1
cat vs dog,cat,dog,1,4,8,sigmoid,small_mu,75,75,74,109,24,6234.398558426505,19688.682564502247,large_mu,disjoint_bag_coordinate_me_single_point_probe_v1,ok,,0.6475,1.0
cat vs dog,cat,dog,1,4,10,sigmoid,small_mu,75,75,74,109,24,6234.398558426505,19688.682564502247,large_mu,disjoint_bag_coordinate_me_single_point_probe_v1,ok,,0.68,0.1
cat vs dog,cat,dog,1,4,16,sigmoid,small_mu,75,75,74,109,24,6234.398558426505,19688.682564502247,large_mu,disjoint_bag_coordinate_me_single_point_probe_v1,ok,,0.6875,1.0
cat vs dog,cat,dog,1,4,24,sigmoid,small_mu,75,75,74,109,24,6234.398558426505,19688.682564502247,large_mu,disjoint_bag_coordinate_me_single_point_probe_v1,ok,,0.74,0.1
cat vs dog,cat,dog,1,8,1,linear,large_mu,37,37,37,73,24,11549038.618494697,21433040.883533128,,disjoint_bag_coordinate_me_single_point_probe_v1,ok,,0.7675,0.1
cat vs dog,cat,dog,1,8,2,linear,large_mu,37,37,37,73,24,11549038.618494697,21433040.883533128,small_mu,disjoint_bag_coordinate_me_single_point_probe_v1,ok,,0.7725,1.0
cat vs dog,cat,dog,1,8,4,linear,large_mu,37,37,37,73,24,11549038.618494697,21433040.883533128,large_mu,disjoint_bag_coordinate_me_single_point_probe_v1,ok,,0.7625,0.1
cat vs dog,cat,dog,1,8,6,linear,large_mu,37,37,37,73,24,11549038.618494697,21433040.883533128,large_mu,disjoint_bag_coordinate_me_single_point_probe_v1,ok,,0.7875,10.0
cat vs dog,cat,dog,1,8,8,linear,large_mu,37,37,37,73,24,11549038.618494697,21433040.883533128,large_mu,disjoint_bag_coordinate_me_single_point_probe_v1,ok,,0.785,1.0
cat vs dog,cat,dog,1,8,10,linear,large_mu,37,37,37,73,24,11549038.618494697,21433040.883533128,large_mu,disjoint_bag_coordinate_me_single_point_probe_v1,ok,,0.785,10.0
cat vs dog,cat,dog,1,8,16,linear,large_mu,37,37,37,73,24,11549038.618494697,21433040.883533128,large_mu,disjoint_bag_coordinate_me_single_point_probe_v1,ok,,0.79,0.1
cat vs dog,cat,dog,1,8,24,linear,large_mu,37,37,37,73,24,11549038.618494697,21433040.883533128,large_mu,disjoint_bag_coordinate_me_single_point_probe_v1,ok,,0.805,0.1
cat vs dog,cat,dog,1,8,1,linear,small_mu,37,37,36,73,24,11549038.618494697,21433040.883533128,,disjoint_bag_coordinate_me_single_point_probe_v1,ok,,0.79,1.0
cat vs dog,cat,dog,1,8,2,linear,small_mu,37,37,36,73,24,11549038.618494697,21433040.883533128,small_mu,disjoint_bag_coordinate_me_single_point_probe_v1,ok,,0.7775,0.1
cat vs dog,cat,dog,1,8,4,linear,small_mu,37,37,36,73,24,11549038.618494697,21433040.883533128,large_mu,disjoint_bag_coordinate_me_single_point_probe_v1,ok,,0.795,0.1
cat vs dog,cat,dog,1,8,6,linear,small_mu,37,37,36,73,24,11549038.618494697,21433040.883533128,large_mu,disjoint_bag_coordinate_me_single_point_probe_v1,ok,,0.79,1.0
cat vs dog,cat,dog,1,8,8,linear,small_mu,37,37,36,73,24,11549038.618494697,21433040.883533128,large_mu,disjoint_bag_coordinate_me_single_point_probe_v1,ok,,0.785,10.0
cat vs dog,cat,dog,1,8,10,linear,small_mu,37,37,36,73,24,11549038.618494697,21433040.883533128,large_mu,disjoint_bag_coordinate_me_single_point_probe_v1,ok,,0.7875,1.0
cat vs dog,cat,dog,1,8,16,linear,small_mu,37,37,36,73,24,11549038.618494697,21433040.883533128,large_mu,disjoint_bag_coordinate_me_single_point_probe_v1,ok,,0.8075,0.1
cat vs dog,cat,dog,1,8,24,linear,small_mu,37,37,36,73,24,11549038.618494697,21433040.883533128,large_mu,disjoint_bag_coordinate_me_single_point_probe_v1,ok,,0.8025,0.1
cat vs dog,cat,dog,1,8,1,rbf,large_mu,37,37,37,73,24,11777.56545671087,48347.5646935698,,disjoint_bag_coordinate_me_single_point_probe_v1,ok,,0.8025,1.0
cat vs dog,cat,dog,1,8,2,rbf,large_mu,37,37,37,73,24,11777.56545671087,48347.5646935698,small_mu,disjoint_bag_coordinate_me_single_point_probe_v1,ok,,0.8025,0.1
cat vs dog,cat,dog,1,8,4,rbf,large_mu,37,37,37,73,24,11777.56545671087,48347.5646935698,small_mu,disjoint_bag_coordinate_me_single_point_probe_v1,ok,,0.795,1.0
cat vs dog,cat,dog,1,8,6,rbf,large_mu,37,37,37,73,24,11777.56545671087,48347.5646935698,large_mu,disjoint_bag_coordinate_me_single_point_probe_v1,ok,,0.7925,1.0
cat vs dog,cat,dog,1,8,8,rbf,large_mu,37,37,37,73,24,11777.56545671087,48347.5646935698,large_mu,disjoint_bag_coordinate_me_single_point_probe_v1,ok,,0.7975,0.1
cat vs dog,cat,dog,1,8,10,rbf,large_mu,37,37,37,73,24,11777.56545671087,48347.5646935698,large_mu,disjoint_bag_coordinate_me_single_point_probe_v1,ok,,0.795,1.0
cat vs dog,cat,dog,1,8,16,rbf,large_mu,37,37,37,73,24,11777.56545671087,48347.5646935698,large_mu,disjoint_bag_coordinate_me_single_point_probe_v1,ok,,0.7925,10.0
cat vs dog,cat,dog,1,8,24,rbf,large_mu,37,37,37,73,24,11777.56545671087,48347.5646935698,large_mu,disjoint_bag_coordinate_me_single_point_probe_v1,ok,,0.795,10.0
cat vs dog,cat,dog,1,8,1,rbf,small_mu,37,37,36,73,24,11777.56545671087,48347.5646935698,,disjoint_bag_coordinate_me_single_point_probe_v1,ok,,0.805,10.0
cat vs dog,cat,dog,1,8,2,rbf,small_mu,37,37,36,73,24,11777.56545671087,48347.5646935698,small_mu,disjoint_bag_coordinate_me_single_point_probe_v1,ok,,0.795,0.1
cat vs dog,cat,dog,1,8,4,rbf,small_mu,37,37,36,73,24,11777.56545671087,48347.5646935698,small_mu,disjoint_bag_coordinate_me_single_point_probe_v1,ok,,0.795,0.1
cat vs dog,cat,dog,1,8,6,rbf,small_mu,37,37,36,73,24,11777.56545671087,48347.5646935698,large_mu,disjoint_bag_coordinate_me_single_point_probe_v1,ok,,0.7925,1.0
cat vs dog,cat,dog,1,8,8,rbf,small_mu,37,37,36,73,24,11777.56545671087,48347.5646935698,large_mu,disjoint_bag_coordinate_me_single_point_probe_v1,ok,,0.795,10.0
cat vs dog,cat,dog,1,8,10,rbf,small_mu,37,37,36,73,24,11777.56545671087,48347.5646935698,large_mu,disjoint_bag_coordinate_me_single_point_probe_v1,ok,,0.79,1.0
cat vs dog,cat,dog,1,8,16,rbf,small_mu,37,37,36,73,24,11777.56545671087,48347.5646935698,large_mu,disjoint_bag_coordinate_me_single_point_probe_v1,ok,,0.795,10.0
cat vs dog,cat,dog,1,8,24,rbf,small_mu,37,37,36,73,24,11777.56545671087,48347.5646935698,large_mu,disjoint_bag_coordinate_me_single_point_probe_v1,ok,,0.7975,10.0
cat vs dog,cat,dog,1,8,1,laplacian,large_mu,37,37,37,73,24,8934.244728404929,36984.24376211448,,disjoint_bag_coordinate_me_single_point_probe_v1,ok,,0.8075,1.0
cat vs dog,cat,dog,1,8,2,laplacian,large_mu,37,37,37,73,24,8934.244728404929,36984.24376211448,small_mu,disjoint_bag_coordinate_me_single_point_probe_v1,ok,,0.8075,0.1
cat vs dog,cat,dog,1,8,4,laplacian,large_mu,37,37,37,73,24,8934.244728404929,36984.24376211448,small_mu,disjoint_bag_coordinate_me_single_point_probe_v1,ok,,0.8175,10.0
cat vs dog,cat,dog,1,8,6,laplacian,large_mu,37,37,37,73,24,8934.244728404929,36984.24376211448,large_mu,disjoint_bag_coordinate_me_single_point_probe_v1,ok,,0.8125,0.1
cat vs dog,cat,dog,1,8,8,laplacian,large_mu,37,37,37,73,24,8934.244728404929,36984.24376211448,large_mu,disjoint_bag_coordinate_me_single_point_probe_v1,ok,,0.8125,10.0
cat vs dog,cat,dog,1,8,10,laplacian,large_mu,37,37,37,73,24,8934.244728404929,36984.24376211448,large_mu,disjoint_bag_coordinate_me_single_point_probe_v1,ok,,0.8125,0.1
cat vs dog,cat,dog,1,8,16,laplacian,large_mu,37,37,37,73,24,8934.244728404929,36984.24376211448,large_mu,disjoint_bag_coordinate_me_single_point_probe_v1,ok,,0.8225,0.1
cat vs dog,cat,dog,1,8,24,laplacian,large_mu,37,37,37,73,24,8934.244728404929,36984.24376211448,large_mu,disjoint_bag_coordinate_me_single_point_probe_v1,ok,,0.8275,1.0
cat vs dog,cat,dog,1,8,1,laplacian,small_mu,37,37,36,73,24,8934.244728404929,36984.24376211448,,disjoint_bag_coordinate_me_single_point_probe_v1,ok,,0.815,10.0
cat vs dog,cat,dog,1,8,2,laplacian,small_mu,37,37,36,73,24,8934.244728404929,36984.24376211448,small_mu,disjoint_bag_coordinate_me_single_point_probe_v1,ok,,0.8125,10.0
cat vs dog,cat,dog,1,8,4,laplacian,small_mu,37,37,36,73,24,8934.244728404929,36984.24376211448,small_mu,disjoint_bag_coordinate_me_single_point_probe_v1,ok,,0.81,1.0
cat vs dog,cat,dog,1,8,6,laplacian,small_mu,37,37,36,73,24,8934.244728404929,36984.24376211448,large_mu,disjoint_bag_coordinate_me_single_point_probe_v1,ok,,0.8,1.0
cat vs dog,cat,dog,1,8,8,laplacian,small_mu,37,37,36,73,24,8934.244728404929,36984.24376211448,large_mu,disjoint_bag_coordinate_me_single_point_probe_v1,ok,,0.8025,1.0
cat vs dog,cat,dog,1,8,10,laplacian,small_mu,37,37,36,73,24,8934.244728404929,36984.24376211448,large_mu,disjoint_bag_coordinate_me_single_point_probe_v1,ok,,0.8125,10.0
cat vs dog,cat,dog,1,8,16,laplacian,small_mu,37,37,36,73,24,8934.244728404929,36984.24376211448,large_mu,disjoint_bag_coordinate_me_single_point_probe_v1,ok,,0.82,10.0
cat vs dog,cat,dog,1,8,24,laplacian,small_mu,37,37,36,73,24,8934.244728404929,36984.24376211448,large_mu,disjoint_bag_coordinate_me_single_point_probe_v1,ok,,0.825,10.0
cat vs dog,cat,dog,1,8,1,polynomial,large_mu,37,37,37,73,24,61428.659451868014,155929.01883397877,,disjoint_bag_coordinate_me_single_point_probe_v1,ok,,0.7925,1.0
cat vs dog,cat,dog,1,8,2,polynomial,large_mu,37,37,37,73,24,61428.659451868014,155929.01883397877,small_mu,disjoint_bag_coordinate_me_single_point_probe_v1,ok,,0.805,1.0
cat vs dog,cat,dog,1,8,4,polynomial,large_mu,37,37,37,73,24,61428.659451868014,155929.01883397877,large_mu,disjoint_bag_coordinate_me_single_point_probe_v1,ok,,0.805,10.0
cat vs dog,cat,dog,1,8,6,polynomial,large_mu,37,37,37,73,24,61428.659451868014,155929.01883397877,large_mu,disjoint_bag_coordinate_me_single_point_probe_v1,ok,,0.8025,10.0
cat vs dog,cat,dog,1,8,8,polynomial,large_mu,37,37,37,73,24,61428.659451868014,155929.01883397877,large_mu,disjoint_bag_coordinate_me_single_point_probe_v1,ok,,0.805,1.0
cat vs dog,cat,dog,1,8,10,polynomial,large_mu,37,37,37,73,24,61428.659451868014,155929.01883397877,large_mu,disjoint_bag_coordinate_me_single_point_probe_v1,ok,,0.8,1.0
cat vs dog,cat,dog,1,8,16,polynomial,large_mu,37,37,37,73,24,61428.659451868014,155929.01883397877,large_mu,disjoint_bag_coordinate_me_single_point_probe_v1,ok,,0.8125,1.0
cat vs dog,cat,dog,1,8,24,polynomial,large_mu,37,37,37,73,24,61428.659451868014,155929.01883397877,large_mu,disjoint_bag_coordinate_me_single_point_probe_v1,ok,,0.8225,1.0
cat vs dog,cat,dog,1,8,1,polynomial,small_mu,37,37,36,73,24,61428.659451868014,155929.01883397877,,disjoint_bag_coordinate_me_single_point_probe_v1,ok,,0.815,0.1
cat vs dog,cat,dog,1,8,2,polynomial,small_mu,37,37,36,73,24,61428.659451868014,155929.01883397877,small_mu,disjoint_bag_coordinate_me_single_point_probe_v1,ok,,0.8075,0.1
cat vs dog,cat,dog,1,8,4,polynomial,small_mu,37,37,36,73,24,61428.659451868014,155929.01883397877,large_mu,disjoint_bag_coordinate_me_single_point_probe_v1,ok,,0.805,0.1
cat vs dog,cat,dog,1,8,6,polynomial,small_mu,37,37,36,73,24,61428.659451868014,155929.01883397877,large_mu,disjoint_bag_coordinate_me_single_point_probe_v1,ok,,0.81,0.1
cat vs dog,cat,dog,1,8,8,polynomial,small_mu,37,37,36,73,24,61428.659451868014,155929.01883397877,large_mu,disjoint_bag_coordinate_me_single_point_probe_v1,ok,,0.8075,10.0
cat vs dog,cat,dog,1,8,10,polynomial,small_mu,37,37,36,73,24,61428.659451868014,155929.01883397877,large_mu,disjoint_bag_coordinate_me_single_point_probe_v1,ok,,0.815,1.0
cat vs dog,cat,dog,1,8,16,polynomial,small_mu,37,37,36,73,24,61428.659451868014,155929.01883397877,large_mu,disjoint_bag_coordinate_me_single_point_probe_v1,ok,,0.825,1.0
cat vs dog,cat,dog,1,8,24,polynomial,small_mu,37,37,36,73,24,61428.659451868014,155929.01883397877,large_mu,disjoint_bag_coordinate_me_single_point_probe_v1,ok,,0.8225,1.0
cat vs dog,cat,dog,1,8,1,sigmoid,large_mu,37,37,37,65,24,15253.060365821748,18887.71490938297,,disjoint_bag_coordinate_me_single_point_probe_v1,ok,,0.755,0.1
cat vs dog,cat,dog,1,8,2,sigmoid,large_mu,37,37,37,65,24,15253.060365821748,18887.71490938297,small_mu,disjoint_bag_coordinate_me_single_point_probe_v1,ok,,0.755,10.0
cat vs dog,cat,dog,1,8,4,sigmoid,large_mu,37,37,37,65,24,15253.060365821748,18887.71490938297,large_mu,disjoint_bag_coordinate_me_single_point_probe_v1,ok,,0.76,1.0
cat vs dog,cat,dog,1,8,6,sigmoid,large_mu,37,37,37,65,24,15253.060365821748,18887.71490938297,large_mu,disjoint_bag_coordinate_me_single_point_probe_v1,ok,,0.755,1.0
cat vs dog,cat,dog,1,8,8,sigmoid,large_mu,37,37,37,65,24,15253.060365821748,18887.71490938297,large_mu,disjoint_bag_coordinate_me_single_point_probe_v1,ok,,0.755,0.1
cat vs dog,cat,dog,1,8,10,sigmoid,large_mu,37,37,37,65,24,15253.060365821748,18887.71490938297,large_mu,disjoint_bag_coordinate_me_single_point_probe_v1,ok,,0.76,1.0
cat vs dog,cat,dog,1,8,16,sigmoid,large_mu,37,37,37,65,24,15253.060365821748,18887.71490938297,large_mu,disjoint_bag_coordinate_me_single_point_probe_v1,ok,,0.7575,0.1
cat vs dog,cat,dog,1,8,24,sigmoid,large_mu,37,37,37,65,24,15253.060365821748,18887.71490938297,large_mu,disjoint_bag_coordinate_me_single_point_probe_v1,ok,,0.7325,0.1
cat vs dog,cat,dog,1,8,1,sigmoid,small_mu,37,37,36,65,24,15253.060365821748,18887.71490938297,,disjoint_bag_coordinate_me_single_point_probe_v1,ok,,0.59,0.1
cat vs dog,cat,dog,1,8,2,sigmoid,small_mu,37,37,36,65,24,15253.060365821748,18887.71490938297,small_mu,disjoint_bag_coordinate_me_single_point_probe_v1,ok,,0.655,1.0
cat vs dog,cat,dog,1,8,4,sigmoid,small_mu,37,37,36,65,24,15253.060365821748,18887.71490938297,large_mu,disjoint_bag_coordinate_me_single_point_probe_v1,ok,,0.6725,0.1
cat vs dog,cat,dog,1,8,6,sigmoid,small_mu,37,37,36,65,24,15253.060365821748,18887.71490938297,large_mu,disjoint_bag_coordinate_me_single_point_probe_v1,ok,,0.7025,0.1
cat vs dog,cat,dog,1,8,8,sigmoid,small_mu,37,37,36,65,24,15253.060365821748,18887.71490938297,large_mu,disjoint_bag_coordinate_me_single_point_probe_v1,ok,,0.7175,10.0
cat vs dog,cat,dog,1,8,10,sigmoid,small_mu,37,37,36,65,24,15253.060365821748,18887.71490938297,large_mu,disjoint_bag_coordinate_me_single_point_probe_v1,ok,,0.73,0.1
cat vs dog,cat,dog,1,8,16,sigmoid,small_mu,37,37,36,65,24,15253.060365821748,18887.71490938297,large_mu,disjoint_bag_coordinate_me_single_point_probe_v1,ok,,0.725,0.1
cat vs dog,cat,dog,1,8,24,sigmoid,small_mu,37,37,36,65,24,15253.060365821748,18887.71490938297,large_mu,disjoint_bag_coordinate_me_single_point_probe_v1,ok,,0.76,1.0
cat vs dog,cat,dog,1,16,1,linear,large_mu,18,18,18,35,19,15216760.681847138,11867694.18398099,,disjoint_bag_coordinate_me_single_point_probe_v1,ok,,0.815,0.1
cat vs dog,cat,dog,1,16,2,linear,large_mu,18,18,18,35,19,15216760.681847138,11867694.18398099,large_mu,disjoint_bag_coordinate_me_single_point_probe_v1,ok,,0.8075,10.0
cat vs dog,cat,dog,1,16,4,linear,large_mu,18,18,18,35,19,15216760.681847138,11867694.18398099,large_mu,disjoint_bag_coordinate_me_single_point_probe_v1,ok,,0.805,1.0
cat vs dog,cat,dog,1,16,6,linear,large_mu,18,18,18,35,19,15216760.681847138,11867694.18398099,large_mu,disjoint_bag_coordinate_me_single_point_probe_v1,ok,,0.8125,1.0
cat vs dog,cat,dog,1,16,8,linear,large_mu,18,18,18,35,19,15216760.681847138,11867694.18398099,large_mu,disjoint_bag_coordinate_me_single_point_probe_v1,ok,,0.8125,10.0
cat vs dog,cat,dog,1,16,10,linear,large_mu,18,18,18,35,19,15216760.681847138,11867694.18398099,large_mu,disjoint_bag_coordinate_me_single_point_probe_v1,ok,,0.8075,10.0
cat vs dog,cat,dog,1,16,16,linear,large_mu,18,18,18,35,19,15216760.681847138,11867694.18398099,large_mu,disjoint_bag_coordinate_me_single_point_probe_v1,ok,,0.8225,1.0
cat vs dog,cat,dog,1,16,24,linear,large_mu,18,18,18,35,19,15216760.681847138,11867694.18398099,large_mu,disjoint_bag_coordinate_me_single_point_probe_v1,rank_limited,"requested r=24, stable limit=18, available directions=19",,
cat vs dog,cat,dog,1,16,1,linear,small_mu,18,18,17,35,18,15216760.681847138,11867694.18398099,,disjoint_bag_coordinate_me_single_point_probe_v1,ok,,0.84,1.0
cat vs dog,cat,dog,1,16,2,linear,small_mu,18,18,17,35,18,15216760.681847138,11867694.18398099,large_mu,disjoint_bag_coordinate_me_single_point_probe_v1,ok,,0.835,0.1
cat vs dog,cat,dog,1,16,4,linear,small_mu,18,18,17,35,18,15216760.681847138,11867694.18398099,large_mu,disjoint_bag_coordinate_me_single_point_probe_v1,ok,,0.835,0.1
cat vs dog,cat,dog,1,16,6,linear,small_mu,18,18,17,35,18,15216760.681847138,11867694.18398099,large_mu,disjoint_bag_coordinate_me_single_point_probe_v1,ok,,0.8325,10.0
cat vs dog,cat,dog,1,16,8,linear,small_mu,18,18,17,35,18,15216760.681847138,11867694.18398099,large_mu,disjoint_bag_coordinate_me_single_point_probe_v1,ok,,0.835,1.0
cat vs dog,cat,dog,1,16,10,linear,small_mu,18,18,17,35,18,15216760.681847138,11867694.18398099,large_mu,disjoint_bag_coordinate_me_single_point_probe_v1,ok,,0.8325,10.0
cat vs dog,cat,dog,1,16,16,linear,small_mu,18,18,17,35,18,15216760.681847138,11867694.18398099,large_mu,disjoint_bag_coordinate_me_single_point_probe_v1,ok,,0.8275,10.0
cat vs dog,cat,dog,1,16,24,linear,small_mu,18,18,17,35,18,15216760.681847138,11867694.18398099,large_mu,disjoint_bag_coordinate_me_single_point_probe_v1,rank_limited,"requested r=24, stable limit=17, available directions=18",,
cat vs dog,cat,dog,1,16,1,rbf,large_mu,18,18,18,35,24,12780.98942628315,23879.204905692102,,disjoint_bag_coordinate_me_single_point_probe_v1,ok,,0.8025,1.0
cat vs dog,cat,dog,1,16,2,rbf,large_mu,18,18,18,35,24,12780.98942628315,23879.204905692102,small_mu,disjoint_bag_coordinate_me_single_point_probe_v1,ok,,0.8025,10.0
cat vs dog,cat,dog,1,16,4,rbf,large_mu,18,18,18,35,24,12780.98942628315,23879.204905692102,large_mu,disjoint_bag_coordinate_me_single_point_probe_v1,ok,,0.795,10.0
cat vs dog,cat,dog,1,16,6,rbf,large_mu,18,18,18,35,24,12780.98942628315,23879.204905692102,large_mu,disjoint_bag_coordinate_me_single_point_probe_v1,ok,,0.8075,1.0
cat vs dog,cat,dog,1,16,8,rbf,large_mu,18,18,18,35,24,12780.98942628315,23879.204905692102,large_mu,disjoint_bag_coordinate_me_single_point_probe_v1,ok,,0.8125,10.0
cat vs dog,cat,dog,1,16,10,rbf,large_mu,18,18,18,35,24,12780.98942628315,23879.204905692102,large_mu,disjoint_bag_coordinate_me_single_point_probe_v1,ok,,0.8125,0.1
cat vs dog,cat,dog,1,16,16,rbf,large_mu,18,18,18,35,24,12780.98942628315,23879.204905692102,large_mu,disjoint_bag_coordinate_me_single_point_probe_v1,ok,,0.8225,10.0
cat vs dog,cat,dog,1,16,24,rbf,large_mu,18,18,18,35,24,12780.98942628315,23879.204905692102,large_mu,disjoint_bag_coordinate_me_single_point_probe_v1,rank_limited,"requested r=24, stable limit=18, available directions=24",,
cat vs dog,cat,dog,1,16,1,rbf,small_mu,18,18,17,35,24,12780.98942628315,23879.204905692102,,disjoint_bag_coordinate_me_single_point_probe_v1,ok,,0.825,1.0
cat vs dog,cat,dog,1,16,2,rbf,small_mu,18,18,17,35,24,12780.98942628315,23879.204905692102,small_mu,disjoint_bag_coordinate_me_single_point_probe_v1,ok,,0.8225,0.1
cat vs dog,cat,dog,1,16,4,rbf,small_mu,18,18,17,35,24,12780.98942628315,23879.204905692102,large_mu,disjoint_bag_coordinate_me_single_point_probe_v1,ok,,0.82,10.0
cat vs dog,cat,dog,1,16,6,rbf,small_mu,18,18,17,35,24,12780.98942628315,23879.204905692102,large_mu,disjoint_bag_coordinate_me_single_point_probe_v1,ok,,0.8125,10.0
cat vs dog,cat,dog,1,16,8,rbf,small_mu,18,18,17,35,24,12780.98942628315,23879.204905692102,large_mu,disjoint_bag_coordinate_me_single_point_probe_v1,ok,,0.8125,1.0
cat vs dog,cat,dog,1,16,10,rbf,small_mu,18,18,17,35,24,12780.98942628315,23879.204905692102,large_mu,disjoint_bag_coordinate_me_single_point_probe_v1,ok,,0.81,1.0
cat vs dog,cat,dog,1,16,16,rbf,small_mu,18,18,17,35,24,12780.98942628315,23879.204905692102,large_mu,disjoint_bag_coordinate_me_single_point_probe_v1,ok,,0.8225,1.0
cat vs dog,cat,dog,1,16,24,rbf,small_mu,18,18,17,35,24,12780.98942628315,23879.204905692102,large_mu,disjoint_bag_coordinate_me_single_point_probe_v1,rank_limited,"requested r=24, stable limit=17, available directions=24",,
cat vs dog,cat,dog,1,16,1,laplacian,large_mu,18,18,18,35,24,9614.55623635976,18209.754117157412,,disjoint_bag_coordinate_me_single_point_probe_v1,ok,,0.8025,1.0
cat vs dog,cat,dog,1,16,2,laplacian,large_mu,18,18,18,35,24,9614.55623635976,18209.754117157412,small_mu,disjoint_bag_coordinate_me_single_point_probe_v1,ok,,0.8025,0.1
cat vs dog,cat,dog,1,16,4,laplacian,large_mu,18,18,18,35,24,9614.55623635976,18209.754117157412,large_mu,disjoint_bag_coordinate_me_single_point_probe_v1,ok,,0.81,10.0
cat vs dog,cat,dog,1,16,6,laplacian,large_mu,18,18,18,35,24,9614.55623635976,18209.754117157412,large_mu,disjoint_bag_coordinate_me_single_point_probe_v1,ok,,0.815,0.1
cat vs dog,cat,dog,1,16,8,laplacian,large_mu,18,18,18,35,24,9614.55623635976,18209.754117157412,large_mu,disjoint_bag_coordinate_me_single_point_probe_v1,ok,,0.82,1.0
cat vs dog,cat,dog,1,16,10,laplacian,large_mu,18,18,18,35,24,9614.55623635976,18209.754117157412,large_mu,disjoint_bag_coordinate_me_single_point_probe_v1,ok,,0.83,1.0
cat vs dog,cat,dog,1,16,16,laplacian,large_mu,18,18,18,35,24,9614.55623635976,18209.754117157412,large_mu,disjoint_bag_coordinate_me_single_point_probe_v1,ok,,0.825,0.1
cat vs dog,cat,dog,1,16,24,laplacian,large_mu,18,18,18,35,24,9614.55623635976,18209.754117157412,large_mu,disjoint_bag_coordinate_me_single_point_probe_v1,rank_limited,"requested r=24, stable limit=18, available directions=24",,
cat vs dog,cat,dog,1,16,1,laplacian,small_mu,18,18,17,35,24,9614.55623635976,18209.754117157412,,disjoint_bag_coordinate_me_single_point_probe_v1,ok,,0.82,1.0
cat vs dog,cat,dog,1,16,2,laplacian,small_mu,18,18,17,35,24,9614.55623635976,18209.754117157412,small_mu,disjoint_bag_coordinate_me_single_point_probe_v1,ok,,0.8175,0.1
cat vs dog,cat,dog,1,16,4,laplacian,small_mu,18,18,17,35,24,9614.55623635976,18209.754117157412,large_mu,disjoint_bag_coordinate_me_single_point_probe_v1,ok,,0.83,1.0
cat vs dog,cat,dog,1,16,6,laplacian,small_mu,18,18,17,35,24,9614.55623635976,18209.754117157412,large_mu,disjoint_bag_coordinate_me_single_point_probe_v1,ok,,0.8275,1.0
cat vs dog,cat,dog,1,16,8,laplacian,small_mu,18,18,17,35,24,9614.55623635976,18209.754117157412,large_mu,disjoint_bag_coordinate_me_single_point_probe_v1,ok,,0.825,1.0
cat vs dog,cat,dog,1,16,10,laplacian,small_mu,18,18,17,35,24,9614.55623635976,18209.754117157412,large_mu,disjoint_bag_coordinate_me_single_point_probe_v1,ok,,0.815,0.1
cat vs dog,cat,dog,1,16,16,laplacian,small_mu,18,18,17,35,24,9614.55623635976,18209.754117157412,large_mu,disjoint_bag_coordinate_me_single_point_probe_v1,ok,,0.82,0.1
cat vs dog,cat,dog,1,16,24,laplacian,small_mu,18,18,17,35,24,9614.55623635976,18209.754117157412,large_mu,disjoint_bag_coordinate_me_single_point_probe_v1,rank_limited,"requested r=24, stable limit=17, available directions=24",,
cat vs dog,cat,dog,1,16,1,polynomial,large_mu,18,18,18,35,24,71985.31526666746,78629.21254336077,,disjoint_bag_coordinate_me_single_point_probe_v1,ok,,0.8175,0.1
cat vs dog,cat,dog,1,16,2,polynomial,large_mu,18,18,18,35,24,71985.31526666746,78629.21254336077,small_mu,disjoint_bag_coordinate_me_single_point_probe_v1,ok,,0.82,0.1
cat vs dog,cat,dog,1,16,4,polynomial,large_mu,18,18,18,35,24,71985.31526666746,78629.21254336077,large_mu,disjoint_bag_coordinate_me_single_point_probe_v1,ok,,0.81,0.1
cat vs dog,cat,dog,1,16,6,polynomial,large_mu,18,18,18,35,24,71985.31526666746,78629.21254336077,large_mu,disjoint_bag_coordinate_me_single_point_probe_v1,ok,,0.82,10.0
cat vs dog,cat,dog,1,16,8,polynomial,large_mu,18,18,18,35,24,71985.31526666746,78629.21254336077,large_mu,disjoint_bag_coordinate_me_single_point_probe_v1,ok,,0.8225,0.1
cat vs dog,cat,dog,1,16,10,polynomial,large_mu,18,18,18,35,24,71985.31526666746,78629.21254336077,large_mu,disjoint_bag_coordinate_me_single_point_probe_v1,ok,,0.8325,0.1
cat vs dog,cat,dog,1,16,16,polynomial,large_mu,18,18,18,35,24,71985.31526666746,78629.21254336077,large_mu,disjoint_bag_coordinate_me_single_point_probe_v1,ok,,0.8375,10.0
cat vs dog,cat,dog,1,16,24,polynomial,large_mu,18,18,18,35,24,71985.31526666746,78629.21254336077,large_mu,disjoint_bag_coordinate_me_single_point_probe_v1,rank_limited,"requested r=24, stable limit=18, available directions=24",,
cat vs dog,cat,dog,1,16,1,polynomial,small_mu,18,18,17,35,24,71985.31526666746,78629.21254336077,,disjoint_bag_coordinate_me_single_point_probe_v1,ok,,0.8375,10.0
cat vs dog,cat,dog,1,16,2,polynomial,small_mu,18,18,17,35,24,71985.31526666746,78629.21254336077,small_mu,disjoint_bag_coordinate_me_single_point_probe_v1,ok,,0.845,1.0
cat vs dog,cat,dog,1,16,4,polynomial,small_mu,18,18,17,35,24,71985.31526666746,78629.21254336077,large_mu,disjoint_bag_coordinate_me_single_point_probe_v1,ok,,0.8325,1.0
cat vs dog,cat,dog,1,16,6,polynomial,small_mu,18,18,17,35,24,71985.31526666746,78629.21254336077,large_mu,disjoint_bag_coordinate_me_single_point_probe_v1,ok,,0.8375,10.0
cat vs dog,cat,dog,1,16,8,polynomial,small_mu,18,18,17,35,24,71985.31526666746,78629.21254336077,large_mu,disjoint_bag_coordinate_me_single_point_probe_v1,ok,,0.8275,10.0
cat vs dog,cat,dog,1,16,10,polynomial,small_mu,18,18,17,35,24,71985.31526666746,78629.21254336077,large_mu,disjoint_bag_coordinate_me_single_point_probe_v1,ok,,0.8325,10.0
cat vs dog,cat,dog,1,16,16,polynomial,small_mu,18,18,17,35,24,71985.31526666746,78629.21254336077,large_mu,disjoint_bag_coordinate_me_single_point_probe_v1,ok,,0.8375,1.0
cat vs dog,cat,dog,1,16,24,polynomial,small_mu,18,18,17,35,24,71985.31526666746,78629.21254336077,large_mu,disjoint_bag_coordinate_me_single_point_probe_v1,rank_limited,"requested r=24, stable limit=17, available directions=24",,
cat vs dog,cat,dog,1,16,1,sigmoid,large_mu,18,18,18,35,24,25296.686504293564,14192.837386252268,,disjoint_bag_coordinate_me_single_point_probe_v1,ok,,0.805,0.1
cat vs dog,cat,dog,1,16,2,sigmoid,large_mu,18,18,18,35,24,25296.686504293564,14192.837386252268,large_mu,disjoint_bag_coordinate_me_single_point_probe_v1,ok,,0.805,0.1
cat vs dog,cat,dog,1,16,4,sigmoid,large_mu,18,18,18,35,24,25296.686504293564,14192.837386252268,large_mu,disjoint_bag_coordinate_me_single_point_probe_v1,ok,,0.8175,1.0
cat vs dog,cat,dog,1,16,6,sigmoid,large_mu,18,18,18,35,24,25296.686504293564,14192.837386252268,large_mu,disjoint_bag_coordinate_me_single_point_probe_v1,ok,,0.805,0.1
cat vs dog,cat,dog,1,16,8,sigmoid,large_mu,18,18,18,35,24,25296.686504293564,14192.837386252268,large_mu,disjoint_bag_coordinate_me_single_point_probe_v1,ok,,0.8025,1.0
cat vs dog,cat,dog,1,16,10,sigmoid,large_mu,18,18,18,35,24,25296.686504293564,14192.837386252268,large_mu,disjoint_bag_coordinate_me_single_point_probe_v1,ok,,0.8075,0.1
cat vs dog,cat,dog,1,16,16,sigmoid,large_mu,18,18,18,35,24,25296.686504293564,14192.837386252268,large_mu,disjoint_bag_coordinate_me_single_point_probe_v1,ok,,0.8025,10.0
cat vs dog,cat,dog,1,16,24,sigmoid,large_mu,18,18,18,35,24,25296.686504293564,14192.837386252268,large_mu,disjoint_bag_coordinate_me_single_point_probe_v1,rank_limited,"requested r=24, stable limit=18, available directions=24",,
cat vs dog,cat,dog,1,16,1,sigmoid,small_mu,18,18,17,35,24,25296.686504293564,14192.837386252268,,disjoint_bag_coordinate_me_single_point_probe_v1,ok,,0.7675,1.0
cat vs dog,cat,dog,1,16,2,sigmoid,small_mu,18,18,17,35,24,25296.686504293564,14192.837386252268,large_mu,disjoint_bag_coordinate_me_single_point_probe_v1,ok,,0.78,1.0
cat vs dog,cat,dog,1,16,4,sigmoid,small_mu,18,18,17,35,24,25296.686504293564,14192.837386252268,large_mu,disjoint_bag_coordinate_me_single_point_probe_v1,ok,,0.8075,0.1
cat vs dog,cat,dog,1,16,6,sigmoid,small_mu,18,18,17,35,24,25296.686504293564,14192.837386252268,large_mu,disjoint_bag_coordinate_me_single_point_probe_v1,ok,,0.795,1.0
cat vs dog,cat,dog,1,16,8,sigmoid,small_mu,18,18,17,35,24,25296.686504293564,14192.837386252268,large_mu,disjoint_bag_coordinate_me_single_point_probe_v1,ok,,0.805,10.0
cat vs dog,cat,dog,1,16,10,sigmoid,small_mu,18,18,17,35,24,25296.686504293564,14192.837386252268,large_mu,disjoint_bag_coordinate_me_single_point_probe_v1,ok,,0.805,1.0
cat vs dog,cat,dog,1,16,16,sigmoid,small_mu,18,18,17,35,24,25296.686504293564,14192.837386252268,large_mu,disjoint_bag_coordinate_me_single_point_probe_v1,ok,,0.8,0.1
cat vs dog,cat,dog,1,16,24,sigmoid,small_mu,18,18,17,35,24,25296.686504293564,14192.837386252268,large_mu,disjoint_bag_coordinate_me_single_point_probe_v1,rank_limited,"requested r=24, stable limit=17, available directions=24",,
cat vs dog,cat,dog,2,4,1,linear,large_mu,75,75,75,149,24,6828183.334911306,34867107.148835026,,disjoint_bag_coordinate_me_single_point_probe_v1,ok,,0.795,1.0
cat vs dog,cat,dog,2,4,2,linear,large_mu,75,75,75,149,24,6828183.334911306,34867107.148835026,small_mu,disjoint_bag_coordinate_me_single_point_probe_v1,ok,,0.795,0.1
cat vs dog,cat,dog,2,4,4,linear,large_mu,75,75,75,149,24,6828183.334911306,34867107.148835026,small_mu,disjoint_bag_coordinate_me_single_point_probe_v1,ok,,0.7875,0.1
cat vs dog,cat,dog,2,4,6,linear,large_mu,75,75,75,149,24,6828183.334911306,34867107.148835026,small_mu,disjoint_bag_coordinate_me_single_point_probe_v1,ok,,0.795,0.1
cat vs dog,cat,dog,2,4,8,linear,large_mu,75,75,75,149,24,6828183.334911306,34867107.148835026,large_mu,disjoint_bag_coordinate_me_single_point_probe_v1,ok,,0.795,0.1
cat vs dog,cat,dog,2,4,10,linear,large_mu,75,75,75,149,24,6828183.334911306,34867107.148835026,large_mu,disjoint_bag_coordinate_me_single_point_probe_v1,ok,,0.82,10.0
cat vs dog,cat,dog,2,4,16,linear,large_mu,75,75,75,149,24,6828183.334911306,34867107.148835026,large_mu,disjoint_bag_coordinate_me_single_point_probe_v1,ok,,0.8375,1.0
cat vs dog,cat,dog,2,4,24,linear,large_mu,75,75,75,149,24,6828183.334911306,34867107.148835026,large_mu,disjoint_bag_coordinate_me_single_point_probe_v1,ok,,0.845,0.1
cat vs dog,cat,dog,2,4,1,linear,small_mu,75,75,74,149,24,6828183.334911306,34867107.148835026,,disjoint_bag_coordinate_me_single_point_probe_v1,ok,,0.7825,0.1
cat vs dog,cat,dog,2,4,2,linear,small_mu,75,75,74,149,24,6828183.334911306,34867107.148835026,small_mu,disjoint_bag_coordinate_me_single_point_probe_v1,ok,,0.785,10.0
cat vs dog,cat,dog,2,4,4,linear,small_mu,75,75,74,149,24,6828183.334911306,34867107.148835026,small_mu,disjoint_bag_coordinate_me_single_point_probe_v1,ok,,0.785,1.0
cat vs dog,cat,dog,2,4,6,linear,small_mu,75,75,74,149,24,6828183.334911306,34867107.148835026,small_mu,disjoint_bag_coordinate_me_single_point_probe_v1,ok,,0.7775,0.1
cat vs dog,cat,dog,2,4,8,linear,small_mu,75,75,74,149,24,6828183.334911306,34867107.148835026,large_mu,disjoint_bag_coordinate_me_single_point_probe_v1,ok,,0.8025,0.1
cat vs dog,cat,dog,2,4,10,linear,small_mu,75,75,74,149,24,6828183.334911306,34867107.148835026,large_mu,disjoint_bag_coordinate_me_single_point_probe_v1,ok,,0.8,0.1
cat vs dog,cat,dog,2,4,16,linear,small_mu,75,75,74,149,24,6828183.334911306,34867107.148835026,large_mu,disjoint_bag_coordinate_me_single_point_probe_v1,ok,,0.815,1.0
cat vs dog,cat,dog,2,4,24,linear,small_mu,75,75,74,149,24,6828183.334911306,34867107.148835026,large_mu,disjoint_bag_coordinate_me_single_point_probe_v1,ok,,0.83,1.0
cat vs dog,cat,dog,2,4,1,rbf,large_mu,75,75,75,149,24,9902.269714683753,96489.2644580945,,disjoint_bag_coordinate_me_single_point_probe_v1,ok,,0.8425,10.0
cat vs dog,cat,dog,2,4,2,rbf,large_mu,75,75,75,149,24,9902.269714683753,96489.2644580945,small_mu,disjoint_bag_coordinate_me_single_point_probe_v1,ok,,0.84,1.0
cat vs dog,cat,dog,2,4,4,rbf,large_mu,75,75,75,149,24,9902.269714683753,96489.2644580945,small_mu,disjoint_bag_coordinate_me_single_point_probe_v1,ok,,0.84,0.1
cat vs dog,cat,dog,2,4,6,rbf,large_mu,75,75,75,149,24,9902.269714683753,96489.2644580945,small_mu,disjoint_bag_coordinate_me_single_point_probe_v1,ok,,0.845,0.1
cat vs dog,cat,dog,2,4,8,rbf,large_mu,75,75,75,149,24,9902.269714683753,96489.2644580945,small_mu,disjoint_bag_coordinate_me_single_point_probe_v1,ok,,0.845,0.1
cat vs dog,cat,dog,2,4,10,rbf,large_mu,75,75,75,149,24,9902.269714683753,96489.2644580945,small_mu,disjoint_bag_coordinate_me_single_point_probe_v1,ok,,0.84,1.0
cat vs dog,cat,dog,2,4,16,rbf,large_mu,75,75,75,149,24,9902.269714683753,96489.2644580945,large_mu,disjoint_bag_coordinate_me_single_point_probe_v1,ok,,0.8425,10.0
cat vs dog,cat,dog,2,4,24,rbf,large_mu,75,75,75,149,24,9902.269714683753,96489.2644580945,large_mu,disjoint_bag_coordinate_me_single_point_probe_v1,ok,,0.8475,0.1
cat vs dog,cat,dog,2,4,1,rbf,small_mu,75,75,74,149,24,9902.269714683753,96489.2644580945,,disjoint_bag_coordinate_me_single_point_probe_v1,ok,,0.8425,0.1
cat vs dog,cat,dog,2,4,2,rbf,small_mu,75,75,74,149,24,9902.269714683753,96489.2644580945,small_mu,disjoint_bag_coordinate_me_single_point_probe_v1,ok,,0.8425,0.1
cat vs dog,cat,dog,2,4,4,rbf,small_mu,75,75,74,149,24,9902.269714683753,96489.2644580945,small_mu,disjoint_bag_coordinate_me_single_point_probe_v1,ok,,0.8425,1.0
cat vs dog,cat,dog,2,4,6,rbf,small_mu,75,75,74,149,24,9902.269714683753,96489.2644580945,small_mu,disjoint_bag_coordinate_me_single_point_probe_v1,ok,,0.8475,0.1
cat vs dog,cat,dog,2,4,8,rbf,small_mu,75,75,74,149,24,9902.269714683753,96489.2644580945,small_mu,disjoint_bag_coordinate_me_single_point_probe_v1,ok,,0.84,1.0
cat vs dog,cat,dog,2,4,10,rbf,small_mu,75,75,74,149,24,9902.269714683753,96489.2644580945,small_mu,disjoint_bag_coordinate_me_single_point_probe_v1,ok,,0.8425,1.0
cat vs dog,cat,dog,2,4,16,rbf,small_mu,75,75,74,149,24,9902.269714683753,96489.2644580945,large_mu,disjoint_bag_coordinate_me_single_point_probe_v1,ok,,0.835,10.0
cat vs dog,cat,dog,2,4,24,rbf,small_mu,75,75,74,149,24,9902.269714683753,96489.2644580945,large_mu,disjoint_bag_coordinate_me_single_point_probe_v1,ok,,0.8375,1.0
cat vs dog,cat,dog,2,4,1,laplacian,large_mu,75,75,75,149,24,7569.991454641167,73567.704574397,,disjoint_bag_coordinate_me_single_point_probe_v1,ok,,0.8275,1.0
cat vs dog,cat,dog,2,4,2,laplacian,large_mu,75,75,75,149,24,7569.991454641167,73567.704574397,small_mu,disjoint_bag_coordinate_me_single_point_probe_v1,ok,,0.8375,10.0
cat vs dog,cat,dog,2,4,4,laplacian,large_mu,75,75,75,149,24,7569.991454641167,73567.704574397,small_mu,disjoint_bag_coordinate_me_single_point_probe_v1,ok,,0.845,1.0
cat vs dog,cat,dog,2,4,6,laplacian,large_mu,75,75,75,149,24,7569.991454641167,73567.704574397,small_mu,disjoint_bag_coordinate_me_single_point_probe_v1,ok,,0.8375,10.0
cat vs dog,cat,dog,2,4,8,laplacian,large_mu,75,75,75,149,24,7569.991454641167,73567.704574397,small_mu,disjoint_bag_coordinate_me_single_point_probe_v1,ok,,0.8325,1.0
cat vs dog,cat,dog,2,4,10,laplacian,large_mu,75,75,75,149,24,7569.991454641167,73567.704574397,small_mu,disjoint_bag_coordinate_me_single_point_probe_v1,ok,,0.83,10.0
cat vs dog,cat,dog,2,4,16,laplacian,large_mu,75,75,75,149,24,7569.991454641167,73567.704574397,large_mu,disjoint_bag_coordinate_me_single_point_probe_v1,ok,,0.8375,1.0
cat vs dog,cat,dog,2,4,24,laplacian,large_mu,75,75,75,149,24,7569.991454641167,73567.704574397,large_mu,disjoint_bag_coordinate_me_single_point_probe_v1,ok,,0.845,0.1
cat vs dog,cat,dog,2,4,1,laplacian,small_mu,75,75,74,149,24,7569.991454641167,73567.704574397,,disjoint_bag_coordinate_me_single_point_probe_v1,ok,,0.84,1.0
cat vs dog,cat,dog,2,4,2,laplacian,small_mu,75,75,74,149,24,7569.991454641167,73567.704574397,small_mu,disjoint_bag_coordinate_me_single_point_probe_v1,ok,,0.8375,0.1
cat vs dog,cat,dog,2,4,4,laplacian,small_mu,75,75,74,149,24,7569.991454641167,73567.704574397,small_mu,disjoint_bag_coordinate_me_single_point_probe_v1,ok,,0.8475,10.0
cat vs dog,cat,dog,2,4,6,laplacian,small_mu,75,75,74,149,24,7569.991454641167,73567.704574397,small_mu,disjoint_bag_coordinate_me_single_point_probe_v1,ok,,0.8425,10.0
cat vs dog,cat,dog,2,4,8,laplacian,small_mu,75,75,74,149,24,7569.991454641167,73567.704574397,small_mu,disjoint_bag_coordinate_me_single_point_probe_v1,ok,,0.845,10.0
cat vs dog,cat,dog,2,4,10,laplacian,small_mu,75,75,74,149,24,7569.991454641167,73567.704574397,small_mu,disjoint_bag_coordinate_me_single_point_probe_v1,ok,,0.8475,1.0
cat vs dog,cat,dog,2,4,16,laplacian,small_mu,75,75,74,149,24,7569.991454641167,73567.704574397,large_mu,disjoint_bag_coordinate_me_single_point_probe_v1,ok,,0.8475,0.1
cat vs dog,cat,dog,2,4,24,laplacian,small_mu,75,75,74,149,24,7569.991454641167,73567.704574397,large_mu,disjoint_bag_coordinate_me_single_point_probe_v1,ok,,0.8475,0.1
cat vs dog,cat,dog,2,4,1,polynomial,large_mu,75,75,75,149,24,42333.02049891479,294978.53354827734,,disjoint_bag_coordinate_me_single_point_probe_v1,ok,,0.8025,1.0
cat vs dog,cat,dog,2,4,2,polynomial,large_mu,75,75,75,149,24,42333.02049891479,294978.53354827734,small_mu,disjoint_bag_coordinate_me_single_point_probe_v1,ok,,0.8175,0.1
cat vs dog,cat,dog,2,4,4,polynomial,large_mu,75,75,75,149,24,42333.02049891479,294978.53354827734,small_mu,disjoint_bag_coordinate_me_single_point_probe_v1,ok,,0.8275,0.1
cat vs dog,cat,dog,2,4,6,polynomial,large_mu,75,75,75,149,24,42333.02049891479,294978.53354827734,small_mu,disjoint_bag_coordinate_me_single_point_probe_v1,ok,,0.825,10.0
cat vs dog,cat,dog,2,4,8,polynomial,large_mu,75,75,75,149,24,42333.02049891479,294978.53354827734,large_mu,disjoint_bag_coordinate_me_single_point_probe_v1,ok,,0.8275,10.0
cat vs dog,cat,dog,2,4,10,polynomial,large_mu,75,75,75,149,24,42333.02049891479,294978.53354827734,large_mu,disjoint_bag_coordinate_me_single_point_probe_v1,ok,,0.8225,10.0
cat vs dog,cat,dog,2,4,16,polynomial,large_mu,75,75,75,149,24,42333.02049891479,294978.53354827734,large_mu,disjoint_bag_coordinate_me_single_point_probe_v1,ok,,0.8475,0.1
cat vs dog,cat,dog,2,4,24,polynomial,large_mu,75,75,75,149,24,42333.02049891479,294978.53354827734,large_mu,disjoint_bag_coordinate_me_single_point_probe_v1,ok,,0.8325,0.1
cat vs dog,cat,dog,2,4,1,polynomial,small_mu,75,75,74,149,24,42333.02049891479,294978.53354827734,,disjoint_bag_coordinate_me_single_point_probe_v1,ok,,0.8275,1.0
cat vs dog,cat,dog,2,4,2,polynomial,small_mu,75,75,74,149,24,42333.02049891479,294978.53354827734,small_mu,disjoint_bag_coordinate_me_single_point_probe_v1,ok,,0.835,0.1
cat vs dog,cat,dog,2,4,4,polynomial,small_mu,75,75,74,149,24,42333.02049891479,294978.53354827734,small_mu,disjoint_bag_coordinate_me_single_point_probe_v1,ok,,0.8325,1.0
cat vs dog,cat,dog,2,4,6,polynomial,small_mu,75,75,74,149,24,42333.02049891479,294978.53354827734,small_mu,disjoint_bag_coordinate_me_single_point_probe_v1,ok,,0.835,1.0
cat vs dog,cat,dog,2,4,8,polynomial,small_mu,75,75,74,149,24,42333.02049891479,294978.53354827734,large_mu,disjoint_bag_coordinate_me_single_point_probe_v1,ok,,0.8425,10.0
cat vs dog,cat,dog,2,4,10,polynomial,small_mu,75,75,74,149,24,42333.02049891479,294978.53354827734,large_mu,disjoint_bag_coordinate_me_single_point_probe_v1,ok,,0.8325,1.0
cat vs dog,cat,dog,2,4,16,polynomial,small_mu,75,75,74,149,24,42333.02049891479,294978.53354827734,large_mu,disjoint_bag_coordinate_me_single_point_probe_v1,ok,,0.845,0.1
cat vs dog,cat,dog,2,4,24,polynomial,small_mu,75,75,74,149,24,42333.02049891479,294978.53354827734,large_mu,disjoint_bag_coordinate_me_single_point_probe_v1,ok,,0.8275,1.0
cat vs dog,cat,dog,2,4,1,sigmoid,large_mu,75,75,75,109,24,5703.681068418216,22635.319445997367,,disjoint_bag_coordinate_me_single_point_probe_v1,ok,,0.7525,0.1
cat vs dog,cat,dog,2,4,2,sigmoid,large_mu,75,75,75,109,24,5703.681068418216,22635.319445997367,small_mu,disjoint_bag_coordinate_me_single_point_probe_v1,ok,,0.755,1.0
cat vs dog,cat,dog,2,4,4,sigmoid,large_mu,75,75,75,109,24,5703.681068418216,22635.319445997367,small_mu,disjoint_bag_coordinate_me_single_point_probe_v1,ok,,0.74,1.0
cat vs dog,cat,dog,2,4,6,sigmoid,large_mu,75,75,75,109,24,5703.681068418216,22635.319445997367,large_mu,disjoint_bag_coordinate_me_single_point_probe_v1,ok,,0.75,0.1
cat vs dog,cat,dog,2,4,8,sigmoid,large_mu,75,75,75,109,24,5703.681068418216,22635.319445997367,large_mu,disjoint_bag_coordinate_me_single_point_probe_v1,ok,,0.7475,0.1
cat vs dog,cat,dog,2,4,10,sigmoid,large_mu,75,75,75,109,24,5703.681068418216,22635.319445997367,large_mu,disjoint_bag_coordinate_me_single_point_probe_v1,ok,,0.75,1.0
cat vs dog,cat,dog,2,4,16,sigmoid,large_mu,75,75,75,109,24,5703.681068418216,22635.319445997367,large_mu,disjoint_bag_coordinate_me_single_point_probe_v1,ok,,0.7475,0.1
cat vs dog,cat,dog,2,4,24,sigmoid,large_mu,75,75,75,109,24,5703.681068418216,22635.319445997367,large_mu,disjoint_bag_coordinate_me_single_point_probe_v1,ok,,0.7525,0.1
cat vs dog,cat,dog,2,4,1,sigmoid,small_mu,75,75,74,109,24,5703.681068418216,22635.319445997367,,disjoint_bag_coordinate_me_single_point_probe_v1,ok,,0.6275,0.1
cat vs dog,cat,dog,2,4,2,sigmoid,small_mu,75,75,74,109,24,5703.681068418216,22635.319445997367,small_mu,disjoint_bag_coordinate_me_single_point_probe_v1,ok,,0.645,0.1
cat vs dog,cat,dog,2,4,4,sigmoid,small_mu,75,75,74,109,24,5703.681068418216,22635.319445997367,small_mu,disjoint_bag_coordinate_me_single_point_probe_v1,ok,,0.635,0.1
cat vs dog,cat,dog,2,4,6,sigmoid,small_mu,75,75,74,109,24,5703.681068418216,22635.319445997367,large_mu,disjoint_bag_coordinate_me_single_point_probe_v1,ok,,0.65,0.1
cat vs dog,cat,dog,2,4,8,sigmoid,small_mu,75,75,74,109,24,5703.681068418216,22635.319445997367,large_mu,disjoint_bag_coordinate_me_single_point_probe_v1,ok,,0.645,1.0
cat vs dog,cat,dog,2,4,10,sigmoid,small_mu,75,75,74,109,24,5703.681068418216,22635.319445997367,large_mu,disjoint_bag_coordinate_me_single_point_probe_v1,ok,,0.66,1.0
cat vs dog,cat,dog,2,4,16,sigmoid,small_mu,75,75,74,109,24,5703.681068418216,22635.319445997367,large_mu,disjoint_bag_coordinate_me_single_point_probe_v1,ok,,0.6425,0.1
cat vs dog,cat,dog,2,4,24,sigmoid,small_mu,75,75,74,109,24,5703.681068418216,22635.319445997367,large_mu,disjoint_bag_coordinate_me_single_point_probe_v1,ok,,0.715,1.0
cat vs dog,cat,dog,2,8,1,linear,large_mu,37,37,37,73,24,10477633.966180678,21582849.85525735,,disjoint_bag_coordinate_me_single_point_probe_v1,ok,,0.81,1.0
cat vs dog,cat,dog,2,8,2,linear,large_mu,37,37,37,73,24,10477633.966180678,21582849.85525735,small_mu,disjoint_bag_coordinate_me_single_point_probe_v1,ok,,0.82,0.1
cat vs dog,cat,dog,2,8,4,linear,large_mu,37,37,37,73,24,10477633.966180678,21582849.85525735,large_mu,disjoint_bag_coordinate_me_single_point_probe_v1,ok,,0.82,1.0
cat vs dog,cat,dog,2,8,6,linear,large_mu,37,37,37,73,24,10477633.966180678,21582849.85525735,large_mu,disjoint_bag_coordinate_me_single_point_probe_v1,ok,,0.82,1.0
cat vs dog,cat,dog,2,8,8,linear,large_mu,37,37,37,73,24,10477633.966180678,21582849.85525735,large_mu,disjoint_bag_coordinate_me_single_point_probe_v1,ok,,0.8175,10.0
cat vs dog,cat,dog,2,8,10,linear,large_mu,37,37,37,73,24,10477633.966180678,21582849.85525735,large_mu,disjoint_bag_coordinate_me_single_point_probe_v1,ok,,0.81,0.1
cat vs dog,cat,dog,2,8,16,linear,large_mu,37,37,37,73,24,10477633.966180678,21582849.85525735,large_mu,disjoint_bag_coordinate_me_single_point_probe_v1,ok,,0.83,0.1
cat vs dog,cat,dog,2,8,24,linear,large_mu,37,37,37,73,24,10477633.966180678,21582849.85525735,large_mu,disjoint_bag_coordinate_me_single_point_probe_v1,ok,,0.83,10.0
cat vs dog,cat,dog,2,8,1,linear,small_mu,37,37,36,73,24,10477633.966180678,21582849.85525735,,disjoint_bag_coordinate_me_single_point_probe_v1,ok,,0.7675,0.1
cat vs dog,cat,dog,2,8,2,linear,small_mu,37,37,36,73,24,10477633.966180678,21582849.85525735,small_mu,disjoint_bag_coordinate_me_single_point_probe_v1,ok,,0.78,10.0
cat vs dog,cat,dog,2,8,4,linear,small_mu,37,37,36,73,24,10477633.966180678,21582849.85525735,large_mu,disjoint_bag_coordinate_me_single_point_probe_v1,ok,,0.8025,1.0
cat vs dog,cat,dog,2,8,6,linear,small_mu,37,37,36,73,24,10477633.966180678,21582849.85525735,large_mu,disjoint_bag_coordinate_me_single_point_probe_v1,ok,,0.795,0.1
cat vs dog,cat,dog,2,8,8,linear,small_mu,37,37,36,73,24,10477633.966180678,21582849.85525735,large_mu,disjoint_bag_coordinate_me_single_point_probe_v1,ok,,0.7875,10.0
cat vs dog,cat,dog,2,8,10,linear,small_mu,37,37,36,73,24,10477633.966180678,21582849.85525735,large_mu,disjoint_bag_coordinate_me_single_point_probe_v1,ok,,0.81,0.1
cat vs dog,cat,dog,2,8,16,linear,small_mu,37,37,36,73,24,10477633.966180678,21582849.85525735,large_mu,disjoint_bag_coordinate_me_single_point_probe_v1,ok,,0.815,1.0
cat vs dog,cat,dog,2,8,24,linear,small_mu,37,37,36,73,24,10477633.966180678,21582849.85525735,large_mu,disjoint_bag_coordinate_me_single_point_probe_v1,ok,,0.8025,1.0
cat vs dog,cat,dog,2,8,1,rbf,large_mu,37,37,37,73,24,11390.517729912031,48711.056024034195,,disjoint_bag_coordinate_me_single_point_probe_v1,ok,,0.84,0.1
cat vs dog,cat,dog,2,8,2,rbf,large_mu,37,37,37,73,24,11390.517729912031,48711.056024034195,small_mu,disjoint_bag_coordinate_me_single_point_probe_v1,ok,,0.835,1.0
cat vs dog,cat,dog,2,8,4,rbf,large_mu,37,37,37,73,24,11390.517729912031,48711.056024034195,small_mu,disjoint_bag_coordinate_me_single_point_probe_v1,ok,,0.84,10.0
cat vs dog,cat,dog,2,8,6,rbf,large_mu,37,37,37,73,24,11390.517729912031,48711.056024034195,large_mu,disjoint_bag_coordinate_me_single_point_probe_v1,ok,,0.855,0.1
cat vs dog,cat,dog,2,8,8,rbf,large_mu,37,37,37,73,24,11390.517729912031,48711.056024034195,large_mu,disjoint_bag_coordinate_me_single_point_probe_v1,ok,,0.8625,10.0
cat vs dog,cat,dog,2,8,10,rbf,large_mu,37,37,37,73,24,11390.517729912031,48711.056024034195,large_mu,disjoint_bag_coordinate_me_single_point_probe_v1,ok,,0.855,1.0
cat vs dog,cat,dog,2,8,16,rbf,large_mu,37,37,37,73,24,11390.517729912031,48711.056024034195,large_mu,disjoint_bag_coordinate_me_single_point_probe_v1,ok,,0.8575,1.0
cat vs dog,cat,dog,2,8,24,rbf,large_mu,37,37,37,73,24,11390.517729912031,48711.056024034195,large_mu,disjoint_bag_coordinate_me_single_point_probe_v1,ok,,0.8475,0.1
cat vs dog,cat,dog,2,8,1,rbf,small_mu,37,37,36,73,24,11390.517729912031,48711.056024034195,,disjoint_bag_coordinate_me_single_point_probe_v1,ok,,0.8525,0.1
cat vs dog,cat,dog,2,8,2,rbf,small_mu,37,37,36,73,24,11390.517729912031,48711.056024034195,small_mu,disjoint_bag_coordinate_me_single_point_probe_v1,ok,,0.8525,0.1
cat vs dog,cat,dog,2,8,4,rbf,small_mu,37,37,36,73,24,11390.517729912031,48711.056024034195,small_mu,disjoint_bag_coordinate_me_single_point_probe_v1,ok,,0.8575,1.0
cat vs dog,cat,dog,2,8,6,rbf,small_mu,37,37,36,73,24,11390.517729912031,48711.056024034195,large_mu,disjoint_bag_coordinate_me_single_point_probe_v1,ok,,0.8525,0.1
cat vs dog,cat,dog,2,8,8,rbf,small_mu,37,37,36,73,24,11390.517729912031,48711.056024034195,large_mu,disjoint_bag_coordinate_me_single_point_probe_v1,ok,,0.8525,1.0
cat vs dog,cat,dog,2,8,10,rbf,small_mu,37,37,36,73,24,11390.517729912031,48711.056024034195,large_mu,disjoint_bag_coordinate_me_single_point_probe_v1,ok,,0.855,1.0
cat vs dog,cat,dog,2,8,16,rbf,small_mu,37,37,36,73,24,11390.517729912031,48711.056024034195,large_mu,disjoint_bag_coordinate_me_single_point_probe_v1,ok,,0.845,1.0
cat vs dog,cat,dog,2,8,24,rbf,small_mu,37,37,36,73,24,11390.517729912031,48711.056024034195,large_mu,disjoint_bag_coordinate_me_single_point_probe_v1,ok,,0.855,1.0
cat vs dog,cat,dog,2,8,1,laplacian,large_mu,37,37,37,73,24,8613.677983597594,36980.87334517726,,disjoint_bag_coordinate_me_single_point_probe_v1,ok,,0.8525,1.0
cat vs dog,cat,dog,2,8,2,laplacian,large_mu,37,37,37,73,24,8613.677983597594,36980.87334517726,small_mu,disjoint_bag_coordinate_me_single_point_probe_v1,ok,,0.85,0.1
cat vs dog,cat,dog,2,8,4,laplacian,large_mu,37,37,37,73,24,8613.677983597594,36980.87334517726,small_mu,disjoint_bag_coordinate_me_single_point_probe_v1,ok,,0.845,0.1
cat vs dog,cat,dog,2,8,6,laplacian,large_mu,37,37,37,73,24,8613.677983597594,36980.87334517726,large_mu,disjoint_bag_coordinate_me_single_point_probe_v1,ok,,0.8475,1.0
cat vs dog,cat,dog,2,8,8,laplacian,large_mu,37,37,37,73,24,8613.677983597594,36980.87334517726,large_mu,disjoint_bag_coordinate_me_single_point_probe_v1,ok,,0.8525,0.1
cat vs dog,cat,dog,2,8,10,laplacian,large_mu,37,37,37,73,24,8613.677983597594,36980.87334517726,large_mu,disjoint_bag_coordinate_me_single_point_probe_v1,ok,,0.845,10.0
cat vs dog,cat,dog,2,8,16,laplacian,large_mu,37,37,37,73,24,8613.677983597594,36980.87334517726,large_mu,disjoint_bag_coordinate_me_single_point_probe_v1,ok,,0.8475,0.1
cat vs dog,cat,dog,2,8,24,laplacian,large_mu,37,37,37,73,24,8613.677983597594,36980.87334517726,large_mu,disjoint_bag_coordinate_me_single_point_probe_v1,ok,,0.85,0.1
cat vs dog,cat,dog,2,8,1,laplacian,small_mu,37,37,36,73,24,8613.677983597594,36980.87334517726,,disjoint_bag_coordinate_me_single_point_probe_v1,ok,,0.85,0.1
cat vs dog,cat,dog,2,8,2,laplacian,small_mu,37,37,36,73,24,8613.677983597594,36980.87334517726,small_mu,disjoint_bag_coordinate_me_single_point_probe_v1,ok,,0.85,0.1
cat vs dog,cat,dog,2,8,4,laplacian,small_mu,37,37,36,73,24,8613.677983597594,36980.87334517726,small_mu,disjoint_bag_coordinate_me_single_point_probe_v1,ok,,0.85,10.0
cat vs dog,cat,dog,2,8,6,laplacian,small_mu,37,37,36,73,24,8613.677983597594,36980.87334517726,large_mu,disjoint_bag_coordinate_me_single_point_probe_v1,ok,,0.8475,10.0
cat vs dog,cat,dog,2,8,8,laplacian,small_mu,37,37,36,73,24,8613.677983597594,36980.87334517726,large_mu,disjoint_bag_coordinate_me_single_point_probe_v1,ok,,0.8525,0.1
cat vs dog,cat,dog,2,8,10,laplacian,small_mu,37,37,36,73,24,8613.677983597594,36980.87334517726,large_mu,disjoint_bag_coordinate_me_single_point_probe_v1,ok,,0.8525,1.0
cat vs dog,cat,dog,2,8,16,laplacian,small_mu,37,37,36,73,24,8613.677983597594,36980.87334517726,large_mu,disjoint_bag_coordinate_me_single_point_probe_v1,ok,,0.85,0.1
cat vs dog,cat,dog,2,8,24,laplacian,small_mu,37,37,36,73,24,8613.677983597594,36980.87334517726,large_mu,disjoint_bag_coordinate_me_single_point_probe_v1,ok,,0.8575,10.0
cat vs dog,cat,dog,2,8,1,polynomial,large_mu,37,37,37,73,24,57603.11763469932,156060.00755300617,,disjoint_bag_coordinate_me_single_point_probe_v1,ok,,0.835,0.1
cat vs dog,cat,dog,2,8,2,polynomial,large_mu,37,37,37,73,24,57603.11763469932,156060.00755300617,small_mu,disjoint_bag_coordinate_me_single_point_probe_v1,ok,,0.81,1.0
cat vs dog,cat,dog,2,8,4,polynomial,large_mu,37,37,37,73,24,57603.11763469932,156060.00755300617,large_mu,disjoint_bag_coordinate_me_single_point_probe_v1,ok,,0.8125,0.1
cat vs dog,cat,dog,2,8,6,polynomial,large_mu,37,37,37,73,24,57603.11763469932,156060.00755300617,large_mu,disjoint_bag_coordinate_me_single_point_probe_v1,ok,,0.8325,1.0
cat vs dog,cat,dog,2,8,8,polynomial,large_mu,37,37,37,73,24,57603.11763469932,156060.00755300617,large_mu,disjoint_bag_coordinate_me_single_point_probe_v1,ok,,0.8475,0.1
cat vs dog,cat,dog,2,8,10,polynomial,large_mu,37,37,37,73,24,57603.11763469932,156060.00755300617,large_mu,disjoint_bag_coordinate_me_single_point_probe_v1,ok,,0.8325,10.0
cat vs dog,cat,dog,2,8,16,polynomial,large_mu,37,37,37,73,24,57603.11763469932,156060.00755300617,large_mu,disjoint_bag_coordinate_me_single_point_probe_v1,ok,,0.84,10.0
cat vs dog,cat,dog,2,8,24,polynomial,large_mu,37,37,37,73,24,57603.11763469932,156060.00755300617,large_mu,disjoint_bag_coordinate_me_single_point_probe_v1,ok,,0.8525,1.0
cat vs dog,cat,dog,2,8,1,polynomial,small_mu,37,37,36,73,24,57603.11763469932,156060.00755300617,,disjoint_bag_coordinate_me_single_point_probe_v1,ok,,0.8075,1.0
cat vs dog,cat,dog,2,8,2,polynomial,small_mu,37,37,36,73,24,57603.11763469932,156060.00755300617,small_mu,disjoint_bag_coordinate_me_single_point_probe_v1,ok,,0.8325,1.0
cat vs dog,cat,dog,2,8,4,polynomial,small_mu,37,37,36,73,24,57603.11763469932,156060.00755300617,large_mu,disjoint_bag_coordinate_me_single_point_probe_v1,ok,,0.83,10.0
cat vs dog,cat,dog,2,8,6,polynomial,small_mu,37,37,36,73,24,57603.11763469932,156060.00755300617,large_mu,disjoint_bag_coordinate_me_single_point_probe_v1,ok,,0.8325,1.0
cat vs dog,cat,dog,2,8,8,polynomial,small_mu,37,37,36,73,24,57603.11763469932,156060.00755300617,large_mu,disjoint_bag_coordinate_me_single_point_probe_v1,ok,,0.83,1.0
cat vs dog,cat,dog,2,8,10,polynomial,small_mu,37,37,36,73,24,57603.11763469932,156060.00755300617,large_mu,disjoint_bag_coordinate_me_single_point_probe_v1,ok,,0.835,0.1
cat vs dog,cat,dog,2,8,16,polynomial,small_mu,37,37,36,73,24,57603.11763469932,156060.00755300617,large_mu,disjoint_bag_coordinate_me_single_point_probe_v1,ok,,0.83,0.1
cat vs dog,cat,dog,2,8,24,polynomial,small_mu,37,37,36,73,24,57603.11763469932,156060.00755300617,large_mu,disjoint_bag_coordinate_me_single_point_probe_v1,ok,,0.83,10.0
cat vs dog,cat,dog,2,8,1,sigmoid,large_mu,37,37,37,67,24,12920.350369107657,20725.511216677376,,disjoint_bag_coordinate_me_single_point_probe_v1,ok,,0.75,0.1
cat vs dog,cat,dog,2,8,2,sigmoid,large_mu,37,37,37,67,24,12920.350369107657,20725.511216677376,small_mu,disjoint_bag_coordinate_me_single_point_probe_v1,ok,,0.7525,0.1
cat vs dog,cat,dog,2,8,4,sigmoid,large_mu,37,37,37,67,24,12920.350369107657,20725.511216677376,large_mu,disjoint_bag_coordinate_me_single_point_probe_v1,ok,,0.7475,0.1
cat vs dog,cat,dog,2,8,6,sigmoid,large_mu,37,37,37,67,24,12920.350369107657,20725.511216677376,large_mu,disjoint_bag_coordinate_me_single_point_probe_v1,ok,,0.7475,1.0
cat vs dog,cat,dog,2,8,8,sigmoid,large_mu,37,37,37,67,24,12920.350369107657,20725.511216677376,large_mu,disjoint_bag_coordinate_me_single_point_probe_v1,ok,,0.75,0.1
cat vs dog,cat,dog,2,8,10,sigmoid,large_mu,37,37,37,67,24,12920.350369107657,20725.511216677376,large_mu,disjoint_bag_coordinate_me_single_point_probe_v1,ok,,0.76,0.1
cat vs dog,cat,dog,2,8,16,sigmoid,large_mu,37,37,37,67,24,12920.350369107657,20725.511216677376,large_mu,disjoint_bag_coordinate_me_single_point_probe_v1,ok,,0.755,0.1
cat vs dog,cat,dog,2,8,24,sigmoid,large_mu,37,37,37,67,24,12920.350369107657,20725.511216677376,large_mu,disjoint_bag_coordinate_me_single_point_probe_v1,ok,,0.7675,1.0
cat vs dog,cat,dog,2,8,1,sigmoid,small_mu,37,37,36,67,24,12920.350369107657,20725.511216677376,,disjoint_bag_coordinate_me_single_point_probe_v1,ok,,0.6275,0.1
cat vs dog,cat,dog,2,8,2,sigmoid,small_mu,37,37,36,67,24,12920.350369107657,20725.511216677376,small_mu,disjoint_bag_coordinate_me_single_point_probe_v1,ok,,0.6725,1.0
cat vs dog,cat,dog,2,8,4,sigmoid,small_mu,37,37,36,67,24,12920.350369107657,20725.511216677376,large_mu,disjoint_bag_coordinate_me_single_point_probe_v1,ok,,0.67,0.1
cat vs dog,cat,dog,2,8,6,sigmoid,small_mu,37,37,36,67,24,12920.350369107657,20725.511216677376,large_mu,disjoint_bag_coordinate_me_single_point_probe_v1,ok,,0.7075,0.1
cat vs dog,cat,dog,2,8,8,sigmoid,small_mu,37,37,36,67,24,12920.350369107657,20725.511216677376,large_mu,disjoint_bag_coordinate_me_single_point_probe_v1,ok,,0.715,1.0
cat vs dog,cat,dog,2,8,10,sigmoid,small_mu,37,37,36,67,24,12920.350369107657,20725.511216677376,large_mu,disjoint_bag_coordinate_me_single_point_probe_v1,ok,,0.73,0.1
cat vs dog,cat,dog,2,8,16,sigmoid,small_mu,37,37,36,67,24,12920.350369107657,20725.511216677376,large_mu,disjoint_bag_coordinate_me_single_point_probe_v1,ok,,0.75,0.1
cat vs dog,cat,dog,2,8,24,sigmoid,small_mu,37,37,36,67,24,12920.350369107657,20725.511216677376,large_mu,disjoint_bag_coordinate_me_single_point_probe_v1,ok,,0.7825,0.1
cat vs dog,cat,dog,2,16,1,linear,large_mu,18,18,18,35,19,16746882.163123414,12092707.32011022,,disjoint_bag_coordinate_me_single_point_probe_v1,ok,,0.8175,1.0
cat vs dog,cat,dog,2,16,2,linear,large_mu,18,18,18,35,19,16746882.163123414,12092707.32011022,large_mu,disjoint_bag_coordinate_me_single_point_probe_v1,ok,,0.8175,0.1
cat vs dog,cat,dog,2,16,4,linear,large_mu,18,18,18,35,19,16746882.163123414,12092707.32011022,large_mu,disjoint_bag_coordinate_me_single_point_probe_v1,ok,,0.825,0.1
cat vs dog,cat,dog,2,16,6,linear,large_mu,18,18,18,35,19,16746882.163123414,12092707.32011022,large_mu,disjoint_bag_coordinate_me_single_point_probe_v1,ok,,0.84,0.1
cat vs dog,cat,dog,2,16,8,linear,large_mu,18,18,18,35,19,16746882.163123414,12092707.32011022,large_mu,disjoint_bag_coordinate_me_single_point_probe_v1,ok,,0.85,1.0
cat vs dog,cat,dog,2,16,10,linear,large_mu,18,18,18,35,19,16746882.163123414,12092707.32011022,large_mu,disjoint_bag_coordinate_me_single_point_probe_v1,ok,,0.85,10.0
cat vs dog,cat,dog,2,16,16,linear,large_mu,18,18,18,35,19,16746882.163123414,12092707.32011022,large_mu,disjoint_bag_coordinate_me_single_point_probe_v1,ok,,0.8425,1.0
cat vs dog,cat,dog,2,16,24,linear,large_mu,18,18,18,35,19,16746882.163123414,12092707.32011022,large_mu,disjoint_bag_coordinate_me_single_point_probe_v1,rank_limited,"requested r=24, stable limit=18, available directions=19",,
cat vs dog,cat,dog,2,16,1,linear,small_mu,18,18,17,35,18,16746882.163123414,12092707.32011022,,disjoint_bag_coordinate_me_single_point_probe_v1,ok,,0.805,10.0
cat vs dog,cat,dog,2,16,2,linear,small_mu,18,18,17,35,18,16746882.163123414,12092707.32011022,large_mu,disjoint_bag_coordinate_me_single_point_probe_v1,ok,,0.805,10.0
cat vs dog,cat,dog,2,16,4,linear,small_mu,18,18,17,35,18,16746882.163123414,12092707.32011022,large_mu,disjoint_bag_coordinate_me_single_point_probe_v1,ok,,0.8,0.1
cat vs dog,cat,dog,2,16,6,linear,small_mu,18,18,17,35,18,16746882.163123414,12092707.32011022,large_mu,disjoint_bag_coordinate_me_single_point_probe_v1,ok,,0.805,1.0
cat vs dog,cat,dog,2,16,8,linear,small_mu,18,18,17,35,18,16746882.163123414,12092707.32011022,large_mu,disjoint_bag_coordinate_me_single_point_probe_v1,ok,,0.81,0.1
cat vs dog,cat,dog,2,16,10,linear,small_mu,18,18,17,35,18,16746882.163123414,12092707.32011022,large_mu,disjoint_bag_coordinate_me_single_point_probe_v1,ok,,0.81,1.0
cat vs dog,cat,dog,2,16,16,linear,small_mu,18,18,17,35,18,16746882.163123414,12092707.32011022,large_mu,disjoint_bag_coordinate_me_single_point_probe_v1,ok,,0.825,0.1
cat vs dog,cat,dog,2,16,24,linear,small_mu,18,18,17,35,18,16746882.163123414,12092707.32011022,large_mu,disjoint_bag_coordinate_me_single_point_probe_v1,rank_limited,"requested r=24, stable limit=17, available directions=18",,
cat vs dog,cat,dog,2,16,1,rbf,large_mu,18,18,18,35,24,12794.399145719844,23579.17857072081,,disjoint_bag_coordinate_me_single_point_probe_v1,ok,,0.8325,0.1
cat vs dog,cat,dog,2,16,2,rbf,large_mu,18,18,18,35,24,12794.399145719844,23579.17857072081,small_mu,disjoint_bag_coordinate_me_single_point_probe_v1,ok,,0.83,0.1
cat vs dog,cat,dog,2,16,4,rbf,large_mu,18,18,18,35,24,12794.399145719844,23579.17857072081,large_mu,disjoint_bag_coordinate_me_single_point_probe_v1,ok,,0.8675,1.0
cat vs dog,cat,dog,2,16,6,rbf,large_mu,18,18,18,35,24,12794.399145719844,23579.17857072081,large_mu,disjoint_bag_coordinate_me_single_point_probe_v1,ok,,0.86,1.0
cat vs dog,cat,dog,2,16,8,rbf,large_mu,18,18,18,35,24,12794.399145719844,23579.17857072081,large_mu,disjoint_bag_coordinate_me_single_point_probe_v1,ok,,0.8625,1.0
cat vs dog,cat,dog,2,16,10,rbf,large_mu,18,18,18,35,24,12794.399145719844,23579.17857072081,large_mu,disjoint_bag_coordinate_me_single_point_probe_v1,ok,,0.86,0.1
cat vs dog,cat,dog,2,16,16,rbf,large_mu,18,18,18,35,24,12794.399145719844,23579.17857072081,large_mu,disjoint_bag_coordinate_me_single_point_probe_v1,ok,,0.8625,0.1
cat vs dog,cat,dog,2,16,24,rbf,large_mu,18,18,18,35,24,12794.399145719844,23579.17857072081,large_mu,disjoint_bag_coordinate_me_single_point_probe_v1,rank_limited,"requested r=24, stable limit=18, available directions=24",,
cat vs dog,cat,dog,2,16,1,rbf,small_mu,18,18,17,35,24,12794.399145719844,23579.17857072081,,disjoint_bag_coordinate_me_single_point_probe_v1,ok,,0.8525,0.1
cat vs dog,cat,dog,2,16,2,rbf,small_mu,18,18,17,35,24,12794.399145719844,23579.17857072081,small_mu,disjoint_bag_coordinate_me_single_point_probe_v1,ok,,0.8425,0.1
cat vs dog,cat,dog,2,16,4,rbf,small_mu,18,18,17,35,24,12794.399145719844,23579.17857072081,large_mu,disjoint_bag_coordinate_me_single_point_probe_v1,ok,,0.855,0.1
cat vs dog,cat,dog,2,16,6,rbf,small_mu,18,18,17,35,24,12794.399145719844,23579.17857072081,large_mu,disjoint_bag_coordinate_me_single_point_probe_v1,ok,,0.8625,10.0
cat vs dog,cat,dog,2,16,8,rbf,small_mu,18,18,17,35,24,12794.399145719844,23579.17857072081,large_mu,disjoint_bag_coordinate_me_single_point_probe_v1,ok,,0.855,0.1
cat vs dog,cat,dog,2,16,10,rbf,small_mu,18,18,17,35,24,12794.399145719844,23579.17857072081,large_mu,disjoint_bag_coordinate_me_single_point_probe_v1,ok,,0.8625,1.0
cat vs dog,cat,dog,2,16,16,rbf,small_mu,18,18,17,35,24,12794.399145719844,23579.17857072081,large_mu,disjoint_bag_coordinate_me_single_point_probe_v1,ok,,0.8575,0.1
cat vs dog,cat,dog,2,16,24,rbf,small_mu,18,18,17,35,24,12794.399145719844,23579.17857072081,large_mu,disjoint_bag_coordinate_me_single_point_probe_v1,rank_limited,"requested r=24, stable limit=17, available directions=24",,
cat vs dog,cat,dog,2,16,1,laplacian,large_mu,18,18,18,35,24,9922.85023275844,18039.205920221702,,disjoint_bag_coordinate_me_single_point_probe_v1,ok,,0.84,0.1
cat vs dog,cat,dog,2,16,2,laplacian,large_mu,18,18,18,35,24,9922.85023275844,18039.205920221702,small_mu,disjoint_bag_coordinate_me_single_point_probe_v1,ok,,0.84,1.0
cat vs dog,cat,dog,2,16,4,laplacian,large_mu,18,18,18,35,24,9922.85023275844,18039.205920221702,large_mu,disjoint_bag_coordinate_me_single_point_probe_v1,ok,,0.8575,1.0
cat vs dog,cat,dog,2,16,6,laplacian,large_mu,18,18,18,35,24,9922.85023275844,18039.205920221702,large_mu,disjoint_bag_coordinate_me_single_point_probe_v1,ok,,0.8575,10.0
cat vs dog,cat,dog,2,16,8,laplacian,large_mu,18,18,18,35,24,9922.85023275844,18039.205920221702,large_mu,disjoint_bag_coordinate_me_single_point_probe_v1,ok,,0.8575,10.0
cat vs dog,cat,dog,2,16,10,laplacian,large_mu,18,18,18,35,24,9922.85023275844,18039.205920221702,large_mu,disjoint_bag_coordinate_me_single_point_probe_v1,ok,,0.8575,10.0
cat vs dog,cat,dog,2,16,16,laplacian,large_mu,18,18,18,35,24,9922.85023275844,18039.205920221702,large_mu,disjoint_bag_coordinate_me_single_point_probe_v1,ok,,0.8525,1.0
cat vs dog,cat,dog,2,16,24,laplacian,large_mu,18,18,18,35,24,9922.85023275844,18039.205920221702,large_mu,disjoint_bag_coordinate_me_single_point_probe_v1,rank_limited,"requested r=24, stable limit=18, available directions=24",,
cat vs dog,cat,dog,2,16,1,laplacian,small_mu,18,18,17,35,24,9922.85023275844,18039.205920221702,,disjoint_bag_coordinate_me_single_point_probe_v1,ok,,0.85,1.0
cat vs dog,cat,dog,2,16,2,laplacian,small_mu,18,18,17,35,24,9922.85023275844,18039.205920221702,small_mu,disjoint_bag_coordinate_me_single_point_probe_v1,ok,,0.8525,1.0
cat vs dog,cat,dog,2,16,4,laplacian,small_mu,18,18,17,35,24,9922.85023275844,18039.205920221702,large_mu,disjoint_bag_coordinate_me_single_point_probe_v1,ok,,0.8475,1.0
cat vs dog,cat,dog,2,16,6,laplacian,small_mu,18,18,17,35,24,9922.85023275844,18039.205920221702,large_mu,disjoint_bag_coordinate_me_single_point_probe_v1,ok,,0.855,10.0
cat vs dog,cat,dog,2,16,8,laplacian,small_mu,18,18,17,35,24,9922.85023275844,18039.205920221702,large_mu,disjoint_bag_coordinate_me_single_point_probe_v1,ok,,0.8575,0.1
cat vs dog,cat,dog,2,16,10,laplacian,small_mu,18,18,17,35,24,9922.85023275844,18039.205920221702,large_mu,disjoint_bag_coordinate_me_single_point_probe_v1,ok,,0.855,10.0
cat vs dog,cat,dog,2,16,16,laplacian,small_mu,18,18,17,35,24,9922.85023275844,18039.205920221702,large_mu,disjoint_bag_coordinate_me_single_point_probe_v1,ok,,0.8525,1.0
cat vs dog,cat,dog,2,16,24,laplacian,small_mu,18,18,17,35,24,9922.85023275844,18039.205920221702,large_mu,disjoint_bag_coordinate_me_single_point_probe_v1,rank_limited,"requested r=24, stable limit=17, available directions=24",,
cat vs dog,cat,dog,2,16,1,polynomial,large_mu,18,18,18,35,24,76768.95124502182,79892.74415638487,,disjoint_bag_coordinate_me_single_point_probe_v1,ok,,0.8375,0.1
cat vs dog,cat,dog,2,16,2,polynomial,large_mu,18,18,18,35,24,76768.95124502182,79892.74415638487,small_mu,disjoint_bag_coordinate_me_single_point_probe_v1,ok,,0.8325,0.1
cat vs dog,cat,dog,2,16,4,polynomial,large_mu,18,18,18,35,24,76768.95124502182,79892.74415638487,large_mu,disjoint_bag_coordinate_me_single_point_probe_v1,ok,,0.845,1.0
cat vs dog,cat,dog,2,16,6,polynomial,large_mu,18,18,18,35,24,76768.95124502182,79892.74415638487,large_mu,disjoint_bag_coordinate_me_single_point_probe_v1,ok,,0.8425,1.0
cat vs dog,cat,dog,2,16,8,polynomial,large_mu,18,18,18,35,24,76768.95124502182,79892.74415638487,large_mu,disjoint_bag_coordinate_me_single_point_probe_v1,ok,,0.845,0.1
cat vs dog,cat,dog,2,16,10,polynomial,large_mu,18,18,18,35,24,76768.95124502182,79892.74415638487,large_mu,disjoint_bag_coordinate_me_single_point_probe_v1,ok,,0.825,10.0
cat vs dog,cat,dog,2,16,16,polynomial,large_mu,18,18,18,35,24,76768.95124502182,79892.74415638487,large_mu,disjoint_bag_coordinate_me_single_point_probe_v1,ok,,0.84,1.0
cat vs dog,cat,dog,2,16,24,polynomial,large_mu,18,18,18,35,24,76768.95124502182,79892.74415638487,large_mu,disjoint_bag_coordinate_me_single_point_probe_v1,rank_limited,"requested r=24, stable limit=18, available directions=24",,
cat vs dog,cat,dog,2,16,1,polynomial,small_mu,18,18,17,35,24,76768.95124502182,79892.74415638487,,disjoint_bag_coordinate_me_single_point_probe_v1,ok,,0.83,0.1
cat vs dog,cat,dog,2,16,2,polynomial,small_mu,18,18,17,35,24,76768.95124502182,79892.74415638487,small_mu,disjoint_bag_coordinate_me_single_point_probe_v1,ok,,0.8225,10.0
cat vs dog,cat,dog,2,16,4,polynomial,small_mu,18,18,17,35,24,76768.95124502182,79892.74415638487,large_mu,disjoint_bag_coordinate_me_single_point_probe_v1,ok,,0.8375,0.1
cat vs dog,cat,dog,2,16,6,polynomial,small_mu,18,18,17,35,24,76768.95124502182,79892.74415638487,large_mu,disjoint_bag_coordinate_me_single_point_probe_v1,ok,,0.8325,1.0
cat vs dog,cat,dog,2,16,8,polynomial,small_mu,18,18,17,35,24,76768.95124502182,79892.74415638487,large_mu,disjoint_bag_coordinate_me_single_point_probe_v1,ok,,0.835,10.0
cat vs dog,cat,dog,2,16,10,polynomial,small_mu,18,18,17,35,24,76768.95124502182,79892.74415638487,large_mu,disjoint_bag_coordinate_me_single_point_probe_v1,ok,,0.8325,10.0
cat vs dog,cat,dog,2,16,16,polynomial,small_mu,18,18,17,35,24,76768.95124502182,79892.74415638487,large_mu,disjoint_bag_coordinate_me_single_point_probe_v1,ok,,0.8425,0.1
cat vs dog,cat,dog,2,16,24,polynomial,small_mu,18,18,17,35,24,76768.95124502182,79892.74415638487,large_mu,disjoint_bag_coordinate_me_single_point_probe_v1,rank_limited,"requested r=24, stable limit=17, available directions=24",,
cat vs dog,cat,dog,2,16,1,sigmoid,large_mu,18,18,18,35,24,28155.91111629095,14826.0834500015,,disjoint_bag_coordinate_me_single_point_probe_v1,ok,,0.81,0.1
cat vs dog,cat,dog,2,16,2,sigmoid,large_mu,18,18,18,35,24,28155.91111629095,14826.0834500015,large_mu,disjoint_bag_coordinate_me_single_point_probe_v1,ok,,0.81,10.0
cat vs dog,cat,dog,2,16,4,sigmoid,large_mu,18,18,18,35,24,28155.91111629095,14826.0834500015,large_mu,disjoint_bag_coordinate_me_single_point_probe_v1,ok,,0.8175,0.1
cat vs dog,cat,dog,2,16,6,sigmoid,large_mu,18,18,18,35,24,28155.91111629095,14826.0834500015,large_mu,disjoint_bag_coordinate_me_single_point_probe_v1,ok,,0.82,0.1
cat vs dog,cat,dog,2,16,8,sigmoid,large_mu,18,18,18,35,24,28155.91111629095,14826.0834500015,large_mu,disjoint_bag_coordinate_me_single_point_probe_v1,ok,,0.825,1.0
cat vs dog,cat,dog,2,16,10,sigmoid,large_mu,18,18,18,35,24,28155.91111629095,14826.0834500015,large_mu,disjoint_bag_coordinate_me_single_point_probe_v1,ok,,0.82,1.0
cat vs dog,cat,dog,2,16,16,sigmoid,large_mu,18,18,18,35,24,28155.91111629095,14826.0834500015,large_mu,disjoint_bag_coordinate_me_single_point_probe_v1,ok,,0.815,1.0
cat vs dog,cat,dog,2,16,24,sigmoid,large_mu,18,18,18,35,24,28155.91111629095,14826.0834500015,large_mu,disjoint_bag_coordinate_me_single_point_probe_v1,rank_limited,"requested r=24, stable limit=18, available directions=24",,
cat vs dog,cat,dog,2,16,1,sigmoid,small_mu,18,18,17,35,24,28155.91111629095,14826.0834500015,,disjoint_bag_coordinate_me_single_point_probe_v1,ok,,0.7625,0.1
cat vs dog,cat,dog,2,16,2,sigmoid,small_mu,18,18,17,35,24,28155.91111629095,14826.0834500015,large_mu,disjoint_bag_coordinate_me_single_point_probe_v1,ok,,0.765,10.0
cat vs dog,cat,dog,2,16,4,sigmoid,small_mu,18,18,17,35,24,28155.91111629095,14826.0834500015,large_mu,disjoint_bag_coordinate_me_single_point_probe_v1,ok,,0.8075,0.1
cat vs dog,cat,dog,2,16,6,sigmoid,small_mu,18,18,17,35,24,28155.91111629095,14826.0834500015,large_mu,disjoint_bag_coordinate_me_single_point_probe_v1,ok,,0.8225,0.1
cat vs dog,cat,dog,2,16,8,sigmoid,small_mu,18,18,17,35,24,28155.91111629095,14826.0834500015,large_mu,disjoint_bag_coordinate_me_single_point_probe_v1,ok,,0.8325,0.1
cat vs dog,cat,dog,2,16,10,sigmoid,small_mu,18,18,17,35,24,28155.91111629095,14826.0834500015,large_mu,disjoint_bag_coordinate_me_single_point_probe_v1,ok,,0.825,0.1
cat vs dog,cat,dog,2,16,16,sigmoid,small_mu,18,18,17,35,24,28155.91111629095,14826.0834500015,large_mu,disjoint_bag_coordinate_me_single_point_probe_v1,ok,,0.815,0.1
cat vs dog,cat,dog,2,16,24,sigmoid,small_mu,18,18,17,35,24,28155.91111629095,14826.0834500015,large_mu,disjoint_bag_coordinate_me_single_point_probe_v1,rank_limited,"requested r=24, stable limit=17, available directions=24",,
deer vs horse,deer,horse,0,4,1,linear,large_mu,75,75,75,149,24,6812520.912033556,34338857.74484406,,disjoint_bag_coordinate_me_single_point_probe_v1,ok,,0.7975,1.0
deer vs horse,deer,horse,0,4,2,linear,large_mu,75,75,75,149,24,6812520.912033556,34338857.74484406,small_mu,disjoint_bag_coordinate_me_single_point_probe_v1,ok,,0.805,10.0
deer vs horse,deer,horse,0,4,4,linear,large_mu,75,75,75,149,24,6812520.912033556,34338857.74484406,small_mu,disjoint_bag_coordinate_me_single_point_probe_v1,ok,,0.8025,10.0
deer vs horse,deer,horse,0,4,6,linear,large_mu,75,75,75,149,24,6812520.912033556,34338857.74484406,small_mu,disjoint_bag_coordinate_me_single_point_probe_v1,ok,,0.7975,0.1
deer vs horse,deer,horse,0,4,8,linear,large_mu,75,75,75,149,24,6812520.912033556,34338857.74484406,large_mu,disjoint_bag_coordinate_me_single_point_probe_v1,ok,,0.7875,1.0
deer vs horse,deer,horse,0,4,10,linear,large_mu,75,75,75,149,24,6812520.912033556,34338857.74484406,large_mu,disjoint_bag_coordinate_me_single_point_probe_v1,ok,,0.7975,10.0
deer vs horse,deer,horse,0,4,16,linear,large_mu,75,75,75,149,24,6812520.912033556,34338857.74484406,large_mu,disjoint_bag_coordinate_me_single_point_probe_v1,ok,,0.8125,0.1
deer vs horse,deer,horse,0,4,24,linear,large_mu,75,75,75,149,24,6812520.912033556,34338857.74484406,large_mu,disjoint_bag_coordinate_me_single_point_probe_v1,ok,,0.83,10.0
deer vs horse,deer,horse,0,4,1,linear,small_mu,75,75,74,149,24,6812520.912033556,34338857.74484406,,disjoint_bag_coordinate_me_single_point_probe_v1,ok,,0.82,0.1
deer vs horse,deer,horse,0,4,2,linear,small_mu,75,75,74,149,24,6812520.912033556,34338857.74484406,small_mu,disjoint_bag_coordinate_me_single_point_probe_v1,ok,,0.815,0.1
deer vs horse,deer,horse,0,4,4,linear,small_mu,75,75,74,149,24,6812520.912033556,34338857.74484406,small_mu,disjoint_bag_coordinate_me_single_point_probe_v1,ok,,0.83,1.0
deer vs horse,deer,horse,0,4,6,linear,small_mu,75,75,74,149,24,6812520.912033556,34338857.74484406,small_mu,disjoint_bag_coordinate_me_single_point_probe_v1,ok,,0.8175,0.1
deer vs horse,deer,horse,0,4,8,linear,small_mu,75,75,74,149,24,6812520.912033556,34338857.74484406,large_mu,disjoint_bag_coordinate_me_single_point_probe_v1,ok,,0.825,10.0
deer vs horse,deer,horse,0,4,10,linear,small_mu,75,75,74,149,24,6812520.912033556,34338857.74484406,large_mu,disjoint_bag_coordinate_me_single_point_probe_v1,ok,,0.8175,1.0
deer vs horse,deer,horse,0,4,16,linear,small_mu,75,75,74,149,24,6812520.912033556,34338857.74484406,large_mu,disjoint_bag_coordinate_me_single_point_probe_v1,ok,,0.8275,10.0
deer vs horse,deer,horse,0,4,24,linear,small_mu,75,75,74,149,24,6812520.912033556,34338857.74484406,large_mu,disjoint_bag_coordinate_me_single_point_probe_v1,ok,,0.8375,10.0
deer vs horse,deer,horse,0,4,1,rbf,large_mu,75,75,75,149,24,10649.375188903028,96000.36319222576,,disjoint_bag_coordinate_me_single_point_probe_v1,ok,,0.79,1.0
deer vs horse,deer,horse,0,4,2,rbf,large_mu,75,75,75,149,24,10649.375188903028,96000.36319222576,small_mu,disjoint_bag_coordinate_me_single_point_probe_v1,ok,,0.8275,0.1
deer vs horse,deer,horse,0,4,4,rbf,large_mu,75,75,75,149,24,10649.375188903028,96000.36319222576,small_mu,disjoint_bag_coordinate_me_single_point_probe_v1,ok,,0.8325,0.1
deer vs horse,deer,horse,0,4,6,rbf,large_mu,75,75,75,149,24,10649.375188903028,96000.36319222576,small_mu,disjoint_bag_coordinate_me_single_point_probe_v1,ok,,0.865,1.0
deer vs horse,deer,horse,0,4,8,rbf,large_mu,75,75,75,149,24,10649.375188903028,96000.36319222576,small_mu,disjoint_bag_coordinate_me_single_point_probe_v1,ok,,0.8475,0.1
deer vs horse,deer,horse,0,4,10,rbf,large_mu,75,75,75,149,24,10649.375188903028,96000.36319222576,small_mu,disjoint_bag_coordinate_me_single_point_probe_v1,ok,,0.8625,1.0
deer vs horse,deer,horse,0,4,16,rbf,large_mu,75,75,75,149,24,10649.375188903028,96000.36319222576,large_mu,disjoint_bag_coordinate_me_single_point_probe_v1,ok,,0.8525,1.0
deer vs horse,deer,horse,0,4,24,rbf,large_mu,75,75,75,149,24,10649.375188903028,96000.36319222576,large_mu,disjoint_bag_coordinate_me_single_point_probe_v1,ok,,0.8475,0.1
deer vs horse,deer,horse,0,4,1,rbf,small_mu,75,75,74,149,24,10649.375188903028,96000.36319222576,,disjoint_bag_coordinate_me_single_point_probe_v1,ok,,0.835,0.1
deer vs horse,deer,horse,0,4,2,rbf,small_mu,75,75,74,149,24,10649.375188903028,96000.36319222576,small_mu,disjoint_bag_coordinate_me_single_point_probe_v1,ok,,0.8325,0.1
deer vs horse,deer,horse,0,4,4,rbf,small_mu,75,75,74,149,24,10649.375188903028,96000.36319222576,small_mu,disjoint_bag_coordinate_me_single_point_probe_v1,ok,,0.8425,1.0
deer vs horse,deer,horse,0,4,6,rbf,small_mu,75,75,74,149,24,10649.375188903028,96000.36319222576,small_mu,disjoint_bag_coordinate_me_single_point_probe_v1,ok,,0.845,0.1
deer vs horse,deer,horse,0,4,8,rbf,small_mu,75,75,74,149,24,10649.375188903028,96000.36319222576,small_mu,disjoint_bag_coordinate_me_single_point_probe_v1,ok,,0.8425,0.1
deer vs horse,deer,horse,0,4,10,rbf,small_mu,75,75,74,149,24,10649.375188903028,96000.36319222576,small_mu,disjoint_bag_coordinate_me_single_point_probe_v1,ok,,0.85,1.0
deer vs horse,deer,horse,0,4,16,rbf,small_mu,75,75,74,149,24,10649.375188903028,96000.36319222576,large_mu,disjoint_bag_coordinate_me_single_point_probe_v1,ok,,0.86,1.0
deer vs horse,deer,horse,0,4,24,rbf,small_mu,75,75,74,149,24,10649.375188903028,96000.36319222576,large_mu,disjoint_bag_coordinate_me_single_point_probe_v1,ok,,0.855,10.0
deer vs horse,deer,horse,0,4,1,laplacian,large_mu,75,75,75,149,24,7492.176670966449,75081.48860629596,,disjoint_bag_coordinate_me_single_point_probe_v1,ok,,0.8175,0.1
deer vs horse,deer,horse,0,4,2,laplacian,large_mu,75,75,75,149,24,7492.176670966449,75081.48860629596,small_mu,disjoint_bag_coordinate_me_single_point_probe_v1,ok,,0.825,0.1
deer vs horse,deer,horse,0,4,4,laplacian,large_mu,75,75,75,149,24,7492.176670966449,75081.48860629596,small_mu,disjoint_bag_coordinate_me_single_point_probe_v1,ok,,0.825,0.1
deer vs horse,deer,horse,0,4,6,laplacian,large_mu,75,75,75,149,24,7492.176670966449,75081.48860629596,small_mu,disjoint_bag_coordinate_me_single_point_probe_v1,ok,,0.84,0.1
deer vs horse,deer,horse,0,4,8,laplacian,large_mu,75,75,75,149,24,7492.176670966449,75081.48860629596,small_mu,disjoint_bag_coordinate_me_single_point_probe_v1,ok,,0.84,0.1
deer vs horse,deer,horse,0,4,10,laplacian,large_mu,75,75,75,149,24,7492.176670966449,75081.48860629596,small_mu,disjoint_bag_coordinate_me_single_point_probe_v1,ok,,0.8375,0.1
deer vs horse,deer,horse,0,4,16,laplacian,large_mu,75,75,75,149,24,7492.176670966449,75081.48860629596,large_mu,disjoint_bag_coordinate_me_single_point_probe_v1,ok,,0.84,0.1
deer vs horse,deer,horse,0,4,24,laplacian,large_mu,75,75,75,149,24,7492.176670966449,75081.48860629596,large_mu,disjoint_bag_coordinate_me_single_point_probe_v1,ok,,0.84,0.1
deer vs horse,deer,horse,0,4,1,laplacian,small_mu,75,75,74,149,24,7492.176670966449,75081.48860629596,,disjoint_bag_coordinate_me_single_point_probe_v1,ok,,0.8325,0.1
deer vs horse,deer,horse,0,4,2,laplacian,small_mu,75,75,74,149,24,7492.176670966449,75081.48860629596,small_mu,disjoint_bag_coordinate_me_single_point_probe_v1,ok,,0.8375,0.1
deer vs horse,deer,horse,0,4,4,laplacian,small_mu,75,75,74,149,24,7492.176670966449,75081.48860629596,small_mu,disjoint_bag_coordinate_me_single_point_probe_v1,ok,,0.84,1.0
deer vs horse,deer,horse,0,4,6,laplacian,small_mu,75,75,74,149,24,7492.176670966449,75081.48860629596,small_mu,disjoint_bag_coordinate_me_single_point_probe_v1,ok,,0.85,10.0
deer vs horse,deer,horse,0,4,8,laplacian,small_mu,75,75,74,149,24,7492.176670966449,75081.48860629596,small_mu,disjoint_bag_coordinate_me_single_point_probe_v1,ok,,0.8475,1.0
deer vs horse,deer,horse,0,4,10,laplacian,small_mu,75,75,74,149,24,7492.176670966449,75081.48860629596,small_mu,disjoint_bag_coordinate_me_single_point_probe_v1,ok,,0.8475,1.0
deer vs horse,deer,horse,0,4,16,laplacian,small_mu,75,75,74,149,24,7492.176670966449,75081.48860629596,large_mu,disjoint_bag_coordinate_me_single_point_probe_v1,ok,,0.855,10.0
deer vs horse,deer,horse,0,4,24,laplacian,small_mu,75,75,74,149,24,7492.176670966449,75081.48860629596,large_mu,disjoint_bag_coordinate_me_single_point_probe_v1,ok,,0.845,0.1
deer vs horse,deer,horse,0,4,1,polynomial,large_mu,75,75,75,149,24,42074.84882845344,285568.58877344924,,disjoint_bag_coordinate_me_single_point_probe_v1,ok,,0.8275,0.1
deer vs horse,deer,horse,0,4,2,polynomial,large_mu,75,75,75,149,24,42074.84882845344,285568.58877344924,small_mu,disjoint_bag_coordinate_me_single_point_probe_v1,ok,,0.845,10.0
deer vs horse,deer,horse,0,4,4,polynomial,large_mu,75,75,75,149,24,42074.84882845344,285568.58877344924,small_mu,disjoint_bag_coordinate_me_single_point_probe_v1,ok,,0.84,0.1
deer vs horse,deer,horse,0,4,6,polynomial,large_mu,75,75,75,149,24,42074.84882845344,285568.58877344924,small_mu,disjoint_bag_coordinate_me_single_point_probe_v1,ok,,0.85,0.1
deer vs horse,deer,horse,0,4,8,polynomial,large_mu,75,75,75,149,24,42074.84882845344,285568.58877344924,large_mu,disjoint_bag_coordinate_me_single_point_probe_v1,ok,,0.85,1.0
deer vs horse,deer,horse,0,4,10,polynomial,large_mu,75,75,75,149,24,42074.84882845344,285568.58877344924,large_mu,disjoint_bag_coordinate_me_single_point_probe_v1,ok,,0.8575,10.0
deer vs horse,deer,horse,0,4,16,polynomial,large_mu,75,75,75,149,24,42074.84882845344,285568.58877344924,large_mu,disjoint_bag_coordinate_me_single_point_probe_v1,ok,,0.87,0.1
deer vs horse,deer,horse,0,4,24,polynomial,large_mu,75,75,75,149,24,42074.84882845344,285568.58877344924,large_mu,disjoint_bag_coordinate_me_single_point_probe_v1,ok,,0.8625,0.1
deer vs horse,deer,horse,0,4,1,polynomial,small_mu,75,75,74,149,24,42074.84882845344,285568.58877344924,,disjoint_bag_coordinate_me_single_point_probe_v1,ok,,0.86,0.1
deer vs horse,deer,horse,0,4,2,polynomial,small_mu,75,75,74,149,24,42074.84882845344,285568.58877344924,small_mu,disjoint_bag_coordinate_me_single_point_probe_v1,ok,,0.8575,10.0
deer vs horse,deer,horse,0,4,4,polynomial,small_mu,75,75,74,149,24,42074.84882845344,285568.58877344924,small_mu,disjoint_bag_coordinate_me_single_point_probe_v1,ok,,0.855,10.0
deer vs horse,deer,horse,0,4,6,polynomial,small_mu,75,75,74,149,24,42074.84882845344,285568.58877344924,small_mu,disjoint_bag_coordinate_me_single_point_probe_v1,ok,,0.8575,1.0
deer vs horse,deer,horse,0,4,8,polynomial,small_mu,75,75,74,149,24,42074.84882845344,285568.58877344924,large_mu,disjoint_bag_coordinate_me_single_point_probe_v1,ok,,0.85,0.1
deer vs horse,deer,horse,0,4,10,polynomial,small_mu,75,75,74,149,24,42074.84882845344,285568.58877344924,large_mu,disjoint_bag_coordinate_me_single_point_probe_v1,ok,,0.8525,0.1
deer vs horse,deer,horse,0,4,16,polynomial,small_mu,75,75,74,149,24,42074.84882845344,285568.58877344924,large_mu,disjoint_bag_coordinate_me_single_point_probe_v1,ok,,0.85,0.1
deer vs horse,deer,horse,0,4,24,polynomial,small_mu,75,75,74,149,24,42074.84882845344,285568.58877344924,large_mu,disjoint_bag_coordinate_me_single_point_probe_v1,ok,,0.8625,10.0
deer vs horse,deer,horse,0,4,1,sigmoid,large_mu,75,75,75,112,24,6992.422213081514,23408.472182522983,,disjoint_bag_coordinate_me_single_point_probe_v1,ok,,0.7575,0.1
deer vs horse,deer,horse,0,4,2,sigmoid,large_mu,75,75,75,112,24,6992.422213081514,23408.472182522983,small_mu,disjoint_bag_coordinate_me_single_point_probe_v1,ok,,0.75,0.1
deer vs horse,deer,horse,0,4,4,sigmoid,large_mu,75,75,75,112,24,6992.422213081514,23408.472182522983,small_mu,disjoint_bag_coordinate_me_single_point_probe_v1,ok,,0.7475,1.0
deer vs horse,deer,horse,0,4,6,sigmoid,large_mu,75,75,75,112,24,6992.422213081514,23408.472182522983,large_mu,disjoint_bag_coordinate_me_single_point_probe_v1,ok,,0.7575,0.1
deer vs horse,deer,horse,0,4,8,sigmoid,large_mu,75,75,75,112,24,6992.422213081514,23408.472182522983,large_mu,disjoint_bag_coordinate_me_single_point_probe_v1,ok,,0.76,1.0
deer vs horse,deer,horse,0,4,10,sigmoid,large_mu,75,75,75,112,24,6992.422213081514,23408.472182522983,large_mu,disjoint_bag_coordinate_me_single_point_probe_v1,ok,,0.76,1.0
deer vs horse,deer,horse,0,4,16,sigmoid,large_mu,75,75,75,112,24,6992.422213081514,23408.472182522983,large_mu,disjoint_bag_coordinate_me_single_point_probe_v1,ok,,0.76,1.0
deer vs horse,deer,horse,0,4,24,sigmoid,large_mu,75,75,75,112,24,6992.422213081514,23408.472182522983,large_mu,disjoint_bag_coordinate_me_single_point_probe_v1,ok,,0.77,1.0
deer vs horse,deer,horse,0,4,1,sigmoid,small_mu,75,75,74,112,24,6992.422213081514,23408.472182522983,,disjoint_bag_coordinate_me_single_point_probe_v1,ok,,0.575,0.1
deer vs horse,deer,horse,0,4,2,sigmoid,small_mu,75,75,74,112,24,6992.422213081514,23408.472182522983,small_mu,disjoint_bag_coordinate_me_single_point_probe_v1,ok,,0.58,0.1
deer vs horse,deer,horse,0,4,4,sigmoid,small_mu,75,75,74,112,24,6992.422213081514,23408.472182522983,small_mu,disjoint_bag_coordinate_me_single_point_probe_v1,ok,,0.6475,1.0
deer vs horse,deer,horse,0,4,6,sigmoid,small_mu,75,75,74,112,24,6992.422213081514,23408.472182522983,large_mu,disjoint_bag_coordinate_me_single_point_probe_v1,ok,,0.6425,0.1
deer vs horse,deer,horse,0,4,8,sigmoid,small_mu,75,75,74,112,24,6992.422213081514,23408.472182522983,large_mu,disjoint_bag_coordinate_me_single_point_probe_v1,ok,,0.6375,0.1
deer vs horse,deer,horse,0,4,10,sigmoid,small_mu,75,75,74,112,24,6992.422213081514,23408.472182522983,large_mu,disjoint_bag_coordinate_me_single_point_probe_v1,ok,,0.6875,10.0
deer vs horse,deer,horse,0,4,16,sigmoid,small_mu,75,75,74,112,24,6992.422213081514,23408.472182522983,large_mu,disjoint_bag_coordinate_me_single_point_probe_v1,ok,,0.67,10.0
deer vs horse,deer,horse,0,4,24,sigmoid,small_mu,75,75,74,112,24,6992.422213081514,23408.472182522983,large_mu,disjoint_bag_coordinate_me_single_point_probe_v1,ok,,0.7175,0.1
deer vs horse,deer,horse,0,8,1,linear,large_mu,37,37,37,73,24,10228153.420505442,22117022.67344643,,disjoint_bag_coordinate_me_single_point_probe_v1,ok,,0.795,1.0
deer vs horse,deer,horse,0,8,2,linear,large_mu,37,37,37,73,24,10228153.420505442,22117022.67344643,small_mu,disjoint_bag_coordinate_me_single_point_probe_v1,ok,,0.795,1.0
deer vs horse,deer,horse,0,8,4,linear,large_mu,37,37,37,73,24,10228153.420505442,22117022.67344643,large_mu,disjoint_bag_coordinate_me_single_point_probe_v1,ok,,0.805,1.0
deer vs horse,deer,horse,0,8,6,linear,large_mu,37,37,37,73,24,10228153.420505442,22117022.67344643,large_mu,disjoint_bag_coordinate_me_single_point_probe_v1,ok,,0.8125,10.0
deer vs horse,deer,horse,0,8,8,linear,large_mu,37,37,37,73,24,10228153.420505442,22117022.67344643,large_mu,disjoint_bag_coordinate_me_single_point_probe_v1,ok,,0.8075,10.0
deer vs horse,deer,horse,0,8,10,linear,large_mu,37,37,37,73,24,10228153.420505442,22117022.67344643,large_mu,disjoint_bag_coordinate_me_single_point_probe_v1,ok,,0.81,0.1
deer vs horse,deer,horse,0,8,16,linear,large_mu,37,37,37,73,24,10228153.420505442,22117022.67344643,large_mu,disjoint_bag_coordinate_me_single_point_probe_v1,ok,,0.81,1.0
deer vs horse,deer,horse,0,8,24,linear,large_mu,37,37,37,73,24,10228153.420505442,22117022.67344643,large_mu,disjoint_bag_coordinate_me_single_point_probe_v1,ok,,0.84,1.0
deer vs horse,deer,horse,0,8,1,linear,small_mu,37,37,36,73,24,10228153.420505442,22117022.67344643,,disjoint_bag_coordinate_me_single_point_probe_v1,ok,,0.8125,0.1
deer vs horse,deer,horse,0,8,2,linear,small_mu,37,37,36,73,24,10228153.420505442,22117022.67344643,small_mu,disjoint_bag_coordinate_me_single_point_probe_v1,ok,,0.8125,0.1
deer vs horse,deer,horse,0,8,4,linear,small_mu,37,37,36,73,24,10228153.420505442,22117022.67344643,large_mu,disjoint_bag_coordinate_me_single_point_probe_v1,ok,,0.8175,0.1
deer vs horse,deer,horse,0,8,6,linear,small_mu,37,37,36,73,24,10228153.420505442,22117022.67344643,large_mu,disjoint_bag_coordinate_me_single_point_probe_v1,ok,,0.8225,1.0
deer vs horse,deer,horse,0,8,8,linear,small_mu,37,37,36,73,24,10228153.420505442,22117022.67344643,large_mu,disjoint_bag_coordinate_me_single_point_probe_v1,ok,,0.82,0.1
deer vs horse,deer,horse,0,8,10,linear,small_mu,37,37,36,73,24,10228153.420505442,22117022.67344643,large_mu,disjoint_bag_coordinate_me_single_point_probe_v1,ok,,0.825,0.1
deer vs horse,deer,horse,0,8,16,linear,small_mu,37,37,36,73,24,10228153.420505442,22117022.67344643,large_mu,disjoint_bag_coordinate_me_single_point_probe_v1,ok,,0.8275,0.1
deer vs horse,deer,horse,0,8,24,linear,small_mu,37,37,36,73,24,10228153.420505442,22117022.67344643,large_mu,disjoint_bag_coordinate_me_single_point_probe_v1,ok,,0.8425,0.1
deer vs horse,deer,horse,0,8,1,rbf,large_mu,37,37,37,73,24,12032.601492528787,48846.76853279855,,disjoint_bag_coordinate_me_single_point_probe_v1,ok,,0.7875,1.0
deer vs horse,deer,horse,0,8,2,rbf,large_mu,37,37,37,73,24,12032.601492528787,48846.76853279855,small_mu,disjoint_bag_coordinate_me_single_point_probe_v1,ok,,0.8175,1.0
deer vs horse,deer,horse,0,8,4,rbf,large_mu,37,37,37,73,24,12032.601492528787,48846.76853279855,small_mu,disjoint_bag_coordinate_me_single_point_probe_v1,ok,,0.8375,10.0
deer vs horse,deer,horse,0,8,6,rbf,large_mu,37,37,37,73,24,12032.601492528787,48846.76853279855,large_mu,disjoint_bag_coordinate_me_single_point_probe_v1,ok,,0.825,0.1
deer vs horse,deer,horse,0,8,8,rbf,large_mu,37,37,37,73,24,12032.601492528787,48846.76853279855,large_mu,disjoint_bag_coordinate_me_single_point_probe_v1,ok,,0.85,10.0
deer vs horse,deer,horse,0,8,10,rbf,large_mu,37,37,37,73,24,12032.601492528787,48846.76853279855,large_mu,disjoint_bag_coordinate_me_single_point_probe_v1,ok,,0.8375,0.1
deer vs horse,deer,horse,0,8,16,rbf,large_mu,37,37,37,73,24,12032.601492528787,48846.76853279855,large_mu,disjoint_bag_coordinate_me_single_point_probe_v1,ok,,0.8575,10.0
deer vs horse,deer,horse,0,8,24,rbf,large_mu,37,37,37,73,24,12032.601492528787,48846.76853279855,large_mu,disjoint_bag_coordinate_me_single_point_probe_v1,ok,,0.86,1.0
deer vs horse,deer,horse,0,8,1,rbf,small_mu,37,37,36,73,24,12032.601492528787,48846.76853279855,,disjoint_bag_coordinate_me_single_point_probe_v1,ok,,0.8275,1.0
deer vs horse,deer,horse,0,8,2,rbf,small_mu,37,37,36,73,24,12032.601492528787,48846.76853279855,small_mu,disjoint_bag_coordinate_me_single_point_probe_v1,ok,,0.8325,1.0
deer vs horse,deer,horse,0,8,4,rbf,small_mu,37,37,36,73,24,12032.601492528787,48846.76853279855,small_mu,disjoint_bag_coordinate_me_single_point_probe_v1,ok,,0.8425,10.0
deer vs horse,deer,horse,0,8,6,rbf,small_mu,37,37,36,73,24,12032.601492528787,48846.76853279855,large_mu,disjoint_bag_coordinate_me_single_point_probe_v1,ok,,0.8375,10.0
deer vs horse,deer,horse,0,8,8,rbf,small_mu,37,37,36,73,24,12032.601492528787,48846.76853279855,large_mu,disjoint_bag_coordinate_me_single_point_probe_v1,ok,,0.8625,10.0
deer vs horse,deer,horse,0,8,10,rbf,small_mu,37,37,36,73,24,12032.601492528787,48846.76853279855,large_mu,disjoint_bag_coordinate_me_single_point_probe_v1,ok,,0.85,1.0
deer vs horse,deer,horse,0,8,16,rbf,small_mu,37,37,36,73,24,12032.601492528787,48846.76853279855,large_mu,disjoint_bag_coordinate_me_single_point_probe_v1,ok,,0.84,0.1
deer vs horse,deer,horse,0,8,24,rbf,small_mu,37,37,36,73,24,12032.601492528787,48846.76853279855,large_mu,disjoint_bag_coordinate_me_single_point_probe_v1,ok,,0.8575,1.0
deer vs horse,deer,horse,0,8,1,laplacian,large_mu,37,37,37,73,24,8387.79896236932,37885.80957221207,,disjoint_bag_coordinate_me_single_point_probe_v1,ok,,0.7975,0.1
deer vs horse,deer,horse,0,8,2,laplacian,large_mu,37,37,37,73,24,8387.79896236932,37885.80957221207,small_mu,disjoint_bag_coordinate_me_single_point_probe_v1,ok,,0.8325,1.0
deer vs horse,deer,horse,0,8,4,laplacian,large_mu,37,37,37,73,24,8387.79896236932,37885.80957221207,small_mu,disjoint_bag_coordinate_me_single_point_probe_v1,ok,,0.8225,0.1
deer vs horse,deer,horse,0,8,6,laplacian,large_mu,37,37,37,73,24,8387.79896236932,37885.80957221207,large_mu,disjoint_bag_coordinate_me_single_point_probe_v1,ok,,0.8225,0.1
deer vs horse,deer,horse,0,8,8,laplacian,large_mu,37,37,37,73,24,8387.79896236932,37885.80957221207,large_mu,disjoint_bag_coordinate_me_single_point_probe_v1,ok,,0.8225,0.1
deer vs horse,deer,horse,0,8,10,laplacian,large_mu,37,37,37,73,24,8387.79896236932,37885.80957221207,large_mu,disjoint_bag_coordinate_me_single_point_probe_v1,ok,,0.8275,0.1
deer vs horse,deer,horse,0,8,16,laplacian,large_mu,37,37,37,73,24,8387.79896236932,37885.80957221207,large_mu,disjoint_bag_coordinate_me_single_point_probe_v1,ok,,0.83,0.1
deer vs horse,deer,horse,0,8,24,laplacian,large_mu,37,37,37,73,24,8387.79896236932,37885.80957221207,large_mu,disjoint_bag_coordinate_me_single_point_probe_v1,ok,,0.845,0.1
deer vs horse,deer,horse,0,8,1,laplacian,small_mu,37,37,36,73,24,8387.79896236932,37885.80957221207,,disjoint_bag_coordinate_me_single_point_probe_v1,ok,,0.8225,0.1
deer vs horse,deer,horse,0,8,2,laplacian,small_mu,37,37,36,73,24,8387.79896236932,37885.80957221207,small_mu,disjoint_bag_coordinate_me_single_point_probe_v1,ok,,0.8425,10.0
deer vs horse,deer,horse,0,8,4,laplacian,small_mu,37,37,36,73,24,8387.79896236932,37885.80957221207,small_mu,disjoint_bag_coordinate_me_single_point_probe_v1,ok,,0.8275,0.1
deer vs horse,deer,horse,0,8,6,laplacian,small_mu,37,37,36,73,24,8387.79896236932,37885.80957221207,large_mu,disjoint_bag_coordinate_me_single_point_probe_v1,ok,,0.815,0.1
deer vs horse,deer,horse,0,8,8,laplacian,small_mu,37,37,36,73,24,8387.79896236932,37885.80957221207,large_mu,disjoint_bag_coordinate_me_single_point_probe_v1,ok,,0.8275,0.1
deer vs horse,deer,horse,0,8,10,laplacian,small_mu,37,37,36,73,24,8387.79896236932,37885.80957221207,large_mu,disjoint_bag_coordinate_me_single_point_probe_v1,ok,,0.845,1.0
deer vs horse,deer,horse,0,8,16,laplacian,small_mu,37,37,36,73,24,8387.79896236932,37885.80957221207,large_mu,disjoint_bag_coordinate_me_single_point_probe_v1,ok,,0.8275,0.1
deer vs horse,deer,horse,0,8,24,laplacian,small_mu,37,37,36,73,24,8387.79896236932,37885.80957221207,large_mu,disjoint_bag_coordinate_me_single_point_probe_v1,ok,,0.8325,0.1
deer vs horse,deer,horse,0,8,1,polynomial,large_mu,37,37,37,73,24,55387.277691028416,155080.00275916967,,disjoint_bag_coordinate_me_single_point_probe_v1,ok,,0.8075,10.0
deer vs horse,deer,horse,0,8,2,polynomial,large_mu,37,37,37,73,24,55387.277691028416,155080.00275916967,small_mu,disjoint_bag_coordinate_me_single_point_probe_v1,ok,,0.84,0.1
deer vs horse,deer,horse,0,8,4,polynomial,large_mu,37,37,37,73,24,55387.277691028416,155080.00275916967,large_mu,disjoint_bag_coordinate_me_single_point_probe_v1,ok,,0.8425,1.0
deer vs horse,deer,horse,0,8,6,polynomial,large_mu,37,37,37,73,24,55387.277691028416,155080.00275916967,large_mu,disjoint_bag_coordinate_me_single_point_probe_v1,ok,,0.83,0.1
deer vs horse,deer,horse,0,8,8,polynomial,large_mu,37,37,37,73,24,55387.277691028416,155080.00275916967,large_mu,disjoint_bag_coordinate_me_single_point_probe_v1,ok,,0.8225,1.0
deer vs horse,deer,horse,0,8,10,polynomial,large_mu,37,37,37,73,24,55387.277691028416,155080.00275916967,large_mu,disjoint_bag_coordinate_me_single_point_probe_v1,ok,,0.8325,0.1
deer vs horse,deer,horse,0,8,16,polynomial,large_mu,37,37,37,73,24,55387.277691028416,155080.00275916967,large_mu,disjoint_bag_coordinate_me_single_point_probe_v1,ok,,0.835,0.1
deer vs horse,deer,horse,0,8,24,polynomial,large_mu,37,37,37,73,24,55387.277691028416,155080.00275916967,large_mu,disjoint_bag_coordinate_me_single_point_probe_v1,ok,,0.8475,0.1
deer vs horse,deer,horse,0,8,1,polynomial,small_mu,37,37,36,73,24,55387.277691028416,155080.00275916967,,disjoint_bag_coordinate_me_single_point_probe_v1,ok,,0.85,0.1
deer vs horse,deer,horse,0,8,2,polynomial,small_mu,37,37,36,73,24,55387.277691028416,155080.00275916967,small_mu,disjoint_bag_coordinate_me_single_point_probe_v1,ok,,0.8475,10.0
deer vs horse,deer,horse,0,8,4,polynomial,small_mu,37,37,36,73,24,55387.277691028416,155080.00275916967,large_mu,disjoint_bag_coordinate_me_single_point_probe_v1,ok,,0.845,10.0
deer vs horse,deer,horse,0,8,6,polynomial,small_mu,37,37,36,73,24,55387.277691028416,155080.00275916967,large_mu,disjoint_bag_coordinate_me_single_point_probe_v1,ok,,0.8475,1.0
deer vs horse,deer,horse,0,8,8,polynomial,small_mu,37,37,36,73,24,55387.277691028416,155080.00275916967,large_mu,disjoint_bag_coordinate_me_single_point_probe_v1,ok,,0.845,0.1
deer vs horse,deer,horse,0,8,10,polynomial,small_mu,37,37,36,73,24,55387.277691028416,155080.00275916967,large_mu,disjoint_bag_coordinate_me_single_point_probe_v1,ok,,0.8425,0.1
deer vs horse,deer,horse,0,8,16,polynomial,small_mu,37,37,36,73,24,55387.277691028416,155080.00275916967,large_mu,disjoint_bag_coordinate_me_single_point_probe_v1,ok,,0.8425,1.0
deer vs horse,deer,horse,0,8,24,polynomial,small_mu,37,37,36,73,24,55387.277691028416,155080.00275916967,large_mu,disjoint_bag_coordinate_me_single_point_probe_v1,ok,,0.8425,1.0
deer vs horse,deer,horse,0,8,1,sigmoid,large_mu,37,37,37,68,24,11567.471461648163,22747.63130353619,,disjoint_bag_coordinate_me_single_point_probe_v1,ok,,0.7275,0.1
deer vs horse,deer,horse,0,8,2,sigmoid,large_mu,37,37,37,68,24,11567.471461648163,22747.63130353619,small_mu,disjoint_bag_coordinate_me_single_point_probe_v1,ok,,0.725,1.0
deer vs horse,deer,horse,0,8,4,sigmoid,large_mu,37,37,37,68,24,11567.471461648163,22747.63130353619,large_mu,disjoint_bag_coordinate_me_single_point_probe_v1,ok,,0.7225,10.0
deer vs horse,deer,horse,0,8,6,sigmoid,large_mu,37,37,37,68,24,11567.471461648163,22747.63130353619,large_mu,disjoint_bag_coordinate_me_single_point_probe_v1,ok,,0.7275,0.1
deer vs horse,deer,horse,0,8,8,sigmoid,large_mu,37,37,37,68,24,11567.471461648163,22747.63130353619,large_mu,disjoint_bag_coordinate_me_single_point_probe_v1,ok,,0.73,0.1
deer vs horse,deer,horse,0,8,10,sigmoid,large_mu,37,37,37,68,24,11567.471461648163,22747.63130353619,large_mu,disjoint_bag_coordinate_me_single_point_probe_v1,ok,,0.7275,0.1
deer vs horse,deer,horse,0,8,16,sigmoid,large_mu,37,37,37,68,24,11567.471461648163,22747.63130353619,large_mu,disjoint_bag_coordinate_me_single_point_probe_v1,ok,,0.72,1.0
deer vs horse,deer,horse,0,8,24,sigmoid,large_mu,37,37,37,68,24,11567.471461648163,22747.63130353619,large_mu,disjoint_bag_coordinate_me_single_point_probe_v1,ok,,0.7375,0.1
deer vs horse,deer,horse,0,8,1,sigmoid,small_mu,37,37,36,68,24,11567.471461648163,22747.63130353619,,disjoint_bag_coordinate_me_single_point_probe_v1,ok,,0.65,0.1
deer vs horse,deer,horse,0,8,2,sigmoid,small_mu,37,37,36,68,24,11567.471461648163,22747.63130353619,small_mu,disjoint_bag_coordinate_me_single_point_probe_v1,ok,,0.67,0.1
deer vs horse,deer,horse,0,8,4,sigmoid,small_mu,37,37,36,68,24,11567.471461648163,22747.63130353619,large_mu,disjoint_bag_coordinate_me_single_point_probe_v1,ok,,0.6725,10.0
deer vs horse,deer,horse,0,8,6,sigmoid,small_mu,37,37,36,68,24,11567.471461648163,22747.63130353619,large_mu,disjoint_bag_coordinate_me_single_point_probe_v1,ok,,0.7025,0.1
deer vs horse,deer,horse,0,8,8,sigmoid,small_mu,37,37,36,68,24,11567.471461648163,22747.63130353619,large_mu,disjoint_bag_coordinate_me_single_point_probe_v1,ok,,0.695,10.0
deer vs horse,deer,horse,0,8,10,sigmoid,small_mu,37,37,36,68,24,11567.471461648163,22747.63130353619,large_mu,disjoint_bag_coordinate_me_single_point_probe_v1,ok,,0.72,1.0
deer vs horse,deer,horse,0,8,16,sigmoid,small_mu,37,37,36,68,24,11567.471461648163,22747.63130353619,large_mu,disjoint_bag_coordinate_me_single_point_probe_v1,ok,,0.725,1.0
deer vs horse,deer,horse,0,8,24,sigmoid,small_mu,37,37,36,68,24,11567.471461648163,22747.63130353619,large_mu,disjoint_bag_coordinate_me_single_point_probe_v1,ok,,0.73,0.1
deer vs horse,deer,horse,0,16,1,linear,large_mu,18,18,18,35,19,16587755.36372279,12636185.675267544,,disjoint_bag_coordinate_me_single_point_probe_v1,ok,,0.7725,1.0
deer vs horse,deer,horse,0,16,2,linear,large_mu,18,18,18,35,19,16587755.36372279,12636185.675267544,large_mu,disjoint_bag_coordinate_me_single_point_probe_v1,ok,,0.7675,0.1
deer vs horse,deer,horse,0,16,4,linear,large_mu,18,18,18,35,19,16587755.36372279,12636185.675267544,large_mu,disjoint_bag_coordinate_me_single_point_probe_v1,ok,,0.7725,0.1
deer vs horse,deer,horse,0,16,6,linear,large_mu,18,18,18,35,19,16587755.36372279,12636185.675267544,large_mu,disjoint_bag_coordinate_me_single_point_probe_v1,ok,,0.7775,1.0
deer vs horse,deer,horse,0,16,8,linear,large_mu,18,18,18,35,19,16587755.36372279,12636185.675267544,large_mu,disjoint_bag_coordinate_me_single_point_probe_v1,ok,,0.7675,1.0
deer vs horse,deer,horse,0,16,10,linear,large_mu,18,18,18,35,19,16587755.36372279,12636185.675267544,large_mu,disjoint_bag_coordinate_me_single_point_probe_v1,ok,,0.7825,1.0
deer vs horse,deer,horse,0,16,16,linear,large_mu,18,18,18,35,19,16587755.36372279,12636185.675267544,large_mu,disjoint_bag_coordinate_me_single_point_probe_v1,ok,,0.8125,10.0
deer vs horse,deer,horse,0,16,24,linear,large_mu,18,18,18,35,19,16587755.36372279,12636185.675267544,large_mu,disjoint_bag_coordinate_me_single_point_probe_v1,rank_limited,"requested r=24, stable limit=18, available directions=19",,
deer vs horse,deer,horse,0,16,1,linear,small_mu,18,18,17,35,18,16587755.36372279,12636185.675267544,,disjoint_bag_coordinate_me_single_point_probe_v1,ok,,0.8025,1.0
deer vs horse,deer,horse,0,16,2,linear,small_mu,18,18,17,35,18,16587755.36372279,12636185.675267544,large_mu,disjoint_bag_coordinate_me_single_point_probe_v1,ok,,0.82,1.0
deer vs horse,deer,horse,0,16,4,linear,small_mu,18,18,17,35,18,16587755.36372279,12636185.675267544,large_mu,disjoint_bag_coordinate_me_single_point_probe_v1,ok,,0.805,1.0
deer vs horse,deer,horse,0,16,6,linear,small_mu,18,18,17,35,18,16587755.36372279,12636185.675267544,large_mu,disjoint_bag_coordinate_me_single_point_probe_v1,ok,,0.82,10.0
deer vs horse,deer,horse,0,16,8,linear,small_mu,18,18,17,35,18,16587755.36372279,12636185.675267544,large_mu,disjoint_bag_coordinate_me_single_point_probe_v1,ok,,0.81,0.1
deer vs horse,deer,horse,0,16,10,linear,small_mu,18,18,17,35,18,16587755.36372279,12636185.675267544,large_mu,disjoint_bag_coordinate_me_single_point_probe_v1,ok,,0.81,0.1
deer vs horse,deer,horse,0,16,16,linear,small_mu,18,18,17,35,18,16587755.36372279,12636185.675267544,large_mu,disjoint_bag_coordinate_me_single_point_probe_v1,ok,,0.8325,1.0
deer vs horse,deer,horse,0,16,24,linear,small_mu,18,18,17,35,18,16587755.36372279,12636185.675267544,large_mu,disjoint_bag_coordinate_me_single_point_probe_v1,rank_limited,"requested r=24, stable limit=17, available directions=18",,
deer vs horse,deer,horse,0,16,1,rbf,large_mu,18,18,18,35,24,14200.88088347795,24231.87070423732,,disjoint_bag_coordinate_me_single_point_probe_v1,ok,,0.76,10.0
deer vs horse,deer,horse,0,16,2,rbf,large_mu,18,18,18,35,24,14200.88088347795,24231.87070423732,small_mu,disjoint_bag_coordinate_me_single_point_probe_v1,ok,,0.775,1.0
deer vs horse,deer,horse,0,16,4,rbf,large_mu,18,18,18,35,24,14200.88088347795,24231.87070423732,large_mu,disjoint_bag_coordinate_me_single_point_probe_v1,ok,,0.785,0.1
deer vs horse,deer,horse,0,16,6,rbf,large_mu,18,18,18,35,24,14200.88088347795,24231.87070423732,large_mu,disjoint_bag_coordinate_me_single_point_probe_v1,ok,,0.7825,1.0
deer vs horse,deer,horse,0,16,8,rbf,large_mu,18,18,18,35,24,14200.88088347795,24231.87070423732,large_mu,disjoint_bag_coordinate_me_single_point_probe_v1,ok,,0.8,0.1
deer vs horse,deer,horse,0,16,10,rbf,large_mu,18,18,18,35,24,14200.88088347795,24231.87070423732,large_mu,disjoint_bag_coordinate_me_single_point_probe_v1,ok,,0.8025,0.1
deer vs horse,deer,horse,0,16,16,rbf,large_mu,18,18,18,35,24,14200.88088347795,24231.87070423732,large_mu,disjoint_bag_coordinate_me_single_point_probe_v1,ok,,0.8075,0.1
deer vs horse,deer,horse,0,16,24,rbf,large_mu,18,18,18,35,24,14200.88088347795,24231.87070423732,large_mu,disjoint_bag_coordinate_me_single_point_probe_v1,rank_limited,"requested r=24, stable limit=18, available directions=24",,
deer vs horse,deer,horse,0,16,1,rbf,small_mu,18,18,17,35,24,14200.88088347795,24231.87070423732,,disjoint_bag_coordinate_me_single_point_probe_v1,ok,,0.77,1.0
deer vs horse,deer,horse,0,16,2,rbf,small_mu,18,18,17,35,24,14200.88088347795,24231.87070423732,small_mu,disjoint_bag_coordinate_me_single_point_probe_v1,ok,,0.79,10.0
deer vs horse,deer,horse,0,16,4,rbf,small_mu,18,18,17,35,24,14200.88088347795,24231.87070423732,large_mu,disjoint_bag_coordinate_me_single_point_probe_v1,ok,,0.785,0.1
deer vs horse,deer,horse,0,16,6,rbf,small_mu,18,18,17,35,24,14200.88088347795,24231.87070423732,large_mu,disjoint_bag_coordinate_me_single_point_probe_v1,ok,,0.7875,0.1
deer vs horse,deer,horse,0,16,8,rbf,small_mu,18,18,17,35,24,14200.88088347795,24231.87070423732,large_mu,disjoint_bag_coordinate_me_single_point_probe_v1,ok,,0.81,1.0
deer vs horse,deer,horse,0,16,10,rbf,small_mu,18,18,17,35,24,14200.88088347795,24231.87070423732,large_mu,disjoint_bag_coordinate_me_single_point_probe_v1,ok,,0.81,1.0
deer vs horse,deer,horse,0,16,16,rbf,small_mu,18,18,17,35,24,14200.88088347795,24231.87070423732,large_mu,disjoint_bag_coordinate_me_single_point_probe_v1,ok,,0.8125,10.0
deer vs horse,deer,horse,0,16,24,rbf,small_mu,18,18,17,35,24,14200.88088347795,24231.87070423732,large_mu,disjoint_bag_coordinate_me_single_point_probe_v1,rank_limited,"requested r=24, stable limit=17, available directions=24",,
deer vs horse,deer,horse,0,16,1,laplacian,large_mu,18,18,18,35,24,9839.61593821724,18662.086246624243,,disjoint_bag_coordinate_me_single_point_probe_v1,ok,,0.775,10.0
deer vs horse,deer,horse,0,16,2,laplacian,large_mu,18,18,18,35,24,9839.61593821724,18662.086246624243,small_mu,disjoint_bag_coordinate_me_single_point_probe_v1,ok,,0.7925,10.0
deer vs horse,deer,horse,0,16,4,laplacian,large_mu,18,18,18,35,24,9839.61593821724,18662.086246624243,large_mu,disjoint_bag_coordinate_me_single_point_probe_v1,ok,,0.8,0.1
deer vs horse,deer,horse,0,16,6,laplacian,large_mu,18,18,18,35,24,9839.61593821724,18662.086246624243,large_mu,disjoint_bag_coordinate_me_single_point_probe_v1,ok,,0.795,0.1
deer vs horse,deer,horse,0,16,8,laplacian,large_mu,18,18,18,35,24,9839.61593821724,18662.086246624243,large_mu,disjoint_bag_coordinate_me_single_point_probe_v1,ok,,0.7975,10.0
deer vs horse,deer,horse,0,16,10,laplacian,large_mu,18,18,18,35,24,9839.61593821724,18662.086246624243,large_mu,disjoint_bag_coordinate_me_single_point_probe_v1,ok,,0.805,10.0
deer vs horse,deer,horse,0,16,16,laplacian,large_mu,18,18,18,35,24,9839.61593821724,18662.086246624243,large_mu,disjoint_bag_coordinate_me_single_point_probe_v1,ok,,0.815,10.0
deer vs horse,deer,horse,0,16,24,laplacian,large_mu,18,18,18,35,24,9839.61593821724,18662.086246624243,large_mu,disjoint_bag_coordinate_me_single_point_probe_v1,rank_limited,"requested r=24, stable limit=18, available directions=24",,
deer vs horse,deer,horse,0,16,1,laplacian,small_mu,18,18,17,35,24,9839.61593821724,18662.086246624243,,disjoint_bag_coordinate_me_single_point_probe_v1,ok,,0.79,0.1
deer vs horse,deer,horse,0,16,2,laplacian,small_mu,18,18,17,35,24,9839.61593821724,18662.086246624243,small_mu,disjoint_bag_coordinate_me_single_point_probe_v1,ok,,0.795,1.0
deer vs horse,deer,horse,0,16,4,laplacian,small_mu,18,18,17,35,24,9839.61593821724,18662.086246624243,large_mu,disjoint_bag_coordinate_me_single_point_probe_v1,ok,,0.8,1.0
deer vs horse,deer,horse,0,16,6,laplacian,small_mu,18,18,17,35,24,9839.61593821724,18662.086246624243,large_mu,disjoint_bag_coordinate_me_single_point_probe_v1,ok,,0.8075,1.0
deer vs horse,deer,horse,0,16,8,laplacian,small_mu,18,18,17,35,24,9839.61593821724,18662.086246624243,large_mu,disjoint_bag_coordinate_me_single_point_probe_v1,ok,,0.8025,1.0
deer vs horse,deer,horse,0,16,10,laplacian,small_mu,18,18,17,35,24,9839.61593821724,18662.086246624243,large_mu,disjoint_bag_coordinate_me_single_point_probe_v1,ok,,0.8075,10.0
deer vs horse,deer,horse,0,16,16,laplacian,small_mu,18,18,17,35,24,9839.61593821724,18662.086246624243,large_mu,disjoint_bag_coordinate_me_single_point_probe_v1,ok,,0.8125,10.0
deer vs horse,deer,horse,0,16,24,laplacian,small_mu,18,18,17,35,24,9839.61593821724,18662.086246624243,large_mu,disjoint_bag_coordinate_me_single_point_probe_v1,rank_limited,"requested r=24, stable limit=17, available directions=24",,
deer vs horse,deer,horse,0,16,1,polynomial,large_mu,18,18,18,35,24,75205.38012872684,80633.36206323416,,disjoint_bag_coordinate_me_single_point_probe_v1,ok,,0.7875,1.0
deer vs horse,deer,horse,0,16,2,polynomial,large_mu,18,18,18,35,24,75205.38012872684,80633.36206323416,small_mu,disjoint_bag_coordinate_me_single_point_probe_v1,ok,,0.81,0.1
deer vs horse,deer,horse,0,16,4,polynomial,large_mu,18,18,18,35,24,75205.38012872684,80633.36206323416,large_mu,disjoint_bag_coordinate_me_single_point_probe_v1,ok,,0.81,0.1
deer vs horse,deer,horse,0,16,6,polynomial,large_mu,18,18,18,35,24,75205.38012872684,80633.36206323416,large_mu,disjoint_bag_coordinate_me_single_point_probe_v1,ok,,0.8125,0.1
deer vs horse,deer,horse,0,16,8,polynomial,large_mu,18,18,18,35,24,75205.38012872684,80633.36206323416,large_mu,disjoint_bag_coordinate_me_single_point_probe_v1,ok,,0.825,0.1
deer vs horse,deer,horse,0,16,10,polynomial,large_mu,18,18,18,35,24,75205.38012872684,80633.36206323416,large_mu,disjoint_bag_coordinate_me_single_point_probe_v1,ok,,0.8275,10.0
deer vs horse,deer,horse,0,16,16,polynomial,large_mu,18,18,18,35,24,75205.38012872684,80633.36206323416,large_mu,disjoint_bag_coordinate_me_single_point_probe_v1,ok,,0.8325,10.0
deer vs horse,deer,horse,0,16,24,polynomial,large_mu,18,18,18,35,24,75205.38012872684,80633.36206323416,large_mu,disjoint_bag_coordinate_me_single_point_probe_v1,rank_limited,"requested r=24, stable limit=18, available directions=24",,
deer vs horse,deer,horse,0,16,1,polynomial,small_mu,18,18,17,35,24,75205.38012872684,80633.36206323416,,disjoint_bag_coordinate_me_single_point_probe_v1,ok,,0.815,0.1
deer vs horse,deer,horse,0,16,2,polynomial,small_mu,18,18,17,35,24,75205.38012872684,80633.36206323416,small_mu,disjoint_bag_coordinate_me_single_point_probe_v1,ok,,0.82,1.0
deer vs horse,deer,horse,0,16,4,polynomial,small_mu,18,18,17,35,24,75205.38012872684,80633.36206323416,large_mu,disjoint_bag_coordinate_me_single_point_probe_v1,ok,,0.815,0.1
deer vs horse,deer,horse,0,16,6,polynomial,small_mu,18,18,17,35,24,75205.38012872684,80633.36206323416,large_mu,disjoint_bag_coordinate_me_single_point_probe_v1,ok,,0.8225,1.0
deer vs horse,deer,horse,0,16,8,polynomial,small_mu,18,18,17,35,24,75205.38012872684,80633.36206323416,large_mu,disjoint_bag_coordinate_me_single_point_probe_v1,ok,,0.83,1.0
deer vs horse,deer,horse,0,16,10,polynomial,small_mu,18,18,17,35,24,75205.38012872684,80633.36206323416,large_mu,disjoint_bag_coordinate_me_single_point_probe_v1,ok,,0.83,10.0
deer vs horse,deer,horse,0,16,16,polynomial,small_mu,18,18,17,35,24,75205.38012872684,80633.36206323416,large_mu,disjoint_bag_coordinate_me_single_point_probe_v1,ok,,0.8325,1.0
deer vs horse,deer,horse,0,16,24,polynomial,small_mu,18,18,17,35,24,75205.38012872684,80633.36206323416,large_mu,disjoint_bag_coordinate_me_single_point_probe_v1,rank_limited,"requested r=24, stable limit=17, available directions=24",,
deer vs horse,deer,horse,0,16,1,sigmoid,large_mu,18,18,18,35,24,28126.050857642513,16352.518562330562,,disjoint_bag_coordinate_me_single_point_probe_v1,ok,,0.7675,0.1
deer vs horse,deer,horse,0,16,2,sigmoid,large_mu,18,18,18,35,24,28126.050857642513,16352.518562330562,large_mu,disjoint_bag_coordinate_me_single_point_probe_v1,ok,,0.79,10.0
deer vs horse,deer,horse,0,16,4,sigmoid,large_mu,18,18,18,35,24,28126.050857642513,16352.518562330562,large_mu,disjoint_bag_coordinate_me_single_point_probe_v1,ok,,0.8175,1.0
deer vs horse,deer,horse,0,16,6,sigmoid,large_mu,18,18,18,35,24,28126.050857642513,16352.518562330562,large_mu,disjoint_bag_coordinate_me_single_point_probe_v1,ok,,0.8125,10.0
deer vs horse,deer,horse,0,16,8,sigmoid,large_mu,18,18,18,35,24,28126.050857642513,16352.518562330562,large_mu,disjoint_bag_coordinate_me_single_point_probe_v1,ok,,0.815,0.1
deer vs horse,deer,horse,0,16,10,sigmoid,large_mu,18,18,18,35,24,28126.050857642513,16352.518562330562,large_mu,disjoint_bag_coordinate_me_single_point_probe_v1,ok,,0.815,0.1
deer vs horse,deer,horse,0,16,16,sigmoid,large_mu,18,18,18,35,24,28126.050857642513,16352.518562330562,large_mu,disjoint_bag_coordinate_me_single_point_probe_v1,ok,,0.805,1.0
deer vs horse,deer,horse,0,16,24,sigmoid,large_mu,18,18,18,35,24,28126.050857642513,16352.518562330562,large_mu,disjoint_bag_coordinate_me_single_point_probe_v1,rank_limited,"requested r=24, stable limit=18, available directions=24",,
deer vs horse,deer,horse,0,16,1,sigmoid,small_mu,18,18,17,35,24,28126.050857642513,16352.518562330562,,disjoint_bag_coordinate_me_single_point_probe_v1,ok,,0.8025,0.1
deer vs horse,deer,horse,0,16,2,sigmoid,small_mu,18,18,17,35,24,28126.050857642513,16352.518562330562,large_mu,disjoint_bag_coordinate_me_single_point_probe_v1,ok,,0.81,0.1
deer vs horse,deer,horse,0,16,4,sigmoid,small_mu,18,18,17,35,24,28126.050857642513,16352.518562330562,large_mu,disjoint_bag_coordinate_me_single_point_probe_v1,ok,,0.7875,10.0
deer vs horse,deer,horse,0,16,6,sigmoid,small_mu,18,18,17,35,24,28126.050857642513,16352.518562330562,large_mu,disjoint_bag_coordinate_me_single_point_probe_v1,ok,,0.785,1.0
deer vs horse,deer,horse,0,16,8,sigmoid,small_mu,18,18,17,35,24,28126.050857642513,16352.518562330562,large_mu,disjoint_bag_coordinate_me_single_point_probe_v1,ok,,0.7775,0.1
deer vs horse,deer,horse,0,16,10,sigmoid,small_mu,18,18,17,35,24,28126.050857642513,16352.518562330562,large_mu,disjoint_bag_coordinate_me_single_point_probe_v1,ok,,0.79,1.0
deer vs horse,deer,horse,0,16,16,sigmoid,small_mu,18,18,17,35,24,28126.050857642513,16352.518562330562,large_mu,disjoint_bag_coordinate_me_single_point_probe_v1,ok,,0.805,0.1
deer vs horse,deer,horse,0,16,24,sigmoid,small_mu,18,18,17,35,24,28126.050857642513,16352.518562330562,large_mu,disjoint_bag_coordinate_me_single_point_probe_v1,rank_limited,"requested r=24, stable limit=17, available directions=24",,
deer vs horse,deer,horse,1,4,1,linear,large_mu,75,75,75,149,24,7560812.887597911,34564141.14111871,,disjoint_bag_coordinate_me_single_point_probe_v1,ok,,0.8075,10.0
deer vs horse,deer,horse,1,4,2,linear,large_mu,75,75,75,149,24,7560812.887597911,34564141.14111871,small_mu,disjoint_bag_coordinate_me_single_point_probe_v1,ok,,0.8,0.1
deer vs horse,deer,horse,1,4,4,linear,large_mu,75,75,75,149,24,7560812.887597911,34564141.14111871,small_mu,disjoint_bag_coordinate_me_single_point_probe_v1,ok,,0.7975,1.0
deer vs horse,deer,horse,1,4,6,linear,large_mu,75,75,75,149,24,7560812.887597911,34564141.14111871,large_mu,disjoint_bag_coordinate_me_single_point_probe_v1,ok,,0.7925,0.1
deer vs horse,deer,horse,1,4,8,linear,large_mu,75,75,75,149,24,7560812.887597911,34564141.14111871,large_mu,disjoint_bag_coordinate_me_single_point_probe_v1,ok,,0.7925,10.0
deer vs horse,deer,horse,1,4,10,linear,large_mu,75,75,75,149,24,7560812.887597911,34564141.14111871,large_mu,disjoint_bag_coordinate_me_single_point_probe_v1,ok,,0.7975,0.1
deer vs horse,deer,horse,1,4,16,linear,large_mu,75,75,75,149,24,7560812.887597911,34564141.14111871,large_mu,disjoint_bag_coordinate_me_single_point_probe_v1,ok,,0.785,0.1
deer vs horse,deer,horse,1,4,24,linear,large_mu,75,75,75,149,24,7560812.887597911,34564141.14111871,large_mu,disjoint_bag_coordinate_me_single_point_probe_v1,ok,,0.815,0.1
deer vs horse,deer,horse,1,4,1,linear,small_mu,75,75,74,149,24,7560812.887597911,34564141.14111871,,disjoint_bag_coordinate_me_single_point_probe_v1,ok,,0.79,0.1
deer vs horse,deer,horse,1,4,2,linear,small_mu,75,75,74,149,24,7560812.887597911,34564141.14111871,small_mu,disjoint_bag_coordinate_me_single_point_probe_v1,ok,,0.79,0.1
deer vs horse,deer,horse,1,4,4,linear,small_mu,75,75,74,149,24,7560812.887597911,34564141.14111871,small_mu,disjoint_bag_coordinate_me_single_point_probe_v1,ok,,0.77,1.0
deer vs horse,deer,horse,1,4,6,linear,small_mu,75,75,74,149,24,7560812.887597911,34564141.14111871,large_mu,disjoint_bag_coordinate_me_single_point_probe_v1,ok,,0.77,10.0
deer vs horse,deer,horse,1,4,8,linear,small_mu,75,75,74,149,24,7560812.887597911,34564141.14111871,large_mu,disjoint_bag_coordinate_me_single_point_probe_v1,ok,,0.7675,10.0
deer vs horse,deer,horse,1,4,10,linear,small_mu,75,75,74,149,24,7560812.887597911,34564141.14111871,large_mu,disjoint_bag_coordinate_me_single_point_probe_v1,ok,,0.7725,0.1
deer vs horse,deer,horse,1,4,16,linear,small_mu,75,75,74,149,24,7560812.887597911,34564141.14111871,large_mu,disjoint_bag_coordinate_me_single_point_probe_v1,ok,,0.785,1.0
deer vs horse,deer,horse,1,4,24,linear,small_mu,75,75,74,149,24,7560812.887597911,34564141.14111871,large_mu,disjoint_bag_coordinate_me_single_point_probe_v1,ok,,0.8075,1.0
deer vs horse,deer,horse,1,4,1,rbf,large_mu,75,75,75,149,24,10592.512714332292,96824.76536154342,,disjoint_bag_coordinate_me_single_point_probe_v1,ok,,0.79,0.1
deer vs horse,deer,horse,1,4,2,rbf,large_mu,75,75,75,149,24,10592.512714332292,96824.76536154342,small_mu,disjoint_bag_coordinate_me_single_point_probe_v1,ok,,0.85,0.1
deer vs horse,deer,horse,1,4,4,rbf,large_mu,75,75,75,149,24,10592.512714332292,96824.76536154342,small_mu,disjoint_bag_coordinate_me_single_point_probe_v1,ok,,0.86,0.1
deer vs horse,deer,horse,1,4,6,rbf,large_mu,75,75,75,149,24,10592.512714332292,96824.76536154342,small_mu,disjoint_bag_coordinate_me_single_point_probe_v1,ok,,0.8625,1.0
deer vs horse,deer,horse,1,4,8,rbf,large_mu,75,75,75,149,24,10592.512714332292,96824.76536154342,small_mu,disjoint_bag_coordinate_me_single_point_probe_v1,ok,,0.8575,10.0
deer vs horse,deer,horse,1,4,10,rbf,large_mu,75,75,75,149,24,10592.512714332292,96824.76536154342,small_mu,disjoint_bag_coordinate_me_single_point_probe_v1,ok,,0.8575,0.1
deer vs horse,deer,horse,1,4,16,rbf,large_mu,75,75,75,149,24,10592.512714332292,96824.76536154342,large_mu,disjoint_bag_coordinate_me_single_point_probe_v1,ok,,0.86,1.0
deer vs horse,deer,horse,1,4,24,rbf,large_mu,75,75,75,149,24,10592.512714332292,96824.76536154342,large_mu,disjoint_bag_coordinate_me_single_point_probe_v1,ok,,0.8575,0.1
deer vs horse,deer,horse,1,4,1,rbf,small_mu,75,75,74,149,24,10592.512714332292,96824.76536154342,,disjoint_bag_coordinate_me_single_point_probe_v1,ok,,0.86,0.1
deer vs horse,deer,horse,1,4,2,rbf,small_mu,75,75,74,149,24,10592.512714332292,96824.76536154342,small_mu,disjoint_bag_coordinate_me_single_point_probe_v1,ok,,0.85,0.1
deer vs horse,deer,horse,1,4,4,rbf,small_mu,75,75,74,149,24,10592.512714332292,96824.76536154342,small_mu,disjoint_bag_coordinate_me_single_point_probe_v1,ok,,0.8675,1.0
deer vs horse,deer,horse,1,4,6,rbf,small_mu,75,75,74,149,24,10592.512714332292,96824.76536154342,small_mu,disjoint_bag_coordinate_me_single_point_probe_v1,ok,,0.8575,0.1
deer vs horse,deer,horse,1,4,8,rbf,small_mu,75,75,74,149,24,10592.512714332292,96824.76536154342,small_mu,disjoint_bag_coordinate_me_single_point_probe_v1,ok,,0.8625,1.0
deer vs horse,deer,horse,1,4,10,rbf,small_mu,75,75,74,149,24,10592.512714332292,96824.76536154342,small_mu,disjoint_bag_coordinate_me_single_point_probe_v1,ok,,0.8525,0.1
deer vs horse,deer,horse,1,4,16,rbf,small_mu,75,75,74,149,24,10592.512714332292,96824.76536154342,large_mu,disjoint_bag_coordinate_me_single_point_probe_v1,ok,,0.8625,10.0
deer vs horse,deer,horse,1,4,24,rbf,small_mu,75,75,74,149,24,10592.512714332292,96824.76536154342,large_mu,disjoint_bag_coordinate_me_single_point_probe_v1,ok,,0.8675,0.1
deer vs horse,deer,horse,1,4,1,laplacian,large_mu,75,75,75,149,24,7576.501550711733,75293.69212981018,,disjoint_bag_coordinate_me_single_point_probe_v1,ok,,0.7975,0.1
deer vs horse,deer,horse,1,4,2,laplacian,large_mu,75,75,75,149,24,7576.501550711733,75293.69212981018,small_mu,disjoint_bag_coordinate_me_single_point_probe_v1,ok,,0.8425,1.0
deer vs horse,deer,horse,1,4,4,laplacian,large_mu,75,75,75,149,24,7576.501550711733,75293.69212981018,small_mu,disjoint_bag_coordinate_me_single_point_probe_v1,ok,,0.855,1.0
deer vs horse,deer,horse,1,4,6,laplacian,large_mu,75,75,75,149,24,7576.501550711733,75293.69212981018,small_mu,disjoint_bag_coordinate_me_single_point_probe_v1,ok,,0.85,10.0
deer vs horse,deer,horse,1,4,8,laplacian,large_mu,75,75,75,149,24,7576.501550711733,75293.69212981018,small_mu,disjoint_bag_coordinate_me_single_point_probe_v1,ok,,0.855,1.0
deer vs horse,deer,horse,1,4,10,laplacian,large_mu,75,75,75,149,24,7576.501550711733,75293.69212981018,small_mu,disjoint_bag_coordinate_me_single_point_probe_v1,ok,,0.8425,0.1
deer vs horse,deer,horse,1,4,16,laplacian,large_mu,75,75,75,149,24,7576.501550711733,75293.69212981018,large_mu,disjoint_bag_coordinate_me_single_point_probe_v1,ok,,0.85,0.1
deer vs horse,deer,horse,1,4,24,laplacian,large_mu,75,75,75,149,24,7576.501550711733,75293.69212981018,large_mu,disjoint_bag_coordinate_me_single_point_probe_v1,ok,,0.855,0.1
deer vs horse,deer,horse,1,4,1,laplacian,small_mu,75,75,74,149,24,7576.501550711733,75293.69212981018,,disjoint_bag_coordinate_me_single_point_probe_v1,ok,,0.85,0.1
deer vs horse,deer,horse,1,4,2,laplacian,small_mu,75,75,74,149,24,7576.501550711733,75293.69212981018,small_mu,disjoint_bag_coordinate_me_single_point_probe_v1,ok,,0.86,1.0
deer vs horse,deer,horse,1,4,4,laplacian,small_mu,75,75,74,149,24,7576.501550711733,75293.69212981018,small_mu,disjoint_bag_coordinate_me_single_point_probe_v1,ok,,0.8525,1.0
deer vs horse,deer,horse,1,4,6,laplacian,small_mu,75,75,74,149,24,7576.501550711733,75293.69212981018,small_mu,disjoint_bag_coordinate_me_single_point_probe_v1,ok,,0.8525,1.0
deer vs horse,deer,horse,1,4,8,laplacian,small_mu,75,75,74,149,24,7576.501550711733,75293.69212981018,small_mu,disjoint_bag_coordinate_me_single_point_probe_v1,ok,,0.86,1.0
deer vs horse,deer,horse,1,4,10,laplacian,small_mu,75,75,74,149,24,7576.501550711733,75293.69212981018,small_mu,disjoint_bag_coordinate_me_single_point_probe_v1,ok,,0.8525,1.0
deer vs horse,deer,horse,1,4,16,laplacian,small_mu,75,75,74,149,24,7576.501550711733,75293.69212981018,large_mu,disjoint_bag_coordinate_me_single_point_probe_v1,ok,,0.8525,1.0
deer vs horse,deer,horse,1,4,24,laplacian,small_mu,75,75,74,149,24,7576.501550711733,75293.69212981018,large_mu,disjoint_bag_coordinate_me_single_point_probe_v1,ok,,0.8575,1.0
deer vs horse,deer,horse,1,4,1,polynomial,large_mu,75,75,75,149,24,44880.945658444856,287329.1080672827,,disjoint_bag_coordinate_me_single_point_probe_v1,ok,,0.8,0.1
deer vs horse,deer,horse,1,4,2,polynomial,large_mu,75,75,75,149,24,44880.945658444856,287329.1080672827,small_mu,disjoint_bag_coordinate_me_single_point_probe_v1,ok,,0.835,1.0
deer vs horse,deer,horse,1,4,4,polynomial,large_mu,75,75,75,149,24,44880.945658444856,287329.1080672827,small_mu,disjoint_bag_coordinate_me_single_point_probe_v1,ok,,0.84,0.1
deer vs horse,deer,horse,1,4,6,polynomial,large_mu,75,75,75,149,24,44880.945658444856,287329.1080672827,small_mu,disjoint_bag_coordinate_me_single_point_probe_v1,ok,,0.8375,1.0
deer vs horse,deer,horse,1,4,8,polynomial,large_mu,75,75,75,149,24,44880.945658444856,287329.1080672827,large_mu,disjoint_bag_coordinate_me_single_point_probe_v1,ok,,0.8375,1.0
deer vs horse,deer,horse,1,4,10,polynomial,large_mu,75,75,75,149,24,44880.945658444856,287329.1080672827,large_mu,disjoint_bag_coordinate_me_single_point_probe_v1,ok,,0.845,10.0
deer vs horse,deer,horse,1,4,16,polynomial,large_mu,75,75,75,149,24,44880.945658444856,287329.1080672827,large_mu,disjoint_bag_coordinate_me_single_point_probe_v1,ok,,0.85,1.0
deer vs horse,deer,horse,1,4,24,polynomial,large_mu,75,75,75,149,24,44880.945658444856,287329.1080672827,large_mu,disjoint_bag_coordinate_me_single_point_probe_v1,ok,,0.8525,1.0
deer vs horse,deer,horse,1,4,1,polynomial,small_mu,75,75,74,149,24,44880.945658444856,287329.1080672827,,disjoint_bag_coordinate_me_single_point_probe_v1,ok,,0.8425,0.1
deer vs horse,deer,horse,1,4,2,polynomial,small_mu,75,75,74,149,24,44880.945658444856,287329.1080672827,small_mu,disjoint_bag_coordinate_me_single_point_probe_v1,ok,,0.845,10.0
deer vs horse,deer,horse,1,4,4,polynomial,small_mu,75,75,74,149,24,44880.945658444856,287329.1080672827,small_mu,disjoint_bag_coordinate_me_single_point_probe_v1,ok,,0.8475,10.0
deer vs horse,deer,horse,1,4,6,polynomial,small_mu,75,75,74,149,24,44880.945658444856,287329.1080672827,small_mu,disjoint_bag_coordinate_me_single_point_probe_v1,ok,,0.855,10.0
deer vs horse,deer,horse,1,4,8,polynomial,small_mu,75,75,74,149,24,44880.945658444856,287329.1080672827,large_mu,disjoint_bag_coordinate_me_single_point_probe_v1,ok,,0.8575,10.0
deer vs horse,deer,horse,1,4,10,polynomial,small_mu,75,75,74,149,24,44880.945658444856,287329.1080672827,large_mu,disjoint_bag_coordinate_me_single_point_probe_v1,ok,,0.8625,1.0
deer vs horse,deer,horse,1,4,16,polynomial,small_mu,75,75,74,149,24,44880.945658444856,287329.1080672827,large_mu,disjoint_bag_coordinate_me_single_point_probe_v1,ok,,0.855,10.0
deer vs horse,deer,horse,1,4,24,polynomial,small_mu,75,75,74,149,24,44880.945658444856,287329.1080672827,large_mu,disjoint_bag_coordinate_me_single_point_probe_v1,ok,,0.86,1.0
deer vs horse,deer,horse,1,4,1,sigmoid,large_mu,75,75,75,111,24,7533.06338773404,23557.13379300524,,disjoint_bag_coordinate_me_single_point_probe_v1,ok,,0.7225,0.1
deer vs horse,deer,horse,1,4,2,sigmoid,large_mu,75,75,75,111,24,7533.06338773404,23557.13379300524,small_mu,disjoint_bag_coordinate_me_single_point_probe_v1,ok,,0.7175,0.1
deer vs horse,deer,horse,1,4,4,sigmoid,large_mu,75,75,75,111,24,7533.06338773404,23557.13379300524,small_mu,disjoint_bag_coordinate_me_single_point_probe_v1,ok,,0.7175,0.1
deer vs horse,deer,horse,1,4,6,sigmoid,large_mu,75,75,75,111,24,7533.06338773404,23557.13379300524,large_mu,disjoint_bag_coordinate_me_single_point_probe_v1,ok,,0.7125,0.1
deer vs horse,deer,horse,1,4,8,sigmoid,large_mu,75,75,75,111,24,7533.06338773404,23557.13379300524,large_mu,disjoint_bag_coordinate_me_single_point_probe_v1,ok,,0.7225,0.1
deer vs horse,deer,horse,1,4,10,sigmoid,large_mu,75,75,75,111,24,7533.06338773404,23557.13379300524,large_mu,disjoint_bag_coordinate_me_single_point_probe_v1,ok,,0.71,0.1
deer vs horse,deer,horse,1,4,16,sigmoid,large_mu,75,75,75,111,24,7533.06338773404,23557.13379300524,large_mu,disjoint_bag_coordinate_me_single_point_probe_v1,ok,,0.715,0.1
deer vs horse,deer,horse,1,4,24,sigmoid,large_mu,75,75,75,111,24,7533.06338773404,23557.13379300524,large_mu,disjoint_bag_coordinate_me_single_point_probe_v1,ok,,0.6975,0.1
deer vs horse,deer,horse,1,4,1,sigmoid,small_mu,75,75,74,111,24,7533.06338773404,23557.13379300524,,disjoint_bag_coordinate_me_single_point_probe_v1,ok,,0.6,0.1
deer vs horse,deer,horse,1,4,2,sigmoid,small_mu,75,75,74,111,24,7533.06338773404,23557.13379300524,small_mu,disjoint_bag_coordinate_me_single_point_probe_v1,ok,,0.5875,0.1
deer vs horse,deer,horse,1,4,4,sigmoid,small_mu,75,75,74,111,24,7533.06338773404,23557.13379300524,small_mu,disjoint_bag_coordinate_me_single_point_probe_v1,ok,,0.63,1.0
deer vs horse,deer,horse,1,4,6,sigmoid,small_mu,75,75,74,111,24,7533.06338773404,23557.13379300524,large_mu,disjoint_bag_coordinate_me_single_point_probe_v1,ok,,0.6325,1.0
deer vs horse,deer,horse,1,4,8,sigmoid,small_mu,75,75,74,111,24,7533.06338773404,23557.13379300524,large_mu,disjoint_bag_coordinate_me_single_point_probe_v1,ok,,0.665,1.0
deer vs horse,deer,horse,1,4,10,sigmoid,small_mu,75,75,74,111,24,7533.06338773404,23557.13379300524,large_mu,disjoint_bag_coordinate_me_single_point_probe_v1,ok,,0.6575,1.0
deer vs horse,deer,horse,1,4,16,sigmoid,small_mu,75,75,74,111,24,7533.06338773404,23557.13379300524,large_mu,disjoint_bag_coordinate_me_single_point_probe_v1,ok,,0.67,1.0
deer vs horse,deer,horse,1,4,24,sigmoid,small_mu,75,75,74,111,24,7533.06338773404,23557.13379300524,large_mu,disjoint_bag_coordinate_me_single_point_probe_v1,ok,,0.705,0.1
deer vs horse,deer,horse,1,8,1,linear,large_mu,37,37,37,73,24,11741644.905740255,22122838.87762297,,disjoint_bag_coordinate_me_single_point_probe_v1,ok,,0.825,1.0
deer vs horse,deer,horse,1,8,2,linear,large_mu,37,37,37,73,24,11741644.905740255,22122838.87762297,small_mu,disjoint_bag_coordinate_me_single_point_probe_v1,ok,,0.825,0.1
deer vs horse,deer,horse,1,8,4,linear,large_mu,37,37,37,73,24,11741644.905740255,22122838.87762297,large_mu,disjoint_bag_coordinate_me_single_point_probe_v1,ok,,0.8175,10.0
deer vs horse,deer,horse,1,8,6,linear,large_mu,37,37,37,73,24,11741644.905740255,22122838.87762297,large_mu,disjoint_bag_coordinate_me_single_point_probe_v1,ok,,0.81,10.0
deer vs horse,deer,horse,1,8,8,linear,large_mu,37,37,37,73,24,11741644.905740255,22122838.87762297,large_mu,disjoint_bag_coordinate_me_single_point_probe_v1,ok,,0.815,1.0
deer vs horse,deer,horse,1,8,10,linear,large_mu,37,37,37,73,24,11741644.905740255,22122838.87762297,large_mu,disjoint_bag_coordinate_me_single_point_probe_v1,ok,,0.8075,10.0
deer vs horse,deer,horse,1,8,16,linear,large_mu,37,37,37,73,24,11741644.905740255,22122838.87762297,large_mu,disjoint_bag_coordinate_me_single_point_probe_v1,ok,,0.8,0.1
deer vs horse,deer,horse,1,8,24,linear,large_mu,37,37,37,73,24,11741644.905740255,22122838.87762297,large_mu,disjoint_bag_coordinate_me_single_point_probe_v1,ok,,0.805,1.0
deer vs horse,deer,horse,1,8,1,linear,small_mu,37,37,36,73,24,11741644.905740255,22122838.87762297,,disjoint_bag_coordinate_me_single_point_probe_v1,ok,,0.83,0.1
deer vs horse,deer,horse,1,8,2,linear,small_mu,37,37,36,73,24,11741644.905740255,22122838.87762297,small_mu,disjoint_bag_coordinate_me_single_point_probe_v1,ok,,0.83,1.0
deer vs horse,deer,horse,1,8,4,linear,small_mu,37,37,36,73,24,11741644.905740255,22122838.87762297,large_mu,disjoint_bag_coordinate_me_single_point_probe_v1,ok,,0.8275,0.1
deer vs horse,deer,horse,1,8,6,linear,small_mu,37,37,36,73,24,11741644.905740255,22122838.87762297,large_mu,disjoint_bag_coordinate_me_single_point_probe_v1,ok,,0.8225,10.0
deer vs horse,deer,horse,1,8,8,linear,small_mu,37,37,36,73,24,11741644.905740255,22122838.87762297,large_mu,disjoint_bag_coordinate_me_single_point_probe_v1,ok,,0.82,1.0
deer vs horse,deer,horse,1,8,10,linear,small_mu,37,37,36,73,24,11741644.905740255,22122838.87762297,large_mu,disjoint_bag_coordinate_me_single_point_probe_v1,ok,,0.8275,0.1
deer vs horse,deer,horse,1,8,16,linear,small_mu,37,37,36,73,24,11741644.905740255,22122838.87762297,large_mu,disjoint_bag_coordinate_me_single_point_probe_v1,ok,,0.8375,1.0
deer vs horse,deer,horse,1,8,24,linear,small_mu,37,37,36,73,24,11741644.905740255,22122838.87762297,large_mu,disjoint_bag_coordinate_me_single_point_probe_v1,ok,,0.84,1.0
deer vs horse,deer,horse,1,8,1,rbf,large_mu,37,37,37,73,24,11566.145489162564,49161.38238793262,,disjoint_bag_coordinate_me_single_point_probe_v1,ok,,0.79,0.1
deer vs horse,deer,horse,1,8,2,rbf,large_mu,37,37,37,73,24,11566.145489162564,49161.38238793262,small_mu,disjoint_bag_coordinate_me_single_point_probe_v1,ok,,0.795,0.1
deer vs horse,deer,horse,1,8,4,rbf,large_mu,37,37,37,73,24,11566.145489162564,49161.38238793262,small_mu,disjoint_bag_coordinate_me_single_point_probe_v1,ok,,0.82,0.1
deer vs horse,deer,horse,1,8,6,rbf,large_mu,37,37,37,73,24,11566.145489162564,49161.38238793262,large_mu,disjoint_bag_coordinate_me_single_point_probe_v1,ok,,0.8425,1.0
deer vs horse,deer,horse,1,8,8,rbf,large_mu,37,37,37,73,24,11566.145489162564,49161.38238793262,large_mu,disjoint_bag_coordinate_me_single_point_probe_v1,ok,,0.83,0.1
deer vs horse,deer,horse,1,8,10,rbf,large_mu,37,37,37,73,24,11566.145489162564,49161.38238793262,large_mu,disjoint_bag_coordinate_me_single_point_probe_v1,ok,,0.84,1.0
deer vs horse,deer,horse,1,8,16,rbf,large_mu,37,37,37,73,24,11566.145489162564,49161.38238793262,large_mu,disjoint_bag_coordinate_me_single_point_probe_v1,ok,,0.8375,1.0
deer vs horse,deer,horse,1,8,24,rbf,large_mu,37,37,37,73,24,11566.145489162564,49161.38238793262,large_mu,disjoint_bag_coordinate_me_single_point_probe_v1,ok,,0.8425,0.1
deer vs horse,deer,horse,1,8,1,rbf,small_mu,37,37,36,73,24,11566.145489162564,49161.38238793262,,disjoint_bag_coordinate_me_single_point_probe_v1,ok,,0.8275,1.0
deer vs horse,deer,horse,1,8,2,rbf,small_mu,37,37,36,73,24,11566.145489162564,49161.38238793262,small_mu,disjoint_bag_coordinate_me_single_point_probe_v1,ok,,0.835,1.0
deer vs horse,deer,horse,1,8,4,rbf,small_mu,37,37,36,73,24,11566.145489162564,49161.38238793262,small_mu,disjoint_bag_coordinate_me_single_point_probe_v1,ok,,0.8325,0.1
deer vs horse,deer,horse,1,8,6,rbf,small_mu,37,37,36,73,24,11566.145489162564,49161.38238793262,large_mu,disjoint_bag_coordinate_me_single_point_probe_v1,ok,,0.8275,0.1
deer vs horse,deer,horse,1,8,8,rbf,small_mu,37,37,36,73,24,11566.145489162564,49161.38238793262,large_mu,disjoint_bag_coordinate_me_single_point_probe_v1,ok,,0.8275,0.1
deer vs horse,deer,horse,1,8,10,rbf,small_mu,37,37,36,73,24,11566.145489162564,49161.38238793262,large_mu,disjoint_bag_coordinate_me_single_point_probe_v1,ok,,0.8325,0.1
deer vs horse,deer,horse,1,8,16,rbf,small_mu,37,37,36,73,24,11566.145489162564,49161.38238793262,large_mu,disjoint_bag_coordinate_me_single_point_probe_v1,ok,,0.835,0.1
deer vs horse,deer,horse,1,8,24,rbf,small_mu,37,37,36,73,24,11566.145489162564,49161.38238793262,large_mu,disjoint_bag_coordinate_me_single_point_probe_v1,ok,,0.835,1.0
deer vs horse,deer,horse,1,8,1,laplacian,large_mu,37,37,37,73,24,8211.215587065426,37895.393265522944,,disjoint_bag_coordinate_me_single_point_probe_v1,ok,,0.795,1.0
deer vs horse,deer,horse,1,8,2,laplacian,large_mu,37,37,37,73,24,8211.215587065426,37895.393265522944,small_mu,disjoint_bag_coordinate_me_single_point_probe_v1,ok,,0.7925,10.0
deer vs horse,deer,horse,1,8,4,laplacian,large_mu,37,37,37,73,24,8211.215587065426,37895.393265522944,small_mu,disjoint_bag_coordinate_me_single_point_probe_v1,ok,,0.82,0.1
deer vs horse,deer,horse,1,8,6,laplacian,large_mu,37,37,37,73,24,8211.215587065426,37895.393265522944,large_mu,disjoint_bag_coordinate_me_single_point_probe_v1,ok,,0.8175,0.1
deer vs horse,deer,horse,1,8,8,laplacian,large_mu,37,37,37,73,24,8211.215587065426,37895.393265522944,large_mu,disjoint_bag_coordinate_me_single_point_probe_v1,ok,,0.8275,1.0
deer vs horse,deer,horse,1,8,10,laplacian,large_mu,37,37,37,73,24,8211.215587065426,37895.393265522944,large_mu,disjoint_bag_coordinate_me_single_point_probe_v1,ok,,0.8275,0.1
deer vs horse,deer,horse,1,8,16,laplacian,large_mu,37,37,37,73,24,8211.215587065426,37895.393265522944,large_mu,disjoint_bag_coordinate_me_single_point_probe_v1,ok,,0.83,1.0
deer vs horse,deer,horse,1,8,24,laplacian,large_mu,37,37,37,73,24,8211.215587065426,37895.393265522944,large_mu,disjoint_bag_coordinate_me_single_point_probe_v1,ok,,0.8425,1.0
deer vs horse,deer,horse,1,8,1,laplacian,small_mu,37,37,36,73,24,8211.215587065426,37895.393265522944,,disjoint_bag_coordinate_me_single_point_probe_v1,ok,,0.8125,1.0
deer vs horse,deer,horse,1,8,2,laplacian,small_mu,37,37,36,73,24,8211.215587065426,37895.393265522944,small_mu,disjoint_bag_coordinate_me_single_point_probe_v1,ok,,0.8325,1.0
deer vs horse,deer,horse,1,8,4,laplacian,small_mu,37,37,36,73,24,8211.215587065426,37895.393265522944,small_mu,disjoint_bag_coordinate_me_single_point_probe_v1,ok,,0.83,1.0
deer vs horse,deer,horse,1,8,6,laplacian,small_mu,37,37,36,73,24,8211.215587065426,37895.393265522944,large_mu,disjoint_bag_coordinate_me_single_point_probe_v1,ok,,0.815,0.1
deer vs horse,deer,horse,1,8,8,laplacian,small_mu,37,37,36,73,24,8211.215587065426,37895.393265522944,large_mu,disjoint_bag_coordinate_me_single_point_probe_v1,ok,,0.84,1.0
deer vs horse,deer,horse,1,8,10,laplacian,small_mu,37,37,36,73,24,8211.215587065426,37895.393265522944,large_mu,disjoint_bag_coordinate_me_single_point_probe_v1,ok,,0.8375,1.0
deer vs horse,deer,horse,1,8,16,laplacian,small_mu,37,37,36,73,24,8211.215587065426,37895.393265522944,large_mu,disjoint_bag_coordinate_me_single_point_probe_v1,ok,,0.835,1.0
deer vs horse,deer,horse,1,8,24,laplacian,small_mu,37,37,36,73,24,8211.215587065426,37895.393265522944,large_mu,disjoint_bag_coordinate_me_single_point_probe_v1,ok,,0.82,0.1
deer vs horse,deer,horse,1,8,1,polynomial,large_mu,37,37,37,73,24,56883.52678665827,154989.3748734833,,disjoint_bag_coordinate_me_single_point_probe_v1,ok,,0.8275,1.0
deer vs horse,deer,horse,1,8,2,polynomial,large_mu,37,37,37,73,24,56883.52678665827,154989.3748734833,small_mu,disjoint_bag_coordinate_me_single_point_probe_v1,ok,,0.8175,0.1
deer vs horse,deer,horse,1,8,4,polynomial,large_mu,37,37,37,73,24,56883.52678665827,154989.3748734833,large_mu,disjoint_bag_coordinate_me_single_point_probe_v1,ok,,0.825,1.0
deer vs horse,deer,horse,1,8,6,polynomial,large_mu,37,37,37,73,24,56883.52678665827,154989.3748734833,large_mu,disjoint_bag_coordinate_me_single_point_probe_v1,ok,,0.8425,0.1
deer vs horse,deer,horse,1,8,8,polynomial,large_mu,37,37,37,73,24,56883.52678665827,154989.3748734833,large_mu,disjoint_bag_coordinate_me_single_point_probe_v1,ok,,0.8275,0.1
deer vs horse,deer,horse,1,8,10,polynomial,large_mu,37,37,37,73,24,56883.52678665827,154989.3748734833,large_mu,disjoint_bag_coordinate_me_single_point_probe_v1,ok,,0.84,1.0
deer vs horse,deer,horse,1,8,16,polynomial,large_mu,37,37,37,73,24,56883.52678665827,154989.3748734833,large_mu,disjoint_bag_coordinate_me_single_point_probe_v1,ok,,0.8375,10.0
deer vs horse,deer,horse,1,8,24,polynomial,large_mu,37,37,37,73,24,56883.52678665827,154989.3748734833,large_mu,disjoint_bag_coordinate_me_single_point_probe_v1,ok,,0.8425,0.1
deer vs horse,deer,horse,1,8,1,polynomial,small_mu,37,37,36,73,24,56883.52678665827,154989.3748734833,,disjoint_bag_coordinate_me_single_point_probe_v1,ok,,0.835,10.0
deer vs horse,deer,horse,1,8,2,polynomial,small_mu,37,37,36,73,24,56883.52678665827,154989.3748734833,small_mu,disjoint_bag_coordinate_me_single_point_probe_v1,ok,,0.835,0.1
deer vs horse,deer,horse,1,8,4,polynomial,small_mu,37,37,36,73,24,56883.52678665827,154989.3748734833,large_mu,disjoint_bag_coordinate_me_single_point_probe_v1,ok,,0.8375,1.0
deer vs horse,deer,horse,1,8,6,polynomial,small_mu,37,37,36,73,24,56883.52678665827,154989.3748734833,large_mu,disjoint_bag_coordinate_me_single_point_probe_v1,ok,,0.8325,0.1
deer vs horse,deer,horse,1,8,8,polynomial,small_mu,37,37,36,73,24,56883.52678665827,154989.3748734833,large_mu,disjoint_bag_coordinate_me_single_point_probe_v1,ok,,0.835,0.1
deer vs horse,deer,horse,1,8,10,polynomial,small_mu,37,37,36,73,24,56883.52678665827,154989.3748734833,large_mu,disjoint_bag_coordinate_me_single_point_probe_v1,ok,,0.84,0.1
deer vs horse,deer,horse,1,8,16,polynomial,small_mu,37,37,36,73,24,56883.52678665827,154989.3748734833,large_mu,disjoint_bag_coordinate_me_single_point_probe_v1,ok,,0.8475,1.0
deer vs horse,deer,horse,1,8,24,polynomial,small_mu,37,37,36,73,24,56883.52678665827,154989.3748734833,large_mu,disjoint_bag_coordinate_me_single_point_probe_v1,ok,,0.8425,1.0
deer vs horse,deer,horse,1,8,1,sigmoid,large_mu,37,37,37,68,24,18627.032647924072,22836.152021006634,,disjoint_bag_coordinate_me_single_point_probe_v1,ok,,0.8175,0.1
deer vs horse,deer,horse,1,8,2,sigmoid,large_mu,37,37,37,68,24,18627.032647924072,22836.152021006634,small_mu,disjoint_bag_coordinate_me_single_point_probe_v1,ok,,0.8025,0.1
deer vs horse,deer,horse,1,8,4,sigmoid,large_mu,37,37,37,68,24,18627.032647924072,22836.152021006634,large_mu,disjoint_bag_coordinate_me_single_point_probe_v1,ok,,0.805,1.0
deer vs horse,deer,horse,1,8,6,sigmoid,large_mu,37,37,37,68,24,18627.032647924072,22836.152021006634,large_mu,disjoint_bag_coordinate_me_single_point_probe_v1,ok,,0.8,1.0
deer vs horse,deer,horse,1,8,8,sigmoid,large_mu,37,37,37,68,24,18627.032647924072,22836.152021006634,large_mu,disjoint_bag_coordinate_me_single_point_probe_v1,ok,,0.7925,0.1
deer vs horse,deer,horse,1,8,10,sigmoid,large_mu,37,37,37,68,24,18627.032647924072,22836.152021006634,large_mu,disjoint_bag_coordinate_me_single_point_probe_v1,ok,,0.82,10.0
deer vs horse,deer,horse,1,8,16,sigmoid,large_mu,37,37,37,68,24,18627.032647924072,22836.152021006634,large_mu,disjoint_bag_coordinate_me_single_point_probe_v1,ok,,0.825,1.0
deer vs horse,deer,horse,1,8,24,sigmoid,large_mu,37,37,37,68,24,18627.032647924072,22836.152021006634,large_mu,disjoint_bag_coordinate_me_single_point_probe_v1,ok,,0.8325,10.0
deer vs horse,deer,horse,1,8,1,sigmoid,small_mu,37,37,36,68,24,18627.032647924072,22836.152021006634,,disjoint_bag_coordinate_me_single_point_probe_v1,ok,,0.5975,0.1
deer vs horse,deer,horse,1,8,2,sigmoid,small_mu,37,37,36,68,24,18627.032647924072,22836.152021006634,small_mu,disjoint_bag_coordinate_me_single_point_probe_v1,ok,,0.6475,0.1
deer vs horse,deer,horse,1,8,4,sigmoid,small_mu,37,37,36,68,24,18627.032647924072,22836.152021006634,large_mu,disjoint_bag_coordinate_me_single_point_probe_v1,ok,,0.655,0.1
deer vs horse,deer,horse,1,8,6,sigmoid,small_mu,37,37,36,68,24,18627.032647924072,22836.152021006634,large_mu,disjoint_bag_coordinate_me_single_point_probe_v1,ok,,0.7025,1.0
deer vs horse,deer,horse,1,8,8,sigmoid,small_mu,37,37,36,68,24,18627.032647924072,22836.152021006634,large_mu,disjoint_bag_coordinate_me_single_point_probe_v1,ok,,0.76,0.1
deer vs horse,deer,horse,1,8,10,sigmoid,small_mu,37,37,36,68,24,18627.032647924072,22836.152021006634,large_mu,disjoint_bag_coordinate_me_single_point_probe_v1,ok,,0.755,0.1
deer vs horse,deer,horse,1,8,16,sigmoid,small_mu,37,37,36,68,24,18627.032647924072,22836.152021006634,large_mu,disjoint_bag_coordinate_me_single_point_probe_v1,ok,,0.785,0.1
deer vs horse,deer,horse,1,8,24,sigmoid,small_mu,37,37,36,68,24,18627.032647924072,22836.152021006634,large_mu,disjoint_bag_coordinate_me_single_point_probe_v1,ok,,0.815,0.1
deer vs horse,deer,horse,1,16,1,linear,large_mu,18,18,18,35,19,13554826.515870515,13133114.552496646,,disjoint_bag_coordinate_me_single_point_probe_v1,ok,,0.7775,0.1
deer vs horse,deer,horse,1,16,2,linear,large_mu,18,18,18,35,19,13554826.515870515,13133114.552496646,large_mu,disjoint_bag_coordinate_me_single_point_probe_v1,ok,,0.7725,0.1
deer vs horse,deer,horse,1,16,4,linear,large_mu,18,18,18,35,19,13554826.515870515,13133114.552496646,large_mu,disjoint_bag_coordinate_me_single_point_probe_v1,ok,,0.77,1.0
deer vs horse,deer,horse,1,16,6,linear,large_mu,18,18,18,35,19,13554826.515870515,13133114.552496646,large_mu,disjoint_bag_coordinate_me_single_point_probe_v1,ok,,0.7775,0.1
deer vs horse,deer,horse,1,16,8,linear,large_mu,18,18,18,35,19,13554826.515870515,13133114.552496646,large_mu,disjoint_bag_coordinate_me_single_point_probe_v1,ok,,0.785,10.0
deer vs horse,deer,horse,1,16,10,linear,large_mu,18,18,18,35,19,13554826.515870515,13133114.552496646,large_mu,disjoint_bag_coordinate_me_single_point_probe_v1,ok,,0.8,0.1
deer vs horse,deer,horse,1,16,16,linear,large_mu,18,18,18,35,19,13554826.515870515,13133114.552496646,large_mu,disjoint_bag_coordinate_me_single_point_probe_v1,ok,,0.82,0.1
deer vs horse,deer,horse,1,16,24,linear,large_mu,18,18,18,35,19,13554826.515870515,13133114.552496646,large_mu,disjoint_bag_coordinate_me_single_point_probe_v1,rank_limited,"requested r=24, stable limit=18, available directions=19",,
deer vs horse,deer,horse,1,16,1,linear,small_mu,18,18,17,35,18,13554826.515870515,13133114.552496646,,disjoint_bag_coordinate_me_single_point_probe_v1,ok,,0.805,1.0
deer vs horse,deer,horse,1,16,2,linear,small_mu,18,18,17,35,18,13554826.515870515,13133114.552496646,large_mu,disjoint_bag_coordinate_me_single_point_probe_v1,ok,,0.7975,0.1
deer vs horse,deer,horse,1,16,4,linear,small_mu,18,18,17,35,18,13554826.515870515,13133114.552496646,large_mu,disjoint_bag_coordinate_me_single_point_probe_v1,ok,,0.8,1.0
deer vs horse,deer,horse,1,16,6,linear,small_mu,18,18,17,35,18,13554826.515870515,13133114.552496646,large_mu,disjoint_bag_coordinate_me_single_point_probe_v1,ok,,0.8,0.1
deer vs horse,deer,horse,1,16,8,linear,small_mu,18,18,17,35,18,13554826.515870515,13133114.552496646,large_mu,disjoint_bag_coordinate_me_single_point_probe_v1,ok,,0.795,10.0
deer vs horse,deer,horse,1,16,10,linear,small_mu,18,18,17,35,18,13554826.515870515,13133114.552496646,large_mu,disjoint_bag_coordinate_me_single_point_probe_v1,ok,,0.81,1.0
deer vs horse,deer,horse,1,16,16,linear,small_mu,18,18,17,35,18,13554826.515870515,13133114.552496646,large_mu,disjoint_bag_coordinate_me_single_point_probe_v1,ok,,0.825,0.1
deer vs horse,deer,horse,1,16,24,linear,small_mu,18,18,17,35,18,13554826.515870515,13133114.552496646,large_mu,disjoint_bag_coordinate_me_single_point_probe_v1,rank_limited,"requested r=24, stable limit=17, available directions=18",,
deer vs horse,deer,horse,1,16,1,rbf,large_mu,18,18,18,35,24,12155.749620630018,24884.59862200775,,disjoint_bag_coordinate_me_single_point_probe_v1,ok,,0.7625,1.0
deer vs horse,deer,horse,1,16,2,rbf,large_mu,18,18,18,35,24,12155.749620630018,24884.59862200775,small_mu,disjoint_bag_coordinate_me_single_point_probe_v1,ok,,0.7875,1.0
deer vs horse,deer,horse,1,16,4,rbf,large_mu,18,18,18,35,24,12155.749620630018,24884.59862200775,large_mu,disjoint_bag_coordinate_me_single_point_probe_v1,ok,,0.7875,0.1
deer vs horse,deer,horse,1,16,6,rbf,large_mu,18,18,18,35,24,12155.749620630018,24884.59862200775,large_mu,disjoint_bag_coordinate_me_single_point_probe_v1,ok,,0.7825,0.1
deer vs horse,deer,horse,1,16,8,rbf,large_mu,18,18,18,35,24,12155.749620630018,24884.59862200775,large_mu,disjoint_bag_coordinate_me_single_point_probe_v1,ok,,0.8175,0.1
deer vs horse,deer,horse,1,16,10,rbf,large_mu,18,18,18,35,24,12155.749620630018,24884.59862200775,large_mu,disjoint_bag_coordinate_me_single_point_probe_v1,ok,,0.825,10.0
deer vs horse,deer,horse,1,16,16,rbf,large_mu,18,18,18,35,24,12155.749620630018,24884.59862200775,large_mu,disjoint_bag_coordinate_me_single_point_probe_v1,ok,,0.8375,1.0
deer vs horse,deer,horse,1,16,24,rbf,large_mu,18,18,18,35,24,12155.749620630018,24884.59862200775,large_mu,disjoint_bag_coordinate_me_single_point_probe_v1,rank_limited,"requested r=24, stable limit=18, available directions=24",,
deer vs horse,deer,horse,1,16,1,rbf,small_mu,18,18,17,35,24,12155.749620630018,24884.59862200775,,disjoint_bag_coordinate_me_single_point_probe_v1,ok,,0.79,0.1
deer vs horse,deer,horse,1,16,2,rbf,small_mu,18,18,17,35,24,12155.749620630018,24884.59862200775,small_mu,disjoint_bag_coordinate_me_single_point_probe_v1,ok,,0.785,0.1
deer vs horse,deer,horse,1,16,4,rbf,small_mu,18,18,17,35,24,12155.749620630018,24884.59862200775,large_mu,disjoint_bag_coordinate_me_single_point_probe_v1,ok,,0.805,1.0
deer vs horse,deer,horse,1,16,6,rbf,small_mu,18,18,17,35,24,12155.749620630018,24884.59862200775,large_mu,disjoint_bag_coordinate_me_single_point_probe_v1,ok,,0.82,1.0
deer vs horse,deer,horse,1,16,8,rbf,small_mu,18,18,17,35,24,12155.749620630018,24884.59862200775,large_mu,disjoint_bag_coordinate_me_single_point_probe_v1,ok,,0.8225,1.0
deer vs horse,deer,horse,1,16,10,rbf,small_mu,18,18,17,35,24,12155.749620630018,24884.59862200775,large_mu,disjoint_bag_coordinate_me_single_point_probe_v1,ok,,0.8175,1.0
deer vs horse,deer,horse,1,16,16,rbf,small_mu,18,18,17,35,24,12155.749620630018,24884.59862200775,large_mu,disjoint_bag_coordinate_me_single_point_probe_v1,ok,,0.8075,0.1
deer vs horse,deer,horse,1,16,24,rbf,small_mu,18,18,17,35,24,12155.749620630018,24884.59862200775,large_mu,disjoint_bag_coordinate_me_single_point_probe_v1,rank_limited,"requested r=24, stable limit=17, available directions=24",,
deer vs horse,deer,horse,1,16,1,laplacian,large_mu,18,18,18,35,24,8710.73843847891,19106.2146911922,,disjoint_bag_coordinate_me_single_point_probe_v1,ok,,0.7725,1.0
deer vs horse,deer,horse,1,16,2,laplacian,large_mu,18,18,18,35,24,8710.73843847891,19106.2146911922,small_mu,disjoint_bag_coordinate_me_single_point_probe_v1,ok,,0.7825,0.1
deer vs horse,deer,horse,1,16,4,laplacian,large_mu,18,18,18,35,24,8710.73843847891,19106.2146911922,large_mu,disjoint_bag_coordinate_me_single_point_probe_v1,ok,,0.7925,0.1
deer vs horse,deer,horse,1,16,6,laplacian,large_mu,18,18,18,35,24,8710.73843847891,19106.2146911922,large_mu,disjoint_bag_coordinate_me_single_point_probe_v1,ok,,0.8,1.0
deer vs horse,deer,horse,1,16,8,laplacian,large_mu,18,18,18,35,24,8710.73843847891,19106.2146911922,large_mu,disjoint_bag_coordinate_me_single_point_probe_v1,ok,,0.815,1.0
deer vs horse,deer,horse,1,16,10,laplacian,large_mu,18,18,18,35,24,8710.73843847891,19106.2146911922,large_mu,disjoint_bag_coordinate_me_single_point_probe_v1,ok,,0.8175,1.0
deer vs horse,deer,horse,1,16,16,laplacian,large_mu,18,18,18,35,24,8710.73843847891,19106.2146911922,large_mu,disjoint_bag_coordinate_me_single_point_probe_v1,ok,,0.81,0.1
deer vs horse,deer,horse,1,16,24,laplacian,large_mu,18,18,18,35,24,8710.73843847891,19106.2146911922,large_mu,disjoint_bag_coordinate_me_single_point_probe_v1,rank_limited,"requested r=24, stable limit=18, available directions=24",,
deer vs horse,deer,horse,1,16,1,laplacian,small_mu,18,18,17,35,24,8710.73843847891,19106.2146911922,,disjoint_bag_coordinate_me_single_point_probe_v1,ok,,0.785,0.1
deer vs horse,deer,horse,1,16,2,laplacian,small_mu,18,18,17,35,24,8710.73843847891,19106.2146911922,small_mu,disjoint_bag_coordinate_me_single_point_probe_v1,ok,,0.805,1.0
deer vs horse,deer,horse,1,16,4,laplacian,small_mu,18,18,17,35,24,8710.73843847891,19106.2146911922,large_mu,disjoint_bag_coordinate_me_single_point_probe_v1,ok,,0.7925,0.1
deer vs horse,deer,horse,1,16,6,laplacian,small_mu,18,18,17,35,24,8710.73843847891,19106.2146911922,large_mu,disjoint_bag_coordinate_me_single_point_probe_v1,ok,,0.815,10.0
deer vs horse,deer,horse,1,16,8,laplacian,small_mu,18,18,17,35,24,8710.73843847891,19106.2146911922,large_mu,disjoint_bag_coordinate_me_single_point_probe_v1,ok,,0.805,0.1
deer vs horse,deer,horse,1,16,10,laplacian,small_mu,18,18,17,35,24,8710.73843847891,19106.2146911922,large_mu,disjoint_bag_coordinate_me_single_point_probe_v1,ok,,0.815,10.0
deer vs horse,deer,horse,1,16,16,laplacian,small_mu,18,18,17,35,24,8710.73843847891,19106.2146911922,large_mu,disjoint_bag_coordinate_me_single_point_probe_v1,ok,,0.81,1.0
deer vs horse,deer,horse,1,16,24,laplacian,small_mu,18,18,17,35,24,8710.73843847891,19106.2146911922,large_mu,disjoint_bag_coordinate_me_single_point_probe_v1,rank_limited,"requested r=24, stable limit=17, available directions=24",,
deer vs horse,deer,horse,1,16,1,polynomial,large_mu,18,18,18,35,24,64304.8436260002,82750.77069297986,,disjoint_bag_coordinate_me_single_point_probe_v1,ok,,0.7725,1.0
deer vs horse,deer,horse,1,16,2,polynomial,large_mu,18,18,18,35,24,64304.8436260002,82750.77069297986,small_mu,disjoint_bag_coordinate_me_single_point_probe_v1,ok,,0.79,0.1
deer vs horse,deer,horse,1,16,4,polynomial,large_mu,18,18,18,35,24,64304.8436260002,82750.77069297986,large_mu,disjoint_bag_coordinate_me_single_point_probe_v1,ok,,0.785,0.1
deer vs horse,deer,horse,1,16,6,polynomial,large_mu,18,18,18,35,24,64304.8436260002,82750.77069297986,large_mu,disjoint_bag_coordinate_me_single_point_probe_v1,ok,,0.805,10.0
deer vs horse,deer,horse,1,16,8,polynomial,large_mu,18,18,18,35,24,64304.8436260002,82750.77069297986,large_mu,disjoint_bag_coordinate_me_single_point_probe_v1,ok,,0.8,0.1
deer vs horse,deer,horse,1,16,10,polynomial,large_mu,18,18,18,35,24,64304.8436260002,82750.77069297986,large_mu,disjoint_bag_coordinate_me_single_point_probe_v1,ok,,0.8025,0.1
deer vs horse,deer,horse,1,16,16,polynomial,large_mu,18,18,18,35,24,64304.8436260002,82750.77069297986,large_mu,disjoint_bag_coordinate_me_single_point_probe_v1,ok,,0.8125,0.1
deer vs horse,deer,horse,1,16,24,polynomial,large_mu,18,18,18,35,24,64304.8436260002,82750.77069297986,large_mu,disjoint_bag_coordinate_me_single_point_probe_v1,rank_limited,"requested r=24, stable limit=18, available directions=24",,
deer vs horse,deer,horse,1,16,1,polynomial,small_mu,18,18,17,35,24,64304.8436260002,82750.77069297986,,disjoint_bag_coordinate_me_single_point_probe_v1,ok,,0.7975,1.0
deer vs horse,deer,horse,1,16,2,polynomial,small_mu,18,18,17,35,24,64304.8436260002,82750.77069297986,small_mu,disjoint_bag_coordinate_me_single_point_probe_v1,ok,,0.8,1.0
deer vs horse,deer,horse,1,16,4,polynomial,small_mu,18,18,17,35,24,64304.8436260002,82750.77069297986,large_mu,disjoint_bag_coordinate_me_single_point_probe_v1,ok,,0.805,0.1
deer vs horse,deer,horse,1,16,6,polynomial,small_mu,18,18,17,35,24,64304.8436260002,82750.77069297986,large_mu,disjoint_bag_coordinate_me_single_point_probe_v1,ok,,0.795,1.0
deer vs horse,deer,horse,1,16,8,polynomial,small_mu,18,18,17,35,24,64304.8436260002,82750.77069297986,large_mu,disjoint_bag_coordinate_me_single_point_probe_v1,ok,,0.8025,10.0
deer vs horse,deer,horse,1,16,10,polynomial,small_mu,18,18,17,35,24,64304.8436260002,82750.77069297986,large_mu,disjoint_bag_coordinate_me_single_point_probe_v1,ok,,0.8025,1.0
deer vs horse,deer,horse,1,16,16,polynomial,small_mu,18,18,17,35,24,64304.8436260002,82750.77069297986,large_mu,disjoint_bag_coordinate_me_single_point_probe_v1,ok,,0.8025,1.0
deer vs horse,deer,horse,1,16,24,polynomial,small_mu,18,18,17,35,24,64304.8436260002,82750.77069297986,large_mu,disjoint_bag_coordinate_me_single_point_probe_v1,rank_limited,"requested r=24, stable limit=17, available directions=24",,
deer vs horse,deer,horse,1,16,1,sigmoid,large_mu,18,18,18,35,24,21618.61646608518,16836.891908013204,,disjoint_bag_coordinate_me_single_point_probe_v1,ok,,0.7675,0.1
deer vs horse,deer,horse,1,16,2,sigmoid,large_mu,18,18,18,35,24,21618.61646608518,16836.891908013204,large_mu,disjoint_bag_coordinate_me_single_point_probe_v1,ok,,0.77,0.1
deer vs horse,deer,horse,1,16,4,sigmoid,large_mu,18,18,18,35,24,21618.61646608518,16836.891908013204,large_mu,disjoint_bag_coordinate_me_single_point_probe_v1,ok,,0.78,0.1
deer vs horse,deer,horse,1,16,6,sigmoid,large_mu,18,18,18,35,24,21618.61646608518,16836.891908013204,large_mu,disjoint_bag_coordinate_me_single_point_probe_v1,ok,,0.7775,10.0
deer vs horse,deer,horse,1,16,8,sigmoid,large_mu,18,18,18,35,24,21618.61646608518,16836.891908013204,large_mu,disjoint_bag_coordinate_me_single_point_probe_v1,ok,,0.7875,1.0
deer vs horse,deer,horse,1,16,10,sigmoid,large_mu,18,18,18,35,24,21618.61646608518,16836.891908013204,large_mu,disjoint_bag_coordinate_me_single_point_probe_v1,ok,,0.775,0.1
deer vs horse,deer,horse,1,16,16,sigmoid,large_mu,18,18,18,35,24,21618.61646608518,16836.891908013204,large_mu,disjoint_bag_coordinate_me_single_point_probe_v1,ok,,0.7825,0.1
deer vs horse,deer,horse,1,16,24,sigmoid,large_mu,18,18,18,35,24,21618.61646608518,16836.891908013204,large_mu,disjoint_bag_coordinate_me_single_point_probe_v1,rank_limited,"requested r=24, stable limit=18, available directions=24",,
deer vs horse,deer,horse,1,16,1,sigmoid,small_mu,18,18,17,35,24,21618.61646608518,16836.891908013204,,disjoint_bag_coordinate_me_single_point_probe_v1,ok,,0.775,0.1
deer vs horse,deer,horse,1,16,2,sigmoid,small_mu,18,18,17,35,24,21618.61646608518,16836.891908013204,large_mu,disjoint_bag_coordinate_me_single_point_probe_v1,ok,,0.775,0.1
deer vs horse,deer,horse,1,16,4,sigmoid,small_mu,18,18,17,35,24,21618.61646608518,16836.891908013204,large_mu,disjoint_bag_coordinate_me_single_point_probe_v1,ok,,0.7775,0.1
deer vs horse,deer,horse,1,16,6,sigmoid,small_mu,18,18,17,35,24,21618.61646608518,16836.891908013204,large_mu,disjoint_bag_coordinate_me_single_point_probe_v1,ok,,0.7875,0.1
deer vs horse,deer,horse,1,16,8,sigmoid,small_mu,18,18,17,35,24,21618.61646608518,16836.891908013204,large_mu,disjoint_bag_coordinate_me_single_point_probe_v1,ok,,0.785,10.0
deer vs horse,deer,horse,1,16,10,sigmoid,small_mu,18,18,17,35,24,21618.61646608518,16836.891908013204,large_mu,disjoint_bag_coordinate_me_single_point_probe_v1,ok,,0.7925,1.0
deer vs horse,deer,horse,1,16,16,sigmoid,small_mu,18,18,17,35,24,21618.61646608518,16836.891908013204,large_mu,disjoint_bag_coordinate_me_single_point_probe_v1,ok,,0.795,1.0
deer vs horse,deer,horse,1,16,24,sigmoid,small_mu,18,18,17,35,24,21618.61646608518,16836.891908013204,large_mu,disjoint_bag_coordinate_me_single_point_probe_v1,rank_limited,"requested r=24, stable limit=17, available directions=24",,
deer vs horse,deer,horse,2,4,1,linear,large_mu,75,75,75,149,24,6511237.504987419,35882667.87518842,,disjoint_bag_coordinate_me_single_point_probe_v1,ok,,0.8275,1.0
deer vs horse,deer,horse,2,4,2,linear,large_mu,75,75,75,149,24,6511237.504987419,35882667.87518842,small_mu,disjoint_bag_coordinate_me_single_point_probe_v1,ok,,0.8325,0.1
deer vs horse,deer,horse,2,4,4,linear,large_mu,75,75,75,149,24,6511237.504987419,35882667.87518842,small_mu,disjoint_bag_coordinate_me_single_point_probe_v1,ok,,0.82,10.0
deer vs horse,deer,horse,2,4,6,linear,large_mu,75,75,75,149,24,6511237.504987419,35882667.87518842,small_mu,disjoint_bag_coordinate_me_single_point_probe_v1,ok,,0.82,10.0
deer vs horse,deer,horse,2,4,8,linear,large_mu,75,75,75,149,24,6511237.504987419,35882667.87518842,large_mu,disjoint_bag_coordinate_me_single_point_probe_v1,ok,,0.84,0.1
deer vs horse,deer,horse,2,4,10,linear,large_mu,75,75,75,149,24,6511237.504987419,35882667.87518842,large_mu,disjoint_bag_coordinate_me_single_point_probe_v1,ok,,0.8325,1.0
deer vs horse,deer,horse,2,4,16,linear,large_mu,75,75,75,149,24,6511237.504987419,35882667.87518842,large_mu,disjoint_bag_coordinate_me_single_point_probe_v1,ok,,0.825,1.0
deer vs horse,deer,horse,2,4,24,linear,large_mu,75,75,75,149,24,6511237.504987419,35882667.87518842,large_mu,disjoint_bag_coordinate_me_single_point_probe_v1,ok,,0.845,10.0
deer vs horse,deer,horse,2,4,1,linear,small_mu,75,75,74,149,24,6511237.504987419,35882667.87518842,,disjoint_bag_coordinate_me_single_point_probe_v1,ok,,0.7775,0.1
deer vs horse,deer,horse,2,4,2,linear,small_mu,75,75,74,149,24,6511237.504987419,35882667.87518842,small_mu,disjoint_bag_coordinate_me_single_point_probe_v1,ok,,0.77,0.1
deer vs horse,deer,horse,2,4,4,linear,small_mu,75,75,74,149,24,6511237.504987419,35882667.87518842,small_mu,disjoint_bag_coordinate_me_single_point_probe_v1,ok,,0.77,0.1
deer vs horse,deer,horse,2,4,6,linear,small_mu,75,75,74,149,24,6511237.504987419,35882667.87518842,small_mu,disjoint_bag_coordinate_me_single_point_probe_v1,ok,,0.7775,10.0
deer vs horse,deer,horse,2,4,8,linear,small_mu,75,75,74,149,24,6511237.504987419,35882667.87518842,large_mu,disjoint_bag_coordinate_me_single_point_probe_v1,ok,,0.7825,0.1
deer vs horse,deer,horse,2,4,10,linear,small_mu,75,75,74,149,24,6511237.504987419,35882667.87518842,large_mu,disjoint_bag_coordinate_me_single_point_probe_v1,ok,,0.78,0.1
deer vs horse,deer,horse,2,4,16,linear,small_mu,75,75,74,149,24,6511237.504987419,35882667.87518842,large_mu,disjoint_bag_coordinate_me_single_point_probe_v1,ok,,0.805,1.0
deer vs horse,deer,horse,2,4,24,linear,small_mu,75,75,74,149,24,6511237.504987419,35882667.87518842,large_mu,disjoint_bag_coordinate_me_single_point_probe_v1,ok,,0.83,0.1
deer vs horse,deer,horse,2,4,1,rbf,large_mu,75,75,75,149,24,9991.132735913316,96934.00395274108,,disjoint_bag_coordinate_me_single_point_probe_v1,ok,,0.83,1.0
deer vs horse,deer,horse,2,4,2,rbf,large_mu,75,75,75,149,24,9991.132735913316,96934.00395274108,small_mu,disjoint_bag_coordinate_me_single_point_probe_v1,ok,,0.8475,0.1
deer vs horse,deer,horse,2,4,4,rbf,large_mu,75,75,75,149,24,9991.132735913316,96934.00395274108,small_mu,disjoint_bag_coordinate_me_single_point_probe_v1,ok,,0.86,0.1
deer vs horse,deer,horse,2,4,6,rbf,large_mu,75,75,75,149,24,9991.132735913316,96934.00395274108,small_mu,disjoint_bag_coordinate_me_single_point_probe_v1,ok,,0.86,0.1
deer vs horse,deer,horse,2,4,8,rbf,large_mu,75,75,75,149,24,9991.132735913316,96934.00395274108,small_mu,disjoint_bag_coordinate_me_single_point_probe_v1,ok,,0.86,0.1
deer vs horse,deer,horse,2,4,10,rbf,large_mu,75,75,75,149,24,9991.132735913316,96934.00395274108,small_mu,disjoint_bag_coordinate_me_single_point_probe_v1,ok,,0.8575,1.0
deer vs horse,deer,horse,2,4,16,rbf,large_mu,75,75,75,149,24,9991.132735913316,96934.00395274108,large_mu,disjoint_bag_coordinate_me_single_point_probe_v1,ok,,0.8525,0.1
deer vs horse,deer,horse,2,4,24,rbf,large_mu,75,75,75,149,24,9991.132735913316,96934.00395274108,large_mu,disjoint_bag_coordinate_me_single_point_probe_v1,ok,,0.855,0.1
deer vs horse,deer,horse,2,4,1,rbf,small_mu,75,75,74,149,24,9991.132735913316,96934.00395274108,,disjoint_bag_coordinate_me_single_point_probe_v1,ok,,0.85,0.1
deer vs horse,deer,horse,2,4,2,rbf,small_mu,75,75,74,149,24,9991.132735913316,96934.00395274108,small_mu,disjoint_bag_coordinate_me_single_point_probe_v1,ok,,0.85,1.0
deer vs horse,deer,horse,2,4,4,rbf,small_mu,75,75,74,149,24,9991.132735913316,96934.00395274108,small_mu,disjoint_bag_coordinate_me_single_point_probe_v1,ok,,0.85,10.0
deer vs horse,deer,horse,2,4,6,rbf,small_mu,75,75,74,149,24,9991.132735913316,96934.00395274108,small_mu,disjoint_bag_coordinate_me_single_point_probe_v1,ok,,0.855,10.0
deer vs horse,deer,horse,2,4,8,rbf,small_mu,75,75,74,149,24,9991.132735913316,96934.00395274108,small_mu,disjoint_bag_coordinate_me_single_point_probe_v1,ok,,0.855,0.1
deer vs horse,deer,horse,2,4,10,rbf,small_mu,75,75,74,149,24,9991.132735913316,96934.00395274108,small_mu,disjoint_bag_coordinate_me_single_point_probe_v1,ok,,0.85,1.0
deer vs horse,deer,horse,2,4,16,rbf,small_mu,75,75,74,149,24,9991.132735913316,96934.00395274108,large_mu,disjoint_bag_coordinate_me_single_point_probe_v1,ok,,0.8625,10.0
deer vs horse,deer,horse,2,4,24,rbf,small_mu,75,75,74,149,24,9991.132735913316,96934.00395274108,large_mu,disjoint_bag_coordinate_me_single_point_probe_v1,ok,,0.86,10.0
deer vs horse,deer,horse,2,4,1,laplacian,large_mu,75,75,75,149,24,7161.529977437757,75572.55102955397,,disjoint_bag_coordinate_me_single_point_probe_v1,ok,,0.8275,0.1
deer vs horse,deer,horse,2,4,2,laplacian,large_mu,75,75,75,149,24,7161.529977437757,75572.55102955397,small_mu,disjoint_bag_coordinate_me_single_point_probe_v1,ok,,0.845,0.1
deer vs horse,deer,horse,2,4,4,laplacian,large_mu,75,75,75,149,24,7161.529977437757,75572.55102955397,small_mu,disjoint_bag_coordinate_me_single_point_probe_v1,ok,,0.8475,0.1
deer vs horse,deer,horse,2,4,6,laplacian,large_mu,75,75,75,149,24,7161.529977437757,75572.55102955397,small_mu,disjoint_bag_coordinate_me_single_point_probe_v1,ok,,0.8425,1.0
deer vs horse,deer,horse,2,4,8,laplacian,large_mu,75,75,75,149,24,7161.529977437757,75572.55102955397,small_mu,disjoint_bag_coordinate_me_single_point_probe_v1,ok,,0.845,0.1
deer vs horse,deer,horse,2,4,10,laplacian,large_mu,75,75,75,149,24,7161.529977437757,75572.55102955397,small_mu,disjoint_bag_coordinate_me_single_point_probe_v1,ok,,0.8325,1.0
deer vs horse,deer,horse,2,4,16,laplacian,large_mu,75,75,75,149,24,7161.529977437757,75572.55102955397,large_mu,disjoint_bag_coordinate_me_single_point_probe_v1,ok,,0.845,0.1
deer vs horse,deer,horse,2,4,24,laplacian,large_mu,75,75,75,149,24,7161.529977437757,75572.55102955397,large_mu,disjoint_bag_coordinate_me_single_point_probe_v1,ok,,0.83,0.1
deer vs horse,deer,horse,2,4,1,laplacian,small_mu,75,75,74,149,24,7161.529977437757,75572.55102955397,,disjoint_bag_coordinate_me_single_point_probe_v1,ok,,0.83,1.0
deer vs horse,deer,horse,2,4,2,laplacian,small_mu,75,75,74,149,24,7161.529977437757,75572.55102955397,small_mu,disjoint_bag_coordinate_me_single_point_probe_v1,ok,,0.835,0.1
deer vs horse,deer,horse,2,4,4,laplacian,small_mu,75,75,74,149,24,7161.529977437757,75572.55102955397,small_mu,disjoint_bag_coordinate_me_single_point_probe_v1,ok,,0.835,10.0
deer vs horse,deer,horse,2,4,6,laplacian,small_mu,75,75,74,149,24,7161.529977437757,75572.55102955397,small_mu,disjoint_bag_coordinate_me_single_point_probe_v1,ok,,0.8375,1.0
deer vs horse,deer,horse,2,4,8,laplacian,small_mu,75,75,74,149,24,7161.529977437757,75572.55102955397,small_mu,disjoint_bag_coordinate_me_single_point_probe_v1,ok,,0.84,10.0
deer vs horse,deer,horse,2,4,10,laplacian,small_mu,75,75,74,149,24,7161.529977437757,75572.55102955397,small_mu,disjoint_bag_coordinate_me_single_point_probe_v1,ok,,0.84,1.0
deer vs horse,deer,horse,2,4,16,laplacian,small_mu,75,75,74,149,24,7161.529977437757,75572.55102955397,large_mu,disjoint_bag_coordinate_me_single_point_probe_v1,ok,,0.8375,1.0
deer vs horse,deer,horse,2,4,24,laplacian,small_mu,75,75,74,149,24,7161.529977437757,75572.55102955397,large_mu,disjoint_bag_coordinate_me_single_point_probe_v1,ok,,0.8325,0.1
deer vs horse,deer,horse,2,4,1,polynomial,large_mu,75,75,75,149,24,40622.36682569202,291746.77306696965,,disjoint_bag_coordinate_me_single_point_probe_v1,ok,,0.855,0.1
deer vs horse,deer,horse,2,4,2,polynomial,large_mu,75,75,75,149,24,40622.36682569202,291746.77306696965,small_mu,disjoint_bag_coordinate_me_single_point_probe_v1,ok,,0.855,0.1
deer vs horse,deer,horse,2,4,4,polynomial,large_mu,75,75,75,149,24,40622.36682569202,291746.77306696965,small_mu,disjoint_bag_coordinate_me_single_point_probe_v1,ok,,0.86,1.0
deer vs horse,deer,horse,2,4,6,polynomial,large_mu,75,75,75,149,24,40622.36682569202,291746.77306696965,small_mu,disjoint_bag_coordinate_me_single_point_probe_v1,ok,,0.86,10.0
deer vs horse,deer,horse,2,4,8,polynomial,large_mu,75,75,75,149,24,40622.36682569202,291746.77306696965,small_mu,disjoint_bag_coordinate_me_single_point_probe_v1,ok,,0.8775,10.0
deer vs horse,deer,horse,2,4,10,polynomial,large_mu,75,75,75,149,24,40622.36682569202,291746.77306696965,large_mu,disjoint_bag_coordinate_me_single_point_probe_v1,ok,,0.8675,0.1
deer vs horse,deer,horse,2,4,16,polynomial,large_mu,75,75,75,149,24,40622.36682569202,291746.77306696965,large_mu,disjoint_bag_coordinate_me_single_point_probe_v1,ok,,0.8625,10.0
deer vs horse,deer,horse,2,4,24,polynomial,large_mu,75,75,75,149,24,40622.36682569202,291746.77306696965,large_mu,disjoint_bag_coordinate_me_single_point_probe_v1,ok,,0.86,10.0
deer vs horse,deer,horse,2,4,1,polynomial,small_mu,75,75,74,149,24,40622.36682569202,291746.77306696965,,disjoint_bag_coordinate_me_single_point_probe_v1,ok,,0.8525,10.0
deer vs horse,deer,horse,2,4,2,polynomial,small_mu,75,75,74,149,24,40622.36682569202,291746.77306696965,small_mu,disjoint_bag_coordinate_me_single_point_probe_v1,ok,,0.8475,1.0
deer vs horse,deer,horse,2,4,4,polynomial,small_mu,75,75,74,149,24,40622.36682569202,291746.77306696965,small_mu,disjoint_bag_coordinate_me_single_point_probe_v1,ok,,0.84,0.1
deer vs horse,deer,horse,2,4,6,polynomial,small_mu,75,75,74,149,24,40622.36682569202,291746.77306696965,small_mu,disjoint_bag_coordinate_me_single_point_probe_v1,ok,,0.8475,10.0
deer vs horse,deer,horse,2,4,8,polynomial,small_mu,75,75,74,149,24,40622.36682569202,291746.77306696965,small_mu,disjoint_bag_coordinate_me_single_point_probe_v1,ok,,0.8475,0.1
deer vs horse,deer,horse,2,4,10,polynomial,small_mu,75,75,74,149,24,40622.36682569202,291746.77306696965,large_mu,disjoint_bag_coordinate_me_single_point_probe_v1,ok,,0.855,10.0
deer vs horse,deer,horse,2,4,16,polynomial,small_mu,75,75,74,149,24,40622.36682569202,291746.77306696965,large_mu,disjoint_bag_coordinate_me_single_point_probe_v1,ok,,0.8625,0.1
deer vs horse,deer,horse,2,4,24,polynomial,small_mu,75,75,74,149,24,40622.36682569202,291746.77306696965,large_mu,disjoint_bag_coordinate_me_single_point_probe_v1,ok,,0.855,1.0
deer vs horse,deer,horse,2,4,1,sigmoid,large_mu,75,75,75,114,24,5155.08506966536,25892.986880667453,,disjoint_bag_coordinate_me_single_point_probe_v1,ok,,0.7225,0.1
deer vs horse,deer,horse,2,4,2,sigmoid,large_mu,75,75,75,114,24,5155.08506966536,25892.986880667453,small_mu,disjoint_bag_coordinate_me_single_point_probe_v1,ok,,0.7275,0.1
deer vs horse,deer,horse,2,4,4,sigmoid,large_mu,75,75,75,114,24,5155.08506966536,25892.986880667453,small_mu,disjoint_bag_coordinate_me_single_point_probe_v1,ok,,0.7325,1.0
deer vs horse,deer,horse,2,4,6,sigmoid,large_mu,75,75,75,114,24,5155.08506966536,25892.986880667453,small_mu,disjoint_bag_coordinate_me_single_point_probe_v1,ok,,0.73,0.1
deer vs horse,deer,horse,2,4,8,sigmoid,large_mu,75,75,75,114,24,5155.08506966536,25892.986880667453,large_mu,disjoint_bag_coordinate_me_single_point_probe_v1,ok,,0.7325,1.0
deer vs horse,deer,horse,2,4,10,sigmoid,large_mu,75,75,75,114,24,5155.08506966536,25892.986880667453,large_mu,disjoint_bag_coordinate_me_single_point_probe_v1,ok,,0.725,0.1
deer vs horse,deer,horse,2,4,16,sigmoid,large_mu,75,75,75,114,24,5155.08506966536,25892.986880667453,large_mu,disjoint_bag_coordinate_me_single_point_probe_v1,ok,,0.73,0.1
deer vs horse,deer,horse,2,4,24,sigmoid,large_mu,75,75,75,114,24,5155.08506966536,25892.986880667453,large_mu,disjoint_bag_coordinate_me_single_point_probe_v1,ok,,0.7275,0.1
deer vs horse,deer,horse,2,4,1,sigmoid,small_mu,75,75,74,114,24,5155.08506966536,25892.986880667453,,disjoint_bag_coordinate_me_single_point_probe_v1,ok,,0.5225,0.1
deer vs horse,deer,horse,2,4,2,sigmoid,small_mu,75,75,74,114,24,5155.08506966536,25892.986880667453,small_mu,disjoint_bag_coordinate_me_single_point_probe_v1,ok,,0.5875,1.0
deer vs horse,deer,horse,2,4,4,sigmoid,small_mu,75,75,74,114,24,5155.08506966536,25892.986880667453,small_mu,disjoint_bag_coordinate_me_single_point_probe_v1,ok,,0.6625,0.1
deer vs horse,deer,horse,2,4,6,sigmoid,small_mu,75,75,74,114,24,5155.08506966536,25892.986880667453,small_mu,disjoint_bag_coordinate_me_single_point_probe_v1,ok,,0.6625,10.0
deer vs horse,deer,horse,2,4,8,sigmoid,small_mu,75,75,74,114,24,5155.08506966536,25892.986880667453,large_mu,disjoint_bag_coordinate_me_single_point_probe_v1,ok,,0.675,0.1
deer vs horse,deer,horse,2,4,10,sigmoid,small_mu,75,75,74,114,24,5155.08506966536,25892.986880667453,large_mu,disjoint_bag_coordinate_me_single_point_probe_v1,ok,,0.675,0.1
deer vs horse,deer,horse,2,4,16,sigmoid,small_mu,75,75,74,114,24,5155.08506966536,25892.986880667453,large_mu,disjoint_bag_coordinate_me_single_point_probe_v1,ok,,0.7,1.0
deer vs horse,deer,horse,2,4,24,sigmoid,small_mu,75,75,74,114,24,5155.08506966536,25892.986880667453,large_mu,disjoint_bag_coordinate_me_single_point_probe_v1,ok,,0.72,10.0
deer vs horse,deer,horse,2,8,1,linear,large_mu,37,37,37,73,24,10354512.088039815,22556526.129391614,,disjoint_bag_coordinate_me_single_point_probe_v1,ok,,0.7925,10.0
deer vs horse,deer,horse,2,8,2,linear,large_mu,37,37,37,73,24,10354512.088039815,22556526.129391614,small_mu,disjoint_bag_coordinate_me_single_point_probe_v1,ok,,0.79,10.0
deer vs horse,deer,horse,2,8,4,linear,large_mu,37,37,37,73,24,10354512.088039815,22556526.129391614,large_mu,disjoint_bag_coordinate_me_single_point_probe_v1,ok,,0.805,10.0
deer vs horse,deer,horse,2,8,6,linear,large_mu,37,37,37,73,24,10354512.088039815,22556526.129391614,large_mu,disjoint_bag_coordinate_me_single_point_probe_v1,ok,,0.81,10.0
deer vs horse,deer,horse,2,8,8,linear,large_mu,37,37,37,73,24,10354512.088039815,22556526.129391614,large_mu,disjoint_bag_coordinate_me_single_point_probe_v1,ok,,0.8,1.0
deer vs horse,deer,horse,2,8,10,linear,large_mu,37,37,37,73,24,10354512.088039815,22556526.129391614,large_mu,disjoint_bag_coordinate_me_single_point_probe_v1,ok,,0.8075,1.0
deer vs horse,deer,horse,2,8,16,linear,large_mu,37,37,37,73,24,10354512.088039815,22556526.129391614,large_mu,disjoint_bag_coordinate_me_single_point_probe_v1,ok,,0.82,1.0
deer vs horse,deer,horse,2,8,24,linear,large_mu,37,37,37,73,24,10354512.088039815,22556526.129391614,large_mu,disjoint_bag_coordinate_me_single_point_probe_v1,ok,,0.8175,0.1
deer vs horse,deer,horse,2,8,1,linear,small_mu,37,37,36,73,24,10354512.088039815,22556526.129391614,,disjoint_bag_coordinate_me_single_point_probe_v1,ok,,0.8175,0.1
deer vs horse,deer,horse,2,8,2,linear,small_mu,37,37,36,73,24,10354512.088039815,22556526.129391614,small_mu,disjoint_bag_coordinate_me_single_point_probe_v1,ok,,0.825,0.1
deer vs horse,deer,horse,2,8,4,linear,small_mu,37,37,36,73,24,10354512.088039815,22556526.129391614,large_mu,disjoint_bag_coordinate_me_single_point_probe_v1,ok,,0.8275,0.1
deer vs horse,deer,horse,2,8,6,linear,small_mu,37,37,36,73,24,10354512.088039815,22556526.129391614,large_mu,disjoint_bag_coordinate_me_single_point_probe_v1,ok,,0.8325,1.0
deer vs horse,deer,horse,2,8,8,linear,small_mu,37,37,36,73,24,10354512.088039815,22556526.129391614,large_mu,disjoint_bag_coordinate_me_single_point_probe_v1,ok,,0.84,10.0
deer vs horse,deer,horse,2,8,10,linear,small_mu,37,37,36,73,24,10354512.088039815,22556526.129391614,large_mu,disjoint_bag_coordinate_me_single_point_probe_v1,ok,,0.8375,0.1
deer vs horse,deer,horse,2,8,16,linear,small_mu,37,37,36,73,24,10354512.088039815,22556526.129391614,large_mu,disjoint_bag_coordinate_me_single_point_probe_v1,ok,,0.84,10.0
deer vs horse,deer,horse,2,8,24,linear,small_mu,37,37,36,73,24,10354512.088039815,22556526.129391614,large_mu,disjoint_bag_coordinate_me_single_point_probe_v1,ok,,0.835,1.0
deer vs horse,deer,horse,2,8,1,rbf,large_mu,37,37,37,73,24,11687.063559045824,49015.623946141495,,disjoint_bag_coordinate_me_single_point_probe_v1,ok,,0.775,0.1
deer vs horse,deer,horse,2,8,2,rbf,large_mu,37,37,37,73,24,11687.063559045824,49015.623946141495,small_mu,disjoint_bag_coordinate_me_single_point_probe_v1,ok,,0.825,10.0
deer vs horse,deer,horse,2,8,4,rbf,large_mu,37,37,37,73,24,11687.063559045824,49015.623946141495,small_mu,disjoint_bag_coordinate_me_single_point_probe_v1,ok,,0.845,0.1
deer vs horse,deer,horse,2,8,6,rbf,large_mu,37,37,37,73,24,11687.063559045824,49015.623946141495,large_mu,disjoint_bag_coordinate_me_single_point_probe_v1,ok,,0.85,10.0
deer vs horse,deer,horse,2,8,8,rbf,large_mu,37,37,37,73,24,11687.063559045824,49015.623946141495,large_mu,disjoint_bag_coordinate_me_single_point_probe_v1,ok,,0.845,10.0
deer vs horse,deer,horse,2,8,10,rbf,large_mu,37,37,37,73,24,11687.063559045824,49015.623946141495,large_mu,disjoint_bag_coordinate_me_single_point_probe_v1,ok,,0.8475,0.1
deer vs horse,deer,horse,2,8,16,rbf,large_mu,37,37,37,73,24,11687.063559045824,49015.623946141495,large_mu,disjoint_bag_coordinate_me_single_point_probe_v1,ok,,0.86,10.0
deer vs horse,deer,horse,2,8,24,rbf,large_mu,37,37,37,73,24,11687.063559045824,49015.623946141495,large_mu,disjoint_bag_coordinate_me_single_point_probe_v1,ok,,0.8525,10.0
deer vs horse,deer,horse,2,8,1,rbf,small_mu,37,37,36,73,24,11687.063559045824,49015.623946141495,,disjoint_bag_coordinate_me_single_point_probe_v1,ok,,0.8325,0.1
deer vs horse,deer,horse,2,8,2,rbf,small_mu,37,37,36,73,24,11687.063559045824,49015.623946141495,small_mu,disjoint_bag_coordinate_me_single_point_probe_v1,ok,,0.8425,1.0
deer vs horse,deer,horse,2,8,4,rbf,small_mu,37,37,36,73,24,11687.063559045824,49015.623946141495,small_mu,disjoint_bag_coordinate_me_single_point_probe_v1,ok,,0.8425,10.0
deer vs horse,deer,horse,2,8,6,rbf,small_mu,37,37,36,73,24,11687.063559045824,49015.623946141495,large_mu,disjoint_bag_coordinate_me_single_point_probe_v1,ok,,0.855,1.0
deer vs horse,deer,horse,2,8,8,rbf,small_mu,37,37,36,73,24,11687.063559045824,49015.623946141495,large_mu,disjoint_bag_coordinate_me_single_point_probe_v1,ok,,0.85,10.0
deer vs horse,deer,horse,2,8,10,rbf,small_mu,37,37,36,73,24,11687.063559045824,49015.623946141495,large_mu,disjoint_bag_coordinate_me_single_point_probe_v1,ok,,0.85,10.0
deer vs horse,deer,horse,2,8,16,rbf,small_mu,37,37,36,73,24,11687.063559045824,49015.623946141495,large_mu,disjoint_bag_coordinate_me_single_point_probe_v1,ok,,0.86,10.0
deer vs horse,deer,horse,2,8,24,rbf,small_mu,37,37,36,73,24,11687.063559045824,49015.623946141495,large_mu,disjoint_bag_coordinate_me_single_point_probe_v1,ok,,0.8525,0.1
deer vs horse,deer,horse,2,8,1,laplacian,large_mu,37,37,37,73,24,8369.031806321078,37952.57246554585,,disjoint_bag_coordinate_me_single_point_probe_v1,ok,,0.785,0.1
deer vs horse,deer,horse,2,8,2,laplacian,large_mu,37,37,37,73,24,8369.031806321078,37952.57246554585,small_mu,disjoint_bag_coordinate_me_single_point_probe_v1,ok,,0.8125,0.1
deer vs horse,deer,horse,2,8,4,laplacian,large_mu,37,37,37,73,24,8369.031806321078,37952.57246554585,small_mu,disjoint_bag_coordinate_me_single_point_probe_v1,ok,,0.83,0.1
deer vs horse,deer,horse,2,8,6,laplacian,large_mu,37,37,37,73,24,8369.031806321078,37952.57246554585,large_mu,disjoint_bag_coordinate_me_single_point_probe_v1,ok,,0.85,1.0
deer vs horse,deer,horse,2,8,8,laplacian,large_mu,37,37,37,73,24,8369.031806321078,37952.57246554585,large_mu,disjoint_bag_coordinate_me_single_point_probe_v1,ok,,0.8525,10.0
deer vs horse,deer,horse,2,8,10,laplacian,large_mu,37,37,37,73,24,8369.031806321078,37952.57246554585,large_mu,disjoint_bag_coordinate_me_single_point_probe_v1,ok,,0.8475,10.0
deer vs horse,deer,horse,2,8,16,laplacian,large_mu,37,37,37,73,24,8369.031806321078,37952.57246554585,large_mu,disjoint_bag_coordinate_me_single_point_probe_v1,ok,,0.85,1.0
deer vs horse,deer,horse,2,8,24,laplacian,large_mu,37,37,37,73,24,8369.031806321078,37952.57246554585,large_mu,disjoint_bag_coordinate_me_single_point_probe_v1,ok,,0.855,10.0
deer vs horse,deer,horse,2,8,1,laplacian,small_mu,37,37,36,73,24,8369.031806321078,37952.57246554585,,disjoint_bag_coordinate_me_single_point_probe_v1,ok,,0.825,0.1
deer vs horse,deer,horse,2,8,2,laplacian,small_mu,37,37,36,73,24,8369.031806321078,37952.57246554585,small_mu,disjoint_bag_coordinate_me_single_point_probe_v1,ok,,0.8325,0.1
deer vs horse,deer,horse,2,8,4,laplacian,small_mu,37,37,36,73,24,8369.031806321078,37952.57246554585,small_mu,disjoint_bag_coordinate_me_single_point_probe_v1,ok,,0.8475,10.0
deer vs horse,deer,horse,2,8,6,laplacian,small_mu,37,37,36,73,24,8369.031806321078,37952.57246554585,large_mu,disjoint_bag_coordinate_me_single_point_probe_v1,ok,,0.85,10.0
deer vs horse,deer,horse,2,8,8,laplacian,small_mu,37,37,36,73,24,8369.031806321078,37952.57246554585,large_mu,disjoint_bag_coordinate_me_single_point_probe_v1,ok,,0.8525,10.0
deer vs horse,deer,horse,2,8,10,laplacian,small_mu,37,37,36,73,24,8369.031806321078,37952.57246554585,large_mu,disjoint_bag_coordinate_me_single_point_probe_v1,ok,,0.845,1.0
deer vs horse,deer,horse,2,8,16,laplacian,small_mu,37,37,36,73,24,8369.031806321078,37952.57246554585,large_mu,disjoint_bag_coordinate_me_single_point_probe_v1,ok,,0.8475,1.0
deer vs horse,deer,horse,2,8,24,laplacian,small_mu,37,37,36,73,24,8369.031806321078,37952.57246554585,large_mu,disjoint_bag_coordinate_me_single_point_probe_v1,ok,,0.85,1.0
deer vs horse,deer,horse,2,8,1,polynomial,large_mu,37,37,37,73,24,55622.2107051863,156206.56400772906,,disjoint_bag_coordinate_me_single_point_probe_v1,ok,,0.8,1.0
deer vs horse,deer,horse,2,8,2,polynomial,large_mu,37,37,37,73,24,55622.2107051863,156206.56400772906,small_mu,disjoint_bag_coordinate_me_single_point_probe_v1,ok,,0.805,0.1
deer vs horse,deer,horse,2,8,4,polynomial,large_mu,37,37,37,73,24,55622.2107051863,156206.56400772906,large_mu,disjoint_bag_coordinate_me_single_point_probe_v1,ok,,0.85,10.0
deer vs horse,deer,horse,2,8,6,polynomial,large_mu,37,37,37,73,24,55622.2107051863,156206.56400772906,large_mu,disjoint_bag_coordinate_me_single_point_probe_v1,ok,,0.8425,0.1
deer vs horse,deer,horse,2,8,8,polynomial,large_mu,37,37,37,73,24,55622.2107051863,156206.56400772906,large_mu,disjoint_bag_coordinate_me_single_point_probe_v1,ok,,0.84,1.0
deer vs horse,deer,horse,2,8,10,polynomial,large_mu,37,37,37,73,24,55622.2107051863,156206.56400772906,large_mu,disjoint_bag_coordinate_me_single_point_probe_v1,ok,,0.8375,1.0
deer vs horse,deer,horse,2,8,16,polynomial,large_mu,37,37,37,73,24,55622.2107051863,156206.56400772906,large_mu,disjoint_bag_coordinate_me_single_point_probe_v1,ok,,0.845,0.1
deer vs horse,deer,horse,2,8,24,polynomial,large_mu,37,37,37,73,24,55622.2107051863,156206.56400772906,large_mu,disjoint_bag_coordinate_me_single_point_probe_v1,ok,,0.8425,1.0
deer vs horse,deer,horse,2,8,1,polynomial,small_mu,37,37,36,73,24,55622.2107051863,156206.56400772906,,disjoint_bag_coordinate_me_single_point_probe_v1,ok,,0.83,0.1
deer vs horse,deer,horse,2,8,2,polynomial,small_mu,37,37,36,73,24,55622.2107051863,156206.56400772906,small_mu,disjoint_bag_coordinate_me_single_point_probe_v1,ok,,0.83,0.1
deer vs horse,deer,horse,2,8,4,polynomial,small_mu,37,37,36,73,24,55622.2107051863,156206.56400772906,large_mu,disjoint_bag_coordinate_me_single_point_probe_v1,ok,,0.8425,0.1
deer vs horse,deer,horse,2,8,6,polynomial,small_mu,37,37,36,73,24,55622.2107051863,156206.56400772906,large_mu,disjoint_bag_coordinate_me_single_point_probe_v1,ok,,0.85,1.0
deer vs horse,deer,horse,2,8,8,polynomial,small_mu,37,37,36,73,24,55622.2107051863,156206.56400772906,large_mu,disjoint_bag_coordinate_me_single_point_probe_v1,ok,,0.8425,0.1
deer vs horse,deer,horse,2,8,10,polynomial,small_mu,37,37,36,73,24,55622.2107051863,156206.56400772906,large_mu,disjoint_bag_coordinate_me_single_point_probe_v1,ok,,0.83,0.1
deer vs horse,deer,horse,2,8,16,polynomial,small_mu,37,37,36,73,24,55622.2107051863,156206.56400772906,large_mu,disjoint_bag_coordinate_me_single_point_probe_v1,ok,,0.8375,0.1
deer vs horse,deer,horse,2,8,24,polynomial,small_mu,37,37,36,73,24,55622.2107051863,156206.56400772906,large_mu,disjoint_bag_coordinate_me_single_point_probe_v1,ok,,0.8475,10.0
deer vs horse,deer,horse,2,8,1,sigmoid,large_mu,37,37,37,68,24,13104.876416750776,23575.30014625693,,disjoint_bag_coordinate_me_single_point_probe_v1,ok,,0.7425,0.1
deer vs horse,deer,horse,2,8,2,sigmoid,large_mu,37,37,37,68,24,13104.876416750776,23575.30014625693,small_mu,disjoint_bag_coordinate_me_single_point_probe_v1,ok,,0.7475,0.1
deer vs horse,deer,horse,2,8,4,sigmoid,large_mu,37,37,37,68,24,13104.876416750776,23575.30014625693,large_mu,disjoint_bag_coordinate_me_single_point_probe_v1,ok,,0.77,0.1
deer vs horse,deer,horse,2,8,6,sigmoid,large_mu,37,37,37,68,24,13104.876416750776,23575.30014625693,large_mu,disjoint_bag_coordinate_me_single_point_probe_v1,ok,,0.7675,1.0
deer vs horse,deer,horse,2,8,8,sigmoid,large_mu,37,37,37,68,24,13104.876416750776,23575.30014625693,large_mu,disjoint_bag_coordinate_me_single_point_probe_v1,ok,,0.7725,0.1
deer vs horse,deer,horse,2,8,10,sigmoid,large_mu,37,37,37,68,24,13104.876416750776,23575.30014625693,large_mu,disjoint_bag_coordinate_me_single_point_probe_v1,ok,,0.765,0.1
deer vs horse,deer,horse,2,8,16,sigmoid,large_mu,37,37,37,68,24,13104.876416750776,23575.30014625693,large_mu,disjoint_bag_coordinate_me_single_point_probe_v1,ok,,0.775,0.1
deer vs horse,deer,horse,2,8,24,sigmoid,large_mu,37,37,37,68,24,13104.876416750776,23575.30014625693,large_mu,disjoint_bag_coordinate_me_single_point_probe_v1,ok,,0.7825,1.0
deer vs horse,deer,horse,2,8,1,sigmoid,small_mu,37,37,36,68,24,13104.876416750776,23575.30014625693,,disjoint_bag_coordinate_me_single_point_probe_v1,ok,,0.58,0.1
deer vs horse,deer,horse,2,8,2,sigmoid,small_mu,37,37,36,68,24,13104.876416750776,23575.30014625693,small_mu,disjoint_bag_coordinate_me_single_point_probe_v1,ok,,0.5975,0.1
deer vs horse,deer,horse,2,8,4,sigmoid,small_mu,37,37,36,68,24,13104.876416750776,23575.30014625693,large_mu,disjoint_bag_coordinate_me_single_point_probe_v1,ok,,0.6325,0.1
deer vs horse,deer,horse,2,8,6,sigmoid,small_mu,37,37,36,68,24,13104.876416750776,23575.30014625693,large_mu,disjoint_bag_coordinate_me_single_point_probe_v1,ok,,0.685,10.0
deer vs horse,deer,horse,2,8,8,sigmoid,small_mu,37,37,36,68,24,13104.876416750776,23575.30014625693,large_mu,disjoint_bag_coordinate_me_single_point_probe_v1,ok,,0.69,0.1
deer vs horse,deer,horse,2,8,10,sigmoid,small_mu,37,37,36,68,24,13104.876416750776,23575.30014625693,large_mu,disjoint_bag_coordinate_me_single_point_probe_v1,ok,,0.7325,1.0
deer vs horse,deer,horse,2,8,16,sigmoid,small_mu,37,37,36,68,24,13104.876416750776,23575.30014625693,large_mu,disjoint_bag_coordinate_me_single_point_probe_v1,ok,,0.715,10.0
deer vs horse,deer,horse,2,8,24,sigmoid,small_mu,37,37,36,68,24,13104.876416750776,23575.30014625693,large_mu,disjoint_bag_coordinate_me_single_point_probe_v1,ok,,0.7625,1.0
deer vs horse,deer,horse,2,16,1,linear,large_mu,18,18,18,35,19,15992230.36418603,11984565.903150894,,disjoint_bag_coordinate_me_single_point_probe_v1,ok,,0.8,1.0
deer vs horse,deer,horse,2,16,2,linear,large_mu,18,18,18,35,19,15992230.36418603,11984565.903150894,large_mu,disjoint_bag_coordinate_me_single_point_probe_v1,ok,,0.8075,1.0
deer vs horse,deer,horse,2,16,4,linear,large_mu,18,18,18,35,19,15992230.36418603,11984565.903150894,large_mu,disjoint_bag_coordinate_me_single_point_probe_v1,ok,,0.8075,1.0
deer vs horse,deer,horse,2,16,6,linear,large_mu,18,18,18,35,19,15992230.36418603,11984565.903150894,large_mu,disjoint_bag_coordinate_me_single_point_probe_v1,ok,,0.825,1.0
deer vs horse,deer,horse,2,16,8,linear,large_mu,18,18,18,35,19,15992230.36418603,11984565.903150894,large_mu,disjoint_bag_coordinate_me_single_point_probe_v1,ok,,0.8375,10.0
deer vs horse,deer,horse,2,16,10,linear,large_mu,18,18,18,35,19,15992230.36418603,11984565.903150894,large_mu,disjoint_bag_coordinate_me_single_point_probe_v1,ok,,0.84,1.0
deer vs horse,deer,horse,2,16,16,linear,large_mu,18,18,18,35,19,15992230.36418603,11984565.903150894,large_mu,disjoint_bag_coordinate_me_single_point_probe_v1,ok,,0.8375,1.0
deer vs horse,deer,horse,2,16,24,linear,large_mu,18,18,18,35,19,15992230.36418603,11984565.903150894,large_mu,disjoint_bag_coordinate_me_single_point_probe_v1,rank_limited,"requested r=24, stable limit=18, available directions=19",,
deer vs horse,deer,horse,2,16,1,linear,small_mu,18,18,17,35,18,15992230.36418603,11984565.903150894,,disjoint_bag_coordinate_me_single_point_probe_v1,ok,,0.805,0.1
deer vs horse,deer,horse,2,16,2,linear,small_mu,18,18,17,35,18,15992230.36418603,11984565.903150894,large_mu,disjoint_bag_coordinate_me_single_point_probe_v1,ok,,0.805,0.1
deer vs horse,deer,horse,2,16,4,linear,small_mu,18,18,17,35,18,15992230.36418603,11984565.903150894,large_mu,disjoint_bag_coordinate_me_single_point_probe_v1,ok,,0.8125,0.1
deer vs horse,deer,horse,2,16,6,linear,small_mu,18,18,17,35,18,15992230.36418603,11984565.903150894,large_mu,disjoint_bag_coordinate_me_single_point_probe_v1,ok,,0.805,10.0
deer vs horse,deer,horse,2,16,8,linear,small_mu,18,18,17,35,18,15992230.36418603,11984565.903150894,large_mu,disjoint_bag_coordinate_me_single_point_probe_v1,ok,,0.815,0.1
deer vs horse,deer,horse,2,16,10,linear,small_mu,18,18,17,35,18,15992230.36418603,11984565.903150894,large_mu,disjoint_bag_coordinate_me_single_point_probe_v1,ok,,0.805,1.0
deer vs horse,deer,horse,2,16,16,linear,small_mu,18,18,17,35,18,15992230.36418603,11984565.903150894,large_mu,disjoint_bag_coordinate_me_single_point_probe_v1,ok,,0.825,1.0
deer vs horse,deer,horse,2,16,24,linear,small_mu,18,18,17,35,18,15992230.36418603,11984565.903150894,large_mu,disjoint_bag_coordinate_me_single_point_probe_v1,rank_limited,"requested r=24, stable limit=17, available directions=18",,
deer vs horse,deer,horse,2,16,1,rbf,large_mu,18,18,18,35,24,13252.835900694305,23936.046975909452,,disjoint_bag_coordinate_me_single_point_probe_v1,ok,,0.7775,0.1
deer vs horse,deer,horse,2,16,2,rbf,large_mu,18,18,18,35,24,13252.835900694305,23936.046975909452,small_mu,disjoint_bag_coordinate_me_single_point_probe_v1,ok,,0.78,0.1
deer vs horse,deer,horse,2,16,4,rbf,large_mu,18,18,18,35,24,13252.835900694305,23936.046975909452,large_mu,disjoint_bag_coordinate_me_single_point_probe_v1,ok,,0.82,0.1
deer vs horse,deer,horse,2,16,6,rbf,large_mu,18,18,18,35,24,13252.835900694305,23936.046975909452,large_mu,disjoint_bag_coordinate_me_single_point_probe_v1,ok,,0.825,1.0
deer vs horse,deer,horse,2,16,8,rbf,large_mu,18,18,18,35,24,13252.835900694305,23936.046975909452,large_mu,disjoint_bag_coordinate_me_single_point_probe_v1,ok,,0.8275,1.0
deer vs horse,deer,horse,2,16,10,rbf,large_mu,18,18,18,35,24,13252.835900694305,23936.046975909452,large_mu,disjoint_bag_coordinate_me_single_point_probe_v1,ok,,0.83,1.0
deer vs horse,deer,horse,2,16,16,rbf,large_mu,18,18,18,35,24,13252.835900694305,23936.046975909452,large_mu,disjoint_bag_coordinate_me_single_point_probe_v1,ok,,0.8225,1.0
deer vs horse,deer,horse,2,16,24,rbf,large_mu,18,18,18,35,24,13252.835900694305,23936.046975909452,large_mu,disjoint_bag_coordinate_me_single_point_probe_v1,rank_limited,"requested r=24, stable limit=18, available directions=24",,
deer vs horse,deer,horse,2,16,1,rbf,small_mu,18,18,17,35,24,13252.835900694305,23936.046975909452,,disjoint_bag_coordinate_me_single_point_probe_v1,ok,,0.7975,1.0
deer vs horse,deer,horse,2,16,2,rbf,small_mu,18,18,17,35,24,13252.835900694305,23936.046975909452,small_mu,disjoint_bag_coordinate_me_single_point_probe_v1,ok,,0.82,1.0
deer vs horse,deer,horse,2,16,4,rbf,small_mu,18,18,17,35,24,13252.835900694305,23936.046975909452,large_mu,disjoint_bag_coordinate_me_single_point_probe_v1,ok,,0.8225,1.0
deer vs horse,deer,horse,2,16,6,rbf,small_mu,18,18,17,35,24,13252.835900694305,23936.046975909452,large_mu,disjoint_bag_coordinate_me_single_point_probe_v1,ok,,0.8225,0.1
deer vs horse,deer,horse,2,16,8,rbf,small_mu,18,18,17,35,24,13252.835900694305,23936.046975909452,large_mu,disjoint_bag_coordinate_me_single_point_probe_v1,ok,,0.8225,0.1
deer vs horse,deer,horse,2,16,10,rbf,small_mu,18,18,17,35,24,13252.835900694305,23936.046975909452,large_mu,disjoint_bag_coordinate_me_single_point_probe_v1,ok,,0.83,1.0
deer vs horse,deer,horse,2,16,16,rbf,small_mu,18,18,17,35,24,13252.835900694305,23936.046975909452,large_mu,disjoint_bag_coordinate_me_single_point_probe_v1,ok,,0.82,10.0
deer vs horse,deer,horse,2,16,24,rbf,small_mu,18,18,17,35,24,13252.835900694305,23936.046975909452,large_mu,disjoint_bag_coordinate_me_single_point_probe_v1,rank_limited,"requested r=24, stable limit=17, available directions=24",,
deer vs horse,deer,horse,2,16,1,laplacian,large_mu,18,18,18,35,24,9371.008465202618,18488.22700683865,,disjoint_bag_coordinate_me_single_point_probe_v1,ok,,0.785,0.1
deer vs horse,deer,horse,2,16,2,laplacian,large_mu,18,18,18,35,24,9371.008465202618,18488.22700683865,small_mu,disjoint_bag_coordinate_me_single_point_probe_v1,ok,,0.7875,1.0
deer vs horse,deer,horse,2,16,4,laplacian,large_mu,18,18,18,35,24,9371.008465202618,18488.22700683865,large_mu,disjoint_bag_coordinate_me_single_point_probe_v1,ok,,0.81,0.1
deer vs horse,deer,horse,2,16,6,laplacian,large_mu,18,18,18,35,24,9371.008465202618,18488.22700683865,large_mu,disjoint_bag_coordinate_me_single_point_probe_v1,ok,,0.81,1.0
deer vs horse,deer,horse,2,16,8,laplacian,large_mu,18,18,18,35,24,9371.008465202618,18488.22700683865,large_mu,disjoint_bag_coordinate_me_single_point_probe_v1,ok,,0.805,1.0
deer vs horse,deer,horse,2,16,10,laplacian,large_mu,18,18,18,35,24,9371.008465202618,18488.22700683865,large_mu,disjoint_bag_coordinate_me_single_point_probe_v1,ok,,0.82,1.0
deer vs horse,deer,horse,2,16,16,laplacian,large_mu,18,18,18,35,24,9371.008465202618,18488.22700683865,large_mu,disjoint_bag_coordinate_me_single_point_probe_v1,ok,,0.8075,0.1
deer vs horse,deer,horse,2,16,24,laplacian,large_mu,18,18,18,35,24,9371.008465202618,18488.22700683865,large_mu,disjoint_bag_coordinate_me_single_point_probe_v1,rank_limited,"requested r=24, stable limit=18, available directions=24",,
deer vs horse,deer,horse,2,16,1,laplacian,small_mu,18,18,17,35,24,9371.008465202618,18488.22700683865,,disjoint_bag_coordinate_me_single_point_probe_v1,ok,,0.7975,1.0
deer vs horse,deer,horse,2,16,2,laplacian,small_mu,18,18,17,35,24,9371.008465202618,18488.22700683865,small_mu,disjoint_bag_coordinate_me_single_point_probe_v1,ok,,0.81,1.0
deer vs horse,deer,horse,2,16,4,laplacian,small_mu,18,18,17,35,24,9371.008465202618,18488.22700683865,large_mu,disjoint_bag_coordinate_me_single_point_probe_v1,ok,,0.815,10.0
deer vs horse,deer,horse,2,16,6,laplacian,small_mu,18,18,17,35,24,9371.008465202618,18488.22700683865,large_mu,disjoint_bag_coordinate_me_single_point_probe_v1,ok,,0.8075,0.1
deer vs horse,deer,horse,2,16,8,laplacian,small_mu,18,18,17,35,24,9371.008465202618,18488.22700683865,large_mu,disjoint_bag_coordinate_me_single_point_probe_v1,ok,,0.815,10.0
deer vs horse,deer,horse,2,16,10,laplacian,small_mu,18,18,17,35,24,9371.008465202618,18488.22700683865,large_mu,disjoint_bag_coordinate_me_single_point_probe_v1,ok,,0.8175,1.0
deer vs horse,deer,horse,2,16,16,laplacian,small_mu,18,18,17,35,24,9371.008465202618,18488.22700683865,large_mu,disjoint_bag_coordinate_me_single_point_probe_v1,ok,,0.8075,1.0
deer vs horse,deer,horse,2,16,24,laplacian,small_mu,18,18,17,35,24,9371.008465202618,18488.22700683865,large_mu,disjoint_bag_coordinate_me_single_point_probe_v1,rank_limited,"requested r=24, stable limit=17, available directions=24",,
deer vs horse,deer,horse,2,16,1,polynomial,large_mu,18,18,18,35,24,72070.17779407247,77859.78513592102,,disjoint_bag_coordinate_me_single_point_probe_v1,ok,,0.8,10.0
deer vs horse,deer,horse,2,16,2,polynomial,large_mu,18,18,18,35,24,72070.17779407247,77859.78513592102,small_mu,disjoint_bag_coordinate_me_single_point_probe_v1,ok,,0.8,1.0
deer vs horse,deer,horse,2,16,4,polynomial,large_mu,18,18,18,35,24,72070.17779407247,77859.78513592102,large_mu,disjoint_bag_coordinate_me_single_point_probe_v1,ok,,0.8175,0.1
deer vs horse,deer,horse,2,16,6,polynomial,large_mu,18,18,18,35,24,72070.17779407247,77859.78513592102,large_mu,disjoint_bag_coordinate_me_single_point_probe_v1,ok,,0.815,0.1
deer vs horse,deer,horse,2,16,8,polynomial,large_mu,18,18,18,35,24,72070.17779407247,77859.78513592102,large_mu,disjoint_bag_coordinate_me_single_point_probe_v1,ok,,0.8175,0.1
deer vs horse,deer,horse,2,16,10,polynomial,large_mu,18,18,18,35,24,72070.17779407247,77859.78513592102,large_mu,disjoint_bag_coordinate_me_single_point_probe_v1,ok,,0.8125,1.0
deer vs horse,deer,horse,2,16,16,polynomial,large_mu,18,18,18,35,24,72070.17779407247,77859.78513592102,large_mu,disjoint_bag_coordinate_me_single_point_probe_v1,ok,,0.8175,1.0
deer vs horse,deer,horse,2,16,24,polynomial,large_mu,18,18,18,35,24,72070.17779407247,77859.78513592102,large_mu,disjoint_bag_coordinate_me_single_point_probe_v1,rank_limited,"requested r=24, stable limit=18, available directions=24",,
deer vs horse,deer,horse,2,16,1,polynomial,small_mu,18,18,17,35,24,72070.17779407247,77859.78513592102,,disjoint_bag_coordinate_me_single_point_probe_v1,ok,,0.8175,1.0
deer vs horse,deer,horse,2,16,2,polynomial,small_mu,18,18,17,35,24,72070.17779407247,77859.78513592102,small_mu,disjoint_bag_coordinate_me_single_point_probe_v1,ok,,0.8175,1.0
deer vs horse,deer,horse,2,16,4,polynomial,small_mu,18,18,17,35,24,72070.17779407247,77859.78513592102,large_mu,disjoint_bag_coordinate_me_single_point_probe_v1,ok,,0.82,0.1
deer vs horse,deer,horse,2,16,6,polynomial,small_mu,18,18,17,35,24,72070.17779407247,77859.78513592102,large_mu,disjoint_bag_coordinate_me_single_point_probe_v1,ok,,0.8125,0.1
deer vs horse,deer,horse,2,16,8,polynomial,small_mu,18,18,17,35,24,72070.17779407247,77859.78513592102,large_mu,disjoint_bag_coordinate_me_single_point_probe_v1,ok,,0.8175,0.1
deer vs horse,deer,horse,2,16,10,polynomial,small_mu,18,18,17,35,24,72070.17779407247,77859.78513592102,large_mu,disjoint_bag_coordinate_me_single_point_probe_v1,ok,,0.815,10.0
deer vs horse,deer,horse,2,16,16,polynomial,small_mu,18,18,17,35,24,72070.17779407247,77859.78513592102,large_mu,disjoint_bag_coordinate_me_single_point_probe_v1,ok,,0.8175,10.0
deer vs horse,deer,horse,2,16,24,polynomial,small_mu,18,18,17,35,24,72070.17779407247,77859.78513592102,large_mu,disjoint_bag_coordinate_me_single_point_probe_v1,rank_limited,"requested r=24, stable limit=17, available directions=24",,
deer vs horse,deer,horse,2,16,1,sigmoid,large_mu,18,18,18,35,24,27413.844794700846,14816.000297490466,,disjoint_bag_coordinate_me_single_point_probe_v1,ok,,0.7975,0.1
deer vs horse,deer,horse,2,16,2,sigmoid,large_mu,18,18,18,35,24,27413.844794700846,14816.000297490466,large_mu,disjoint_bag_coordinate_me_single_point_probe_v1,ok,,0.8075,0.1
deer vs horse,deer,horse,2,16,4,sigmoid,large_mu,18,18,18,35,24,27413.844794700846,14816.000297490466,large_mu,disjoint_bag_coordinate_me_single_point_probe_v1,ok,,0.81,0.1
deer vs horse,deer,horse,2,16,6,sigmoid,large_mu,18,18,18,35,24,27413.844794700846,14816.000297490466,large_mu,disjoint_bag_coordinate_me_single_point_probe_v1,ok,,0.815,0.1
deer vs horse,deer,horse,2,16,8,sigmoid,large_mu,18,18,18,35,24,27413.844794700846,14816.000297490466,large_mu,disjoint_bag_coordinate_me_single_point_probe_v1,ok,,0.81,1.0
deer vs horse,deer,horse,2,16,10,sigmoid,large_mu,18,18,18,35,24,27413.844794700846,14816.000297490466,large_mu,disjoint_bag_coordinate_me_single_point_probe_v1,ok,,0.805,0.1
deer vs horse,deer,horse,2,16,16,sigmoid,large_mu,18,18,18,35,24,27413.844794700846,14816.000297490466,large_mu,disjoint_bag_coordinate_me_single_point_probe_v1,ok,,0.82,0.1
deer vs horse,deer,horse,2,16,24,sigmoid,large_mu,18,18,18,35,24,27413.844794700846,14816.000297490466,large_mu,disjoint_bag_coordinate_me_single_point_probe_v1,rank_limited,"requested r=24, stable limit=18, available directions=24",,
deer vs horse,deer,horse,2,16,1,sigmoid,small_mu,18,18,17,35,24,27413.844794700846,14816.000297490466,,disjoint_bag_coordinate_me_single_point_probe_v1,ok,,0.7725,1.0
deer vs horse,deer,horse,2,16,2,sigmoid,small_mu,18,18,17,35,24,27413.844794700846,14816.000297490466,large_mu,disjoint_bag_coordinate_me_single_point_probe_v1,ok,,0.78,0.1
deer vs horse,deer,horse,2,16,4,sigmoid,small_mu,18,18,17,35,24,27413.844794700846,14816.000297490466,large_mu,disjoint_bag_coordinate_me_single_point_probe_v1,ok,,0.795,0.1
deer vs horse,deer,horse,2,16,6,sigmoid,small_mu,18,18,17,35,24,27413.844794700846,14816.000297490466,large_mu,disjoint_bag_coordinate_me_single_point_probe_v1,ok,,0.81,0.1
deer vs horse,deer,horse,2,16,8,sigmoid,small_mu,18,18,17,35,24,27413.844794700846,14816.000297490466,large_mu,disjoint_bag_coordinate_me_single_point_probe_v1,ok,,0.825,0.1
deer vs horse,deer,horse,2,16,10,sigmoid,small_mu,18,18,17,35,24,27413.844794700846,14816.000297490466,large_mu,disjoint_bag_coordinate_me_single_point_probe_v1,ok,,0.8275,1.0
deer vs horse,deer,horse,2,16,16,sigmoid,small_mu,18,18,17,35,24,27413.844794700846,14816.000297490466,large_mu,disjoint_bag_coordinate_me_single_point_probe_v1,ok,,0.81,1.0
deer vs horse,deer,horse,2,16,24,sigmoid,small_mu,18,18,17,35,24,27413.844794700846,14816.000297490466,large_mu,disjoint_bag_coordinate_me_single_point_probe_v1,rank_limited,"requested r=24, stable limit=17, available directions=24",,
ship vs truck,ship,truck,0,4,1,linear,large_mu,75,75,75,149,24,22732182.915787525,38658614.65638368,,disjoint_bag_coordinate_me_single_point_probe_v1,ok,,0.9575,1.0
ship vs truck,ship,truck,0,4,2,linear,large_mu,75,75,75,149,24,22732182.915787525,38658614.65638368,small_mu,disjoint_bag_coordinate_me_single_point_probe_v1,ok,,0.9575,1.0
ship vs truck,ship,truck,0,4,4,linear,large_mu,75,75,75,149,24,22732182.915787525,38658614.65638368,large_mu,disjoint_bag_coordinate_me_single_point_probe_v1,ok,,0.96,10.0
ship vs truck,ship,truck,0,4,6,linear,large_mu,75,75,75,149,24,22732182.915787525,38658614.65638368,large_mu,disjoint_bag_coordinate_me_single_point_probe_v1,ok,,0.9525,0.1
ship vs truck,ship,truck,0,4,8,linear,large_mu,75,75,75,149,24,22732182.915787525,38658614.65638368,large_mu,disjoint_bag_coordinate_me_single_point_probe_v1,ok,,0.9525,0.1
ship vs truck,ship,truck,0,4,10,linear,large_mu,75,75,75,149,24,22732182.915787525,38658614.65638368,large_mu,disjoint_bag_coordinate_me_single_point_probe_v1,ok,,0.955,1.0
ship vs truck,ship,truck,0,4,16,linear,large_mu,75,75,75,149,24,22732182.915787525,38658614.65638368,large_mu,disjoint_bag_coordinate_me_single_point_probe_v1,ok,,0.9725,1.0
ship vs truck,ship,truck,0,4,24,linear,large_mu,75,75,75,149,24,22732182.915787525,38658614.65638368,large_mu,disjoint_bag_coordinate_me_single_point_probe_v1,ok,,0.9625,0.1
ship vs truck,ship,truck,0,4,1,linear,small_mu,75,75,74,149,24,22732182.915787525,38658614.65638368,,disjoint_bag_coordinate_me_single_point_probe_v1,ok,,0.925,0.1
ship vs truck,ship,truck,0,4,2,linear,small_mu,75,75,74,149,24,22732182.915787525,38658614.65638368,small_mu,disjoint_bag_coordinate_me_single_point_probe_v1,ok,,0.9325,10.0
ship vs truck,ship,truck,0,4,4,linear,small_mu,75,75,74,149,24,22732182.915787525,38658614.65638368,large_mu,disjoint_bag_coordinate_me_single_point_probe_v1,ok,,0.9175,0.1
ship vs truck,ship,truck,0,4,6,linear,small_mu,75,75,74,149,24,22732182.915787525,38658614.65638368,large_mu,disjoint_bag_coordinate_me_single_point_probe_v1,ok,,0.92,0.1
ship vs truck,ship,truck,0,4,8,linear,small_mu,75,75,74,149,24,22732182.915787525,38658614.65638368,large_mu,disjoint_bag_coordinate_me_single_point_probe_v1,ok,,0.9175,1.0
ship vs truck,ship,truck,0,4,10,linear,small_mu,75,75,74,149,24,22732182.915787525,38658614.65638368,large_mu,disjoint_bag_coordinate_me_single_point_probe_v1,ok,,0.9375,10.0
ship vs truck,ship,truck,0,4,16,linear,small_mu,75,75,74,149,24,22732182.915787525,38658614.65638368,large_mu,disjoint_bag_coordinate_me_single_point_probe_v1,ok,,0.9375,10.0
ship vs truck,ship,truck,0,4,24,linear,small_mu,75,75,74,149,24,22732182.915787525,38658614.65638368,large_mu,disjoint_bag_coordinate_me_single_point_probe_v1,ok,,0.9475,0.1
ship vs truck,ship,truck,0,4,1,rbf,large_mu,75,75,75,149,24,26749.175443564513,99542.98463452213,,disjoint_bag_coordinate_me_single_point_probe_v1,ok,,0.9525,10.0
ship vs truck,ship,truck,0,4,2,rbf,large_mu,75,75,75,149,24,26749.175443564513,99542.98463452213,small_mu,disjoint_bag_coordinate_me_single_point_probe_v1,ok,,0.955,1.0
ship vs truck,ship,truck,0,4,4,rbf,large_mu,75,75,75,149,24,26749.175443564513,99542.98463452213,small_mu,disjoint_bag_coordinate_me_single_point_probe_v1,ok,,0.9525,0.1
ship vs truck,ship,truck,0,4,6,rbf,large_mu,75,75,75,149,24,26749.175443564513,99542.98463452213,large_mu,disjoint_bag_coordinate_me_single_point_probe_v1,ok,,0.9575,0.1
ship vs truck,ship,truck,0,4,8,rbf,large_mu,75,75,75,149,24,26749.175443564513,99542.98463452213,large_mu,disjoint_bag_coordinate_me_single_point_probe_v1,ok,,0.9575,0.1
ship vs truck,ship,truck,0,4,10,rbf,large_mu,75,75,75,149,24,26749.175443564513,99542.98463452213,large_mu,disjoint_bag_coordinate_me_single_point_probe_v1,ok,,0.9575,0.1
ship vs truck,ship,truck,0,4,16,rbf,large_mu,75,75,75,149,24,26749.175443564513,99542.98463452213,large_mu,disjoint_bag_coordinate_me_single_point_probe_v1,ok,,0.9625,0.1
ship vs truck,ship,truck,0,4,24,rbf,large_mu,75,75,75,149,24,26749.175443564513,99542.98463452213,large_mu,disjoint_bag_coordinate_me_single_point_probe_v1,ok,,0.9625,0.1
ship vs truck,ship,truck,0,4,1,rbf,small_mu,75,75,74,149,24,26749.175443564513,99542.98463452213,,disjoint_bag_coordinate_me_single_point_probe_v1,ok,,0.9625,0.1
ship vs truck,ship,truck,0,4,2,rbf,small_mu,75,75,74,149,24,26749.175443564513,99542.98463452213,small_mu,disjoint_bag_coordinate_me_single_point_probe_v1,ok,,0.9625,0.1
ship vs truck,ship,truck,0,4,4,rbf,small_mu,75,75,74,149,24,26749.175443564513,99542.98463452213,small_mu,disjoint_bag_coordinate_me_single_point_probe_v1,ok,,0.9625,0.1
ship vs truck,ship,truck,0,4,6,rbf,small_mu,75,75,74,149,24,26749.175443564513,99542.98463452213,large_mu,disjoint_bag_coordinate_me_single_point_probe_v1,ok,,0.9625,0.1
ship vs truck,ship,truck,0,4,8,rbf,small_mu,75,75,74,149,24,26749.175443564513,99542.98463452213,large_mu,disjoint_bag_coordinate_me_single_point_probe_v1,ok,,0.9625,1.0
ship vs truck,ship,truck,0,4,10,rbf,small_mu,75,75,74,149,24,26749.175443564513,99542.98463452213,large_mu,disjoint_bag_coordinate_me_single_point_probe_v1,ok,,0.9625,10.0
ship vs truck,ship,truck,0,4,16,rbf,small_mu,75,75,74,149,24,26749.175443564513,99542.98463452213,large_mu,disjoint_bag_coordinate_me_single_point_probe_v1,ok,,0.9625,10.0
ship vs truck,ship,truck,0,4,24,rbf,small_mu,75,75,74,149,24,26749.175443564513,99542.98463452213,large_mu,disjoint_bag_coordinate_me_single_point_probe_v1,ok,,0.965,1.0
ship vs truck,ship,truck,0,4,1,laplacian,large_mu,75,75,75,149,24,21669.49433464013,75245.40437372433,,disjoint_bag_coordinate_me_single_point_probe_v1,ok,,0.9575,0.1
ship vs truck,ship,truck,0,4,2,laplacian,large_mu,75,75,75,149,24,21669.49433464013,75245.40437372433,small_mu,disjoint_bag_coordinate_me_single_point_probe_v1,ok,,0.9575,0.1
ship vs truck,ship,truck,0,4,4,laplacian,large_mu,75,75,75,149,24,21669.49433464013,75245.40437372433,small_mu,disjoint_bag_coordinate_me_single_point_probe_v1,ok,,0.9575,0.1
ship vs truck,ship,truck,0,4,6,laplacian,large_mu,75,75,75,149,24,21669.49433464013,75245.40437372433,large_mu,disjoint_bag_coordinate_me_single_point_probe_v1,ok,,0.9675,0.1
ship vs truck,ship,truck,0,4,8,laplacian,large_mu,75,75,75,149,24,21669.49433464013,75245.40437372433,large_mu,disjoint_bag_coordinate_me_single_point_probe_v1,ok,,0.9675,0.1
ship vs truck,ship,truck,0,4,10,laplacian,large_mu,75,75,75,149,24,21669.49433464013,75245.40437372433,large_mu,disjoint_bag_coordinate_me_single_point_probe_v1,ok,,0.965,1.0
ship vs truck,ship,truck,0,4,16,laplacian,large_mu,75,75,75,149,24,21669.49433464013,75245.40437372433,large_mu,disjoint_bag_coordinate_me_single_point_probe_v1,ok,,0.97,0.1
ship vs truck,ship,truck,0,4,24,laplacian,large_mu,75,75,75,149,24,21669.49433464013,75245.40437372433,large_mu,disjoint_bag_coordinate_me_single_point_probe_v1,ok,,0.965,0.1
ship vs truck,ship,truck,0,4,1,laplacian,small_mu,75,75,74,149,24,21669.49433464013,75245.40437372433,,disjoint_bag_coordinate_me_single_point_probe_v1,ok,,0.9625,0.1
ship vs truck,ship,truck,0,4,2,laplacian,small_mu,75,75,74,149,24,21669.49433464013,75245.40437372433,small_mu,disjoint_bag_coordinate_me_single_point_probe_v1,ok,,0.965,10.0
ship vs truck,ship,truck,0,4,4,laplacian,small_mu,75,75,74,149,24,21669.49433464013,75245.40437372433,small_mu,disjoint_bag_coordinate_me_single_point_probe_v1,ok,,0.9625,1.0
ship vs truck,ship,truck,0,4,6,laplacian,small_mu,75,75,74,149,24,21669.49433464013,75245.40437372433,large_mu,disjoint_bag_coordinate_me_single_point_probe_v1,ok,,0.9675,1.0
ship vs truck,ship,truck,0,4,8,laplacian,small_mu,75,75,74,149,24,21669.49433464013,75245.40437372433,large_mu,disjoint_bag_coordinate_me_single_point_probe_v1,ok,,0.9675,10.0
ship vs truck,ship,truck,0,4,10,laplacian,small_mu,75,75,74,149,24,21669.49433464013,75245.40437372433,large_mu,disjoint_bag_coordinate_me_single_point_probe_v1,ok,,0.9675,1.0
ship vs truck,ship,truck,0,4,16,laplacian,small_mu,75,75,74,149,24,21669.49433464013,75245.40437372433,large_mu,disjoint_bag_coordinate_me_single_point_probe_v1,ok,,0.9675,1.0
ship vs truck,ship,truck,0,4,24,laplacian,small_mu,75,75,74,149,24,21669.49433464013,75245.40437372433,large_mu,disjoint_bag_coordinate_me_single_point_probe_v1,ok,,0.9625,1.0
ship vs truck,ship,truck,0,4,1,polynomial,large_mu,75,75,75,149,24,139637.0970459408,341013.3022044268,,disjoint_bag_coordinate_me_single_point_probe_v1,ok,,0.9525,0.1
ship vs truck,ship,truck,0,4,2,polynomial,large_mu,75,75,75,149,24,139637.0970459408,341013.3022044268,small_mu,disjoint_bag_coordinate_me_single_point_probe_v1,ok,,0.96,10.0
ship vs truck,ship,truck,0,4,4,polynomial,large_mu,75,75,75,149,24,139637.0970459408,341013.3022044268,large_mu,disjoint_bag_coordinate_me_single_point_probe_v1,ok,,0.9575,10.0
ship vs truck,ship,truck,0,4,6,polynomial,large_mu,75,75,75,149,24,139637.0970459408,341013.3022044268,large_mu,disjoint_bag_coordinate_me_single_point_probe_v1,ok,,0.9625,1.0
ship vs truck,ship,truck,0,4,8,polynomial,large_mu,75,75,75,149,24,139637.0970459408,341013.3022044268,large_mu,disjoint_bag_coordinate_me_single_point_probe_v1,ok,,0.9625,1.0
ship vs truck,ship,truck,0,4,10,polynomial,large_mu,75,75,75,149,24,139637.0970459408,341013.3022044268,large_mu,disjoint_bag_coordinate_me_single_point_probe_v1,ok,,0.96,1.0
ship vs truck,ship,truck,0,4,16,polynomial,large_mu,75,75,75,149,24,139637.0970459408,341013.3022044268,large_mu,disjoint_bag_coordinate_me_single_point_probe_v1,ok,,0.9675,0.1
ship vs truck,ship,truck,0,4,24,polynomial,large_mu,75,75,75,149,24,139637.0970459408,341013.3022044268,large_mu,disjoint_bag_coordinate_me_single_point_probe_v1,ok,,0.97,0.1
ship vs truck,ship,truck,0,4,1,polynomial,small_mu,75,75,74,149,24,139637.0970459408,341013.3022044268,,disjoint_bag_coordinate_me_single_point_probe_v1,ok,,0.965,0.1
ship vs truck,ship,truck,0,4,2,polynomial,small_mu,75,75,74,149,24,139637.0970459408,341013.3022044268,small_mu,disjoint_bag_coordinate_me_single_point_probe_v1,ok,,0.97,1.0
ship vs truck,ship,truck,0,4,4,polynomial,small_mu,75,75,74,149,24,139637.0970459408,341013.3022044268,large_mu,disjoint_bag_coordinate_me_single_point_probe_v1,ok,,0.9725,1.0
ship vs truck,ship,truck,0,4,6,polynomial,small_mu,75,75,74,149,24,139637.0970459408,341013.3022044268,large_mu,disjoint_bag_coordinate_me_single_point_probe_v1,ok,,0.9675,1.0
ship vs truck,ship,truck,0,4,8,polynomial,small_mu,75,75,74,149,24,139637.0970459408,341013.3022044268,large_mu,disjoint_bag_coordinate_me_single_point_probe_v1,ok,,0.9675,1.0
ship vs truck,ship,truck,0,4,10,polynomial,small_mu,75,75,74,149,24,139637.0970459408,341013.3022044268,large_mu,disjoint_bag_coordinate_me_single_point_probe_v1,ok,,0.97,1.0
ship vs truck,ship,truck,0,4,16,polynomial,small_mu,75,75,74,149,24,139637.0970459408,341013.3022044268,large_mu,disjoint_bag_coordinate_me_single_point_probe_v1,ok,,0.97,1.0
ship vs truck,ship,truck,0,4,24,polynomial,small_mu,75,75,74,149,24,139637.0970459408,341013.3022044268,large_mu,disjoint_bag_coordinate_me_single_point_probe_v1,ok,,0.9625,0.1
ship vs truck,ship,truck,0,4,1,sigmoid,large_mu,75,75,75,109,24,22032.349109679028,24513.9062108587,,disjoint_bag_coordinate_me_single_point_probe_v1,ok,,0.895,1.0
ship vs truck,ship,truck,0,4,2,sigmoid,large_mu,75,75,75,109,24,22032.349109679028,24513.9062108587,small_mu,disjoint_bag_coordinate_me_single_point_probe_v1,ok,,0.895,10.0
ship vs truck,ship,truck,0,4,4,sigmoid,large_mu,75,75,75,109,24,22032.349109679028,24513.9062108587,large_mu,disjoint_bag_coordinate_me_single_point_probe_v1,ok,,0.9,1.0
ship vs truck,ship,truck,0,4,6,sigmoid,large_mu,75,75,75,109,24,22032.349109679028,24513.9062108587,large_mu,disjoint_bag_coordinate_me_single_point_probe_v1,ok,,0.8975,1.0
ship vs truck,ship,truck,0,4,8,sigmoid,large_mu,75,75,75,109,24,22032.349109679028,24513.9062108587,large_mu,disjoint_bag_coordinate_me_single_point_probe_v1,ok,,0.9,1.0
ship vs truck,ship,truck,0,4,10,sigmoid,large_mu,75,75,75,109,24,22032.349109679028,24513.9062108587,large_mu,disjoint_bag_coordinate_me_single_point_probe_v1,ok,,0.9025,1.0
ship vs truck,ship,truck,0,4,16,sigmoid,large_mu,75,75,75,109,24,22032.349109679028,24513.9062108587,large_mu,disjoint_bag_coordinate_me_single_point_probe_v1,ok,,0.9075,10.0
ship vs truck,ship,truck,0,4,24,sigmoid,large_mu,75,75,75,109,24,22032.349109679028,24513.9062108587,large_mu,disjoint_bag_coordinate_me_single_point_probe_v1,ok,,0.905,1.0
ship vs truck,ship,truck,0,4,1,sigmoid,small_mu,75,75,74,109,24,22032.349109679028,24513.9062108587,,disjoint_bag_coordinate_me_single_point_probe_v1,ok,,0.72,0.1
ship vs truck,ship,truck,0,4,2,sigmoid,small_mu,75,75,74,109,24,22032.349109679028,24513.9062108587,small_mu,disjoint_bag_coordinate_me_single_point_probe_v1,ok,,0.8,1.0
ship vs truck,ship,truck,0,4,4,sigmoid,small_mu,75,75,74,109,24,22032.349109679028,24513.9062108587,large_mu,disjoint_bag_coordinate_me_single_point_probe_v1,ok,,0.8425,0.1
ship vs truck,ship,truck,0,4,6,sigmoid,small_mu,75,75,74,109,24,22032.349109679028,24513.9062108587,large_mu,disjoint_bag_coordinate_me_single_point_probe_v1,ok,,0.8375,1.0
ship vs truck,ship,truck,0,4,8,sigmoid,small_mu,75,75,74,109,24,22032.349109679028,24513.9062108587,large_mu,disjoint_bag_coordinate_me_single_point_probe_v1,ok,,0.85,1.0
ship vs truck,ship,truck,0,4,10,sigmoid,small_mu,75,75,74,109,24,22032.349109679028,24513.9062108587,large_mu,disjoint_bag_coordinate_me_single_point_probe_v1,ok,,0.85,10.0
ship vs truck,ship,truck,0,4,16,sigmoid,small_mu,75,75,74,109,24,22032.349109679028,24513.9062108587,large_mu,disjoint_bag_coordinate_me_single_point_probe_v1,ok,,0.865,0.1
ship vs truck,ship,truck,0,4,24,sigmoid,small_mu,75,75,74,109,24,22032.349109679028,24513.9062108587,large_mu,disjoint_bag_coordinate_me_single_point_probe_v1,ok,,0.8775,1.0
ship vs truck,ship,truck,0,8,1,linear,large_mu,37,37,37,73,24,33931506.20118809,23782226.94013948,,disjoint_bag_coordinate_me_single_point_probe_v1,ok,,0.9475,0.1
ship vs truck,ship,truck,0,8,2,linear,large_mu,37,37,37,73,24,33931506.20118809,23782226.94013948,large_mu,disjoint_bag_coordinate_me_single_point_probe_v1,ok,,0.9575,0.1
ship vs truck,ship,truck,0,8,4,linear,large_mu,37,37,37,73,24,33931506.20118809,23782226.94013948,large_mu,disjoint_bag_coordinate_me_single_point_probe_v1,ok,,0.955,1.0
ship vs truck,ship,truck,0,8,6,linear,large_mu,37,37,37,73,24,33931506.20118809,23782226.94013948,large_mu,disjoint_bag_coordinate_me_single_point_probe_v1,ok,,0.9575,1.0
ship vs truck,ship,truck,0,8,8,linear,large_mu,37,37,37,73,24,33931506.20118809,23782226.94013948,large_mu,disjoint_bag_coordinate_me_single_point_probe_v1,ok,,0.96,1.0
ship vs truck,ship,truck,0,8,10,linear,large_mu,37,37,37,73,24,33931506.20118809,23782226.94013948,large_mu,disjoint_bag_coordinate_me_single_point_probe_v1,ok,,0.9525,10.0
ship vs truck,ship,truck,0,8,16,linear,large_mu,37,37,37,73,24,33931506.20118809,23782226.94013948,large_mu,disjoint_bag_coordinate_me_single_point_probe_v1,ok,,0.9525,1.0
ship vs truck,ship,truck,0,8,24,linear,large_mu,37,37,37,73,24,33931506.20118809,23782226.94013948,large_mu,disjoint_bag_coordinate_me_single_point_probe_v1,ok,,0.95,0.1
ship vs truck,ship,truck,0,8,1,linear,small_mu,37,37,36,73,24,33931506.20118809,23782226.94013948,,disjoint_bag_coordinate_me_single_point_probe_v1,ok,,0.9475,0.1
ship vs truck,ship,truck,0,8,2,linear,small_mu,37,37,36,73,24,33931506.20118809,23782226.94013948,large_mu,disjoint_bag_coordinate_me_single_point_probe_v1,ok,,0.94,1.0
ship vs truck,ship,truck,0,8,4,linear,small_mu,37,37,36,73,24,33931506.20118809,23782226.94013948,large_mu,disjoint_bag_coordinate_me_single_point_probe_v1,ok,,0.94,0.1
ship vs truck,ship,truck,0,8,6,linear,small_mu,37,37,36,73,24,33931506.20118809,23782226.94013948,large_mu,disjoint_bag_coordinate_me_single_point_probe_v1,ok,,0.9525,1.0
ship vs truck,ship,truck,0,8,8,linear,small_mu,37,37,36,73,24,33931506.20118809,23782226.94013948,large_mu,disjoint_bag_coordinate_me_single_point_probe_v1,ok,,0.9425,10.0
ship vs truck,ship,truck,0,8,10,linear,small_mu,37,37,36,73,24,33931506.20118809,23782226.94013948,large_mu,disjoint_bag_coordinate_me_single_point_probe_v1,ok,,0.9525,1.0
ship vs truck,ship,truck,0,8,16,linear,small_mu,37,37,36,73,24,33931506.20118809,23782226.94013948,large_mu,disjoint_bag_coordinate_me_single_point_probe_v1,ok,,0.9525,10.0
ship vs truck,ship,truck,0,8,24,linear,small_mu,37,37,36,73,24,33931506.20118809,23782226.94013948,large_mu,disjoint_bag_coordinate_me_single_point_probe_v1,ok,,0.96,1.0
ship vs truck,ship,truck,0,8,1,rbf,large_mu,37,37,37,73,24,30684.67975664114,49894.82042616511,,disjoint_bag_coordinate_me_single_point_probe_v1,ok,,0.95,1.0
ship vs truck,ship,truck,0,8,2,rbf,large_mu,37,37,37,73,24,30684.67975664114,49894.82042616511,small_mu,disjoint_bag_coordinate_me_single_point_probe_v1,ok,,0.9575,0.1
ship vs truck,ship,truck,0,8,4,rbf,large_mu,37,37,37,73,24,30684.67975664114,49894.82042616511,large_mu,disjoint_bag_coordinate_me_single_point_probe_v1,ok,,0.955,0.1
ship vs truck,ship,truck,0,8,6,rbf,large_mu,37,37,37,73,24,30684.67975664114,49894.82042616511,large_mu,disjoint_bag_coordinate_me_single_point_probe_v1,ok,,0.955,0.1
ship vs truck,ship,truck,0,8,8,rbf,large_mu,37,37,37,73,24,30684.67975664114,49894.82042616511,large_mu,disjoint_bag_coordinate_me_single_point_probe_v1,ok,,0.9625,0.1
ship vs truck,ship,truck,0,8,10,rbf,large_mu,37,37,37,73,24,30684.67975664114,49894.82042616511,large_mu,disjoint_bag_coordinate_me_single_point_probe_v1,ok,,0.9625,0.1
ship vs truck,ship,truck,0,8,16,rbf,large_mu,37,37,37,73,24,30684.67975664114,49894.82042616511,large_mu,disjoint_bag_coordinate_me_single_point_probe_v1,ok,,0.955,10.0
ship vs truck,ship,truck,0,8,24,rbf,large_mu,37,37,37,73,24,30684.67975664114,49894.82042616511,large_mu,disjoint_bag_coordinate_me_single_point_probe_v1,ok,,0.965,0.1
ship vs truck,ship,truck,0,8,1,rbf,small_mu,37,37,36,73,24,30684.67975664114,49894.82042616511,,disjoint_bag_coordinate_me_single_point_probe_v1,ok,,0.9625,0.1
ship vs truck,ship,truck,0,8,2,rbf,small_mu,37,37,36,73,24,30684.67975664114,49894.82042616511,small_mu,disjoint_bag_coordinate_me_single_point_probe_v1,ok,,0.96,0.1
ship vs truck,ship,truck,0,8,4,rbf,small_mu,37,37,36,73,24,30684.67975664114,49894.82042616511,large_mu,disjoint_bag_coordinate_me_single_point_probe_v1,ok,,0.9625,0.1
ship vs truck,ship,truck,0,8,6,rbf,small_mu,37,37,36,73,24,30684.67975664114,49894.82042616511,large_mu,disjoint_bag_coordinate_me_single_point_probe_v1,ok,,0.96,1.0
ship vs truck,ship,truck,0,8,8,rbf,small_mu,37,37,36,73,24,30684.67975664114,49894.82042616511,large_mu,disjoint_bag_coordinate_me_single_point_probe_v1,ok,,0.96,1.0
ship vs truck,ship,truck,0,8,10,rbf,small_mu,37,37,36,73,24,30684.67975664114,49894.82042616511,large_mu,disjoint_bag_coordinate_me_single_point_probe_v1,ok,,0.965,1.0
ship vs truck,ship,truck,0,8,16,rbf,small_mu,37,37,36,73,24,30684.67975664114,49894.82042616511,large_mu,disjoint_bag_coordinate_me_single_point_probe_v1,ok,,0.9575,1.0
ship vs truck,ship,truck,0,8,24,rbf,small_mu,37,37,36,73,24,30684.67975664114,49894.82042616511,large_mu,disjoint_bag_coordinate_me_single_point_probe_v1,ok,,0.9625,0.1
ship vs truck,ship,truck,0,8,1,laplacian,large_mu,37,37,37,73,24,24820.06198360249,37731.82588985175,,disjoint_bag_coordinate_me_single_point_probe_v1,ok,,0.9625,0.1
ship vs truck,ship,truck,0,8,2,laplacian,large_mu,37,37,37,73,24,24820.06198360249,37731.82588985175,small_mu,disjoint_bag_coordinate_me_single_point_probe_v1,ok,,0.965,10.0
ship vs truck,ship,truck,0,8,4,laplacian,large_mu,37,37,37,73,24,24820.06198360249,37731.82588985175,large_mu,disjoint_bag_coordinate_me_single_point_probe_v1,ok,,0.965,0.1
ship vs truck,ship,truck,0,8,6,laplacian,large_mu,37,37,37,73,24,24820.06198360249,37731.82588985175,large_mu,disjoint_bag_coordinate_me_single_point_probe_v1,ok,,0.965,0.1
ship vs truck,ship,truck,0,8,8,laplacian,large_mu,37,37,37,73,24,24820.06198360249,37731.82588985175,large_mu,disjoint_bag_coordinate_me_single_point_probe_v1,ok,,0.965,0.1
ship vs truck,ship,truck,0,8,10,laplacian,large_mu,37,37,37,73,24,24820.06198360249,37731.82588985175,large_mu,disjoint_bag_coordinate_me_single_point_probe_v1,ok,,0.9625,0.1
ship vs truck,ship,truck,0,8,16,laplacian,large_mu,37,37,37,73,24,24820.06198360249,37731.82588985175,large_mu,disjoint_bag_coordinate_me_single_point_probe_v1,ok,,0.9625,10.0
ship vs truck,ship,truck,0,8,24,laplacian,large_mu,37,37,37,73,24,24820.06198360249,37731.82588985175,large_mu,disjoint_bag_coordinate_me_single_point_probe_v1,ok,,0.9675,1.0
ship vs truck,ship,truck,0,8,1,laplacian,small_mu,37,37,36,73,24,24820.06198360249,37731.82588985175,,disjoint_bag_coordinate_me_single_point_probe_v1,ok,,0.965,0.1
ship vs truck,ship,truck,0,8,2,laplacian,small_mu,37,37,36,73,24,24820.06198360249,37731.82588985175,small_mu,disjoint_bag_coordinate_me_single_point_probe_v1,ok,,0.965,1.0
ship vs truck,ship,truck,0,8,4,laplacian,small_mu,37,37,36,73,24,24820.06198360249,37731.82588985175,large_mu,disjoint_bag_coordinate_me_single_point_probe_v1,ok,,0.965,1.0
ship vs truck,ship,truck,0,8,6,laplacian,small_mu,37,37,36,73,24,24820.06198360249,37731.82588985175,large_mu,disjoint_bag_coordinate_me_single_point_probe_v1,ok,,0.965,10.0
ship vs truck,ship,truck,0,8,8,laplacian,small_mu,37,37,36,73,24,24820.06198360249,37731.82588985175,large_mu,disjoint_bag_coordinate_me_single_point_probe_v1,ok,,0.9625,1.0
ship vs truck,ship,truck,0,8,10,laplacian,small_mu,37,37,36,73,24,24820.06198360249,37731.82588985175,large_mu,disjoint_bag_coordinate_me_single_point_probe_v1,ok,,0.965,1.0
ship vs truck,ship,truck,0,8,16,laplacian,small_mu,37,37,36,73,24,24820.06198360249,37731.82588985175,large_mu,disjoint_bag_coordinate_me_single_point_probe_v1,ok,,0.9625,1.0
ship vs truck,ship,truck,0,8,24,laplacian,small_mu,37,37,36,73,24,24820.06198360249,37731.82588985175,large_mu,disjoint_bag_coordinate_me_single_point_probe_v1,ok,,0.9625,1.0
ship vs truck,ship,truck,0,8,1,polynomial,large_mu,37,37,37,73,24,175548.2011498641,179318.3600094022,,disjoint_bag_coordinate_me_single_point_probe_v1,ok,,0.95,0.1
ship vs truck,ship,truck,0,8,2,polynomial,large_mu,37,37,37,73,24,175548.2011498641,179318.3600094022,small_mu,disjoint_bag_coordinate_me_single_point_probe_v1,ok,,0.955,0.1
ship vs truck,ship,truck,0,8,4,polynomial,large_mu,37,37,37,73,24,175548.2011498641,179318.3600094022,large_mu,disjoint_bag_coordinate_me_single_point_probe_v1,ok,,0.9525,0.1
ship vs truck,ship,truck,0,8,6,polynomial,large_mu,37,37,37,73,24,175548.2011498641,179318.3600094022,large_mu,disjoint_bag_coordinate_me_single_point_probe_v1,ok,,0.9675,1.0
ship vs truck,ship,truck,0,8,8,polynomial,large_mu,37,37,37,73,24,175548.2011498641,179318.3600094022,large_mu,disjoint_bag_coordinate_me_single_point_probe_v1,ok,,0.9675,1.0
ship vs truck,ship,truck,0,8,10,polynomial,large_mu,37,37,37,73,24,175548.2011498641,179318.3600094022,large_mu,disjoint_bag_coordinate_me_single_point_probe_v1,ok,,0.955,0.1
ship vs truck,ship,truck,0,8,16,polynomial,large_mu,37,37,37,73,24,175548.2011498641,179318.3600094022,large_mu,disjoint_bag_coordinate_me_single_point_probe_v1,ok,,0.96,0.1
ship vs truck,ship,truck,0,8,24,polynomial,large_mu,37,37,37,73,24,175548.2011498641,179318.3600094022,large_mu,disjoint_bag_coordinate_me_single_point_probe_v1,ok,,0.965,0.1
ship vs truck,ship,truck,0,8,1,polynomial,small_mu,37,37,36,73,24,175548.2011498641,179318.3600094022,,disjoint_bag_coordinate_me_single_point_probe_v1,ok,,0.9575,0.1
ship vs truck,ship,truck,0,8,2,polynomial,small_mu,37,37,36,73,24,175548.2011498641,179318.3600094022,small_mu,disjoint_bag_coordinate_me_single_point_probe_v1,ok,,0.9575,1.0
ship vs truck,ship,truck,0,8,4,polynomial,small_mu,37,37,36,73,24,175548.2011498641,179318.3600094022,large_mu,disjoint_bag_coordinate_me_single_point_probe_v1,ok,,0.955,0.1
ship vs truck,ship,truck,0,8,6,polynomial,small_mu,37,37,36,73,24,175548.2011498641,179318.3600094022,large_mu,disjoint_bag_coordinate_me_single_point_probe_v1,ok,,0.9575,0.1
ship vs truck,ship,truck,0,8,8,polynomial,small_mu,37,37,36,73,24,175548.2011498641,179318.3600094022,large_mu,disjoint_bag_coordinate_me_single_point_probe_v1,ok,,0.9625,10.0
ship vs truck,ship,truck,0,8,10,polynomial,small_mu,37,37,36,73,24,175548.2011498641,179318.3600094022,large_mu,disjoint_bag_coordinate_me_single_point_probe_v1,ok,,0.965,1.0
ship vs truck,ship,truck,0,8,16,polynomial,small_mu,37,37,36,73,24,175548.2011498641,179318.3600094022,large_mu,disjoint_bag_coordinate_me_single_point_probe_v1,ok,,0.96,1.0
ship vs truck,ship,truck,0,8,24,polynomial,small_mu,37,37,36,73,24,175548.2011498641,179318.3600094022,large_mu,disjoint_bag_coordinate_me_single_point_probe_v1,ok,,0.965,1.0
ship vs truck,ship,truck,0,8,1,sigmoid,large_mu,37,37,37,66,24,39890.74632185549,22548.475398535276,,disjoint_bag_coordinate_me_single_point_probe_v1,ok,,0.8875,1.0
ship vs truck,ship,truck,0,8,2,sigmoid,large_mu,37,37,37,66,24,39890.74632185549,22548.475398535276,large_mu,disjoint_bag_coordinate_me_single_point_probe_v1,ok,,0.89,0.1
ship vs truck,ship,truck,0,8,4,sigmoid,large_mu,37,37,37,66,24,39890.74632185549,22548.475398535276,large_mu,disjoint_bag_coordinate_me_single_point_probe_v1,ok,,0.89,0.1
ship vs truck,ship,truck,0,8,6,sigmoid,large_mu,37,37,37,66,24,39890.74632185549,22548.475398535276,large_mu,disjoint_bag_coordinate_me_single_point_probe_v1,ok,,0.8925,1.0
ship vs truck,ship,truck,0,8,8,sigmoid,large_mu,37,37,37,66,24,39890.74632185549,22548.475398535276,large_mu,disjoint_bag_coordinate_me_single_point_probe_v1,ok,,0.8925,1.0
ship vs truck,ship,truck,0,8,10,sigmoid,large_mu,37,37,37,66,24,39890.74632185549,22548.475398535276,large_mu,disjoint_bag_coordinate_me_single_point_probe_v1,ok,,0.89,0.1
ship vs truck,ship,truck,0,8,16,sigmoid,large_mu,37,37,37,66,24,39890.74632185549,22548.475398535276,large_mu,disjoint_bag_coordinate_me_single_point_probe_v1,ok,,0.8975,0.1
ship vs truck,ship,truck,0,8,24,sigmoid,large_mu,37,37,37,66,24,39890.74632185549,22548.475398535276,large_mu,disjoint_bag_coordinate_me_single_point_probe_v1,ok,,0.905,10.0
ship vs truck,ship,truck,0,8,1,sigmoid,small_mu,37,37,36,66,24,39890.74632185549,22548.475398535276,,disjoint_bag_coordinate_me_single_point_probe_v1,ok,,0.7175,1.0
ship vs truck,ship,truck,0,8,2,sigmoid,small_mu,37,37,36,66,24,39890.74632185549,22548.475398535276,large_mu,disjoint_bag_coordinate_me_single_point_probe_v1,ok,,0.7325,0.1
ship vs truck,ship,truck,0,8,4,sigmoid,small_mu,37,37,36,66,24,39890.74632185549,22548.475398535276,large_mu,disjoint_bag_coordinate_me_single_point_probe_v1,ok,,0.77,0.1
ship vs truck,ship,truck,0,8,6,sigmoid,small_mu,37,37,36,66,24,39890.74632185549,22548.475398535276,large_mu,disjoint_bag_coordinate_me_single_point_probe_v1,ok,,0.82,0.1
ship vs truck,ship,truck,0,8,8,sigmoid,small_mu,37,37,36,66,24,39890.74632185549,22548.475398535276,large_mu,disjoint_bag_coordinate_me_single_point_probe_v1,ok,,0.84,0.1
ship vs truck,ship,truck,0,8,10,sigmoid,small_mu,37,37,36,66,24,39890.74632185549,22548.475398535276,large_mu,disjoint_bag_coordinate_me_single_point_probe_v1,ok,,0.8475,0.1
ship vs truck,ship,truck,0,8,16,sigmoid,small_mu,37,37,36,66,24,39890.74632185549,22548.475398535276,large_mu,disjoint_bag_coordinate_me_single_point_probe_v1,ok,,0.895,1.0
ship vs truck,ship,truck,0,8,24,sigmoid,small_mu,37,37,36,66,24,39890.74632185549,22548.475398535276,large_mu,disjoint_bag_coordinate_me_single_point_probe_v1,ok,,0.9,0.1
ship vs truck,ship,truck,0,16,1,linear,large_mu,18,18,18,35,19,48234414.19465819,13009485.325141305,,disjoint_bag_coordinate_me_single_point_probe_v1,ok,,0.955,0.1
ship vs truck,ship,truck,0,16,2,linear,large_mu,18,18,18,35,19,48234414.19465819,13009485.325141305,large_mu,disjoint_bag_coordinate_me_single_point_probe_v1,ok,,0.9575,0.1
ship vs truck,ship,truck,0,16,4,linear,large_mu,18,18,18,35,19,48234414.19465819,13009485.325141305,large_mu,disjoint_bag_coordinate_me_single_point_probe_v1,ok,,0.9525,0.1
ship vs truck,ship,truck,0,16,6,linear,large_mu,18,18,18,35,19,48234414.19465819,13009485.325141305,large_mu,disjoint_bag_coordinate_me_single_point_probe_v1,ok,,0.9525,1.0
ship vs truck,ship,truck,0,16,8,linear,large_mu,18,18,18,35,19,48234414.19465819,13009485.325141305,large_mu,disjoint_bag_coordinate_me_single_point_probe_v1,ok,,0.9575,1.0
ship vs truck,ship,truck,0,16,10,linear,large_mu,18,18,18,35,19,48234414.19465819,13009485.325141305,large_mu,disjoint_bag_coordinate_me_single_point_probe_v1,ok,,0.955,0.1
ship vs truck,ship,truck,0,16,16,linear,large_mu,18,18,18,35,19,48234414.19465819,13009485.325141305,large_mu,disjoint_bag_coordinate_me_single_point_probe_v1,ok,,0.965,1.0
ship vs truck,ship,truck,0,16,24,linear,large_mu,18,18,18,35,19,48234414.19465819,13009485.325141305,large_mu,disjoint_bag_coordinate_me_single_point_probe_v1,rank_limited,"requested r=24, stable limit=18, available directions=19",,
ship vs truck,ship,truck,0,16,1,linear,small_mu,18,18,17,35,18,48234414.19465819,13009485.325141305,,disjoint_bag_coordinate_me_single_point_probe_v1,ok,,0.9475,1.0
ship vs truck,ship,truck,0,16,2,linear,small_mu,18,18,17,35,18,48234414.19465819,13009485.325141305,large_mu,disjoint_bag_coordinate_me_single_point_probe_v1,ok,,0.945,1.0
ship vs truck,ship,truck,0,16,4,linear,small_mu,18,18,17,35,18,48234414.19465819,13009485.325141305,large_mu,disjoint_bag_coordinate_me_single_point_probe_v1,ok,,0.9475,10.0
ship vs truck,ship,truck,0,16,6,linear,small_mu,18,18,17,35,18,48234414.19465819,13009485.325141305,large_mu,disjoint_bag_coordinate_me_single_point_probe_v1,ok,,0.9425,1.0
ship vs truck,ship,truck,0,16,8,linear,small_mu,18,18,17,35,18,48234414.19465819,13009485.325141305,large_mu,disjoint_bag_coordinate_me_single_point_probe_v1,ok,,0.9475,10.0
ship vs truck,ship,truck,0,16,10,linear,small_mu,18,18,17,35,18,48234414.19465819,13009485.325141305,large_mu,disjoint_bag_coordinate_me_single_point_probe_v1,ok,,0.9525,1.0
ship vs truck,ship,truck,0,16,16,linear,small_mu,18,18,17,35,18,48234414.19465819,13009485.325141305,large_mu,disjoint_bag_coordinate_me_single_point_probe_v1,ok,,0.955,0.1
ship vs truck,ship,truck,0,16,24,linear,small_mu,18,18,17,35,18,48234414.19465819,13009485.325141305,large_mu,disjoint_bag_coordinate_me_single_point_probe_v1,rank_limited,"requested r=24, stable limit=17, available directions=18",,
ship vs truck,ship,truck,0,16,1,rbf,large_mu,18,18,18,35,24,34578.64879355076,24187.157276969643,,disjoint_bag_coordinate_me_single_point_probe_v1,ok,,0.9475,0.1
ship vs truck,ship,truck,0,16,2,rbf,large_mu,18,18,18,35,24,34578.64879355076,24187.157276969643,large_mu,disjoint_bag_coordinate_me_single_point_probe_v1,ok,,0.9475,0.1
ship vs truck,ship,truck,0,16,4,rbf,large_mu,18,18,18,35,24,34578.64879355076,24187.157276969643,large_mu,disjoint_bag_coordinate_me_single_point_probe_v1,ok,,0.955,1.0
ship vs truck,ship,truck,0,16,6,rbf,large_mu,18,18,18,35,24,34578.64879355076,24187.157276969643,large_mu,disjoint_bag_coordinate_me_single_point_probe_v1,ok,,0.9525,0.1
ship vs truck,ship,truck,0,16,8,rbf,large_mu,18,18,18,35,24,34578.64879355076,24187.157276969643,large_mu,disjoint_bag_coordinate_me_single_point_probe_v1,ok,,0.955,0.1
ship vs truck,ship,truck,0,16,10,rbf,large_mu,18,18,18,35,24,34578.64879355076,24187.157276969643,large_mu,disjoint_bag_coordinate_me_single_point_probe_v1,ok,,0.9525,1.0
ship vs truck,ship,truck,0,16,16,rbf,large_mu,18,18,18,35,24,34578.64879355076,24187.157276969643,large_mu,disjoint_bag_coordinate_me_single_point_probe_v1,ok,,0.955,0.1
ship vs truck,ship,truck,0,16,24,rbf,large_mu,18,18,18,35,24,34578.64879355076,24187.157276969643,large_mu,disjoint_bag_coordinate_me_single_point_probe_v1,rank_limited,"requested r=24, stable limit=18, available directions=24",,
ship vs truck,ship,truck,0,16,1,rbf,small_mu,18,18,17,35,24,34578.64879355076,24187.157276969643,,disjoint_bag_coordinate_me_single_point_probe_v1,ok,,0.955,0.1
ship vs truck,ship,truck,0,16,2,rbf,small_mu,18,18,17,35,24,34578.64879355076,24187.157276969643,large_mu,disjoint_bag_coordinate_me_single_point_probe_v1,ok,,0.9475,0.1
ship vs truck,ship,truck,0,16,4,rbf,small_mu,18,18,17,35,24,34578.64879355076,24187.157276969643,large_mu,disjoint_bag_coordinate_me_single_point_probe_v1,ok,,0.955,1.0
ship vs truck,ship,truck,0,16,6,rbf,small_mu,18,18,17,35,24,34578.64879355076,24187.157276969643,large_mu,disjoint_bag_coordinate_me_single_point_probe_v1,ok,,0.955,1.0
ship vs truck,ship,truck,0,16,8,rbf,small_mu,18,18,17,35,24,34578.64879355076,24187.157276969643,large_mu,disjoint_bag_coordinate_me_single_point_probe_v1,ok,,0.9525,1.0
ship vs truck,ship,truck,0,16,10,rbf,small_mu,18,18,17,35,24,34578.64879355076,24187.157276969643,large_mu,disjoint_bag_coordinate_me_single_point_probe_v1,ok,,0.9525,1.0
ship vs truck,ship,truck,0,16,16,rbf,small_mu,18,18,17,35,24,34578.64879355076,24187.157276969643,large_mu,disjoint_bag_coordinate_me_single_point_probe_v1,ok,,0.9575,1.0
ship vs truck,ship,truck,0,16,24,rbf,small_mu,18,18,17,35,24,34578.64879355076,24187.157276969643,large_mu,disjoint_bag_coordinate_me_single_point_probe_v1,rank_limited,"requested r=24, stable limit=17, available directions=24",,
ship vs truck,ship,truck,0,16,1,laplacian,large_mu,18,18,18,35,24,27319.620934347822,18307.222882809274,,disjoint_bag_coordinate_me_single_point_probe_v1,ok,,0.9525,1.0
ship vs truck,ship,truck,0,16,2,laplacian,large_mu,18,18,18,35,24,27319.620934347822,18307.222882809274,large_mu,disjoint_bag_coordinate_me_single_point_probe_v1,ok,,0.9575,0.1
ship vs truck,ship,truck,0,16,4,laplacian,large_mu,18,18,18,35,24,27319.620934347822,18307.222882809274,large_mu,disjoint_bag_coordinate_me_single_point_probe_v1,ok,,0.96,0.1
ship vs truck,ship,truck,0,16,6,laplacian,large_mu,18,18,18,35,24,27319.620934347822,18307.222882809274,large_mu,disjoint_bag_coordinate_me_single_point_probe_v1,ok,,0.9625,0.1
ship vs truck,ship,truck,0,16,8,laplacian,large_mu,18,18,18,35,24,27319.620934347822,18307.222882809274,large_mu,disjoint_bag_coordinate_me_single_point_probe_v1,ok,,0.9625,0.1
ship vs truck,ship,truck,0,16,10,laplacian,large_mu,18,18,18,35,24,27319.620934347822,18307.222882809274,large_mu,disjoint_bag_coordinate_me_single_point_probe_v1,ok,,0.9625,0.1
ship vs truck,ship,truck,0,16,16,laplacian,large_mu,18,18,18,35,24,27319.620934347822,18307.222882809274,large_mu,disjoint_bag_coordinate_me_single_point_probe_v1,ok,,0.9625,0.1
ship vs truck,ship,truck,0,16,24,laplacian,large_mu,18,18,18,35,24,27319.620934347822,18307.222882809274,large_mu,disjoint_bag_coordinate_me_single_point_probe_v1,rank_limited,"requested r=24, stable limit=18, available directions=24",,
ship vs truck,ship,truck,0,16,1,laplacian,small_mu,18,18,17,35,24,27319.620934347822,18307.222882809274,,disjoint_bag_coordinate_me_single_point_probe_v1,ok,,0.96,0.1
ship vs truck,ship,truck,0,16,2,laplacian,small_mu,18,18,17,35,24,27319.620934347822,18307.222882809274,large_mu,disjoint_bag_coordinate_me_single_point_probe_v1,ok,,0.955,1.0
ship vs truck,ship,truck,0,16,4,laplacian,small_mu,18,18,17,35,24,27319.620934347822,18307.222882809274,large_mu,disjoint_bag_coordinate_me_single_point_probe_v1,ok,,0.9625,1.0
ship vs truck,ship,truck,0,16,6,laplacian,small_mu,18,18,17,35,24,27319.620934347822,18307.222882809274,large_mu,disjoint_bag_coordinate_me_single_point_probe_v1,ok,,0.9625,1.0
ship vs truck,ship,truck,0,16,8,laplacian,small_mu,18,18,17,35,24,27319.620934347822,18307.222882809274,large_mu,disjoint_bag_coordinate_me_single_point_probe_v1,ok,,0.9625,1.0
ship vs truck,ship,truck,0,16,10,laplacian,small_mu,18,18,17,35,24,27319.620934347822,18307.222882809274,large_mu,disjoint_bag_coordinate_me_single_point_probe_v1,ok,,0.9625,1.0
ship vs truck,ship,truck,0,16,16,laplacian,small_mu,18,18,17,35,24,27319.620934347822,18307.222882809274,large_mu,disjoint_bag_coordinate_me_single_point_probe_v1,ok,,0.96,0.1
ship vs truck,ship,truck,0,16,24,laplacian,small_mu,18,18,17,35,24,27319.620934347822,18307.222882809274,large_mu,disjoint_bag_coordinate_me_single_point_probe_v1,rank_limited,"requested r=24, stable limit=17, available directions=24",,
ship vs truck,ship,truck,0,16,1,polynomial,large_mu,18,18,18,35,24,210950.78775629992,90320.71074369816,,disjoint_bag_coordinate_me_single_point_probe_v1,ok,,0.955,0.1
ship vs truck,ship,truck,0,16,2,polynomial,large_mu,18,18,18,35,24,210950.78775629992,90320.71074369816,large_mu,disjoint_bag_coordinate_me_single_point_probe_v1,ok,,0.9525,0.1
ship vs truck,ship,truck,0,16,4,polynomial,large_mu,18,18,18,35,24,210950.78775629992,90320.71074369816,large_mu,disjoint_bag_coordinate_me_single_point_probe_v1,ok,,0.9475,10.0
ship vs truck,ship,truck,0,16,6,polynomial,large_mu,18,18,18,35,24,210950.78775629992,90320.71074369816,large_mu,disjoint_bag_coordinate_me_single_point_probe_v1,ok,,0.9475,10.0
ship vs truck,ship,truck,0,16,8,polynomial,large_mu,18,18,18,35,24,210950.78775629992,90320.71074369816,large_mu,disjoint_bag_coordinate_me_single_point_probe_v1,ok,,0.95,0.1
ship vs truck,ship,truck,0,16,10,polynomial,large_mu,18,18,18,35,24,210950.78775629992,90320.71074369816,large_mu,disjoint_bag_coordinate_me_single_point_probe_v1,ok,,0.9525,0.1
ship vs truck,ship,truck,0,16,16,polynomial,large_mu,18,18,18,35,24,210950.78775629992,90320.71074369816,large_mu,disjoint_bag_coordinate_me_single_point_probe_v1,ok,,0.9575,0.1
ship vs truck,ship,truck,0,16,24,polynomial,large_mu,18,18,18,35,24,210950.78775629992,90320.71074369816,large_mu,disjoint_bag_coordinate_me_single_point_probe_v1,rank_limited,"requested r=24, stable limit=18, available directions=24",,
ship vs truck,ship,truck,0,16,1,polynomial,small_mu,18,18,17,35,24,210950.78775629992,90320.71074369816,,disjoint_bag_coordinate_me_single_point_probe_v1,ok,,0.9525,1.0
ship vs truck,ship,truck,0,16,2,polynomial,small_mu,18,18,17,35,24,210950.78775629992,90320.71074369816,large_mu,disjoint_bag_coordinate_me_single_point_probe_v1,ok,,0.9575,0.1
ship vs truck,ship,truck,0,16,4,polynomial,small_mu,18,18,17,35,24,210950.78775629992,90320.71074369816,large_mu,disjoint_bag_coordinate_me_single_point_probe_v1,ok,,0.96,0.1
ship vs truck,ship,truck,0,16,6,polynomial,small_mu,18,18,17,35,24,210950.78775629992,90320.71074369816,large_mu,disjoint_bag_coordinate_me_single_point_probe_v1,ok,,0.9575,10.0
ship vs truck,ship,truck,0,16,8,polynomial,small_mu,18,18,17,35,24,210950.78775629992,90320.71074369816,large_mu,disjoint_bag_coordinate_me_single_point_probe_v1,ok,,0.955,1.0
ship vs truck,ship,truck,0,16,10,polynomial,small_mu,18,18,17,35,24,210950.78775629992,90320.71074369816,large_mu,disjoint_bag_coordinate_me_single_point_probe_v1,ok,,0.9575,1.0
ship vs truck,ship,truck,0,16,16,polynomial,small_mu,18,18,17,35,24,210950.78775629992,90320.71074369816,large_mu,disjoint_bag_coordinate_me_single_point_probe_v1,ok,,0.955,1.0
ship vs truck,ship,truck,0,16,24,polynomial,small_mu,18,18,17,35,24,210950.78775629992,90320.71074369816,large_mu,disjoint_bag_coordinate_me_single_point_probe_v1,rank_limited,"requested r=24, stable limit=17, available directions=24",,
ship vs truck,ship,truck,0,16,1,sigmoid,large_mu,18,18,18,35,24,84614.44875286071,15004.748685156503,,disjoint_bag_coordinate_me_single_point_probe_v1,ok,,0.94,0.1
ship vs truck,ship,truck,0,16,2,sigmoid,large_mu,18,18,18,35,24,84614.44875286071,15004.748685156503,large_mu,disjoint_bag_coordinate_me_single_point_probe_v1,ok,,0.9425,0.1
ship vs truck,ship,truck,0,16,4,sigmoid,large_mu,18,18,18,35,24,84614.44875286071,15004.748685156503,large_mu,disjoint_bag_coordinate_me_single_point_probe_v1,ok,,0.9575,0.1
ship vs truck,ship,truck,0,16,6,sigmoid,large_mu,18,18,18,35,24,84614.44875286071,15004.748685156503,large_mu,disjoint_bag_coordinate_me_single_point_probe_v1,ok,,0.9575,0.1
ship vs truck,ship,truck,0,16,8,sigmoid,large_mu,18,18,18,35,24,84614.44875286071,15004.748685156503,large_mu,disjoint_bag_coordinate_me_single_point_probe_v1,ok,,0.9575,0.1
ship vs truck,ship,truck,0,16,10,sigmoid,large_mu,18,18,18,35,24,84614.44875286071,15004.748685156503,large_mu,disjoint_bag_coordinate_me_single_point_probe_v1,ok,,0.9575,0.1
ship vs truck,ship,truck,0,16,16,sigmoid,large_mu,18,18,18,35,24,84614.44875286071,15004.748685156503,large_mu,disjoint_bag_coordinate_me_single_point_probe_v1,ok,,0.9625,0.1
ship vs truck,ship,truck,0,16,24,sigmoid,large_mu,18,18,18,35,24,84614.44875286071,15004.748685156503,large_mu,disjoint_bag_coordinate_me_single_point_probe_v1,rank_limited,"requested r=24, stable limit=18, available directions=24",,
ship vs truck,ship,truck,0,16,1,sigmoid,small_mu,18,18,17,35,24,84614.44875286071,15004.748685156503,,disjoint_bag_coordinate_me_single_point_probe_v1,ok,,0.935,0.1
ship vs truck,ship,truck,0,16,2,sigmoid,small_mu,18,18,17,35,24,84614.44875286071,15004.748685156503,large_mu,disjoint_bag_coordinate_me_single_point_probe_v1,ok,,0.9425,1.0
ship vs truck,ship,truck,0,16,4,sigmoid,small_mu,18,18,17,35,24,84614.44875286071,15004.748685156503,large_mu,disjoint_bag_coordinate_me_single_point_probe_v1,ok,,0.9425,1.0
ship vs truck,ship,truck,0,16,6,sigmoid,small_mu,18,18,17,35,24,84614.44875286071,15004.748685156503,large_mu,disjoint_bag_coordinate_me_single_point_probe_v1,ok,,0.945,1.0
ship vs truck,ship,truck,0,16,8,sigmoid,small_mu,18,18,17,35,24,84614.44875286071,15004.748685156503,large_mu,disjoint_bag_coordinate_me_single_point_probe_v1,ok,,0.9525,10.0
ship vs truck,ship,truck,0,16,10,sigmoid,small_mu,18,18,17,35,24,84614.44875286071,15004.748685156503,large_mu,disjoint_bag_coordinate_me_single_point_probe_v1,ok,,0.955,10.0
ship vs truck,ship,truck,0,16,16,sigmoid,small_mu,18,18,17,35,24,84614.44875286071,15004.748685156503,large_mu,disjoint_bag_coordinate_me_single_point_probe_v1,ok,,0.9525,10.0
ship vs truck,ship,truck,0,16,24,sigmoid,small_mu,18,18,17,35,24,84614.44875286071,15004.748685156503,large_mu,disjoint_bag_coordinate_me_single_point_probe_v1,rank_limited,"requested r=24, stable limit=17, available directions=24",,
ship vs truck,ship,truck,1,4,1,linear,large_mu,75,75,75,149,24,24480511.187679138,39650683.895318784,,disjoint_bag_coordinate_me_single_point_probe_v1,ok,,0.94,0.1
ship vs truck,ship,truck,1,4,2,linear,large_mu,75,75,75,149,24,24480511.187679138,39650683.895318784,small_mu,disjoint_bag_coordinate_me_single_point_probe_v1,ok,,0.945,1.0
ship vs truck,ship,truck,1,4,4,linear,large_mu,75,75,75,149,24,24480511.187679138,39650683.895318784,large_mu,disjoint_bag_coordinate_me_single_point_probe_v1,ok,,0.9425,0.1
ship vs truck,ship,truck,1,4,6,linear,large_mu,75,75,75,149,24,24480511.187679138,39650683.895318784,large_mu,disjoint_bag_coordinate_me_single_point_probe_v1,ok,,0.9425,1.0
ship vs truck,ship,truck,1,4,8,linear,large_mu,75,75,75,149,24,24480511.187679138,39650683.895318784,large_mu,disjoint_bag_coordinate_me_single_point_probe_v1,ok,,0.94,1.0
ship vs truck,ship,truck,1,4,10,linear,large_mu,75,75,75,149,24,24480511.187679138,39650683.895318784,large_mu,disjoint_bag_coordinate_me_single_point_probe_v1,ok,,0.945,1.0
ship vs truck,ship,truck,1,4,16,linear,large_mu,75,75,75,149,24,24480511.187679138,39650683.895318784,large_mu,disjoint_bag_coordinate_me_single_point_probe_v1,ok,,0.945,1.0
ship vs truck,ship,truck,1,4,24,linear,large_mu,75,75,75,149,24,24480511.187679138,39650683.895318784,large_mu,disjoint_bag_coordinate_me_single_point_probe_v1,ok,,0.9625,0.1
ship vs truck,ship,truck,1,4,1,linear,small_mu,75,75,74,149,24,24480511.187679138,39650683.895318784,,disjoint_bag_coordinate_me_single_point_probe_v1,ok,,0.935,0.1
ship vs truck,ship,truck,1,4,2,linear,small_mu,75,75,74,149,24,24480511.187679138,39650683.895318784,small_mu,disjoint_bag_coordinate_me_single_point_probe_v1,ok,,0.94,1.0
ship vs truck,ship,truck,1,4,4,linear,small_mu,75,75,74,149,24,24480511.187679138,39650683.895318784,large_mu,disjoint_bag_coordinate_me_single_point_probe_v1,ok,,0.9375,1.0
ship vs truck,ship,truck,1,4,6,linear,small_mu,75,75,74,149,24,24480511.187679138,39650683.895318784,large_mu,disjoint_bag_coordinate_me_single_point_probe_v1,ok,,0.935,0.1
ship vs truck,ship,truck,1,4,8,linear,small_mu,75,75,74,149,24,24480511.187679138,39650683.895318784,large_mu,disjoint_bag_coordinate_me_single_point_probe_v1,ok,,0.925,0.1
ship vs truck,ship,truck,1,4,10,linear,small_mu,75,75,74,149,24,24480511.187679138,39650683.895318784,large_mu,disjoint_bag_coordinate_me_single_point_probe_v1,ok,,0.945,1.0
ship vs truck,ship,truck,1,4,16,linear,small_mu,75,75,74,149,24,24480511.187679138,39650683.895318784,large_mu,disjoint_bag_coordinate_me_single_point_probe_v1,ok,,0.9425,1.0
ship vs truck,ship,truck,1,4,24,linear,small_mu,75,75,74,149,24,24480511.187679138,39650683.895318784,large_mu,disjoint_bag_coordinate_me_single_point_probe_v1,ok,,0.9525,1.0
ship vs truck,ship,truck,1,4,1,rbf,large_mu,75,75,75,149,24,27319.896860185614,99739.98488391271,,disjoint_bag_coordinate_me_single_point_probe_v1,ok,,0.9525,0.1
ship vs truck,ship,truck,1,4,2,rbf,large_mu,75,75,75,149,24,27319.896860185614,99739.98488391271,small_mu,disjoint_bag_coordinate_me_single_point_probe_v1,ok,,0.9525,0.1
ship vs truck,ship,truck,1,4,4,rbf,large_mu,75,75,75,149,24,27319.896860185614,99739.98488391271,small_mu,disjoint_bag_coordinate_me_single_point_probe_v1,ok,,0.9525,0.1
ship vs truck,ship,truck,1,4,6,rbf,large_mu,75,75,75,149,24,27319.896860185614,99739.98488391271,large_mu,disjoint_bag_coordinate_me_single_point_probe_v1,ok,,0.95,0.1
ship vs truck,ship,truck,1,4,8,rbf,large_mu,75,75,75,149,24,27319.896860185614,99739.98488391271,large_mu,disjoint_bag_coordinate_me_single_point_probe_v1,ok,,0.95,0.1
ship vs truck,ship,truck,1,4,10,rbf,large_mu,75,75,75,149,24,27319.896860185614,99739.98488391271,large_mu,disjoint_bag_coordinate_me_single_point_probe_v1,ok,,0.95,1.0
ship vs truck,ship,truck,1,4,16,rbf,large_mu,75,75,75,149,24,27319.896860185614,99739.98488391271,large_mu,disjoint_bag_coordinate_me_single_point_probe_v1,ok,,0.95,1.0
ship vs truck,ship,truck,1,4,24,rbf,large_mu,75,75,75,149,24,27319.896860185614,99739.98488391271,large_mu,disjoint_bag_coordinate_me_single_point_probe_v1,ok,,0.9475,0.1
ship vs truck,ship,truck,1,4,1,rbf,small_mu,75,75,74,149,24,27319.896860185614,99739.98488391271,,disjoint_bag_coordinate_me_single_point_probe_v1,ok,,0.9475,1.0
ship vs truck,ship,truck,1,4,2,rbf,small_mu,75,75,74,149,24,27319.896860185614,99739.98488391271,small_mu,disjoint_bag_coordinate_me_single_point_probe_v1,ok,,0.955,0.1
ship vs truck,ship,truck,1,4,4,rbf,small_mu,75,75,74,149,24,27319.896860185614,99739.98488391271,small_mu,disjoint_bag_coordinate_me_single_point_probe_v1,ok,,0.96,0.1
ship vs truck,ship,truck,1,4,6,rbf,small_mu,75,75,74,149,24,27319.896860185614,99739.98488391271,large_mu,disjoint_bag_coordinate_me_single_point_probe_v1,ok,,0.9525,10.0
ship vs truck,ship,truck,1,4,8,rbf,small_mu,75,75,74,149,24,27319.896860185614,99739.98488391271,large_mu,disjoint_bag_coordinate_me_single_point_probe_v1,ok,,0.9575,10.0
ship vs truck,ship,truck,1,4,10,rbf,small_mu,75,75,74,149,24,27319.896860185614,99739.98488391271,large_mu,disjoint_bag_coordinate_me_single_point_probe_v1,ok,,0.95,1.0
ship vs truck,ship,truck,1,4,16,rbf,small_mu,75,75,74,149,24,27319.896860185614,99739.98488391271,large_mu,disjoint_bag_coordinate_me_single_point_probe_v1,ok,,0.9525,1.0
ship vs truck,ship,truck,1,4,24,rbf,small_mu,75,75,74,149,24,27319.896860185614,99739.98488391271,large_mu,disjoint_bag_coordinate_me_single_point_probe_v1,ok,,0.955,1.0
ship vs truck,ship,truck,1,4,1,laplacian,large_mu,75,75,75,149,24,21776.37012880284,75543.01232003875,,disjoint_bag_coordinate_me_single_point_probe_v1,ok,,0.96,10.0
ship vs truck,ship,truck,1,4,2,laplacian,large_mu,75,75,75,149,24,21776.37012880284,75543.01232003875,small_mu,disjoint_bag_coordinate_me_single_point_probe_v1,ok,,0.965,0.1
ship vs truck,ship,truck,1,4,4,laplacian,large_mu,75,75,75,149,24,21776.37012880284,75543.01232003875,small_mu,disjoint_bag_coordinate_me_single_point_probe_v1,ok,,0.965,0.1
ship vs truck,ship,truck,1,4,6,laplacian,large_mu,75,75,75,149,24,21776.37012880284,75543.01232003875,large_mu,disjoint_bag_coordinate_me_single_point_probe_v1,ok,,0.965,0.1
ship vs truck,ship,truck,1,4,8,laplacian,large_mu,75,75,75,149,24,21776.37012880284,75543.01232003875,large_mu,disjoint_bag_coordinate_me_single_point_probe_v1,ok,,0.965,10.0
ship vs truck,ship,truck,1,4,10,laplacian,large_mu,75,75,75,149,24,21776.37012880284,75543.01232003875,large_mu,disjoint_bag_coordinate_me_single_point_probe_v1,ok,,0.97,10.0
ship vs truck,ship,truck,1,4,16,laplacian,large_mu,75,75,75,149,24,21776.37012880284,75543.01232003875,large_mu,disjoint_bag_coordinate_me_single_point_probe_v1,ok,,0.9675,1.0
ship vs truck,ship,truck,1,4,24,laplacian,large_mu,75,75,75,149,24,21776.37012880284,75543.01232003875,large_mu,disjoint_bag_coordinate_me_single_point_probe_v1,ok,,0.97,0.1
ship vs truck,ship,truck,1,4,1,laplacian,small_mu,75,75,74,149,24,21776.37012880284,75543.01232003875,,disjoint_bag_coordinate_me_single_point_probe_v1,ok,,0.975,0.1
ship vs truck,ship,truck,1,4,2,laplacian,small_mu,75,75,74,149,24,21776.37012880284,75543.01232003875,small_mu,disjoint_bag_coordinate_me_single_point_probe_v1,ok,,0.9725,1.0
ship vs truck,ship,truck,1,4,4,laplacian,small_mu,75,75,74,149,24,21776.37012880284,75543.01232003875,small_mu,disjoint_bag_coordinate_me_single_point_probe_v1,ok,,0.97,1.0
ship vs truck,ship,truck,1,4,6,laplacian,small_mu,75,75,74,149,24,21776.37012880284,75543.01232003875,large_mu,disjoint_bag_coordinate_me_single_point_probe_v1,ok,,0.9725,1.0
ship vs truck,ship,truck,1,4,8,laplacian,small_mu,75,75,74,149,24,21776.37012880284,75543.01232003875,large_mu,disjoint_bag_coordinate_me_single_point_probe_v1,ok,,0.9725,1.0
ship vs truck,ship,truck,1,4,10,laplacian,small_mu,75,75,74,149,24,21776.37012880284,75543.01232003875,large_mu,disjoint_bag_coordinate_me_single_point_probe_v1,ok,,0.9725,10.0
ship vs truck,ship,truck,1,4,16,laplacian,small_mu,75,75,74,149,24,21776.37012880284,75543.01232003875,large_mu,disjoint_bag_coordinate_me_single_point_probe_v1,ok,,0.9725,10.0
ship vs truck,ship,truck,1,4,24,laplacian,small_mu,75,75,74,149,24,21776.37012880284,75543.01232003875,large_mu,disjoint_bag_coordinate_me_single_point_probe_v1,ok,,0.97,1.0
ship vs truck,ship,truck,1,4,1,polynomial,large_mu,75,75,75,149,24,139755.05895840976,342338.89269374905,,disjoint_bag_coordinate_me_single_point_probe_v1,ok,,0.96,10.0
ship vs truck,ship,truck,1,4,2,polynomial,large_mu,75,75,75,149,24,139755.05895840976,342338.89269374905,small_mu,disjoint_bag_coordinate_me_single_point_probe_v1,ok,,0.96,10.0
ship vs truck,ship,truck,1,4,4,polynomial,large_mu,75,75,75,149,24,139755.05895840976,342338.89269374905,large_mu,disjoint_bag_coordinate_me_single_point_probe_v1,ok,,0.9475,0.1
ship vs truck,ship,truck,1,4,6,polynomial,large_mu,75,75,75,149,24,139755.05895840976,342338.89269374905,large_mu,disjoint_bag_coordinate_me_single_point_probe_v1,ok,,0.955,1.0
ship vs truck,ship,truck,1,4,8,polynomial,large_mu,75,75,75,149,24,139755.05895840976,342338.89269374905,large_mu,disjoint_bag_coordinate_me_single_point_probe_v1,ok,,0.96,1.0
ship vs truck,ship,truck,1,4,10,polynomial,large_mu,75,75,75,149,24,139755.05895840976,342338.89269374905,large_mu,disjoint_bag_coordinate_me_single_point_probe_v1,ok,,0.96,1.0
ship vs truck,ship,truck,1,4,16,polynomial,large_mu,75,75,75,149,24,139755.05895840976,342338.89269374905,large_mu,disjoint_bag_coordinate_me_single_point_probe_v1,ok,,0.9675,1.0
ship vs truck,ship,truck,1,4,24,polynomial,large_mu,75,75,75,149,24,139755.05895840976,342338.89269374905,large_mu,disjoint_bag_coordinate_me_single_point_probe_v1,ok,,0.96,1.0
ship vs truck,ship,truck,1,4,1,polynomial,small_mu,75,75,74,149,24,139755.05895840976,342338.89269374905,,disjoint_bag_coordinate_me_single_point_probe_v1,ok,,0.9575,1.0
ship vs truck,ship,truck,1,4,2,polynomial,small_mu,75,75,74,149,24,139755.05895840976,342338.89269374905,small_mu,disjoint_bag_coordinate_me_single_point_probe_v1,ok,,0.96,10.0
ship vs truck,ship,truck,1,4,4,polynomial,small_mu,75,75,74,149,24,139755.05895840976,342338.89269374905,large_mu,disjoint_bag_coordinate_me_single_point_probe_v1,ok,,0.9625,1.0
ship vs truck,ship,truck,1,4,6,polynomial,small_mu,75,75,74,149,24,139755.05895840976,342338.89269374905,large_mu,disjoint_bag_coordinate_me_single_point_probe_v1,ok,,0.965,10.0
ship vs truck,ship,truck,1,4,8,polynomial,small_mu,75,75,74,149,24,139755.05895840976,342338.89269374905,large_mu,disjoint_bag_coordinate_me_single_point_probe_v1,ok,,0.965,1.0
ship vs truck,ship,truck,1,4,10,polynomial,small_mu,75,75,74,149,24,139755.05895840976,342338.89269374905,large_mu,disjoint_bag_coordinate_me_single_point_probe_v1,ok,,0.965,1.0
ship vs truck,ship,truck,1,4,16,polynomial,small_mu,75,75,74,149,24,139755.05895840976,342338.89269374905,large_mu,disjoint_bag_coordinate_me_single_point_probe_v1,ok,,0.965,0.1
ship vs truck,ship,truck,1,4,24,polynomial,small_mu,75,75,74,149,24,139755.05895840976,342338.89269374905,large_mu,disjoint_bag_coordinate_me_single_point_probe_v1,ok,,0.965,1.0
ship vs truck,ship,truck,1,4,1,sigmoid,large_mu,75,75,75,109,24,26472.59631282713,27200.09038326046,,disjoint_bag_coordinate_me_single_point_probe_v1,ok,,0.8925,10.0
ship vs truck,ship,truck,1,4,2,sigmoid,large_mu,75,75,75,109,24,26472.59631282713,27200.09038326046,small_mu,disjoint_bag_coordinate_me_single_point_probe_v1,ok,,0.895,10.0
ship vs truck,ship,truck,1,4,4,sigmoid,large_mu,75,75,75,109,24,26472.59631282713,27200.09038326046,large_mu,disjoint_bag_coordinate_me_single_point_probe_v1,ok,,0.895,1.0
ship vs truck,ship,truck,1,4,6,sigmoid,large_mu,75,75,75,109,24,26472.59631282713,27200.09038326046,large_mu,disjoint_bag_coordinate_me_single_point_probe_v1,ok,,0.89,1.0
ship vs truck,ship,truck,1,4,8,sigmoid,large_mu,75,75,75,109,24,26472.59631282713,27200.09038326046,large_mu,disjoint_bag_coordinate_me_single_point_probe_v1,ok,,0.8875,10.0
ship vs truck,ship,truck,1,4,10,sigmoid,large_mu,75,75,75,109,24,26472.59631282713,27200.09038326046,large_mu,disjoint_bag_coordinate_me_single_point_probe_v1,ok,,0.895,1.0
ship vs truck,ship,truck,1,4,16,sigmoid,large_mu,75,75,75,109,24,26472.59631282713,27200.09038326046,large_mu,disjoint_bag_coordinate_me_single_point_probe_v1,ok,,0.89,0.1
ship vs truck,ship,truck,1,4,24,sigmoid,large_mu,75,75,75,109,24,26472.59631282713,27200.09038326046,large_mu,disjoint_bag_coordinate_me_single_point_probe_v1,ok,,0.895,10.0
ship vs truck,ship,truck,1,4,1,sigmoid,small_mu,75,75,74,109,24,26472.59631282713,27200.09038326046,,disjoint_bag_coordinate_me_single_point_probe_v1,ok,,0.73,0.1
ship vs truck,ship,truck,1,4,2,sigmoid,small_mu,75,75,74,109,24,26472.59631282713,27200.09038326046,small_mu,disjoint_bag_coordinate_me_single_point_probe_v1,ok,,0.7875,0.1
ship vs truck,ship,truck,1,4,4,sigmoid,small_mu,75,75,74,109,24,26472.59631282713,27200.09038326046,large_mu,disjoint_bag_coordinate_me_single_point_probe_v1,ok,,0.835,1.0
ship vs truck,ship,truck,1,4,6,sigmoid,small_mu,75,75,74,109,24,26472.59631282713,27200.09038326046,large_mu,disjoint_bag_coordinate_me_single_point_probe_v1,ok,,0.845,1.0
ship vs truck,ship,truck,1,4,8,sigmoid,small_mu,75,75,74,109,24,26472.59631282713,27200.09038326046,large_mu,disjoint_bag_coordinate_me_single_point_probe_v1,ok,,0.8525,10.0
ship vs truck,ship,truck,1,4,10,sigmoid,small_mu,75,75,74,109,24,26472.59631282713,27200.09038326046,large_mu,disjoint_bag_coordinate_me_single_point_probe_v1,ok,,0.875,0.1
ship vs truck,ship,truck,1,4,16,sigmoid,small_mu,75,75,74,109,24,26472.59631282713,27200.09038326046,large_mu,disjoint_bag_coordinate_me_single_point_probe_v1,ok,,0.8825,1.0
ship vs truck,ship,truck,1,4,24,sigmoid,small_mu,75,75,74,109,24,26472.59631282713,27200.09038326046,large_mu,disjoint_bag_coordinate_me_single_point_probe_v1,ok,,0.895,1.0
ship vs truck,ship,truck,1,8,1,linear,large_mu,37,37,37,73,24,36290917.05820428,23394637.940817393,,disjoint_bag_coordinate_me_single_point_probe_v1,ok,,0.945,0.1
ship vs truck,ship,truck,1,8,2,linear,large_mu,37,37,37,73,24,36290917.05820428,23394637.940817393,large_mu,disjoint_bag_coordinate_me_single_point_probe_v1,ok,,0.95,1.0
ship vs truck,ship,truck,1,8,4,linear,large_mu,37,37,37,73,24,36290917.05820428,23394637.940817393,large_mu,disjoint_bag_coordinate_me_single_point_probe_v1,ok,,0.9625,0.1
ship vs truck,ship,truck,1,8,6,linear,large_mu,37,37,37,73,24,36290917.05820428,23394637.940817393,large_mu,disjoint_bag_coordinate_me_single_point_probe_v1,ok,,0.965,1.0
ship vs truck,ship,truck,1,8,8,linear,large_mu,37,37,37,73,24,36290917.05820428,23394637.940817393,large_mu,disjoint_bag_coordinate_me_single_point_probe_v1,ok,,0.96,0.1
ship vs truck,ship,truck,1,8,10,linear,large_mu,37,37,37,73,24,36290917.05820428,23394637.940817393,large_mu,disjoint_bag_coordinate_me_single_point_probe_v1,ok,,0.955,10.0
ship vs truck,ship,truck,1,8,16,linear,large_mu,37,37,37,73,24,36290917.05820428,23394637.940817393,large_mu,disjoint_bag_coordinate_me_single_point_probe_v1,ok,,0.95,10.0
ship vs truck,ship,truck,1,8,24,linear,large_mu,37,37,37,73,24,36290917.05820428,23394637.940817393,large_mu,disjoint_bag_coordinate_me_single_point_probe_v1,ok,,0.955,1.0
ship vs truck,ship,truck,1,8,1,linear,small_mu,37,37,36,73,24,36290917.05820428,23394637.940817393,,disjoint_bag_coordinate_me_single_point_probe_v1,ok,,0.9325,0.1
ship vs truck,ship,truck,1,8,2,linear,small_mu,37,37,36,73,24,36290917.05820428,23394637.940817393,large_mu,disjoint_bag_coordinate_me_single_point_probe_v1,ok,,0.935,10.0
ship vs truck,ship,truck,1,8,4,linear,small_mu,37,37,36,73,24,36290917.05820428,23394637.940817393,large_mu,disjoint_bag_coordinate_me_single_point_probe_v1,ok,,0.9425,10.0
ship vs truck,ship,truck,1,8,6,linear,small_mu,37,37,36,73,24,36290917.05820428,23394637.940817393,large_mu,disjoint_bag_coordinate_me_single_point_probe_v1,ok,,0.94,10.0
ship vs truck,ship,truck,1,8,8,linear,small_mu,37,37,36,73,24,36290917.05820428,23394637.940817393,large_mu,disjoint_bag_coordinate_me_single_point_probe_v1,ok,,0.94,10.0
ship vs truck,ship,truck,1,8,10,linear,small_mu,37,37,36,73,24,36290917.05820428,23394637.940817393,large_mu,disjoint_bag_coordinate_me_single_point_probe_v1,ok,,0.9525,0.1
ship vs truck,ship,truck,1,8,16,linear,small_mu,37,37,36,73,24,36290917.05820428,23394637.940817393,large_mu,disjoint_bag_coordinate_me_single_point_probe_v1,ok,,0.945,1.0
ship vs truck,ship,truck,1,8,24,linear,small_mu,37,37,36,73,24,36290917.05820428,23394637.940817393,large_mu,disjoint_bag_coordinate_me_single_point_probe_v1,ok,,0.9375,1.0
ship vs truck,ship,truck,1,8,1,rbf,large_mu,37,37,37,73,24,34240.07728330228,50104.22128650217,,disjoint_bag_coordinate_me_single_point_probe_v1,ok,,0.945,0.1
ship vs truck,ship,truck,1,8,2,rbf,large_mu,37,37,37,73,24,34240.07728330228,50104.22128650217,small_mu,disjoint_bag_coordinate_me_single_point_probe_v1,ok,,0.9425,10.0
ship vs truck,ship,truck,1,8,4,rbf,large_mu,37,37,37,73,24,34240.07728330228,50104.22128650217,large_mu,disjoint_bag_coordinate_me_single_point_probe_v1,ok,,0.9525,1.0
ship vs truck,ship,truck,1,8,6,rbf,large_mu,37,37,37,73,24,34240.07728330228,50104.22128650217,large_mu,disjoint_bag_coordinate_me_single_point_probe_v1,ok,,0.9575,1.0
ship vs truck,ship,truck,1,8,8,rbf,large_mu,37,37,37,73,24,34240.07728330228,50104.22128650217,large_mu,disjoint_bag_coordinate_me_single_point_probe_v1,ok,,0.9575,1.0
ship vs truck,ship,truck,1,8,10,rbf,large_mu,37,37,37,73,24,34240.07728330228,50104.22128650217,large_mu,disjoint_bag_coordinate_me_single_point_probe_v1,ok,,0.96,1.0
ship vs truck,ship,truck,1,8,16,rbf,large_mu,37,37,37,73,24,34240.07728330228,50104.22128650217,large_mu,disjoint_bag_coordinate_me_single_point_probe_v1,ok,,0.955,1.0
ship vs truck,ship,truck,1,8,24,rbf,large_mu,37,37,37,73,24,34240.07728330228,50104.22128650217,large_mu,disjoint_bag_coordinate_me_single_point_probe_v1,ok,,0.9575,1.0
ship vs truck,ship,truck,1,8,1,rbf,small_mu,37,37,36,73,24,34240.07728330228,50104.22128650217,,disjoint_bag_coordinate_me_single_point_probe_v1,ok,,0.94,0.1
ship vs truck,ship,truck,1,8,2,rbf,small_mu,37,37,36,73,24,34240.07728330228,50104.22128650217,small_mu,disjoint_bag_coordinate_me_single_point_probe_v1,ok,,0.9525,0.1
ship vs truck,ship,truck,1,8,4,rbf,small_mu,37,37,36,73,24,34240.07728330228,50104.22128650217,large_mu,disjoint_bag_coordinate_me_single_point_probe_v1,ok,,0.9575,1.0
ship vs truck,ship,truck,1,8,6,rbf,small_mu,37,37,36,73,24,34240.07728330228,50104.22128650217,large_mu,disjoint_bag_coordinate_me_single_point_probe_v1,ok,,0.9575,1.0
ship vs truck,ship,truck,1,8,8,rbf,small_mu,37,37,36,73,24,34240.07728330228,50104.22128650217,large_mu,disjoint_bag_coordinate_me_single_point_probe_v1,ok,,0.96,1.0
ship vs truck,ship,truck,1,8,10,rbf,small_mu,37,37,36,73,24,34240.07728330228,50104.22128650217,large_mu,disjoint_bag_coordinate_me_single_point_probe_v1,ok,,0.96,1.0
ship vs truck,ship,truck,1,8,16,rbf,small_mu,37,37,36,73,24,34240.07728330228,50104.22128650217,large_mu,disjoint_bag_coordinate_me_single_point_probe_v1,ok,,0.96,1.0
ship vs truck,ship,truck,1,8,24,rbf,small_mu,37,37,36,73,24,34240.07728330228,50104.22128650217,large_mu,disjoint_bag_coordinate_me_single_point_probe_v1,ok,,0.9625,1.0
ship vs truck,ship,truck,1,8,1,laplacian,large_mu,37,37,37,73,24,26659.78380985934,37736.10030379194,,disjoint_bag_coordinate_me_single_point_probe_v1,ok,,0.9475,0.1
ship vs truck,ship,truck,1,8,2,laplacian,large_mu,37,37,37,73,24,26659.78380985934,37736.10030379194,small_mu,disjoint_bag_coordinate_me_single_point_probe_v1,ok,,0.95,0.1
ship vs truck,ship,truck,1,8,4,laplacian,large_mu,37,37,37,73,24,26659.78380985934,37736.10030379194,large_mu,disjoint_bag_coordinate_me_single_point_probe_v1,ok,,0.97,1.0
ship vs truck,ship,truck,1,8,6,laplacian,large_mu,37,37,37,73,24,26659.78380985934,37736.10030379194,large_mu,disjoint_bag_coordinate_me_single_point_probe_v1,ok,,0.975,1.0
ship vs truck,ship,truck,1,8,8,laplacian,large_mu,37,37,37,73,24,26659.78380985934,37736.10030379194,large_mu,disjoint_bag_coordinate_me_single_point_probe_v1,ok,,0.9675,1.0
ship vs truck,ship,truck,1,8,10,laplacian,large_mu,37,37,37,73,24,26659.78380985934,37736.10030379194,large_mu,disjoint_bag_coordinate_me_single_point_probe_v1,ok,,0.965,10.0
ship vs truck,ship,truck,1,8,16,laplacian,large_mu,37,37,37,73,24,26659.78380985934,37736.10030379194,large_mu,disjoint_bag_coordinate_me_single_point_probe_v1,ok,,0.9675,1.0
ship vs truck,ship,truck,1,8,24,laplacian,large_mu,37,37,37,73,24,26659.78380985934,37736.10030379194,large_mu,disjoint_bag_coordinate_me_single_point_probe_v1,ok,,0.9675,0.1
ship vs truck,ship,truck,1,8,1,laplacian,small_mu,37,37,36,73,24,26659.78380985934,37736.10030379194,,disjoint_bag_coordinate_me_single_point_probe_v1,ok,,0.965,0.1
ship vs truck,ship,truck,1,8,2,laplacian,small_mu,37,37,36,73,24,26659.78380985934,37736.10030379194,small_mu,disjoint_bag_coordinate_me_single_point_probe_v1,ok,,0.9675,1.0
ship vs truck,ship,truck,1,8,4,laplacian,small_mu,37,37,36,73,24,26659.78380985934,37736.10030379194,large_mu,disjoint_bag_coordinate_me_single_point_probe_v1,ok,,0.9675,1.0
ship vs truck,ship,truck,1,8,6,laplacian,small_mu,37,37,36,73,24,26659.78380985934,37736.10030379194,large_mu,disjoint_bag_coordinate_me_single_point_probe_v1,ok,,0.9625,10.0
ship vs truck,ship,truck,1,8,8,laplacian,small_mu,37,37,36,73,24,26659.78380985934,37736.10030379194,large_mu,disjoint_bag_coordinate_me_single_point_probe_v1,ok,,0.97,1.0
ship vs truck,ship,truck,1,8,10,laplacian,small_mu,37,37,36,73,24,26659.78380985934,37736.10030379194,large_mu,disjoint_bag_coordinate_me_single_point_probe_v1,ok,,0.97,1.0
ship vs truck,ship,truck,1,8,16,laplacian,small_mu,37,37,36,73,24,26659.78380985934,37736.10030379194,large_mu,disjoint_bag_coordinate_me_single_point_probe_v1,ok,,0.9775,1.0
ship vs truck,ship,truck,1,8,24,laplacian,small_mu,37,37,36,73,24,26659.78380985934,37736.10030379194,large_mu,disjoint_bag_coordinate_me_single_point_probe_v1,ok,,0.975,1.0
ship vs truck,ship,truck,1,8,1,polynomial,large_mu,37,37,37,73,24,186016.1766705483,176356.93248349358,,disjoint_bag_coordinate_me_single_point_probe_v1,ok,,0.965,1.0
ship vs truck,ship,truck,1,8,2,polynomial,large_mu,37,37,37,73,24,186016.1766705483,176356.93248349358,large_mu,disjoint_bag_coordinate_me_single_point_probe_v1,ok,,0.965,0.1
ship vs truck,ship,truck,1,8,4,polynomial,large_mu,37,37,37,73,24,186016.1766705483,176356.93248349358,large_mu,disjoint_bag_coordinate_me_single_point_probe_v1,ok,,0.9575,10.0
ship vs truck,ship,truck,1,8,6,polynomial,large_mu,37,37,37,73,24,186016.1766705483,176356.93248349358,large_mu,disjoint_bag_coordinate_me_single_point_probe_v1,ok,,0.965,10.0
ship vs truck,ship,truck,1,8,8,polynomial,large_mu,37,37,37,73,24,186016.1766705483,176356.93248349358,large_mu,disjoint_bag_coordinate_me_single_point_probe_v1,ok,,0.9575,10.0
ship vs truck,ship,truck,1,8,10,polynomial,large_mu,37,37,37,73,24,186016.1766705483,176356.93248349358,large_mu,disjoint_bag_coordinate_me_single_point_probe_v1,ok,,0.965,0.1
ship vs truck,ship,truck,1,8,16,polynomial,large_mu,37,37,37,73,24,186016.1766705483,176356.93248349358,large_mu,disjoint_bag_coordinate_me_single_point_probe_v1,ok,,0.96,1.0
ship vs truck,ship,truck,1,8,24,polynomial,large_mu,37,37,37,73,24,186016.1766705483,176356.93248349358,large_mu,disjoint_bag_coordinate_me_single_point_probe_v1,ok,,0.965,1.0
ship vs truck,ship,truck,1,8,1,polynomial,small_mu,37,37,36,73,24,186016.1766705483,176356.93248349358,,disjoint_bag_coordinate_me_single_point_probe_v1,ok,,0.96,0.1
ship vs truck,ship,truck,1,8,2,polynomial,small_mu,37,37,36,73,24,186016.1766705483,176356.93248349358,large_mu,disjoint_bag_coordinate_me_single_point_probe_v1,ok,,0.96,1.0
ship vs truck,ship,truck,1,8,4,polynomial,small_mu,37,37,36,73,24,186016.1766705483,176356.93248349358,large_mu,disjoint_bag_coordinate_me_single_point_probe_v1,ok,,0.955,1.0
ship vs truck,ship,truck,1,8,6,polynomial,small_mu,37,37,36,73,24,186016.1766705483,176356.93248349358,large_mu,disjoint_bag_coordinate_me_single_point_probe_v1,ok,,0.96,1.0
ship vs truck,ship,truck,1,8,8,polynomial,small_mu,37,37,36,73,24,186016.1766705483,176356.93248349358,large_mu,disjoint_bag_coordinate_me_single_point_probe_v1,ok,,0.965,1.0
ship vs truck,ship,truck,1,8,10,polynomial,small_mu,37,37,36,73,24,186016.1766705483,176356.93248349358,large_mu,disjoint_bag_coordinate_me_single_point_probe_v1,ok,,0.9625,10.0
ship vs truck,ship,truck,1,8,16,polynomial,small_mu,37,37,36,73,24,186016.1766705483,176356.93248349358,large_mu,disjoint_bag_coordinate_me_single_point_probe_v1,ok,,0.97,1.0
ship vs truck,ship,truck,1,8,24,polynomial,small_mu,37,37,36,73,24,186016.1766705483,176356.93248349358,large_mu,disjoint_bag_coordinate_me_single_point_probe_v1,ok,,0.9625,1.0
ship vs truck,ship,truck,1,8,1,sigmoid,large_mu,37,37,37,66,24,39807.147662578966,22423.739073629175,,disjoint_bag_coordinate_me_single_point_probe_v1,ok,,0.885,0.1
ship vs truck,ship,truck,1,8,2,sigmoid,large_mu,37,37,37,66,24,39807.147662578966,22423.739073629175,large_mu,disjoint_bag_coordinate_me_single_point_probe_v1,ok,,0.895,1.0
ship vs truck,ship,truck,1,8,4,sigmoid,large_mu,37,37,37,66,24,39807.147662578966,22423.739073629175,large_mu,disjoint_bag_coordinate_me_single_point_probe_v1,ok,,0.895,0.1
ship vs truck,ship,truck,1,8,6,sigmoid,large_mu,37,37,37,66,24,39807.147662578966,22423.739073629175,large_mu,disjoint_bag_coordinate_me_single_point_probe_v1,ok,,0.895,1.0
ship vs truck,ship,truck,1,8,8,sigmoid,large_mu,37,37,37,66,24,39807.147662578966,22423.739073629175,large_mu,disjoint_bag_coordinate_me_single_point_probe_v1,ok,,0.89,10.0
ship vs truck,ship,truck,1,8,10,sigmoid,large_mu,37,37,37,66,24,39807.147662578966,22423.739073629175,large_mu,disjoint_bag_coordinate_me_single_point_probe_v1,ok,,0.8925,1.0
ship vs truck,ship,truck,1,8,16,sigmoid,large_mu,37,37,37,66,24,39807.147662578966,22423.739073629175,large_mu,disjoint_bag_coordinate_me_single_point_probe_v1,ok,,0.895,0.1
ship vs truck,ship,truck,1,8,24,sigmoid,large_mu,37,37,37,66,24,39807.147662578966,22423.739073629175,large_mu,disjoint_bag_coordinate_me_single_point_probe_v1,ok,,0.9025,0.1
ship vs truck,ship,truck,1,8,1,sigmoid,small_mu,37,37,36,66,24,39807.147662578966,22423.739073629175,,disjoint_bag_coordinate_me_single_point_probe_v1,ok,,0.5875,0.1
ship vs truck,ship,truck,1,8,2,sigmoid,small_mu,37,37,36,66,24,39807.147662578966,22423.739073629175,large_mu,disjoint_bag_coordinate_me_single_point_probe_v1,ok,,0.675,10.0
ship vs truck,ship,truck,1,8,4,sigmoid,small_mu,37,37,36,66,24,39807.147662578966,22423.739073629175,large_mu,disjoint_bag_coordinate_me_single_point_probe_v1,ok,,0.795,0.1
ship vs truck,ship,truck,1,8,6,sigmoid,small_mu,37,37,36,66,24,39807.147662578966,22423.739073629175,large_mu,disjoint_bag_coordinate_me_single_point_probe_v1,ok,,0.825,1.0
ship vs truck,ship,truck,1,8,8,sigmoid,small_mu,37,37,36,66,24,39807.147662578966,22423.739073629175,large_mu,disjoint_bag_coordinate_me_single_point_probe_v1,ok,,0.8525,0.1
ship vs truck,ship,truck,1,8,10,sigmoid,small_mu,37,37,36,66,24,39807.147662578966,22423.739073629175,large_mu,disjoint_bag_coordinate_me_single_point_probe_v1,ok,,0.8925,0.1
ship vs truck,ship,truck,1,8,16,sigmoid,small_mu,37,37,36,66,24,39807.147662578966,22423.739073629175,large_mu,disjoint_bag_coordinate_me_single_point_probe_v1,ok,,0.89,1.0
ship vs truck,ship,truck,1,8,24,sigmoid,small_mu,37,37,36,66,24,39807.147662578966,22423.739073629175,large_mu,disjoint_bag_coordinate_me_single_point_probe_v1,ok,,0.8975,1.0
ship vs truck,ship,truck,1,16,1,linear,large_mu,18,18,18,35,19,45683682.130869925,13730230.151716612,,disjoint_bag_coordinate_me_single_point_probe_v1,ok,,0.9475,10.0
ship vs truck,ship,truck,1,16,2,linear,large_mu,18,18,18,35,19,45683682.130869925,13730230.151716612,large_mu,disjoint_bag_coordinate_me_single_point_probe_v1,ok,,0.95,1.0
ship vs truck,ship,truck,1,16,4,linear,large_mu,18,18,18,35,19,45683682.130869925,13730230.151716612,large_mu,disjoint_bag_coordinate_me_single_point_probe_v1,ok,,0.9525,1.0
ship vs truck,ship,truck,1,16,6,linear,large_mu,18,18,18,35,19,45683682.130869925,13730230.151716612,large_mu,disjoint_bag_coordinate_me_single_point_probe_v1,ok,,0.955,10.0
ship vs truck,ship,truck,1,16,8,linear,large_mu,18,18,18,35,19,45683682.130869925,13730230.151716612,large_mu,disjoint_bag_coordinate_me_single_point_probe_v1,ok,,0.955,1.0
ship vs truck,ship,truck,1,16,10,linear,large_mu,18,18,18,35,19,45683682.130869925,13730230.151716612,large_mu,disjoint_bag_coordinate_me_single_point_probe_v1,ok,,0.95,0.1
ship vs truck,ship,truck,1,16,16,linear,large_mu,18,18,18,35,19,45683682.130869925,13730230.151716612,large_mu,disjoint_bag_coordinate_me_single_point_probe_v1,ok,,0.96,10.0
ship vs truck,ship,truck,1,16,24,linear,large_mu,18,18,18,35,19,45683682.130869925,13730230.151716612,large_mu,disjoint_bag_coordinate_me_single_point_probe_v1,rank_limited,"requested r=24, stable limit=18, available directions=19",,
ship vs truck,ship,truck,1,16,1,linear,small_mu,18,18,17,35,18,45683682.130869925,13730230.151716612,,disjoint_bag_coordinate_me_single_point_probe_v1,ok,,0.9575,0.1
ship vs truck,ship,truck,1,16,2,linear,small_mu,18,18,17,35,18,45683682.130869925,13730230.151716612,large_mu,disjoint_bag_coordinate_me_single_point_probe_v1,ok,,0.97,10.0
ship vs truck,ship,truck,1,16,4,linear,small_mu,18,18,17,35,18,45683682.130869925,13730230.151716612,large_mu,disjoint_bag_coordinate_me_single_point_probe_v1,ok,,0.97,10.0
ship vs truck,ship,truck,1,16,6,linear,small_mu,18,18,17,35,18,45683682.130869925,13730230.151716612,large_mu,disjoint_bag_coordinate_me_single_point_probe_v1,ok,,0.955,0.1
ship vs truck,ship,truck,1,16,8,linear,small_mu,18,18,17,35,18,45683682.130869925,13730230.151716612,large_mu,disjoint_bag_coordinate_me_single_point_probe_v1,ok,,0.9675,10.0
ship vs truck,ship,truck,1,16,10,linear,small_mu,18,18,17,35,18,45683682.130869925,13730230.151716612,large_mu,disjoint_bag_coordinate_me_single_point_probe_v1,ok,,0.96,10.0
ship vs truck,ship,truck,1,16,16,linear,small_mu,18,18,17,35,18,45683682.130869925,13730230.151716612,large_mu,disjoint_bag_coordinate_me_single_point_probe_v1,ok,,0.965,10.0
ship vs truck,ship,truck,1,16,24,linear,small_mu,18,18,17,35,18,45683682.130869925,13730230.151716612,large_mu,disjoint_bag_coordinate_me_single_point_probe_v1,rank_limited,"requested r=24, stable limit=17, available directions=18",,
ship vs truck,ship,truck,1,16,1,rbf,large_mu,18,18,18,35,24,34855.923417323116,24964.350307865665,,disjoint_bag_coordinate_me_single_point_probe_v1,ok,,0.94,0.1
ship vs truck,ship,truck,1,16,2,rbf,large_mu,18,18,18,35,24,34855.923417323116,24964.350307865665,large_mu,disjoint_bag_coordinate_me_single_point_probe_v1,ok,,0.9375,0.1
ship vs truck,ship,truck,1,16,4,rbf,large_mu,18,18,18,35,24,34855.923417323116,24964.350307865665,large_mu,disjoint_bag_coordinate_me_single_point_probe_v1,ok,,0.935,1.0
ship vs truck,ship,truck,1,16,6,rbf,large_mu,18,18,18,35,24,34855.923417323116,24964.350307865665,large_mu,disjoint_bag_coordinate_me_single_point_probe_v1,ok,,0.9375,1.0
ship vs truck,ship,truck,1,16,8,rbf,large_mu,18,18,18,35,24,34855.923417323116,24964.350307865665,large_mu,disjoint_bag_coordinate_me_single_point_probe_v1,ok,,0.9425,1.0
ship vs truck,ship,truck,1,16,10,rbf,large_mu,18,18,18,35,24,34855.923417323116,24964.350307865665,large_mu,disjoint_bag_coordinate_me_single_point_probe_v1,ok,,0.945,0.1
ship vs truck,ship,truck,1,16,16,rbf,large_mu,18,18,18,35,24,34855.923417323116,24964.350307865665,large_mu,disjoint_bag_coordinate_me_single_point_probe_v1,ok,,0.9575,1.0
ship vs truck,ship,truck,1,16,24,rbf,large_mu,18,18,18,35,24,34855.923417323116,24964.350307865665,large_mu,disjoint_bag_coordinate_me_single_point_probe_v1,rank_limited,"requested r=24, stable limit=18, available directions=24",,
ship vs truck,ship,truck,1,16,1,rbf,small_mu,18,18,17,35,24,34855.923417323116,24964.350307865665,,disjoint_bag_coordinate_me_single_point_probe_v1,ok,,0.945,1.0
ship vs truck,ship,truck,1,16,2,rbf,small_mu,18,18,17,35,24,34855.923417323116,24964.350307865665,large_mu,disjoint_bag_coordinate_me_single_point_probe_v1,ok,,0.95,10.0
ship vs truck,ship,truck,1,16,4,rbf,small_mu,18,18,17,35,24,34855.923417323116,24964.350307865665,large_mu,disjoint_bag_coordinate_me_single_point_probe_v1,ok,,0.95,1.0
ship vs truck,ship,truck,1,16,6,rbf,small_mu,18,18,17,35,24,34855.923417323116,24964.350307865665,large_mu,disjoint_bag_coordinate_me_single_point_probe_v1,ok,,0.95,1.0
ship vs truck,ship,truck,1,16,8,rbf,small_mu,18,18,17,35,24,34855.923417323116,24964.350307865665,large_mu,disjoint_bag_coordinate_me_single_point_probe_v1,ok,,0.9425,1.0
ship vs truck,ship,truck,1,16,10,rbf,small_mu,18,18,17,35,24,34855.923417323116,24964.350307865665,large_mu,disjoint_bag_coordinate_me_single_point_probe_v1,ok,,0.9575,10.0
ship vs truck,ship,truck,1,16,16,rbf,small_mu,18,18,17,35,24,34855.923417323116,24964.350307865665,large_mu,disjoint_bag_coordinate_me_single_point_probe_v1,ok,,0.9475,1.0
ship vs truck,ship,truck,1,16,24,rbf,small_mu,18,18,17,35,24,34855.923417323116,24964.350307865665,large_mu,disjoint_bag_coordinate_me_single_point_probe_v1,rank_limited,"requested r=24, stable limit=17, available directions=24",,
ship vs truck,ship,truck,1,16,1,laplacian,large_mu,18,18,18,35,24,27238.80126071128,18762.816045639996,,disjoint_bag_coordinate_me_single_point_probe_v1,ok,,0.955,1.0
ship vs truck,ship,truck,1,16,2,laplacian,large_mu,18,18,18,35,24,27238.80126071128,18762.816045639996,large_mu,disjoint_bag_coordinate_me_single_point_probe_v1,ok,,0.955,0.1
ship vs truck,ship,truck,1,16,4,laplacian,large_mu,18,18,18,35,24,27238.80126071128,18762.816045639996,large_mu,disjoint_bag_coordinate_me_single_point_probe_v1,ok,,0.955,0.1
ship vs truck,ship,truck,1,16,6,laplacian,large_mu,18,18,18,35,24,27238.80126071128,18762.816045639996,large_mu,disjoint_bag_coordinate_me_single_point_probe_v1,ok,,0.9525,0.1
ship vs truck,ship,truck,1,16,8,laplacian,large_mu,18,18,18,35,24,27238.80126071128,18762.816045639996,large_mu,disjoint_bag_coordinate_me_single_point_probe_v1,ok,,0.965,0.1
ship vs truck,ship,truck,1,16,10,laplacian,large_mu,18,18,18,35,24,27238.80126071128,18762.816045639996,large_mu,disjoint_bag_coordinate_me_single_point_probe_v1,ok,,0.9675,1.0
ship vs truck,ship,truck,1,16,16,laplacian,large_mu,18,18,18,35,24,27238.80126071128,18762.816045639996,large_mu,disjoint_bag_coordinate_me_single_point_probe_v1,ok,,0.9675,0.1
ship vs truck,ship,truck,1,16,24,laplacian,large_mu,18,18,18,35,24,27238.80126071128,18762.816045639996,large_mu,disjoint_bag_coordinate_me_single_point_probe_v1,rank_limited,"requested r=24, stable limit=18, available directions=24",,
ship vs truck,ship,truck,1,16,1,laplacian,small_mu,18,18,17,35,24,27238.80126071128,18762.816045639996,,disjoint_bag_coordinate_me_single_point_probe_v1,ok,,0.96,0.1
ship vs truck,ship,truck,1,16,2,laplacian,small_mu,18,18,17,35,24,27238.80126071128,18762.816045639996,large_mu,disjoint_bag_coordinate_me_single_point_probe_v1,ok,,0.96,1.0
ship vs truck,ship,truck,1,16,4,laplacian,small_mu,18,18,17,35,24,27238.80126071128,18762.816045639996,large_mu,disjoint_bag_coordinate_me_single_point_probe_v1,ok,,0.9475,0.1
ship vs truck,ship,truck,1,16,6,laplacian,small_mu,18,18,17,35,24,27238.80126071128,18762.816045639996,large_mu,disjoint_bag_coordinate_me_single_point_probe_v1,ok,,0.965,1.0
ship vs truck,ship,truck,1,16,8,laplacian,small_mu,18,18,17,35,24,27238.80126071128,18762.816045639996,large_mu,disjoint_bag_coordinate_me_single_point_probe_v1,ok,,0.965,1.0
ship vs truck,ship,truck,1,16,10,laplacian,small_mu,18,18,17,35,24,27238.80126071128,18762.816045639996,large_mu,disjoint_bag_coordinate_me_single_point_probe_v1,ok,,0.9625,1.0
ship vs truck,ship,truck,1,16,16,laplacian,small_mu,18,18,17,35,24,27238.80126071128,18762.816045639996,large_mu,disjoint_bag_coordinate_me_single_point_probe_v1,ok,,0.9475,0.1
ship vs truck,ship,truck,1,16,24,laplacian,small_mu,18,18,17,35,24,27238.80126071128,18762.816045639996,large_mu,disjoint_bag_coordinate_me_single_point_probe_v1,rank_limited,"requested r=24, stable limit=17, available directions=24",,
ship vs truck,ship,truck,1,16,1,polynomial,large_mu,18,18,18,35,24,206768.84651763825,92475.0389070507,,disjoint_bag_coordinate_me_single_point_probe_v1,ok,,0.9525,1.0
ship vs truck,ship,truck,1,16,2,polynomial,large_mu,18,18,18,35,24,206768.84651763825,92475.0389070507,large_mu,disjoint_bag_coordinate_me_single_point_probe_v1,ok,,0.9525,1.0
ship vs truck,ship,truck,1,16,4,polynomial,large_mu,18,18,18,35,24,206768.84651763825,92475.0389070507,large_mu,disjoint_bag_coordinate_me_single_point_probe_v1,ok,,0.9625,10.0
ship vs truck,ship,truck,1,16,6,polynomial,large_mu,18,18,18,35,24,206768.84651763825,92475.0389070507,large_mu,disjoint_bag_coordinate_me_single_point_probe_v1,ok,,0.9625,0.1
ship vs truck,ship,truck,1,16,8,polynomial,large_mu,18,18,18,35,24,206768.84651763825,92475.0389070507,large_mu,disjoint_bag_coordinate_me_single_point_probe_v1,ok,,0.9625,0.1
ship vs truck,ship,truck,1,16,10,polynomial,large_mu,18,18,18,35,24,206768.84651763825,92475.0389070507,large_mu,disjoint_bag_coordinate_me_single_point_probe_v1,ok,,0.9675,0.1
ship vs truck,ship,truck,1,16,16,polynomial,large_mu,18,18,18,35,24,206768.84651763825,92475.0389070507,large_mu,disjoint_bag_coordinate_me_single_point_probe_v1,ok,,0.97,1.0
ship vs truck,ship,truck,1,16,24,polynomial,large_mu,18,18,18,35,24,206768.84651763825,92475.0389070507,large_mu,disjoint_bag_coordinate_me_single_point_probe_v1,rank_limited,"requested r=24, stable limit=18, available directions=24",,
ship vs truck,ship,truck,1,16,1,polynomial,small_mu,18,18,17,35,24,206768.84651763825,92475.0389070507,,disjoint_bag_coordinate_me_single_point_probe_v1,ok,,0.97,1.0
ship vs truck,ship,truck,1,16,2,polynomial,small_mu,18,18,17,35,24,206768.84651763825,92475.0389070507,large_mu,disjoint_bag_coordinate_me_single_point_probe_v1,ok,,0.9575,0.1
ship vs truck,ship,truck,1,16,4,polynomial,small_mu,18,18,17,35,24,206768.84651763825,92475.0389070507,large_mu,disjoint_bag_coordinate_me_single_point_probe_v1,ok,,0.965,1.0
ship vs truck,ship,truck,1,16,6,polynomial,small_mu,18,18,17,35,24,206768.84651763825,92475.0389070507,large_mu,disjoint_bag_coordinate_me_single_point_probe_v1,ok,,0.97,1.0
ship vs truck,ship,truck,1,16,8,polynomial,small_mu,18,18,17,35,24,206768.84651763825,92475.0389070507,large_mu,disjoint_bag_coordinate_me_single_point_probe_v1,ok,,0.97,10.0
ship vs truck,ship,truck,1,16,10,polynomial,small_mu,18,18,17,35,24,206768.84651763825,92475.0389070507,large_mu,disjoint_bag_coordinate_me_single_point_probe_v1,ok,,0.9675,1.0
ship vs truck,ship,truck,1,16,16,polynomial,small_mu,18,18,17,35,24,206768.84651763825,92475.0389070507,large_mu,disjoint_bag_coordinate_me_single_point_probe_v1,ok,,0.9625,0.1
ship vs truck,ship,truck,1,16,24,polynomial,small_mu,18,18,17,35,24,206768.84651763825,92475.0389070507,large_mu,disjoint_bag_coordinate_me_single_point_probe_v1,rank_limited,"requested r=24, stable limit=17, available directions=24",,
ship vs truck,ship,truck,1,16,1,sigmoid,large_mu,18,18,18,35,24,76766.25950792842,16490.135207986154,,disjoint_bag_coordinate_me_single_point_probe_v1,ok,,0.94,10.0
ship vs truck,ship,truck,1,16,2,sigmoid,large_mu,18,18,18,35,24,76766.25950792842,16490.135207986154,large_mu,disjoint_bag_coordinate_me_single_point_probe_v1,ok,,0.95,10.0
ship vs truck,ship,truck,1,16,4,sigmoid,large_mu,18,18,18,35,24,76766.25950792842,16490.135207986154,large_mu,disjoint_bag_coordinate_me_single_point_probe_v1,ok,,0.945,10.0
ship vs truck,ship,truck,1,16,6,sigmoid,large_mu,18,18,18,35,24,76766.25950792842,16490.135207986154,large_mu,disjoint_bag_coordinate_me_single_point_probe_v1,ok,,0.945,10.0
ship vs truck,ship,truck,1,16,8,sigmoid,large_mu,18,18,18,35,24,76766.25950792842,16490.135207986154,large_mu,disjoint_bag_coordinate_me_single_point_probe_v1,ok,,0.945,0.1
ship vs truck,ship,truck,1,16,10,sigmoid,large_mu,18,18,18,35,24,76766.25950792842,16490.135207986154,large_mu,disjoint_bag_coordinate_me_single_point_probe_v1,ok,,0.9425,0.1
ship vs truck,ship,truck,1,16,16,sigmoid,large_mu,18,18,18,35,24,76766.25950792842,16490.135207986154,large_mu,disjoint_bag_coordinate_me_single_point_probe_v1,ok,,0.9475,0.1
ship vs truck,ship,truck,1,16,24,sigmoid,large_mu,18,18,18,35,24,76766.25950792842,16490.135207986154,large_mu,disjoint_bag_coordinate_me_single_point_probe_v1,rank_limited,"requested r=24, stable limit=18, available directions=24",,
ship vs truck,ship,truck,1,16,1,sigmoid,small_mu,18,18,17,35,24,76766.25950792842,16490.135207986154,,disjoint_bag_coordinate_me_single_point_probe_v1,ok,,0.865,0.1
ship vs truck,ship,truck,1,16,2,sigmoid,small_mu,18,18,17,35,24,76766.25950792842,16490.135207986154,large_mu,disjoint_bag_coordinate_me_single_point_probe_v1,ok,,0.885,1.0
ship vs truck,ship,truck,1,16,4,sigmoid,small_mu,18,18,17,35,24,76766.25950792842,16490.135207986154,large_mu,disjoint_bag_coordinate_me_single_point_probe_v1,ok,,0.9025,1.0
ship vs truck,ship,truck,1,16,6,sigmoid,small_mu,18,18,17,35,24,76766.25950792842,16490.135207986154,large_mu,disjoint_bag_coordinate_me_single_point_probe_v1,ok,,0.925,1.0
ship vs truck,ship,truck,1,16,8,sigmoid,small_mu,18,18,17,35,24,76766.25950792842,16490.135207986154,large_mu,disjoint_bag_coordinate_me_single_point_probe_v1,ok,,0.9225,0.1
ship vs truck,ship,truck,1,16,10,sigmoid,small_mu,18,18,17,35,24,76766.25950792842,16490.135207986154,large_mu,disjoint_bag_coordinate_me_single_point_probe_v1,ok,,0.9475,0.1
ship vs truck,ship,truck,1,16,16,sigmoid,small_mu,18,18,17,35,24,76766.25950792842,16490.135207986154,large_mu,disjoint_bag_coordinate_me_single_point_probe_v1,ok,,0.94,1.0
ship vs truck,ship,truck,1,16,24,sigmoid,small_mu,18,18,17,35,24,76766.25950792842,16490.135207986154,large_mu,disjoint_bag_coordinate_me_single_point_probe_v1,rank_limited,"requested r=24, stable limit=17, available directions=24",,
ship vs truck,ship,truck,2,4,1,linear,large_mu,75,75,75,149,24,26447910.726703364,40061599.03570293,,disjoint_bag_coordinate_me_single_point_probe_v1,ok,,0.945,10.0
ship vs truck,ship,truck,2,4,2,linear,large_mu,75,75,75,149,24,26447910.726703364,40061599.03570293,small_mu,disjoint_bag_coordinate_me_single_point_probe_v1,ok,,0.9575,0.1
ship vs truck,ship,truck,2,4,4,linear,large_mu,75,75,75,149,24,26447910.726703364,40061599.03570293,large_mu,disjoint_bag_coordinate_me_single_point_probe_v1,ok,,0.95,1.0
ship vs truck,ship,truck,2,4,6,linear,large_mu,75,75,75,149,24,26447910.726703364,40061599.03570293,large_mu,disjoint_bag_coordinate_me_single_point_probe_v1,ok,,0.9525,1.0
ship vs truck,ship,truck,2,4,8,linear,large_mu,75,75,75,149,24,26447910.726703364,40061599.03570293,large_mu,disjoint_bag_coordinate_me_single_point_probe_v1,ok,,0.9525,1.0
ship vs truck,ship,truck,2,4,10,linear,large_mu,75,75,75,149,24,26447910.726703364,40061599.03570293,large_mu,disjoint_bag_coordinate_me_single_point_probe_v1,ok,,0.955,1.0
ship vs truck,ship,truck,2,4,16,linear,large_mu,75,75,75,149,24,26447910.726703364,40061599.03570293,large_mu,disjoint_bag_coordinate_me_single_point_probe_v1,ok,,0.97,1.0
ship vs truck,ship,truck,2,4,24,linear,large_mu,75,75,75,149,24,26447910.726703364,40061599.03570293,large_mu,disjoint_bag_coordinate_me_single_point_probe_v1,ok,,0.97,10.0
ship vs truck,ship,truck,2,4,1,linear,small_mu,75,75,74,149,24,26447910.726703364,40061599.03570293,,disjoint_bag_coordinate_me_single_point_probe_v1,ok,,0.9275,0.1
ship vs truck,ship,truck,2,4,2,linear,small_mu,75,75,74,149,24,26447910.726703364,40061599.03570293,small_mu,disjoint_bag_coordinate_me_single_point_probe_v1,ok,,0.9225,1.0
ship vs truck,ship,truck,2,4,4,linear,small_mu,75,75,74,149,24,26447910.726703364,40061599.03570293,large_mu,disjoint_bag_coordinate_me_single_point_probe_v1,ok,,0.92,1.0
ship vs truck,ship,truck,2,4,6,linear,small_mu,75,75,74,149,24,26447910.726703364,40061599.03570293,large_mu,disjoint_bag_coordinate_me_single_point_probe_v1,ok,,0.92,1.0
ship vs truck,ship,truck,2,4,8,linear,small_mu,75,75,74,149,24,26447910.726703364,40061599.03570293,large_mu,disjoint_bag_coordinate_me_single_point_probe_v1,ok,,0.915,10.0
ship vs truck,ship,truck,2,4,10,linear,small_mu,75,75,74,149,24,26447910.726703364,40061599.03570293,large_mu,disjoint_bag_coordinate_me_single_point_probe_v1,ok,,0.93,10.0
ship vs truck,ship,truck,2,4,16,linear,small_mu,75,75,74,149,24,26447910.726703364,40061599.03570293,large_mu,disjoint_bag_coordinate_me_single_point_probe_v1,ok,,0.945,10.0
ship vs truck,ship,truck,2,4,24,linear,small_mu,75,75,74,149,24,26447910.726703364,40061599.03570293,large_mu,disjoint_bag_coordinate_me_single_point_probe_v1,ok,,0.945,1.0
ship vs truck,ship,truck,2,4,1,rbf,large_mu,75,75,75,149,24,26406.07025672534,99792.35679363458,,disjoint_bag_coordinate_me_single_point_probe_v1,ok,,0.965,0.1
ship vs truck,ship,truck,2,4,2,rbf,large_mu,75,75,75,149,24,26406.07025672534,99792.35679363458,small_mu,disjoint_bag_coordinate_me_single_point_probe_v1,ok,,0.965,1.0
ship vs truck,ship,truck,2,4,4,rbf,large_mu,75,75,75,149,24,26406.07025672534,99792.35679363458,small_mu,disjoint_bag_coordinate_me_single_point_probe_v1,ok,,0.965,1.0
ship vs truck,ship,truck,2,4,6,rbf,large_mu,75,75,75,149,24,26406.07025672534,99792.35679363458,large_mu,disjoint_bag_coordinate_me_single_point_probe_v1,ok,,0.9675,1.0
ship vs truck,ship,truck,2,4,8,rbf,large_mu,75,75,75,149,24,26406.07025672534,99792.35679363458,large_mu,disjoint_bag_coordinate_me_single_point_probe_v1,ok,,0.9675,0.1
ship vs truck,ship,truck,2,4,10,rbf,large_mu,75,75,75,149,24,26406.07025672534,99792.35679363458,large_mu,disjoint_bag_coordinate_me_single_point_probe_v1,ok,,0.97,0.1
ship vs truck,ship,truck,2,4,16,rbf,large_mu,75,75,75,149,24,26406.07025672534,99792.35679363458,large_mu,disjoint_bag_coordinate_me_single_point_probe_v1,ok,,0.9675,0.1
ship vs truck,ship,truck,2,4,24,rbf,large_mu,75,75,75,149,24,26406.07025672534,99792.35679363458,large_mu,disjoint_bag_coordinate_me_single_point_probe_v1,ok,,0.965,0.1
ship vs truck,ship,truck,2,4,1,rbf,small_mu,75,75,74,149,24,26406.07025672534,99792.35679363458,,disjoint_bag_coordinate_me_single_point_probe_v1,ok,,0.9675,0.1
ship vs truck,ship,truck,2,4,2,rbf,small_mu,75,75,74,149,24,26406.07025672534,99792.35679363458,small_mu,disjoint_bag_coordinate_me_single_point_probe_v1,ok,,0.9675,0.1
ship vs truck,ship,truck,2,4,4,rbf,small_mu,75,75,74,149,24,26406.07025672534,99792.35679363458,small_mu,disjoint_bag_coordinate_me_single_point_probe_v1,ok,,0.9675,1.0
ship vs truck,ship,truck,2,4,6,rbf,small_mu,75,75,74,149,24,26406.07025672534,99792.35679363458,large_mu,disjoint_bag_coordinate_me_single_point_probe_v1,ok,,0.9675,10.0
ship vs truck,ship,truck,2,4,8,rbf,small_mu,75,75,74,149,24,26406.07025672534,99792.35679363458,large_mu,disjoint_bag_coordinate_me_single_point_probe_v1,ok,,0.97,1.0
ship vs truck,ship,truck,2,4,10,rbf,small_mu,75,75,74,149,24,26406.07025672534,99792.35679363458,large_mu,disjoint_bag_coordinate_me_single_point_probe_v1,ok,,0.9675,1.0
ship vs truck,ship,truck,2,4,16,rbf,small_mu,75,75,74,149,24,26406.07025672534,99792.35679363458,large_mu,disjoint_bag_coordinate_me_single_point_probe_v1,ok,,0.9675,1.0
ship vs truck,ship,truck,2,4,24,rbf,small_mu,75,75,74,149,24,26406.07025672534,99792.35679363458,large_mu,disjoint_bag_coordinate_me_single_point_probe_v1,ok,,0.965,1.0
ship vs truck,ship,truck,2,4,1,laplacian,large_mu,75,75,75,149,24,21563.773854118506,75757.652147266,,disjoint_bag_coordinate_me_single_point_probe_v1,ok,,0.9675,10.0
ship vs truck,ship,truck,2,4,2,laplacian,large_mu,75,75,75,149,24,21563.773854118506,75757.652147266,small_mu,disjoint_bag_coordinate_me_single_point_probe_v1,ok,,0.97,0.1
ship vs truck,ship,truck,2,4,4,laplacian,large_mu,75,75,75,149,24,21563.773854118506,75757.652147266,small_mu,disjoint_bag_coordinate_me_single_point_probe_v1,ok,,0.97,1.0
ship vs truck,ship,truck,2,4,6,laplacian,large_mu,75,75,75,149,24,21563.773854118506,75757.652147266,large_mu,disjoint_bag_coordinate_me_single_point_probe_v1,ok,,0.9725,10.0
ship vs truck,ship,truck,2,4,8,laplacian,large_mu,75,75,75,149,24,21563.773854118506,75757.652147266,large_mu,disjoint_bag_coordinate_me_single_point_probe_v1,ok,,0.975,1.0
ship vs truck,ship,truck,2,4,10,laplacian,large_mu,75,75,75,149,24,21563.773854118506,75757.652147266,large_mu,disjoint_bag_coordinate_me_single_point_probe_v1,ok,,0.97,1.0
ship vs truck,ship,truck,2,4,16,laplacian,large_mu,75,75,75,149,24,21563.773854118506,75757.652147266,large_mu,disjoint_bag_coordinate_me_single_point_probe_v1,ok,,0.9725,0.1
ship vs truck,ship,truck,2,4,24,laplacian,large_mu,75,75,75,149,24,21563.773854118506,75757.652147266,large_mu,disjoint_bag_coordinate_me_single_point_probe_v1,ok,,0.9675,0.1
ship vs truck,ship,truck,2,4,1,laplacian,small_mu,75,75,74,149,24,21563.773854118506,75757.652147266,,disjoint_bag_coordinate_me_single_point_probe_v1,ok,,0.97,0.1
ship vs truck,ship,truck,2,4,2,laplacian,small_mu,75,75,74,149,24,21563.773854118506,75757.652147266,small_mu,disjoint_bag_coordinate_me_single_point_probe_v1,ok,,0.9725,1.0
ship vs truck,ship,truck,2,4,4,laplacian,small_mu,75,75,74,149,24,21563.773854118506,75757.652147266,small_mu,disjoint_bag_coordinate_me_single_point_probe_v1,ok,,0.9725,10.0
ship vs truck,ship,truck,2,4,6,laplacian,small_mu,75,75,74,149,24,21563.773854118506,75757.652147266,large_mu,disjoint_bag_coordinate_me_single_point_probe_v1,ok,,0.975,10.0
ship vs truck,ship,truck,2,4,8,laplacian,small_mu,75,75,74,149,24,21563.773854118506,75757.652147266,large_mu,disjoint_bag_coordinate_me_single_point_probe_v1,ok,,0.9725,1.0
ship vs truck,ship,truck,2,4,10,laplacian,small_mu,75,75,74,149,24,21563.773854118506,75757.652147266,large_mu,disjoint_bag_coordinate_me_single_point_probe_v1,ok,,0.9725,1.0
ship vs truck,ship,truck,2,4,16,laplacian,small_mu,75,75,74,149,24,21563.773854118506,75757.652147266,large_mu,disjoint_bag_coordinate_me_single_point_probe_v1,ok,,0.9725,1.0
ship vs truck,ship,truck,2,4,24,laplacian,small_mu,75,75,74,149,24,21563.773854118506,75757.652147266,large_mu,disjoint_bag_coordinate_me_single_point_probe_v1,ok,,0.9675,10.0
ship vs truck,ship,truck,2,4,1,polynomial,large_mu,75,75,75,149,24,143274.9899039165,349927.889028095,,disjoint_bag_coordinate_me_single_point_probe_v1,ok,,0.965,1.0
ship vs truck,ship,truck,2,4,2,polynomial,large_mu,75,75,75,149,24,143274.9899039165,349927.889028095,small_mu,disjoint_bag_coordinate_me_single_point_probe_v1,ok,,0.9675,1.0
ship vs truck,ship,truck,2,4,4,polynomial,large_mu,75,75,75,149,24,143274.9899039165,349927.889028095,large_mu,disjoint_bag_coordinate_me_single_point_probe_v1,ok,,0.965,10.0
ship vs truck,ship,truck,2,4,6,polynomial,large_mu,75,75,75,149,24,143274.9899039165,349927.889028095,large_mu,disjoint_bag_coordinate_me_single_point_probe_v1,ok,,0.9675,1.0
ship vs truck,ship,truck,2,4,8,polynomial,large_mu,75,75,75,149,24,143274.9899039165,349927.889028095,large_mu,disjoint_bag_coordinate_me_single_point_probe_v1,ok,,0.9625,0.1
ship vs truck,ship,truck,2,4,10,polynomial,large_mu,75,75,75,149,24,143274.9899039165,349927.889028095,large_mu,disjoint_bag_coordinate_me_single_point_probe_v1,ok,,0.9625,0.1
ship vs truck,ship,truck,2,4,16,polynomial,large_mu,75,75,75,149,24,143274.9899039165,349927.889028095,large_mu,disjoint_bag_coordinate_me_single_point_probe_v1,ok,,0.9525,10.0
ship vs truck,ship,truck,2,4,24,polynomial,large_mu,75,75,75,149,24,143274.9899039165,349927.889028095,large_mu,disjoint_bag_coordinate_me_single_point_probe_v1,ok,,0.965,0.1
ship vs truck,ship,truck,2,4,1,polynomial,small_mu,75,75,74,149,24,143274.9899039165,349927.889028095,,disjoint_bag_coordinate_me_single_point_probe_v1,ok,,0.9675,0.1
ship vs truck,ship,truck,2,4,2,polynomial,small_mu,75,75,74,149,24,143274.9899039165,349927.889028095,small_mu,disjoint_bag_coordinate_me_single_point_probe_v1,ok,,0.965,1.0
ship vs truck,ship,truck,2,4,4,polynomial,small_mu,75,75,74,149,24,143274.9899039165,349927.889028095,large_mu,disjoint_bag_coordinate_me_single_point_probe_v1,ok,,0.9675,10.0
ship vs truck,ship,truck,2,4,6,polynomial,small_mu,75,75,74,149,24,143274.9899039165,349927.889028095,large_mu,disjoint_bag_coordinate_me_single_point_probe_v1,ok,,0.97,10.0
ship vs truck,ship,truck,2,4,8,polynomial,small_mu,75,75,74,149,24,143274.9899039165,349927.889028095,large_mu,disjoint_bag_coordinate_me_single_point_probe_v1,ok,,0.9675,10.0
ship vs truck,ship,truck,2,4,10,polynomial,small_mu,75,75,74,149,24,143274.9899039165,349927.889028095,large_mu,disjoint_bag_coordinate_me_single_point_probe_v1,ok,,0.965,10.0
ship vs truck,ship,truck,2,4,16,polynomial,small_mu,75,75,74,149,24,143274.9899039165,349927.889028095,large_mu,disjoint_bag_coordinate_me_single_point_probe_v1,ok,,0.9675,1.0
ship vs truck,ship,truck,2,4,24,polynomial,small_mu,75,75,74,149,24,143274.9899039165,349927.889028095,large_mu,disjoint_bag_coordinate_me_single_point_probe_v1,ok,,0.965,1.0
ship vs truck,ship,truck,2,4,1,sigmoid,large_mu,75,75,75,110,24,30024.76552816013,27312.97099546501,,disjoint_bag_coordinate_me_single_point_probe_v1,ok,,0.8975,0.1
ship vs truck,ship,truck,2,4,2,sigmoid,large_mu,75,75,75,110,24,30024.76552816013,27312.97099546501,large_mu,disjoint_bag_coordinate_me_single_point_probe_v1,ok,,0.8925,1.0
ship vs truck,ship,truck,2,4,4,sigmoid,large_mu,75,75,75,110,24,30024.76552816013,27312.97099546501,large_mu,disjoint_bag_coordinate_me_single_point_probe_v1,ok,,0.8825,10.0
ship vs truck,ship,truck,2,4,6,sigmoid,large_mu,75,75,75,110,24,30024.76552816013,27312.97099546501,large_mu,disjoint_bag_coordinate_me_single_point_probe_v1,ok,,0.8825,10.0
ship vs truck,ship,truck,2,4,8,sigmoid,large_mu,75,75,75,110,24,30024.76552816013,27312.97099546501,large_mu,disjoint_bag_coordinate_me_single_point_probe_v1,ok,,0.8925,0.1
ship vs truck,ship,truck,2,4,10,sigmoid,large_mu,75,75,75,110,24,30024.76552816013,27312.97099546501,large_mu,disjoint_bag_coordinate_me_single_point_probe_v1,ok,,0.895,0.1
ship vs truck,ship,truck,2,4,16,sigmoid,large_mu,75,75,75,110,24,30024.76552816013,27312.97099546501,large_mu,disjoint_bag_coordinate_me_single_point_probe_v1,ok,,0.895,0.1
ship vs truck,ship,truck,2,4,24,sigmoid,large_mu,75,75,75,110,24,30024.76552816013,27312.97099546501,large_mu,disjoint_bag_coordinate_me_single_point_probe_v1,ok,,0.8925,10.0
ship vs truck,ship,truck,2,4,1,sigmoid,small_mu,75,75,74,110,24,30024.76552816013,27312.97099546501,,disjoint_bag_coordinate_me_single_point_probe_v1,ok,,0.7725,0.1
ship vs truck,ship,truck,2,4,2,sigmoid,small_mu,75,75,74,110,24,30024.76552816013,27312.97099546501,large_mu,disjoint_bag_coordinate_me_single_point_probe_v1,ok,,0.835,1.0
ship vs truck,ship,truck,2,4,4,sigmoid,small_mu,75,75,74,110,24,30024.76552816013,27312.97099546501,large_mu,disjoint_bag_coordinate_me_single_point_probe_v1,ok,,0.835,10.0
ship vs truck,ship,truck,2,4,6,sigmoid,small_mu,75,75,74,110,24,30024.76552816013,27312.97099546501,large_mu,disjoint_bag_coordinate_me_single_point_probe_v1,ok,,0.845,0.1
ship vs truck,ship,truck,2,4,8,sigmoid,small_mu,75,75,74,110,24,30024.76552816013,27312.97099546501,large_mu,disjoint_bag_coordinate_me_single_point_probe_v1,ok,,0.86,0.1
ship vs truck,ship,truck,2,4,10,sigmoid,small_mu,75,75,74,110,24,30024.76552816013,27312.97099546501,large_mu,disjoint_bag_coordinate_me_single_point_probe_v1,ok,,0.8625,0.1
ship vs truck,ship,truck,2,4,16,sigmoid,small_mu,75,75,74,110,24,30024.76552816013,27312.97099546501,large_mu,disjoint_bag_coordinate_me_single_point_probe_v1,ok,,0.8675,0.1
ship vs truck,ship,truck,2,4,24,sigmoid,small_mu,75,75,74,110,24,30024.76552816013,27312.97099546501,large_mu,disjoint_bag_coordinate_me_single_point_probe_v1,ok,,0.8825,0.1
ship vs truck,ship,truck,2,8,1,linear,large_mu,37,37,37,73,24,33003899.347541247,24246308.733767305,,disjoint_bag_coordinate_me_single_point_probe_v1,ok,,0.9575,1.0
ship vs truck,ship,truck,2,8,2,linear,large_mu,37,37,37,73,24,33003899.347541247,24246308.733767305,large_mu,disjoint_bag_coordinate_me_single_point_probe_v1,ok,,0.9575,0.1
ship vs truck,ship,truck,2,8,4,linear,large_mu,37,37,37,73,24,33003899.347541247,24246308.733767305,large_mu,disjoint_bag_coordinate_me_single_point_probe_v1,ok,,0.965,0.1
ship vs truck,ship,truck,2,8,6,linear,large_mu,37,37,37,73,24,33003899.347541247,24246308.733767305,large_mu,disjoint_bag_coordinate_me_single_point_probe_v1,ok,,0.96,1.0
ship vs truck,ship,truck,2,8,8,linear,large_mu,37,37,37,73,24,33003899.347541247,24246308.733767305,large_mu,disjoint_bag_coordinate_me_single_point_probe_v1,ok,,0.9625,0.1
ship vs truck,ship,truck,2,8,10,linear,large_mu,37,37,37,73,24,33003899.347541247,24246308.733767305,large_mu,disjoint_bag_coordinate_me_single_point_probe_v1,ok,,0.965,0.1
ship vs truck,ship,truck,2,8,16,linear,large_mu,37,37,37,73,24,33003899.347541247,24246308.733767305,large_mu,disjoint_bag_coordinate_me_single_point_probe_v1,ok,,0.96,1.0
ship vs truck,ship,truck,2,8,24,linear,large_mu,37,37,37,73,24,33003899.347541247,24246308.733767305,large_mu,disjoint_bag_coordinate_me_single_point_probe_v1,ok,,0.965,10.0
ship vs truck,ship,truck,2,8,1,linear,small_mu,37,37,36,73,24,33003899.347541247,24246308.733767305,,disjoint_bag_coordinate_me_single_point_probe_v1,ok,,0.9575,0.1
ship vs truck,ship,truck,2,8,2,linear,small_mu,37,37,36,73,24,33003899.347541247,24246308.733767305,large_mu,disjoint_bag_coordinate_me_single_point_probe_v1,ok,,0.955,0.1
ship vs truck,ship,truck,2,8,4,linear,small_mu,37,37,36,73,24,33003899.347541247,24246308.733767305,large_mu,disjoint_bag_coordinate_me_single_point_probe_v1,ok,,0.9575,0.1
ship vs truck,ship,truck,2,8,6,linear,small_mu,37,37,36,73,24,33003899.347541247,24246308.733767305,large_mu,disjoint_bag_coordinate_me_single_point_probe_v1,ok,,0.9575,0.1
ship vs truck,ship,truck,2,8,8,linear,small_mu,37,37,36,73,24,33003899.347541247,24246308.733767305,large_mu,disjoint_bag_coordinate_me_single_point_probe_v1,ok,,0.96,0.1
ship vs truck,ship,truck,2,8,10,linear,small_mu,37,37,36,73,24,33003899.347541247,24246308.733767305,large_mu,disjoint_bag_coordinate_me_single_point_probe_v1,ok,,0.96,1.0
ship vs truck,ship,truck,2,8,16,linear,small_mu,37,37,36,73,24,33003899.347541247,24246308.733767305,large_mu,disjoint_bag_coordinate_me_single_point_probe_v1,ok,,0.9525,10.0
ship vs truck,ship,truck,2,8,24,linear,small_mu,37,37,36,73,24,33003899.347541247,24246308.733767305,large_mu,disjoint_bag_coordinate_me_single_point_probe_v1,ok,,0.9575,0.1
ship vs truck,ship,truck,2,8,1,rbf,large_mu,37,37,37,73,24,29292.653127627298,49387.985767680504,,disjoint_bag_coordinate_me_single_point_probe_v1,ok,,0.965,10.0
ship vs truck,ship,truck,2,8,2,rbf,large_mu,37,37,37,73,24,29292.653127627298,49387.985767680504,small_mu,disjoint_bag_coordinate_me_single_point_probe_v1,ok,,0.965,0.1
ship vs truck,ship,truck,2,8,4,rbf,large_mu,37,37,37,73,24,29292.653127627298,49387.985767680504,large_mu,disjoint_bag_coordinate_me_single_point_probe_v1,ok,,0.9625,0.1
ship vs truck,ship,truck,2,8,6,rbf,large_mu,37,37,37,73,24,29292.653127627298,49387.985767680504,large_mu,disjoint_bag_coordinate_me_single_point_probe_v1,ok,,0.965,1.0
ship vs truck,ship,truck,2,8,8,rbf,large_mu,37,37,37,73,24,29292.653127627298,49387.985767680504,large_mu,disjoint_bag_coordinate_me_single_point_probe_v1,ok,,0.965,0.1
ship vs truck,ship,truck,2,8,10,rbf,large_mu,37,37,37,73,24,29292.653127627298,49387.985767680504,large_mu,disjoint_bag_coordinate_me_single_point_probe_v1,ok,,0.9675,0.1
ship vs truck,ship,truck,2,8,16,rbf,large_mu,37,37,37,73,24,29292.653127627298,49387.985767680504,large_mu,disjoint_bag_coordinate_me_single_point_probe_v1,ok,,0.965,0.1
ship vs truck,ship,truck,2,8,24,rbf,large_mu,37,37,37,73,24,29292.653127627298,49387.985767680504,large_mu,disjoint_bag_coordinate_me_single_point_probe_v1,ok,,0.965,0.1
ship vs truck,ship,truck,2,8,1,rbf,small_mu,37,37,36,73,24,29292.653127627298,49387.985767680504,,disjoint_bag_coordinate_me_single_point_probe_v1,ok,,0.9625,0.1
ship vs truck,ship,truck,2,8,2,rbf,small_mu,37,37,36,73,24,29292.653127627298,49387.985767680504,small_mu,disjoint_bag_coordinate_me_single_point_probe_v1,ok,,0.965,1.0
ship vs truck,ship,truck,2,8,4,rbf,small_mu,37,37,36,73,24,29292.653127627298,49387.985767680504,large_mu,disjoint_bag_coordinate_me_single_point_probe_v1,ok,,0.965,10.0
ship vs truck,ship,truck,2,8,6,rbf,small_mu,37,37,36,73,24,29292.653127627298,49387.985767680504,large_mu,disjoint_bag_coordinate_me_single_point_probe_v1,ok,,0.965,1.0
ship vs truck,ship,truck,2,8,8,rbf,small_mu,37,37,36,73,24,29292.653127627298,49387.985767680504,large_mu,disjoint_bag_coordinate_me_single_point_probe_v1,ok,,0.965,1.0
ship vs truck,ship,truck,2,8,10,rbf,small_mu,37,37,36,73,24,29292.653127627298,49387.985767680504,large_mu,disjoint_bag_coordinate_me_single_point_probe_v1,ok,,0.9675,1.0
ship vs truck,ship,truck,2,8,16,rbf,small_mu,37,37,36,73,24,29292.653127627298,49387.985767680504,large_mu,disjoint_bag_coordinate_me_single_point_probe_v1,ok,,0.965,1.0
ship vs truck,ship,truck,2,8,24,rbf,small_mu,37,37,36,73,24,29292.653127627298,49387.985767680504,large_mu,disjoint_bag_coordinate_me_single_point_probe_v1,ok,,0.9675,1.0
ship vs truck,ship,truck,2,8,1,laplacian,large_mu,37,37,37,73,24,23730.254236302,37725.231997820854,,disjoint_bag_coordinate_me_single_point_probe_v1,ok,,0.9675,0.1
ship vs truck,ship,truck,2,8,2,laplacian,large_mu,37,37,37,73,24,23730.254236302,37725.231997820854,small_mu,disjoint_bag_coordinate_me_single_point_probe_v1,ok,,0.965,0.1
ship vs truck,ship,truck,2,8,4,laplacian,large_mu,37,37,37,73,24,23730.254236302,37725.231997820854,large_mu,disjoint_bag_coordinate_me_single_point_probe_v1,ok,,0.9675,0.1
ship vs truck,ship,truck,2,8,6,laplacian,large_mu,37,37,37,73,24,23730.254236302,37725.231997820854,large_mu,disjoint_bag_coordinate_me_single_point_probe_v1,ok,,0.9725,10.0
ship vs truck,ship,truck,2,8,8,laplacian,large_mu,37,37,37,73,24,23730.254236302,37725.231997820854,large_mu,disjoint_bag_coordinate_me_single_point_probe_v1,ok,,0.9725,0.1
ship vs truck,ship,truck,2,8,10,laplacian,large_mu,37,37,37,73,24,23730.254236302,37725.231997820854,large_mu,disjoint_bag_coordinate_me_single_point_probe_v1,ok,,0.97,0.1
ship vs truck,ship,truck,2,8,16,laplacian,large_mu,37,37,37,73,24,23730.254236302,37725.231997820854,large_mu,disjoint_bag_coordinate_me_single_point_probe_v1,ok,,0.9725,1.0
ship vs truck,ship,truck,2,8,24,laplacian,large_mu,37,37,37,73,24,23730.254236302,37725.231997820854,large_mu,disjoint_bag_coordinate_me_single_point_probe_v1,ok,,0.97,0.1
ship vs truck,ship,truck,2,8,1,laplacian,small_mu,37,37,36,73,24,23730.254236302,37725.231997820854,,disjoint_bag_coordinate_me_single_point_probe_v1,ok,,0.97,0.1
ship vs truck,ship,truck,2,8,2,laplacian,small_mu,37,37,36,73,24,23730.254236302,37725.231997820854,small_mu,disjoint_bag_coordinate_me_single_point_probe_v1,ok,,0.9675,10.0
ship vs truck,ship,truck,2,8,4,laplacian,small_mu,37,37,36,73,24,23730.254236302,37725.231997820854,large_mu,disjoint_bag_coordinate_me_single_point_probe_v1,ok,,0.9725,10.0
ship vs truck,ship,truck,2,8,6,laplacian,small_mu,37,37,36,73,24,23730.254236302,37725.231997820854,large_mu,disjoint_bag_coordinate_me_single_point_probe_v1,ok,,0.97,1.0
ship vs truck,ship,truck,2,8,8,laplacian,small_mu,37,37,36,73,24,23730.254236302,37725.231997820854,large_mu,disjoint_bag_coordinate_me_single_point_probe_v1,ok,,0.975,1.0
ship vs truck,ship,truck,2,8,10,laplacian,small_mu,37,37,36,73,24,23730.254236302,37725.231997820854,large_mu,disjoint_bag_coordinate_me_single_point_probe_v1,ok,,0.97,1.0
ship vs truck,ship,truck,2,8,16,laplacian,small_mu,37,37,36,73,24,23730.254236302,37725.231997820854,large_mu,disjoint_bag_coordinate_me_single_point_probe_v1,ok,,0.97,1.0
ship vs truck,ship,truck,2,8,24,laplacian,small_mu,37,37,36,73,24,23730.254236302,37725.231997820854,large_mu,disjoint_bag_coordinate_me_single_point_probe_v1,ok,,0.97,10.0
ship vs truck,ship,truck,2,8,1,polynomial,large_mu,37,37,37,73,24,166801.83816243135,181436.0961259329,,disjoint_bag_coordinate_me_single_point_probe_v1,ok,,0.97,10.0
ship vs truck,ship,truck,2,8,2,polynomial,large_mu,37,37,37,73,24,166801.83816243135,181436.0961259329,small_mu,disjoint_bag_coordinate_me_single_point_probe_v1,ok,,0.97,1.0
ship vs truck,ship,truck,2,8,4,polynomial,large_mu,37,37,37,73,24,166801.83816243135,181436.0961259329,large_mu,disjoint_bag_coordinate_me_single_point_probe_v1,ok,,0.97,0.1
ship vs truck,ship,truck,2,8,6,polynomial,large_mu,37,37,37,73,24,166801.83816243135,181436.0961259329,large_mu,disjoint_bag_coordinate_me_single_point_probe_v1,ok,,0.9675,10.0
ship vs truck,ship,truck,2,8,8,polynomial,large_mu,37,37,37,73,24,166801.83816243135,181436.0961259329,large_mu,disjoint_bag_coordinate_me_single_point_probe_v1,ok,,0.9675,1.0
ship vs truck,ship,truck,2,8,10,polynomial,large_mu,37,37,37,73,24,166801.83816243135,181436.0961259329,large_mu,disjoint_bag_coordinate_me_single_point_probe_v1,ok,,0.97,0.1
ship vs truck,ship,truck,2,8,16,polynomial,large_mu,37,37,37,73,24,166801.83816243135,181436.0961259329,large_mu,disjoint_bag_coordinate_me_single_point_probe_v1,ok,,0.9675,1.0
ship vs truck,ship,truck,2,8,24,polynomial,large_mu,37,37,37,73,24,166801.83816243135,181436.0961259329,large_mu,disjoint_bag_coordinate_me_single_point_probe_v1,ok,,0.975,0.1
ship vs truck,ship,truck,2,8,1,polynomial,small_mu,37,37,36,73,24,166801.83816243135,181436.0961259329,,disjoint_bag_coordinate_me_single_point_probe_v1,ok,,0.9725,0.1
ship vs truck,ship,truck,2,8,2,polynomial,small_mu,37,37,36,73,24,166801.83816243135,181436.0961259329,small_mu,disjoint_bag_coordinate_me_single_point_probe_v1,ok,,0.9675,1.0
ship vs truck,ship,truck,2,8,4,polynomial,small_mu,37,37,36,73,24,166801.83816243135,181436.0961259329,large_mu,disjoint_bag_coordinate_me_single_point_probe_v1,ok,,0.9675,1.0
ship vs truck,ship,truck,2,8,6,polynomial,small_mu,37,37,36,73,24,166801.83816243135,181436.0961259329,large_mu,disjoint_bag_coordinate_me_single_point_probe_v1,ok,,0.97,1.0
ship vs truck,ship,truck,2,8,8,polynomial,small_mu,37,37,36,73,24,166801.83816243135,181436.0961259329,large_mu,disjoint_bag_coordinate_me_single_point_probe_v1,ok,,0.97,1.0
ship vs truck,ship,truck,2,8,10,polynomial,small_mu,37,37,36,73,24,166801.83816243135,181436.0961259329,large_mu,disjoint_bag_coordinate_me_single_point_probe_v1,ok,,0.965,10.0
ship vs truck,ship,truck,2,8,16,polynomial,small_mu,37,37,36,73,24,166801.83816243135,181436.0961259329,large_mu,disjoint_bag_coordinate_me_single_point_probe_v1,ok,,0.97,1.0
ship vs truck,ship,truck,2,8,24,polynomial,small_mu,37,37,36,73,24,166801.83816243135,181436.0961259329,large_mu,disjoint_bag_coordinate_me_single_point_probe_v1,ok,,0.965,10.0
ship vs truck,ship,truck,2,8,1,sigmoid,large_mu,37,37,37,66,24,45323.263598794954,23433.028699915503,,disjoint_bag_coordinate_me_single_point_probe_v1,ok,,0.9225,0.1
ship vs truck,ship,truck,2,8,2,sigmoid,large_mu,37,37,37,66,24,45323.263598794954,23433.028699915503,large_mu,disjoint_bag_coordinate_me_single_point_probe_v1,ok,,0.9225,0.1
ship vs truck,ship,truck,2,8,4,sigmoid,large_mu,37,37,37,66,24,45323.263598794954,23433.028699915503,large_mu,disjoint_bag_coordinate_me_single_point_probe_v1,ok,,0.915,1.0
ship vs truck,ship,truck,2,8,6,sigmoid,large_mu,37,37,37,66,24,45323.263598794954,23433.028699915503,large_mu,disjoint_bag_coordinate_me_single_point_probe_v1,ok,,0.9175,0.1
ship vs truck,ship,truck,2,8,8,sigmoid,large_mu,37,37,37,66,24,45323.263598794954,23433.028699915503,large_mu,disjoint_bag_coordinate_me_single_point_probe_v1,ok,,0.915,0.1
ship vs truck,ship,truck,2,8,10,sigmoid,large_mu,37,37,37,66,24,45323.263598794954,23433.028699915503,large_mu,disjoint_bag_coordinate_me_single_point_probe_v1,ok,,0.915,1.0
ship vs truck,ship,truck,2,8,16,sigmoid,large_mu,37,37,37,66,24,45323.263598794954,23433.028699915503,large_mu,disjoint_bag_coordinate_me_single_point_probe_v1,ok,,0.92,0.1
ship vs truck,ship,truck,2,8,24,sigmoid,large_mu,37,37,37,66,24,45323.263598794954,23433.028699915503,large_mu,disjoint_bag_coordinate_me_single_point_probe_v1,ok,,0.9275,0.1
ship vs truck,ship,truck,2,8,1,sigmoid,small_mu,37,37,36,66,24,45323.263598794954,23433.028699915503,,disjoint_bag_coordinate_me_single_point_probe_v1,ok,,0.7875,0.1
ship vs truck,ship,truck,2,8,2,sigmoid,small_mu,37,37,36,66,24,45323.263598794954,23433.028699915503,large_mu,disjoint_bag_coordinate_me_single_point_probe_v1,ok,,0.805,0.1
ship vs truck,ship,truck,2,8,4,sigmoid,small_mu,37,37,36,66,24,45323.263598794954,23433.028699915503,large_mu,disjoint_bag_coordinate_me_single_point_probe_v1,ok,,0.88,0.1
ship vs truck,ship,truck,2,8,6,sigmoid,small_mu,37,37,36,66,24,45323.263598794954,23433.028699915503,large_mu,disjoint_bag_coordinate_me_single_point_probe_v1,ok,,0.885,0.1
ship vs truck,ship,truck,2,8,8,sigmoid,small_mu,37,37,36,66,24,45323.263598794954,23433.028699915503,large_mu,disjoint_bag_coordinate_me_single_point_probe_v1,ok,,0.8725,0.1
ship vs truck,ship,truck,2,8,10,sigmoid,small_mu,37,37,36,66,24,45323.263598794954,23433.028699915503,large_mu,disjoint_bag_coordinate_me_single_point_probe_v1,ok,,0.895,1.0
ship vs truck,ship,truck,2,8,16,sigmoid,small_mu,37,37,36,66,24,45323.263598794954,23433.028699915503,large_mu,disjoint_bag_coordinate_me_single_point_probe_v1,ok,,0.92,0.1
ship vs truck,ship,truck,2,8,24,sigmoid,small_mu,37,37,36,66,24,45323.263598794954,23433.028699915503,large_mu,disjoint_bag_coordinate_me_single_point_probe_v1,ok,,0.9175,0.1
ship vs truck,ship,truck,2,16,1,linear,large_mu,18,18,18,35,19,42950571.49595976,13855885.93512811,,disjoint_bag_coordinate_me_single_point_probe_v1,ok,,0.97,10.0
ship vs truck,ship,truck,2,16,2,linear,large_mu,18,18,18,35,19,42950571.49595976,13855885.93512811,large_mu,disjoint_bag_coordinate_me_single_point_probe_v1,ok,,0.9675,1.0
ship vs truck,ship,truck,2,16,4,linear,large_mu,18,18,18,35,19,42950571.49595976,13855885.93512811,large_mu,disjoint_bag_coordinate_me_single_point_probe_v1,ok,,0.975,1.0
ship vs truck,ship,truck,2,16,6,linear,large_mu,18,18,18,35,19,42950571.49595976,13855885.93512811,large_mu,disjoint_bag_coordinate_me_single_point_probe_v1,ok,,0.9675,0.1
ship vs truck,ship,truck,2,16,8,linear,large_mu,18,18,18,35,19,42950571.49595976,13855885.93512811,large_mu,disjoint_bag_coordinate_me_single_point_probe_v1,ok,,0.9725,10.0
ship vs truck,ship,truck,2,16,10,linear,large_mu,18,18,18,35,19,42950571.49595976,13855885.93512811,large_mu,disjoint_bag_coordinate_me_single_point_probe_v1,ok,,0.9725,1.0
ship vs truck,ship,truck,2,16,16,linear,large_mu,18,18,18,35,19,42950571.49595976,13855885.93512811,large_mu,disjoint_bag_coordinate_me_single_point_probe_v1,ok,,0.9675,1.0
ship vs truck,ship,truck,2,16,24,linear,large_mu,18,18,18,35,19,42950571.49595976,13855885.93512811,large_mu,disjoint_bag_coordinate_me_single_point_probe_v1,rank_limited,"requested r=24, stable limit=18, available directions=19",,
ship vs truck,ship,truck,2,16,1,linear,small_mu,18,18,17,35,18,42950571.49595976,13855885.93512811,,disjoint_bag_coordinate_me_single_point_probe_v1,ok,,0.955,1.0
ship vs truck,ship,truck,2,16,2,linear,small_mu,18,18,17,35,18,42950571.49595976,13855885.93512811,large_mu,disjoint_bag_coordinate_me_single_point_probe_v1,ok,,0.9625,1.0
ship vs truck,ship,truck,2,16,4,linear,small_mu,18,18,17,35,18,42950571.49595976,13855885.93512811,large_mu,disjoint_bag_coordinate_me_single_point_probe_v1,ok,,0.9575,1.0
ship vs truck,ship,truck,2,16,6,linear,small_mu,18,18,17,35,18,42950571.49595976,13855885.93512811,large_mu,disjoint_bag_coordinate_me_single_point_probe_v1,ok,,0.955,10.0
ship vs truck,ship,truck,2,16,8,linear,small_mu,18,18,17,35,18,42950571.49595976,13855885.93512811,large_mu,disjoint_bag_coordinate_me_single_point_probe_v1,ok,,0.9525,1.0
ship vs truck,ship,truck,2,16,10,linear,small_mu,18,18,17,35,18,42950571.49595976,13855885.93512811,large_mu,disjoint_bag_coordinate_me_single_point_probe_v1,ok,,0.96,1.0
ship vs truck,ship,truck,2,16,16,linear,small_mu,18,18,17,35,18,42950571.49595976,13855885.93512811,large_mu,disjoint_bag_coordinate_me_single_point_probe_v1,ok,,0.9575,1.0
ship vs truck,ship,truck,2,16,24,linear,small_mu,18,18,17,35,18,42950571.49595976,13855885.93512811,large_mu,disjoint_bag_coordinate_me_single_point_probe_v1,rank_limited,"requested r=24, stable limit=17, available directions=18",,
ship vs truck,ship,truck,2,16,1,rbf,large_mu,18,18,18,35,24,34150.92302353455,24934.14574573063,,disjoint_bag_coordinate_me_single_point_probe_v1,ok,,0.955,0.1
ship vs truck,ship,truck,2,16,2,rbf,large_mu,18,18,18,35,24,34150.92302353455,24934.14574573063,large_mu,disjoint_bag_coordinate_me_single_point_probe_v1,ok,,0.965,0.1
ship vs truck,ship,truck,2,16,4,rbf,large_mu,18,18,18,35,24,34150.92302353455,24934.14574573063,large_mu,disjoint_bag_coordinate_me_single_point_probe_v1,ok,,0.97,1.0
ship vs truck,ship,truck,2,16,6,rbf,large_mu,18,18,18,35,24,34150.92302353455,24934.14574573063,large_mu,disjoint_bag_coordinate_me_single_point_probe_v1,ok,,0.97,10.0
ship vs truck,ship,truck,2,16,8,rbf,large_mu,18,18,18,35,24,34150.92302353455,24934.14574573063,large_mu,disjoint_bag_coordinate_me_single_point_probe_v1,ok,,0.9725,1.0
ship vs truck,ship,truck,2,16,10,rbf,large_mu,18,18,18,35,24,34150.92302353455,24934.14574573063,large_mu,disjoint_bag_coordinate_me_single_point_probe_v1,ok,,0.97,1.0
ship vs truck,ship,truck,2,16,16,rbf,large_mu,18,18,18,35,24,34150.92302353455,24934.14574573063,large_mu,disjoint_bag_coordinate_me_single_point_probe_v1,ok,,0.9725,0.1
ship vs truck,ship,truck,2,16,24,rbf,large_mu,18,18,18,35,24,34150.92302353455,24934.14574573063,large_mu,disjoint_bag_coordinate_me_single_point_probe_v1,rank_limited,"requested r=24, stable limit=18, available directions=24",,
ship vs truck,ship,truck,2,16,1,rbf,small_mu,18,18,17,35,24,34150.92302353455,24934.14574573063,,disjoint_bag_coordinate_me_single_point_probe_v1,ok,,0.965,0.1
ship vs truck,ship,truck,2,16,2,rbf,small_mu,18,18,17,35,24,34150.92302353455,24934.14574573063,large_mu,disjoint_bag_coordinate_me_single_point_probe_v1,ok,,0.9625,0.1
ship vs truck,ship,truck,2,16,4,rbf,small_mu,18,18,17,35,24,34150.92302353455,24934.14574573063,large_mu,disjoint_bag_coordinate_me_single_point_probe_v1,ok,,0.97,1.0
ship vs truck,ship,truck,2,16,6,rbf,small_mu,18,18,17,35,24,34150.92302353455,24934.14574573063,large_mu,disjoint_bag_coordinate_me_single_point_probe_v1,ok,,0.9675,10.0
ship vs truck,ship,truck,2,16,8,rbf,small_mu,18,18,17,35,24,34150.92302353455,24934.14574573063,large_mu,disjoint_bag_coordinate_me_single_point_probe_v1,ok,,0.97,1.0
ship vs truck,ship,truck,2,16,10,rbf,small_mu,18,18,17,35,24,34150.92302353455,24934.14574573063,large_mu,disjoint_bag_coordinate_me_single_point_probe_v1,ok,,0.965,10.0
ship vs truck,ship,truck,2,16,16,rbf,small_mu,18,18,17,35,24,34150.92302353455,24934.14574573063,large_mu,disjoint_bag_coordinate_me_single_point_probe_v1,ok,,0.9675,10.0
ship vs truck,ship,truck,2,16,24,rbf,small_mu,18,18,17,35,24,34150.92302353455,24934.14574573063,large_mu,disjoint_bag_coordinate_me_single_point_probe_v1,rank_limited,"requested r=24, stable limit=17, available directions=24",,
ship vs truck,ship,truck,2,16,1,laplacian,large_mu,18,18,18,35,24,26308.345061353684,18766.470163991402,,disjoint_bag_coordinate_me_single_point_probe_v1,ok,,0.9675,0.1
ship vs truck,ship,truck,2,16,2,laplacian,large_mu,18,18,18,35,24,26308.345061353684,18766.470163991402,large_mu,disjoint_bag_coordinate_me_single_point_probe_v1,ok,,0.9675,0.1
ship vs truck,ship,truck,2,16,4,laplacian,large_mu,18,18,18,35,24,26308.345061353684,18766.470163991402,large_mu,disjoint_bag_coordinate_me_single_point_probe_v1,ok,,0.9725,1.0
ship vs truck,ship,truck,2,16,6,laplacian,large_mu,18,18,18,35,24,26308.345061353684,18766.470163991402,large_mu,disjoint_bag_coordinate_me_single_point_probe_v1,ok,,0.9675,1.0
ship vs truck,ship,truck,2,16,8,laplacian,large_mu,18,18,18,35,24,26308.345061353684,18766.470163991402,large_mu,disjoint_bag_coordinate_me_single_point_probe_v1,ok,,0.9725,1.0
ship vs truck,ship,truck,2,16,10,laplacian,large_mu,18,18,18,35,24,26308.345061353684,18766.470163991402,large_mu,disjoint_bag_coordinate_me_single_point_probe_v1,ok,,0.97,0.1
ship vs truck,ship,truck,2,16,16,laplacian,large_mu,18,18,18,35,24,26308.345061353684,18766.470163991402,large_mu,disjoint_bag_coordinate_me_single_point_probe_v1,ok,,0.9725,0.1
ship vs truck,ship,truck,2,16,24,laplacian,large_mu,18,18,18,35,24,26308.345061353684,18766.470163991402,large_mu,disjoint_bag_coordinate_me_single_point_probe_v1,rank_limited,"requested r=24, stable limit=18, available directions=24",,
ship vs truck,ship,truck,2,16,1,laplacian,small_mu,18,18,17,35,24,26308.345061353684,18766.470163991402,,disjoint_bag_coordinate_me_single_point_probe_v1,ok,,0.975,0.1
ship vs truck,ship,truck,2,16,2,laplacian,small_mu,18,18,17,35,24,26308.345061353684,18766.470163991402,large_mu,disjoint_bag_coordinate_me_single_point_probe_v1,ok,,0.9725,0.1
ship vs truck,ship,truck,2,16,4,laplacian,small_mu,18,18,17,35,24,26308.345061353684,18766.470163991402,large_mu,disjoint_bag_coordinate_me_single_point_probe_v1,ok,,0.975,1.0
ship vs truck,ship,truck,2,16,6,laplacian,small_mu,18,18,17,35,24,26308.345061353684,18766.470163991402,large_mu,disjoint_bag_coordinate_me_single_point_probe_v1,ok,,0.9725,1.0
ship vs truck,ship,truck,2,16,8,laplacian,small_mu,18,18,17,35,24,26308.345061353684,18766.470163991402,large_mu,disjoint_bag_coordinate_me_single_point_probe_v1,ok,,0.9725,1.0
ship vs truck,ship,truck,2,16,10,laplacian,small_mu,18,18,17,35,24,26308.345061353684,18766.470163991402,large_mu,disjoint_bag_coordinate_me_single_point_probe_v1,ok,,0.97,0.1
ship vs truck,ship,truck,2,16,16,laplacian,small_mu,18,18,17,35,24,26308.345061353684,18766.470163991402,large_mu,disjoint_bag_coordinate_me_single_point_probe_v1,ok,,0.97,0.1
ship vs truck,ship,truck,2,16,24,laplacian,small_mu,18,18,17,35,24,26308.345061353684,18766.470163991402,large_mu,disjoint_bag_coordinate_me_single_point_probe_v1,rank_limited,"requested r=24, stable limit=17, available directions=24",,
ship vs truck,ship,truck,2,16,1,polynomial,large_mu,18,18,18,35,24,193975.59090758092,95033.41917964238,,disjoint_bag_coordinate_me_single_point_probe_v1,ok,,0.975,1.0
ship vs truck,ship,truck,2,16,2,polynomial,large_mu,18,18,18,35,24,193975.59090758092,95033.41917964238,large_mu,disjoint_bag_coordinate_me_single_point_probe_v1,ok,,0.975,0.1
ship vs truck,ship,truck,2,16,4,polynomial,large_mu,18,18,18,35,24,193975.59090758092,95033.41917964238,large_mu,disjoint_bag_coordinate_me_single_point_probe_v1,ok,,0.97,1.0
ship vs truck,ship,truck,2,16,6,polynomial,large_mu,18,18,18,35,24,193975.59090758092,95033.41917964238,large_mu,disjoint_bag_coordinate_me_single_point_probe_v1,ok,,0.97,1.0
ship vs truck,ship,truck,2,16,8,polynomial,large_mu,18,18,18,35,24,193975.59090758092,95033.41917964238,large_mu,disjoint_bag_coordinate_me_single_point_probe_v1,ok,,0.9725,1.0
ship vs truck,ship,truck,2,16,10,polynomial,large_mu,18,18,18,35,24,193975.59090758092,95033.41917964238,large_mu,disjoint_bag_coordinate_me_single_point_probe_v1,ok,,0.97,10.0
ship vs truck,ship,truck,2,16,16,polynomial,large_mu,18,18,18,35,24,193975.59090758092,95033.41917964238,large_mu,disjoint_bag_coordinate_me_single_point_probe_v1,ok,,0.9725,0.1
ship vs truck,ship,truck,2,16,24,polynomial,large_mu,18,18,18,35,24,193975.59090758092,95033.41917964238,large_mu,disjoint_bag_coordinate_me_single_point_probe_v1,rank_limited,"requested r=24, stable limit=18, available directions=24",,
ship vs truck,ship,truck,2,16,1,polynomial,small_mu,18,18,17,35,24,193975.59090758092,95033.41917964238,,disjoint_bag_coordinate_me_single_point_probe_v1,ok,,0.9725,0.1
ship vs truck,ship,truck,2,16,2,polynomial,small_mu,18,18,17,35,24,193975.59090758092,95033.41917964238,large_mu,disjoint_bag_coordinate_me_single_point_probe_v1,ok,,0.9725,1.0
ship vs truck,ship,truck,2,16,4,polynomial,small_mu,18,18,17,35,24,193975.59090758092,95033.41917964238,large_mu,disjoint_bag_coordinate_me_single_point_probe_v1,ok,,0.9725,10.0
ship vs truck,ship,truck,2,16,6,polynomial,small_mu,18,18,17,35,24,193975.59090758092,95033.41917964238,large_mu,disjoint_bag_coordinate_me_single_point_probe_v1,ok,,0.9675,1.0
ship vs truck,ship,truck,2,16,8,polynomial,small_mu,18,18,17,35,24,193975.59090758092,95033.41917964238,large_mu,disjoint_bag_coordinate_me_single_point_probe_v1,ok,,0.965,10.0
ship vs truck,ship,truck,2,16,10,polynomial,small_mu,18,18,17,35,24,193975.59090758092,95033.41917964238,large_mu,disjoint_bag_coordinate_me_single_point_probe_v1,ok,,0.975,1.0
ship vs truck,ship,truck,2,16,16,polynomial,small_mu,18,18,17,35,24,193975.59090758092,95033.41917964238,large_mu,disjoint_bag_coordinate_me_single_point_probe_v1,ok,,0.9725,1.0
ship vs truck,ship,truck,2,16,24,polynomial,small_mu,18,18,17,35,24,193975.59090758092,95033.41917964238,large_mu,disjoint_bag_coordinate_me_single_point_probe_v1,rank_limited,"requested r=24, stable limit=17, available directions=24",,
ship vs truck,ship,truck,2,16,1,sigmoid,large_mu,18,18,18,35,24,72560.90659326824,16240.56317048367,,disjoint_bag_coordinate_me_single_point_probe_v1,ok,,0.96,0.1
ship vs truck,ship,truck,2,16,2,sigmoid,large_mu,18,18,18,35,24,72560.90659326824,16240.56317048367,large_mu,disjoint_bag_coordinate_me_single_point_probe_v1,ok,,0.9575,0.1
ship vs truck,ship,truck,2,16,4,sigmoid,large_mu,18,18,18,35,24,72560.90659326824,16240.56317048367,large_mu,disjoint_bag_coordinate_me_single_point_probe_v1,ok,,0.9625,10.0
ship vs truck,ship,truck,2,16,6,sigmoid,large_mu,18,18,18,35,24,72560.90659326824,16240.56317048367,large_mu,disjoint_bag_coordinate_me_single_point_probe_v1,ok,,0.9625,1.0
ship vs truck,ship,truck,2,16,8,sigmoid,large_mu,18,18,18,35,24,72560.90659326824,16240.56317048367,large_mu,disjoint_bag_coordinate_me_single_point_probe_v1,ok,,0.95,0.1
ship vs truck,ship,truck,2,16,10,sigmoid,large_mu,18,18,18,35,24,72560.90659326824,16240.56317048367,large_mu,disjoint_bag_coordinate_me_single_point_probe_v1,ok,,0.9525,0.1
ship vs truck,ship,truck,2,16,16,sigmoid,large_mu,18,18,18,35,24,72560.90659326824,16240.56317048367,large_mu,disjoint_bag_coordinate_me_single_point_probe_v1,ok,,0.9525,0.1
ship vs truck,ship,truck,2,16,24,sigmoid,large_mu,18,18,18,35,24,72560.90659326824,16240.56317048367,large_mu,disjoint_bag_coordinate_me_single_point_probe_v1,rank_limited,"requested r=24, stable limit=18, available directions=24",,
ship vs truck,ship,truck,2,16,1,sigmoid,small_mu,18,18,17,35,24,72560.90659326824,16240.56317048367,,disjoint_bag_coordinate_me_single_point_probe_v1,ok,,0.8975,0.1
ship vs truck,ship,truck,2,16,2,sigmoid,small_mu,18,18,17,35,24,72560.90659326824,16240.56317048367,large_mu,disjoint_bag_coordinate_me_single_point_probe_v1,ok,,0.915,1.0
ship vs truck,ship,truck,2,16,4,sigmoid,small_mu,18,18,17,35,24,72560.90659326824,16240.56317048367,large_mu,disjoint_bag_coordinate_me_single_point_probe_v1,ok,,0.9575,1.0
ship vs truck,ship,truck,2,16,6,sigmoid,small_mu,18,18,17,35,24,72560.90659326824,16240.56317048367,large_mu,disjoint_bag_coordinate_me_single_point_probe_v1,ok,,0.9525,1.0
ship vs truck,ship,truck,2,16,8,sigmoid,small_mu,18,18,17,35,24,72560.90659326824,16240.56317048367,large_mu,disjoint_bag_coordinate_me_single_point_probe_v1,ok,,0.955,10.0
ship vs truck,ship,truck,2,16,10,sigmoid,small_mu,18,18,17,35,24,72560.90659326824,16240.56317048367,large_mu,disjoint_bag_coordinate_me_single_point_probe_v1,ok,,0.955,0.1
ship vs truck,ship,truck,2,16,16,sigmoid,small_mu,18,18,17,35,24,72560.90659326824,16240.56317048367,large_mu,disjoint_bag_coordinate_me_single_point_probe_v1,ok,,0.9525,0.1
ship vs truck,ship,truck,2,16,24,sigmoid,small_mu,18,18,17,35,24,72560.90659326824,16240.56317048367,large_mu,disjoint_bag_coordinate_me_single_point_probe_v1,rank_limited,"requested r=24, stable limit=17, available directions=24",,
