pair,class0,class1,rep,m,r,stage1_kernel,family,class0_bags,class1_bags,stable_r_limit,coordinate_rank,available_directions,D_mu,D_covariance,heuristic_family,evaluation_protocol,status,status_detail,acc,probe_C
airplane vs bird,airplane,bird,0,4,1,polynomial,large_mu,75,75,75,149,24,111685.55876585684,280298.4513691465,,disjoint_bag_coordinate_me_single_point_probe_v1,ok,,0.95,10.0
airplane vs bird,airplane,bird,0,4,2,rbf,large_mu,75,75,75,149,24,24990.940191158952,95615.98925634818,small_mu,disjoint_bag_coordinate_me_single_point_probe_v1,ok,,0.9575,0.1
airplane vs bird,airplane,bird,0,4,4,rbf,large_mu,75,75,75,149,24,24990.940191158952,95615.98925634818,small_mu,disjoint_bag_coordinate_me_single_point_probe_v1,ok,,0.9625,10.0
airplane vs bird,airplane,bird,0,4,6,rbf,large_mu,75,75,75,149,24,24990.940191158952,95615.98925634818,large_mu,disjoint_bag_coordinate_me_single_point_probe_v1,ok,,0.965,10.0
airplane vs bird,airplane,bird,0,4,8,rbf,large_mu,75,75,75,149,24,24990.940191158952,95615.98925634818,large_mu,disjoint_bag_coordinate_me_single_point_probe_v1,ok,,0.9675,1.0
airplane vs bird,airplane,bird,0,4,10,rbf,large_mu,75,75,75,149,24,24990.940191158952,95615.98925634818,large_mu,disjoint_bag_coordinate_me_single_point_probe_v1,ok,,0.965,1.0
airplane vs bird,airplane,bird,0,4,16,polynomial,large_mu,75,75,75,149,24,111685.55876585684,280298.4513691465,large_mu,disjoint_bag_coordinate_me_single_point_probe_v1,ok,,0.975,1.0
airplane vs bird,airplane,bird,0,4,24,rbf,large_mu,75,75,75,149,24,24990.940191158952,95615.98925634818,large_mu,disjoint_bag_coordinate_me_single_point_probe_v1,ok,,0.97,0.1
airplane vs bird,airplane,bird,0,4,1,rbf,small_mu,75,75,74,149,24,24990.940191158952,95615.98925634818,,disjoint_bag_coordinate_me_single_point_probe_v1,ok,,0.9675,0.1
airplane vs bird,airplane,bird,0,4,2,rbf,small_mu,75,75,74,149,24,24990.940191158952,95615.98925634818,small_mu,disjoint_bag_coordinate_me_single_point_probe_v1,ok,,0.9625,0.1
airplane vs bird,airplane,bird,0,4,4,rbf,small_mu,75,75,74,149,24,24990.940191158952,95615.98925634818,small_mu,disjoint_bag_coordinate_me_single_point_probe_v1,ok,,0.96,0.1
airplane vs bird,airplane,bird,0,4,6,rbf,small_mu,75,75,74,149,24,24990.940191158952,95615.98925634818,large_mu,disjoint_bag_coordinate_me_single_point_probe_v1,ok,,0.9675,0.1
airplane vs bird,airplane,bird,0,4,8,rbf,small_mu,75,75,74,149,24,24990.940191158952,95615.98925634818,large_mu,disjoint_bag_coordinate_me_single_point_probe_v1,ok,,0.965,1.0
airplane vs bird,airplane,bird,0,4,10,rbf,small_mu,75,75,74,149,24,24990.940191158952,95615.98925634818,large_mu,disjoint_bag_coordinate_me_single_point_probe_v1,ok,,0.9625,1.0
airplane vs bird,airplane,bird,0,4,16,polynomial,small_mu,75,75,74,149,24,111685.55876585684,280298.4513691465,large_mu,disjoint_bag_coordinate_me_single_point_probe_v1,ok,,0.9675,10.0
airplane vs bird,airplane,bird,0,4,24,polynomial,small_mu,75,75,74,149,24,111685.55876585684,280298.4513691465,large_mu,disjoint_bag_coordinate_me_single_point_probe_v1,ok,,0.97,1.0
airplane vs bird,airplane,bird,0,8,1,polynomial,large_mu,37,37,37,73,24,157655.78293958268,151876.943934273,,disjoint_bag_coordinate_me_single_point_probe_v1,ok,,0.9425,0.1
airplane vs bird,airplane,bird,0,8,2,polynomial,large_mu,37,37,37,73,24,157655.78293958268,151876.943934273,large_mu,disjoint_bag_coordinate_me_single_point_probe_v1,ok,,0.945,0.1
airplane vs bird,airplane,bird,0,8,4,linear,large_mu,37,37,37,73,24,31375178.885891218,21809649.207792222,large_mu,disjoint_bag_coordinate_me_single_point_probe_v1,ok,,0.95,0.1
airplane vs bird,airplane,bird,0,8,6,laplacian,large_mu,37,37,37,73,24,22203.94789460918,36717.28564997327,large_mu,disjoint_bag_coordinate_me_single_point_probe_v1,ok,,0.955,10.0
airplane vs bird,airplane,bird,0,8,8,rbf,large_mu,37,37,37,73,24,28661.18499383355,48906.02727107413,large_mu,disjoint_bag_coordinate_me_single_point_probe_v1,ok,,0.9525,0.1
airplane vs bird,airplane,bird,0,8,10,rbf,large_mu,37,37,37,73,24,28661.18499383355,48906.02727107413,large_mu,disjoint_bag_coordinate_me_single_point_probe_v1,ok,,0.955,0.1
airplane vs bird,airplane,bird,0,8,16,laplacian,large_mu,37,37,37,73,24,22203.94789460918,36717.28564997327,large_mu,disjoint_bag_coordinate_me_single_point_probe_v1,ok,,0.95,0.1
airplane vs bird,airplane,bird,0,8,24,laplacian,large_mu,37,37,37,73,24,22203.94789460918,36717.28564997327,large_mu,disjoint_bag_coordinate_me_single_point_probe_v1,ok,,0.95,0.1
airplane vs bird,airplane,bird,0,8,1,rbf,small_mu,37,37,36,73,24,28661.18499383355,48906.02727107413,,disjoint_bag_coordinate_me_single_point_probe_v1,ok,,0.9525,0.1
airplane vs bird,airplane,bird,0,8,2,rbf,small_mu,37,37,36,73,24,28661.18499383355,48906.02727107413,small_mu,disjoint_bag_coordinate_me_single_point_probe_v1,ok,,0.9525,0.1
airplane vs bird,airplane,bird,0,8,4,rbf,small_mu,37,37,36,73,24,28661.18499383355,48906.02727107413,large_mu,disjoint_bag_coordinate_me_single_point_probe_v1,ok,,0.9525,1.0
airplane vs bird,airplane,bird,0,8,6,rbf,small_mu,37,37,36,73,24,28661.18499383355,48906.02727107413,large_mu,disjoint_bag_coordinate_me_single_point_probe_v1,ok,,0.9525,1.0
airplane vs bird,airplane,bird,0,8,8,linear,small_mu,37,37,36,73,24,31375178.885891218,21809649.207792222,large_mu,disjoint_bag_coordinate_me_single_point_probe_v1,ok,,0.955,1.0
airplane vs bird,airplane,bird,0,8,10,rbf,small_mu,37,37,36,73,24,28661.18499383355,48906.02727107413,large_mu,disjoint_bag_coordinate_me_single_point_probe_v1,ok,,0.9475,1.0
airplane vs bird,airplane,bird,0,8,16,polynomial,small_mu,37,37,36,73,24,157655.78293958268,151876.943934273,large_mu,disjoint_bag_coordinate_me_single_point_probe_v1,ok,,0.9525,1.0
airplane vs bird,airplane,bird,0,8,24,polynomial,small_mu,37,37,36,73,24,157655.78293958268,151876.943934273,large_mu,disjoint_bag_coordinate_me_single_point_probe_v1,ok,,0.95,1.0
airplane vs bird,airplane,bird,0,16,1,laplacian,large_mu,18,18,18,35,24,24020.379566207415,17652.08358433959,,disjoint_bag_coordinate_me_single_point_probe_v1,ok,,0.9475,0.1
airplane vs bird,airplane,bird,0,16,2,sigmoid,large_mu,18,18,18,35,24,70394.68646576081,14293.05352845182,large_mu,disjoint_bag_coordinate_me_single_point_probe_v1,ok,,0.9525,10.0
airplane vs bird,airplane,bird,0,16,4,sigmoid,large_mu,18,18,18,35,24,70394.68646576081,14293.05352845182,large_mu,disjoint_bag_coordinate_me_single_point_probe_v1,ok,,0.9625,0.1
airplane vs bird,airplane,bird,0,16,6,sigmoid,large_mu,18,18,18,35,24,70394.68646576081,14293.05352845182,large_mu,disjoint_bag_coordinate_me_single_point_probe_v1,ok,,0.96,0.1
airplane vs bird,airplane,bird,0,16,8,sigmoid,large_mu,18,18,18,35,24,70394.68646576081,14293.05352845182,large_mu,disjoint_bag_coordinate_me_single_point_probe_v1,ok,,0.9575,10.0
airplane vs bird,airplane,bird,0,16,10,laplacian,large_mu,18,18,18,35,24,24020.379566207415,17652.08358433959,large_mu,disjoint_bag_coordinate_me_single_point_probe_v1,ok,,0.955,0.1
airplane vs bird,airplane,bird,0,16,16,rbf,large_mu,18,18,18,35,24,31309.201814925174,23429.45573546554,large_mu,disjoint_bag_coordinate_me_single_point_probe_v1,ok,,0.9575,1.0
airplane vs bird,airplane,bird,0,16,1,polynomial,small_mu,18,18,17,35,24,187735.05693723875,74529.83920194798,,disjoint_bag_coordinate_me_single_point_probe_v1,ok,,0.9525,0.1
airplane vs bird,airplane,bird,0,16,2,polynomial,small_mu,18,18,17,35,24,187735.05693723875,74529.83920194798,large_mu,disjoint_bag_coordinate_me_single_point_probe_v1,ok,,0.9575,10.0
airplane vs bird,airplane,bird,0,16,4,linear,small_mu,18,18,17,35,18,41895361.13400829,11467545.120611114,large_mu,disjoint_bag_coordinate_me_single_point_probe_v1,ok,,0.9525,0.1
airplane vs bird,airplane,bird,0,16,6,laplacian,small_mu,18,18,17,35,24,24020.379566207415,17652.08358433959,large_mu,disjoint_bag_coordinate_me_single_point_probe_v1,ok,,0.9575,1.0
airplane vs bird,airplane,bird,0,16,8,linear,small_mu,18,18,17,35,18,41895361.13400829,11467545.120611114,large_mu,disjoint_bag_coordinate_me_single_point_probe_v1,ok,,0.9525,10.0
airplane vs bird,airplane,bird,0,16,10,linear,small_mu,18,18,17,35,18,41895361.13400829,11467545.120611114,large_mu,disjoint_bag_coordinate_me_single_point_probe_v1,ok,,0.955,0.1
airplane vs bird,airplane,bird,0,16,16,sigmoid,small_mu,18,18,17,35,24,70394.68646576081,14293.05352845182,large_mu,disjoint_bag_coordinate_me_single_point_probe_v1,ok,,0.955,1.0
airplane vs bird,airplane,bird,1,4,1,rbf,large_mu,75,75,75,149,24,26740.41179460979,95954.02764822217,,disjoint_bag_coordinate_me_single_point_probe_v1,ok,,0.95,0.1
airplane vs bird,airplane,bird,1,4,2,rbf,large_mu,75,75,75,149,24,26740.41179460979,95954.02764822217,small_mu,disjoint_bag_coordinate_me_single_point_probe_v1,ok,,0.95,0.1
airplane vs bird,airplane,bird,1,4,4,polynomial,large_mu,75,75,75,149,24,131256.39769764818,289168.5503270269,large_mu,disjoint_bag_coordinate_me_single_point_probe_v1,ok,,0.9525,0.1
airplane vs bird,airplane,bird,1,4,6,rbf,large_mu,75,75,75,149,24,26740.41179460979,95954.02764822217,large_mu,disjoint_bag_coordinate_me_single_point_probe_v1,ok,,0.9525,0.1
airplane vs bird,airplane,bird,1,4,8,polynomial,large_mu,75,75,75,149,24,131256.39769764818,289168.5503270269,large_mu,disjoint_bag_coordinate_me_single_point_probe_v1,ok,,0.955,0.1
airplane vs bird,airplane,bird,1,4,10,polynomial,large_mu,75,75,75,149,24,131256.39769764818,289168.5503270269,large_mu,disjoint_bag_coordinate_me_single_point_probe_v1,ok,,0.955,0.1
airplane vs bird,airplane,bird,1,4,16,polynomial,large_mu,75,75,75,149,24,131256.39769764818,289168.5503270269,large_mu,disjoint_bag_coordinate_me_single_point_probe_v1,ok,,0.9575,0.1
airplane vs bird,airplane,bird,1,4,24,rbf,large_mu,75,75,75,149,24,26740.41179460979,95954.02764822217,large_mu,disjoint_bag_coordinate_me_single_point_probe_v1,ok,,0.96,10.0
airplane vs bird,airplane,bird,1,4,1,rbf,small_mu,75,75,74,149,24,26740.41179460979,95954.02764822217,,disjoint_bag_coordinate_me_single_point_probe_v1,ok,,0.95,0.1
airplane vs bird,airplane,bird,1,4,2,rbf,small_mu,75,75,74,149,24,26740.41179460979,95954.02764822217,small_mu,disjoint_bag_coordinate_me_single_point_probe_v1,ok,,0.9525,0.1
airplane vs bird,airplane,bird,1,4,4,polynomial,small_mu,75,75,74,149,24,131256.39769764818,289168.5503270269,large_mu,disjoint_bag_coordinate_me_single_point_probe_v1,ok,,0.955,1.0
airplane vs bird,airplane,bird,1,4,6,laplacian,small_mu,75,75,74,149,24,20172.897429866112,72446.9171720403,large_mu,disjoint_bag_coordinate_me_single_point_probe_v1,ok,,0.9575,1.0
airplane vs bird,airplane,bird,1,4,8,laplacian,small_mu,75,75,74,149,24,20172.897429866112,72446.9171720403,large_mu,disjoint_bag_coordinate_me_single_point_probe_v1,ok,,0.955,1.0
airplane vs bird,airplane,bird,1,4,10,rbf,small_mu,75,75,74,149,24,26740.41179460979,95954.02764822217,large_mu,disjoint_bag_coordinate_me_single_point_probe_v1,ok,,0.9575,10.0
airplane vs bird,airplane,bird,1,4,16,laplacian,small_mu,75,75,74,149,24,20172.897429866112,72446.9171720403,large_mu,disjoint_bag_coordinate_me_single_point_probe_v1,ok,,0.955,1.0
airplane vs bird,airplane,bird,1,4,24,rbf,small_mu,75,75,74,149,24,26740.41179460979,95954.02764822217,large_mu,disjoint_bag_coordinate_me_single_point_probe_v1,ok,,0.9575,1.0
airplane vs bird,airplane,bird,1,8,1,rbf,large_mu,37,37,37,73,24,30760.18391524105,48085.37270294393,,disjoint_bag_coordinate_me_single_point_probe_v1,ok,,0.94,0.1
airplane vs bird,airplane,bird,1,8,2,linear,large_mu,37,37,37,73,24,35278682.32226013,20909031.167746715,large_mu,disjoint_bag_coordinate_me_single_point_probe_v1,ok,,0.95,0.1
airplane vs bird,airplane,bird,1,8,4,rbf,large_mu,37,37,37,73,24,30760.18391524105,48085.37270294393,large_mu,disjoint_bag_coordinate_me_single_point_probe_v1,ok,,0.9525,10.0
airplane vs bird,airplane,bird,1,8,6,rbf,large_mu,37,37,37,73,24,30760.18391524105,48085.37270294393,large_mu,disjoint_bag_coordinate_me_single_point_probe_v1,ok,,0.95,0.1
airplane vs bird,airplane,bird,1,8,8,rbf,large_mu,37,37,37,73,24,30760.18391524105,48085.37270294393,large_mu,disjoint_bag_coordinate_me_single_point_probe_v1,ok,,0.9525,0.1
airplane vs bird,airplane,bird,1,8,10,rbf,large_mu,37,37,37,73,24,30760.18391524105,48085.37270294393,large_mu,disjoint_bag_coordinate_me_single_point_probe_v1,ok,,0.9475,10.0
airplane vs bird,airplane,bird,1,8,16,laplacian,large_mu,37,37,37,73,24,23469.80170046294,36287.20951897966,large_mu,disjoint_bag_coordinate_me_single_point_probe_v1,ok,,0.9475,1.0
airplane vs bird,airplane,bird,1,8,24,rbf,large_mu,37,37,37,73,24,30760.18391524105,48085.37270294393,large_mu,disjoint_bag_coordinate_me_single_point_probe_v1,ok,,0.9525,1.0
airplane vs bird,airplane,bird,1,8,1,rbf,small_mu,37,37,36,73,24,30760.18391524105,48085.37270294393,,disjoint_bag_coordinate_me_single_point_probe_v1,ok,,0.945,0.1
airplane vs bird,airplane,bird,1,8,2,rbf,small_mu,37,37,36,73,24,30760.18391524105,48085.37270294393,small_mu,disjoint_bag_coordinate_me_single_point_probe_v1,ok,,0.9475,10.0
airplane vs bird,airplane,bird,1,8,4,rbf,small_mu,37,37,36,73,24,30760.18391524105,48085.37270294393,large_mu,disjoint_bag_coordinate_me_single_point_probe_v1,ok,,0.9475,10.0
airplane vs bird,airplane,bird,1,8,6,rbf,small_mu,37,37,36,73,24,30760.18391524105,48085.37270294393,large_mu,disjoint_bag_coordinate_me_single_point_probe_v1,ok,,0.9475,1.0
airplane vs bird,airplane,bird,1,8,8,rbf,small_mu,37,37,36,73,24,30760.18391524105,48085.37270294393,large_mu,disjoint_bag_coordinate_me_single_point_probe_v1,ok,,0.945,10.0
airplane vs bird,airplane,bird,1,8,10,rbf,small_mu,37,37,36,73,24,30760.18391524105,48085.37270294393,large_mu,disjoint_bag_coordinate_me_single_point_probe_v1,ok,,0.9475,1.0
airplane vs bird,airplane,bird,1,8,16,rbf,small_mu,37,37,36,73,24,30760.18391524105,48085.37270294393,large_mu,disjoint_bag_coordinate_me_single_point_probe_v1,ok,,0.9475,10.0
airplane vs bird,airplane,bird,1,8,24,rbf,small_mu,37,37,36,73,24,30760.18391524105,48085.37270294393,large_mu,disjoint_bag_coordinate_me_single_point_probe_v1,ok,,0.9475,10.0
airplane vs bird,airplane,bird,1,16,1,polynomial,large_mu,18,18,18,35,24,183231.47255203975,77935.51992542918,,disjoint_bag_coordinate_me_single_point_probe_v1,ok,,0.945,0.1
airplane vs bird,airplane,bird,1,16,2,polynomial,large_mu,18,18,18,35,24,183231.47255203975,77935.51992542918,large_mu,disjoint_bag_coordinate_me_single_point_probe_v1,ok,,0.945,0.1
airplane vs bird,airplane,bird,1,16,4,rbf,large_mu,18,18,18,35,24,31578.78950939104,23763.223862082617,large_mu,disjoint_bag_coordinate_me_single_point_probe_v1,ok,,0.9475,0.1
airplane vs bird,airplane,bird,1,16,6,rbf,large_mu,18,18,18,35,24,31578.78950939104,23763.223862082617,large_mu,disjoint_bag_coordinate_me_single_point_probe_v1,ok,,0.9475,0.1
airplane vs bird,airplane,bird,1,16,8,polynomial,large_mu,18,18,18,35,24,183231.47255203975,77935.51992542918,large_mu,disjoint_bag_coordinate_me_single_point_probe_v1,ok,,0.95,1.0
airplane vs bird,airplane,bird,1,16,10,rbf,large_mu,18,18,18,35,24,31578.78950939104,23763.223862082617,large_mu,disjoint_bag_coordinate_me_single_point_probe_v1,ok,,0.9475,1.0
airplane vs bird,airplane,bird,1,16,16,rbf,large_mu,18,18,18,35,24,31578.78950939104,23763.223862082617,large_mu,disjoint_bag_coordinate_me_single_point_probe_v1,ok,,0.95,0.1
airplane vs bird,airplane,bird,1,16,1,rbf,small_mu,18,18,17,35,24,31578.78950939104,23763.223862082617,,disjoint_bag_coordinate_me_single_point_probe_v1,ok,,0.9475,0.1
airplane vs bird,airplane,bird,1,16,2,rbf,small_mu,18,18,17,35,24,31578.78950939104,23763.223862082617,large_mu,disjoint_bag_coordinate_me_single_point_probe_v1,ok,,0.9425,1.0
airplane vs bird,airplane,bird,1,16,4,rbf,small_mu,18,18,17,35,24,31578.78950939104,23763.223862082617,large_mu,disjoint_bag_coordinate_me_single_point_probe_v1,ok,,0.9425,1.0
airplane vs bird,airplane,bird,1,16,6,rbf,small_mu,18,18,17,35,24,31578.78950939104,23763.223862082617,large_mu,disjoint_bag_coordinate_me_single_point_probe_v1,ok,,0.9475,10.0
airplane vs bird,airplane,bird,1,16,8,rbf,small_mu,18,18,17,35,24,31578.78950939104,23763.223862082617,large_mu,disjoint_bag_coordinate_me_single_point_probe_v1,ok,,0.945,1.0
airplane vs bird,airplane,bird,1,16,10,rbf,small_mu,18,18,17,35,24,31578.78950939104,23763.223862082617,large_mu,disjoint_bag_coordinate_me_single_point_probe_v1,ok,,0.9475,1.0
airplane vs bird,airplane,bird,1,16,16,polynomial,small_mu,18,18,17,35,24,183231.47255203975,77935.51992542918,large_mu,disjoint_bag_coordinate_me_single_point_probe_v1,ok,,0.9475,10.0
airplane vs bird,airplane,bird,2,4,1,rbf,large_mu,75,75,75,149,24,24585.241258919035,94970.95490219229,,disjoint_bag_coordinate_me_single_point_probe_v1,ok,,0.9675,10.0
airplane vs bird,airplane,bird,2,4,2,rbf,large_mu,75,75,75,149,24,24585.241258919035,94970.95490219229,small_mu,disjoint_bag_coordinate_me_single_point_probe_v1,ok,,0.965,10.0
airplane vs bird,airplane,bird,2,4,4,rbf,large_mu,75,75,75,149,24,24585.241258919035,94970.95490219229,small_mu,disjoint_bag_coordinate_me_single_point_probe_v1,ok,,0.965,10.0
airplane vs bird,airplane,bird,2,4,6,rbf,large_mu,75,75,75,149,24,24585.241258919035,94970.95490219229,large_mu,disjoint_bag_coordinate_me_single_point_probe_v1,ok,,0.975,10.0
airplane vs bird,airplane,bird,2,4,8,laplacian,large_mu,75,75,75,149,24,18302.06691585261,71841.17087459927,large_mu,disjoint_bag_coordinate_me_single_point_probe_v1,ok,,0.9775,1.0
airplane vs bird,airplane,bird,2,4,10,rbf,large_mu,75,75,75,149,24,24585.241258919035,94970.95490219229,large_mu,disjoint_bag_coordinate_me_single_point_probe_v1,ok,,0.98,10.0
airplane vs bird,airplane,bird,2,4,16,rbf,large_mu,75,75,75,149,24,24585.241258919035,94970.95490219229,large_mu,disjoint_bag_coordinate_me_single_point_probe_v1,ok,,0.98,1.0
airplane vs bird,airplane,bird,2,4,24,rbf,large_mu,75,75,75,149,24,24585.241258919035,94970.95490219229,large_mu,disjoint_bag_coordinate_me_single_point_probe_v1,ok,,0.9775,1.0
airplane vs bird,airplane,bird,2,4,1,laplacian,small_mu,75,75,74,149,24,18302.06691585261,71841.17087459927,,disjoint_bag_coordinate_me_single_point_probe_v1,ok,,0.975,0.1
airplane vs bird,airplane,bird,2,4,2,laplacian,small_mu,75,75,74,149,24,18302.06691585261,71841.17087459927,small_mu,disjoint_bag_coordinate_me_single_point_probe_v1,ok,,0.975,1.0
airplane vs bird,airplane,bird,2,4,4,rbf,small_mu,75,75,74,149,24,24585.241258919035,94970.95490219229,small_mu,disjoint_bag_coordinate_me_single_point_probe_v1,ok,,0.9675,0.1
airplane vs bird,airplane,bird,2,4,6,rbf,small_mu,75,75,74,149,24,24585.241258919035,94970.95490219229,large_mu,disjoint_bag_coordinate_me_single_point_probe_v1,ok,,0.9725,1.0
airplane vs bird,airplane,bird,2,4,8,laplacian,small_mu,75,75,74,149,24,18302.06691585261,71841.17087459927,large_mu,disjoint_bag_coordinate_me_single_point_probe_v1,ok,,0.9775,10.0
airplane vs bird,airplane,bird,2,4,10,rbf,small_mu,75,75,74,149,24,24585.241258919035,94970.95490219229,large_mu,disjoint_bag_coordinate_me_single_point_probe_v1,ok,,0.975,10.0
airplane vs bird,airplane,bird,2,4,16,rbf,small_mu,75,75,74,149,24,24585.241258919035,94970.95490219229,large_mu,disjoint_bag_coordinate_me_single_point_probe_v1,ok,,0.9775,1.0
airplane vs bird,airplane,bird,2,4,24,laplacian,small_mu,75,75,74,149,24,18302.06691585261,71841.17087459927,large_mu,disjoint_bag_coordinate_me_single_point_probe_v1,ok,,0.98,1.0
airplane vs bird,airplane,bird,2,8,1,rbf,large_mu,37,37,37,73,24,27907.936705444965,48487.10364607647,,disjoint_bag_coordinate_me_single_point_probe_v1,ok,,0.97,0.1
airplane vs bird,airplane,bird,2,8,2,linear,large_mu,37,37,37,73,24,27937797.266134348,22151117.295685697,large_mu,disjoint_bag_coordinate_me_single_point_probe_v1,ok,,0.9675,0.1
airplane vs bird,airplane,bird,2,8,4,rbf,large_mu,37,37,37,73,24,27907.936705444965,48487.10364607647,large_mu,disjoint_bag_coordinate_me_single_point_probe_v1,ok,,0.975,10.0
airplane vs bird,airplane,bird,2,8,6,rbf,large_mu,37,37,37,73,24,27907.936705444965,48487.10364607647,large_mu,disjoint_bag_coordinate_me_single_point_probe_v1,ok,,0.9775,10.0
airplane vs bird,airplane,bird,2,8,8,rbf,large_mu,37,37,37,73,24,27907.936705444965,48487.10364607647,large_mu,disjoint_bag_coordinate_me_single_point_probe_v1,ok,,0.9825,1.0
airplane vs bird,airplane,bird,2,8,10,rbf,large_mu,37,37,37,73,24,27907.936705444965,48487.10364607647,large_mu,disjoint_bag_coordinate_me_single_point_probe_v1,ok,,0.9825,0.1
airplane vs bird,airplane,bird,2,8,16,laplacian,large_mu,37,37,37,73,24,20863.085292352986,36482.66678484539,large_mu,disjoint_bag_coordinate_me_single_point_probe_v1,ok,,0.9825,0.1
airplane vs bird,airplane,bird,2,8,24,rbf,large_mu,37,37,37,73,24,27907.936705444965,48487.10364607647,large_mu,disjoint_bag_coordinate_me_single_point_probe_v1,ok,,0.9825,0.1
airplane vs bird,airplane,bird,2,8,1,laplacian,small_mu,37,37,36,73,24,20863.085292352986,36482.66678484539,,disjoint_bag_coordinate_me_single_point_probe_v1,ok,,0.9775,0.1
airplane vs bird,airplane,bird,2,8,2,rbf,small_mu,37,37,36,73,24,27907.936705444965,48487.10364607647,small_mu,disjoint_bag_coordinate_me_single_point_probe_v1,ok,,0.9775,0.1
airplane vs bird,airplane,bird,2,8,4,laplacian,small_mu,37,37,36,73,24,20863.085292352986,36482.66678484539,large_mu,disjoint_bag_coordinate_me_single_point_probe_v1,ok,,0.9775,1.0
airplane vs bird,airplane,bird,2,8,6,rbf,small_mu,37,37,36,73,24,27907.936705444965,48487.10364607647,large_mu,disjoint_bag_coordinate_me_single_point_probe_v1,ok,,0.9775,1.0
airplane vs bird,airplane,bird,2,8,8,rbf,small_mu,37,37,36,73,24,27907.936705444965,48487.10364607647,large_mu,disjoint_bag_coordinate_me_single_point_probe_v1,ok,,0.9775,10.0
airplane vs bird,airplane,bird,2,8,10,rbf,small_mu,37,37,36,73,24,27907.936705444965,48487.10364607647,large_mu,disjoint_bag_coordinate_me_single_point_probe_v1,ok,,0.98,1.0
airplane vs bird,airplane,bird,2,8,16,laplacian,small_mu,37,37,36,73,24,20863.085292352986,36482.66678484539,large_mu,disjoint_bag_coordinate_me_single_point_probe_v1,ok,,0.98,10.0
airplane vs bird,airplane,bird,2,8,24,rbf,small_mu,37,37,36,73,24,27907.936705444965,48487.10364607647,large_mu,disjoint_bag_coordinate_me_single_point_probe_v1,ok,,0.985,1.0
airplane vs bird,airplane,bird,2,16,1,rbf,large_mu,18,18,18,35,24,30417.7641856509,23710.853664135033,,disjoint_bag_coordinate_me_single_point_probe_v1,ok,,0.975,0.1
airplane vs bird,airplane,bird,2,16,2,rbf,large_mu,18,18,18,35,24,30417.7641856509,23710.853664135033,large_mu,disjoint_bag_coordinate_me_single_point_probe_v1,ok,,0.9725,0.1
airplane vs bird,airplane,bird,2,16,4,rbf,large_mu,18,18,18,35,24,30417.7641856509,23710.853664135033,large_mu,disjoint_bag_coordinate_me_single_point_probe_v1,ok,,0.9775,1.0
airplane vs bird,airplane,bird,2,16,6,rbf,large_mu,18,18,18,35,24,30417.7641856509,23710.853664135033,large_mu,disjoint_bag_coordinate_me_single_point_probe_v1,ok,,0.98,0.1
airplane vs bird,airplane,bird,2,16,8,rbf,large_mu,18,18,18,35,24,30417.7641856509,23710.853664135033,large_mu,disjoint_bag_coordinate_me_single_point_probe_v1,ok,,0.98,0.1
airplane vs bird,airplane,bird,2,16,10,rbf,large_mu,18,18,18,35,24,30417.7641856509,23710.853664135033,large_mu,disjoint_bag_coordinate_me_single_point_probe_v1,ok,,0.98,0.1
airplane vs bird,airplane,bird,2,16,16,rbf,large_mu,18,18,18,35,24,30417.7641856509,23710.853664135033,large_mu,disjoint_bag_coordinate_me_single_point_probe_v1,ok,,0.9775,0.1
airplane vs bird,airplane,bird,2,16,1,rbf,small_mu,18,18,17,35,24,30417.7641856509,23710.853664135033,,disjoint_bag_coordinate_me_single_point_probe_v1,ok,,0.98,0.1
airplane vs bird,airplane,bird,2,16,2,polynomial,small_mu,18,18,17,35,24,168639.37994677597,76484.4356695046,large_mu,disjoint_bag_coordinate_me_single_point_probe_v1,ok,,0.9825,10.0
airplane vs bird,airplane,bird,2,16,4,polynomial,small_mu,18,18,17,35,24,168639.37994677597,76484.4356695046,large_mu,disjoint_bag_coordinate_me_single_point_probe_v1,ok,,0.98,1.0
airplane vs bird,airplane,bird,2,16,6,polynomial,small_mu,18,18,17,35,24,168639.37994677597,76484.4356695046,large_mu,disjoint_bag_coordinate_me_single_point_probe_v1,ok,,0.98,10.0
airplane vs bird,airplane,bird,2,16,8,rbf,small_mu,18,18,17,35,24,30417.7641856509,23710.853664135033,large_mu,disjoint_bag_coordinate_me_single_point_probe_v1,ok,,0.98,0.1
airplane vs bird,airplane,bird,2,16,10,linear,small_mu,18,18,17,35,18,35380971.31805533,11530558.703201368,large_mu,disjoint_bag_coordinate_me_single_point_probe_v1,ok,,0.9775,10.0
airplane vs bird,airplane,bird,2,16,16,linear,small_mu,18,18,17,35,18,35380971.31805533,11530558.703201368,large_mu,disjoint_bag_coordinate_me_single_point_probe_v1,ok,,0.9775,10.0
airplane vs ship,airplane,ship,0,4,1,rbf,large_mu,75,75,75,149,24,16482.283052781324,99187.79525606196,,disjoint_bag_coordinate_me_single_point_probe_v1,ok,,0.9225,1.0
airplane vs ship,airplane,ship,0,4,2,rbf,large_mu,75,75,75,149,24,16482.283052781324,99187.79525606196,small_mu,disjoint_bag_coordinate_me_single_point_probe_v1,ok,,0.935,1.0
airplane vs ship,airplane,ship,0,4,4,rbf,large_mu,75,75,75,149,24,16482.283052781324,99187.79525606196,small_mu,disjoint_bag_coordinate_me_single_point_probe_v1,ok,,0.935,1.0
airplane vs ship,airplane,ship,0,4,6,rbf,large_mu,75,75,75,149,24,16482.283052781324,99187.79525606196,small_mu,disjoint_bag_coordinate_me_single_point_probe_v1,ok,,0.9325,0.1
airplane vs ship,airplane,ship,0,4,8,rbf,large_mu,75,75,75,149,24,16482.283052781324,99187.79525606196,large_mu,disjoint_bag_coordinate_me_single_point_probe_v1,ok,,0.93,0.1
airplane vs ship,airplane,ship,0,4,10,laplacian,large_mu,75,75,75,149,24,13563.505825588907,74967.28913103614,large_mu,disjoint_bag_coordinate_me_single_point_probe_v1,ok,,0.9375,10.0
airplane vs ship,airplane,ship,0,4,16,rbf,large_mu,75,75,75,149,24,16482.283052781324,99187.79525606196,large_mu,disjoint_bag_coordinate_me_single_point_probe_v1,ok,,0.9375,1.0
airplane vs ship,airplane,ship,0,4,24,rbf,large_mu,75,75,75,149,24,16482.283052781324,99187.79525606196,large_mu,disjoint_bag_coordinate_me_single_point_probe_v1,ok,,0.94,1.0
airplane vs ship,airplane,ship,0,4,1,rbf,small_mu,75,75,74,149,24,16482.283052781324,99187.79525606196,,disjoint_bag_coordinate_me_single_point_probe_v1,ok,,0.9325,0.1
airplane vs ship,airplane,ship,0,4,2,rbf,small_mu,75,75,74,149,24,16482.283052781324,99187.79525606196,small_mu,disjoint_bag_coordinate_me_single_point_probe_v1,ok,,0.935,10.0
airplane vs ship,airplane,ship,0,4,4,rbf,small_mu,75,75,74,149,24,16482.283052781324,99187.79525606196,small_mu,disjoint_bag_coordinate_me_single_point_probe_v1,ok,,0.94,10.0
airplane vs ship,airplane,ship,0,4,6,rbf,small_mu,75,75,74,149,24,16482.283052781324,99187.79525606196,small_mu,disjoint_bag_coordinate_me_single_point_probe_v1,ok,,0.935,1.0
airplane vs ship,airplane,ship,0,4,8,rbf,small_mu,75,75,74,149,24,16482.283052781324,99187.79525606196,large_mu,disjoint_bag_coordinate_me_single_point_probe_v1,ok,,0.935,10.0
airplane vs ship,airplane,ship,0,4,10,laplacian,small_mu,75,75,74,149,24,13563.505825588907,74967.28913103614,large_mu,disjoint_bag_coordinate_me_single_point_probe_v1,ok,,0.9425,1.0
airplane vs ship,airplane,ship,0,4,16,rbf,small_mu,75,75,74,149,24,16482.283052781324,99187.79525606196,large_mu,disjoint_bag_coordinate_me_single_point_probe_v1,ok,,0.945,1.0
airplane vs ship,airplane,ship,0,4,24,rbf,small_mu,75,75,74,149,24,16482.283052781324,99187.79525606196,large_mu,disjoint_bag_coordinate_me_single_point_probe_v1,ok,,0.9475,1.0
airplane vs ship,airplane,ship,0,8,1,laplacian,large_mu,37,37,37,73,24,15828.319577513645,38335.47880597616,,disjoint_bag_coordinate_me_single_point_probe_v1,ok,,0.9125,10.0
airplane vs ship,airplane,ship,0,8,2,rbf,large_mu,37,37,37,73,24,19756.589484025517,50999.127767321705,small_mu,disjoint_bag_coordinate_me_single_point_probe_v1,ok,,0.93,0.1
airplane vs ship,airplane,ship,0,8,4,rbf,large_mu,37,37,37,73,24,19756.589484025517,50999.127767321705,large_mu,disjoint_bag_coordinate_me_single_point_probe_v1,ok,,0.9325,0.1
airplane vs ship,airplane,ship,0,8,6,rbf,large_mu,37,37,37,73,24,19756.589484025517,50999.127767321705,large_mu,disjoint_bag_coordinate_me_single_point_probe_v1,ok,,0.9325,1.0
airplane vs ship,airplane,ship,0,8,8,polynomial,large_mu,37,37,37,73,24,120142.97464185276,184308.24756269372,large_mu,disjoint_bag_coordinate_me_single_point_probe_v1,ok,,0.9275,0.1
airplane vs ship,airplane,ship,0,8,10,rbf,large_mu,37,37,37,73,24,19756.589484025517,50999.127767321705,large_mu,disjoint_bag_coordinate_me_single_point_probe_v1,ok,,0.9225,0.1
airplane vs ship,airplane,ship,0,8,16,polynomial,large_mu,37,37,37,73,24,120142.97464185276,184308.24756269372,large_mu,disjoint_bag_coordinate_me_single_point_probe_v1,ok,,0.93,0.1
airplane vs ship,airplane,ship,0,8,24,polynomial,large_mu,37,37,37,73,24,120142.97464185276,184308.24756269372,large_mu,disjoint_bag_coordinate_me_single_point_probe_v1,ok,,0.9325,0.1
airplane vs ship,airplane,ship,0,8,1,rbf,small_mu,37,37,36,73,24,19756.589484025517,50999.127767321705,,disjoint_bag_coordinate_me_single_point_probe_v1,ok,,0.935,0.1
airplane vs ship,airplane,ship,0,8,2,rbf,small_mu,37,37,36,73,24,19756.589484025517,50999.127767321705,small_mu,disjoint_bag_coordinate_me_single_point_probe_v1,ok,,0.935,0.1
airplane vs ship,airplane,ship,0,8,4,rbf,small_mu,37,37,36,73,24,19756.589484025517,50999.127767321705,large_mu,disjoint_bag_coordinate_me_single_point_probe_v1,ok,,0.9275,0.1
airplane vs ship,airplane,ship,0,8,6,rbf,small_mu,37,37,36,73,24,19756.589484025517,50999.127767321705,large_mu,disjoint_bag_coordinate_me_single_point_probe_v1,ok,,0.93,0.1
airplane vs ship,airplane,ship,0,8,8,rbf,small_mu,37,37,36,73,24,19756.589484025517,50999.127767321705,large_mu,disjoint_bag_coordinate_me_single_point_probe_v1,ok,,0.925,0.1
airplane vs ship,airplane,ship,0,8,10,rbf,small_mu,37,37,36,73,24,19756.589484025517,50999.127767321705,large_mu,disjoint_bag_coordinate_me_single_point_probe_v1,ok,,0.925,0.1
airplane vs ship,airplane,ship,0,8,16,polynomial,small_mu,37,37,36,73,24,120142.97464185276,184308.24756269372,large_mu,disjoint_bag_coordinate_me_single_point_probe_v1,ok,,0.93,10.0
airplane vs ship,airplane,ship,0,8,24,rbf,small_mu,37,37,36,73,24,19756.589484025517,50999.127767321705,large_mu,disjoint_bag_coordinate_me_single_point_probe_v1,ok,,0.9275,1.0
airplane vs ship,airplane,ship,0,16,1,polynomial,large_mu,18,18,18,35,24,132624.42178418182,90857.50139928458,,disjoint_bag_coordinate_me_single_point_probe_v1,ok,,0.8975,1.0
airplane vs ship,airplane,ship,0,16,2,linear,large_mu,18,18,18,35,19,29776829.93034164,13205274.455678197,large_mu,disjoint_bag_coordinate_me_single_point_probe_v1,ok,,0.9025,1.0
airplane vs ship,airplane,ship,0,16,4,laplacian,large_mu,18,18,18,35,24,17380.907641073216,18450.23036859048,large_mu,disjoint_bag_coordinate_me_single_point_probe_v1,ok,,0.915,1.0
airplane vs ship,airplane,ship,0,16,6,laplacian,large_mu,18,18,18,35,24,17380.907641073216,18450.23036859048,large_mu,disjoint_bag_coordinate_me_single_point_probe_v1,ok,,0.91,10.0
airplane vs ship,airplane,ship,0,16,8,laplacian,large_mu,18,18,18,35,24,17380.907641073216,18450.23036859048,large_mu,disjoint_bag_coordinate_me_single_point_probe_v1,ok,,0.9175,0.1
airplane vs ship,airplane,ship,0,16,10,linear,large_mu,18,18,18,35,19,29776829.93034164,13205274.455678197,large_mu,disjoint_bag_coordinate_me_single_point_probe_v1,ok,,0.9175,1.0
airplane vs ship,airplane,ship,0,16,16,rbf,large_mu,18,18,18,35,24,22970.813802935347,24544.952651031435,large_mu,disjoint_bag_coordinate_me_single_point_probe_v1,ok,,0.9175,1.0
airplane vs ship,airplane,ship,0,16,1,laplacian,small_mu,18,18,17,35,24,17380.907641073216,18450.23036859048,,disjoint_bag_coordinate_me_single_point_probe_v1,ok,,0.91,0.1
airplane vs ship,airplane,ship,0,16,2,laplacian,small_mu,18,18,17,35,24,17380.907641073216,18450.23036859048,small_mu,disjoint_bag_coordinate_me_single_point_probe_v1,ok,,0.905,0.1
airplane vs ship,airplane,ship,0,16,4,laplacian,small_mu,18,18,17,35,24,17380.907641073216,18450.23036859048,large_mu,disjoint_bag_coordinate_me_single_point_probe_v1,ok,,0.915,1.0
airplane vs ship,airplane,ship,0,16,6,laplacian,small_mu,18,18,17,35,24,17380.907641073216,18450.23036859048,large_mu,disjoint_bag_coordinate_me_single_point_probe_v1,ok,,0.915,10.0
airplane vs ship,airplane,ship,0,16,8,linear,small_mu,18,18,17,35,18,29776829.93034164,13205274.455678197,large_mu,disjoint_bag_coordinate_me_single_point_probe_v1,ok,,0.915,10.0
airplane vs ship,airplane,ship,0,16,10,linear,small_mu,18,18,17,35,18,29776829.93034164,13205274.455678197,large_mu,disjoint_bag_coordinate_me_single_point_probe_v1,ok,,0.92,1.0
airplane vs ship,airplane,ship,0,16,16,laplacian,small_mu,18,18,17,35,24,17380.907641073216,18450.23036859048,large_mu,disjoint_bag_coordinate_me_single_point_probe_v1,ok,,0.9225,1.0
airplane vs ship,airplane,ship,1,4,1,rbf,large_mu,75,75,75,149,24,18843.640970427037,99849.9200480765,,disjoint_bag_coordinate_me_single_point_probe_v1,ok,,0.885,1.0
airplane vs ship,airplane,ship,1,4,2,laplacian,large_mu,75,75,75,149,24,15135.975367603583,75512.3599060107,small_mu,disjoint_bag_coordinate_me_single_point_probe_v1,ok,,0.9025,10.0
airplane vs ship,airplane,ship,1,4,4,rbf,large_mu,75,75,75,149,24,18843.640970427037,99849.9200480765,small_mu,disjoint_bag_coordinate_me_single_point_probe_v1,ok,,0.8975,10.0
airplane vs ship,airplane,ship,1,4,6,laplacian,large_mu,75,75,75,149,24,15135.975367603583,75512.3599060107,large_mu,disjoint_bag_coordinate_me_single_point_probe_v1,ok,,0.9025,1.0
airplane vs ship,airplane,ship,1,4,8,laplacian,large_mu,75,75,75,149,24,15135.975367603583,75512.3599060107,large_mu,disjoint_bag_coordinate_me_single_point_probe_v1,ok,,0.9075,0.1
airplane vs ship,airplane,ship,1,4,10,rbf,large_mu,75,75,75,149,24,18843.640970427037,99849.9200480765,large_mu,disjoint_bag_coordinate_me_single_point_probe_v1,ok,,0.905,1.0
airplane vs ship,airplane,ship,1,4,16,rbf,large_mu,75,75,75,149,24,18843.640970427037,99849.9200480765,large_mu,disjoint_bag_coordinate_me_single_point_probe_v1,ok,,0.9025,0.1
airplane vs ship,airplane,ship,1,4,24,laplacian,large_mu,75,75,75,149,24,15135.975367603583,75512.3599060107,large_mu,disjoint_bag_coordinate_me_single_point_probe_v1,ok,,0.91,0.1
airplane vs ship,airplane,ship,1,4,1,laplacian,small_mu,75,75,74,149,24,15135.975367603583,75512.3599060107,,disjoint_bag_coordinate_me_single_point_probe_v1,ok,,0.9025,1.0
airplane vs ship,airplane,ship,1,4,2,laplacian,small_mu,75,75,74,149,24,15135.975367603583,75512.3599060107,small_mu,disjoint_bag_coordinate_me_single_point_probe_v1,ok,,0.9025,1.0
airplane vs ship,airplane,ship,1,4,4,laplacian,small_mu,75,75,74,149,24,15135.975367603583,75512.3599060107,small_mu,disjoint_bag_coordinate_me_single_point_probe_v1,ok,,0.905,1.0
airplane vs ship,airplane,ship,1,4,6,laplacian,small_mu,75,75,74,149,24,15135.975367603583,75512.3599060107,large_mu,disjoint_bag_coordinate_me_single_point_probe_v1,ok,,0.915,0.1
airplane vs ship,airplane,ship,1,4,8,laplacian,small_mu,75,75,74,149,24,15135.975367603583,75512.3599060107,large_mu,disjoint_bag_coordinate_me_single_point_probe_v1,ok,,0.905,10.0
airplane vs ship,airplane,ship,1,4,10,laplacian,small_mu,75,75,74,149,24,15135.975367603583,75512.3599060107,large_mu,disjoint_bag_coordinate_me_single_point_probe_v1,ok,,0.905,1.0
airplane vs ship,airplane,ship,1,4,16,laplacian,small_mu,75,75,74,149,24,15135.975367603583,75512.3599060107,large_mu,disjoint_bag_coordinate_me_single_point_probe_v1,ok,,0.8975,10.0
airplane vs ship,airplane,ship,1,4,24,rbf,small_mu,75,75,74,149,24,18843.640970427037,99849.9200480765,large_mu,disjoint_bag_coordinate_me_single_point_probe_v1,ok,,0.9,1.0
airplane vs ship,airplane,ship,1,8,1,polynomial,large_mu,37,37,37,73,24,124766.82318546128,180683.6509197171,,disjoint_bag_coordinate_me_single_point_probe_v1,ok,,0.8875,1.0
airplane vs ship,airplane,ship,1,8,2,polynomial,large_mu,37,37,37,73,24,124766.82318546128,180683.6509197171,small_mu,disjoint_bag_coordinate_me_single_point_probe_v1,ok,,0.905,0.1
airplane vs ship,airplane,ship,1,8,4,polynomial,large_mu,37,37,37,73,24,124766.82318546128,180683.6509197171,large_mu,disjoint_bag_coordinate_me_single_point_probe_v1,ok,,0.9025,1.0
airplane vs ship,airplane,ship,1,8,6,linear,large_mu,37,37,37,73,24,25019269.947397172,23716466.87081376,large_mu,disjoint_bag_coordinate_me_single_point_probe_v1,ok,,0.91,0.1
airplane vs ship,airplane,ship,1,8,8,linear,large_mu,37,37,37,73,24,25019269.947397172,23716466.87081376,large_mu,disjoint_bag_coordinate_me_single_point_probe_v1,ok,,0.91,0.1
airplane vs ship,airplane,ship,1,8,10,polynomial,large_mu,37,37,37,73,24,124766.82318546128,180683.6509197171,large_mu,disjoint_bag_coordinate_me_single_point_probe_v1,ok,,0.91,0.1
airplane vs ship,airplane,ship,1,8,16,linear,large_mu,37,37,37,73,24,25019269.947397172,23716466.87081376,large_mu,disjoint_bag_coordinate_me_single_point_probe_v1,ok,,0.895,1.0
airplane vs ship,airplane,ship,1,8,24,polynomial,large_mu,37,37,37,73,24,124766.82318546128,180683.6509197171,large_mu,disjoint_bag_coordinate_me_single_point_probe_v1,ok,,0.9025,0.1
airplane vs ship,airplane,ship,1,8,1,polynomial,small_mu,37,37,36,73,24,124766.82318546128,180683.6509197171,,disjoint_bag_coordinate_me_single_point_probe_v1,ok,,0.8975,0.1
airplane vs ship,airplane,ship,1,8,2,laplacian,small_mu,37,37,36,73,24,16776.76553540217,37853.43196441687,small_mu,disjoint_bag_coordinate_me_single_point_probe_v1,ok,,0.895,1.0
airplane vs ship,airplane,ship,1,8,4,linear,small_mu,37,37,36,73,24,25019269.947397172,23716466.87081376,large_mu,disjoint_bag_coordinate_me_single_point_probe_v1,ok,,0.8925,0.1
airplane vs ship,airplane,ship,1,8,6,polynomial,small_mu,37,37,36,73,24,124766.82318546128,180683.6509197171,large_mu,disjoint_bag_coordinate_me_single_point_probe_v1,ok,,0.905,10.0
airplane vs ship,airplane,ship,1,8,8,polynomial,small_mu,37,37,36,73,24,124766.82318546128,180683.6509197171,large_mu,disjoint_bag_coordinate_me_single_point_probe_v1,ok,,0.91,0.1
airplane vs ship,airplane,ship,1,8,10,polynomial,small_mu,37,37,36,73,24,124766.82318546128,180683.6509197171,large_mu,disjoint_bag_coordinate_me_single_point_probe_v1,ok,,0.905,0.1
airplane vs ship,airplane,ship,1,8,16,linear,small_mu,37,37,36,73,24,25019269.947397172,23716466.87081376,large_mu,disjoint_bag_coordinate_me_single_point_probe_v1,ok,,0.905,10.0
airplane vs ship,airplane,ship,1,8,24,polynomial,small_mu,37,37,36,73,24,124766.82318546128,180683.6509197171,large_mu,disjoint_bag_coordinate_me_single_point_probe_v1,ok,,0.9075,10.0
airplane vs ship,airplane,ship,1,16,1,polynomial,large_mu,18,18,18,35,24,139970.8812622138,95154.21723271214,,disjoint_bag_coordinate_me_single_point_probe_v1,ok,,0.8625,0.1
airplane vs ship,airplane,ship,1,16,2,polynomial,large_mu,18,18,18,35,24,139970.8812622138,95154.21723271214,large_mu,disjoint_bag_coordinate_me_single_point_probe_v1,ok,,0.8925,10.0
airplane vs ship,airplane,ship,1,16,4,laplacian,large_mu,18,18,18,35,24,18042.373394588216,18755.546372598063,large_mu,disjoint_bag_coordinate_me_single_point_probe_v1,ok,,0.885,0.1
airplane vs ship,airplane,ship,1,16,6,linear,large_mu,18,18,18,35,19,30420587.583659295,13953903.152063113,large_mu,disjoint_bag_coordinate_me_single_point_probe_v1,ok,,0.8925,1.0
airplane vs ship,airplane,ship,1,16,8,polynomial,large_mu,18,18,18,35,24,139970.8812622138,95154.21723271214,large_mu,disjoint_bag_coordinate_me_single_point_probe_v1,ok,,0.8875,10.0
airplane vs ship,airplane,ship,1,16,10,linear,large_mu,18,18,18,35,19,30420587.583659295,13953903.152063113,large_mu,disjoint_bag_coordinate_me_single_point_probe_v1,ok,,0.89,1.0
airplane vs ship,airplane,ship,1,16,16,linear,large_mu,18,18,18,35,19,30420587.583659295,13953903.152063113,large_mu,disjoint_bag_coordinate_me_single_point_probe_v1,ok,,0.8875,1.0
airplane vs ship,airplane,ship,1,16,1,laplacian,small_mu,18,18,17,35,24,18042.373394588216,18755.546372598063,,disjoint_bag_coordinate_me_single_point_probe_v1,ok,,0.875,0.1
airplane vs ship,airplane,ship,1,16,2,rbf,small_mu,18,18,17,35,24,23664.7853610231,24908.990142032013,small_mu,disjoint_bag_coordinate_me_single_point_probe_v1,ok,,0.8875,10.0
airplane vs ship,airplane,ship,1,16,4,laplacian,small_mu,18,18,17,35,24,18042.373394588216,18755.546372598063,large_mu,disjoint_bag_coordinate_me_single_point_probe_v1,ok,,0.8875,1.0
airplane vs ship,airplane,ship,1,16,6,rbf,small_mu,18,18,17,35,24,23664.7853610231,24908.990142032013,large_mu,disjoint_bag_coordinate_me_single_point_probe_v1,ok,,0.885,10.0
airplane vs ship,airplane,ship,1,16,8,laplacian,small_mu,18,18,17,35,24,18042.373394588216,18755.546372598063,large_mu,disjoint_bag_coordinate_me_single_point_probe_v1,ok,,0.885,1.0
airplane vs ship,airplane,ship,1,16,10,rbf,small_mu,18,18,17,35,24,23664.7853610231,24908.990142032013,large_mu,disjoint_bag_coordinate_me_single_point_probe_v1,ok,,0.89,1.0
airplane vs ship,airplane,ship,1,16,16,polynomial,small_mu,18,18,17,35,24,139970.8812622138,95154.21723271214,large_mu,disjoint_bag_coordinate_me_single_point_probe_v1,ok,,0.89,0.1
airplane vs ship,airplane,ship,2,4,1,laplacian,large_mu,75,75,75,149,24,13829.58524477935,74336.61766937256,,disjoint_bag_coordinate_me_single_point_probe_v1,ok,,0.92,0.1
airplane vs ship,airplane,ship,2,4,2,rbf,large_mu,75,75,75,149,24,17520.754768003844,98182.84076481602,small_mu,disjoint_bag_coordinate_me_single_point_probe_v1,ok,,0.935,1.0
airplane vs ship,airplane,ship,2,4,4,rbf,large_mu,75,75,75,149,24,17520.754768003844,98182.84076481602,small_mu,disjoint_bag_coordinate_me_single_point_probe_v1,ok,,0.9275,10.0
airplane vs ship,airplane,ship,2,4,6,laplacian,large_mu,75,75,75,149,24,13829.58524477935,74336.61766937256,small_mu,disjoint_bag_coordinate_me_single_point_probe_v1,ok,,0.93,10.0
airplane vs ship,airplane,ship,2,4,8,rbf,large_mu,75,75,75,149,24,17520.754768003844,98182.84076481602,large_mu,disjoint_bag_coordinate_me_single_point_probe_v1,ok,,0.93,1.0
airplane vs ship,airplane,ship,2,4,10,laplacian,large_mu,75,75,75,149,24,13829.58524477935,74336.61766937256,large_mu,disjoint_bag_coordinate_me_single_point_probe_v1,ok,,0.93,10.0
airplane vs ship,airplane,ship,2,4,16,rbf,large_mu,75,75,75,149,24,17520.754768003844,98182.84076481602,large_mu,disjoint_bag_coordinate_me_single_point_probe_v1,ok,,0.935,1.0
airplane vs ship,airplane,ship,2,4,24,laplacian,large_mu,75,75,75,149,24,13829.58524477935,74336.61766937256,large_mu,disjoint_bag_coordinate_me_single_point_probe_v1,ok,,0.94,1.0
airplane vs ship,airplane,ship,2,4,1,laplacian,small_mu,75,75,74,149,24,13829.58524477935,74336.61766937256,,disjoint_bag_coordinate_me_single_point_probe_v1,ok,,0.94,0.1
airplane vs ship,airplane,ship,2,4,2,laplacian,small_mu,75,75,74,149,24,13829.58524477935,74336.61766937256,small_mu,disjoint_bag_coordinate_me_single_point_probe_v1,ok,,0.94,1.0
airplane vs ship,airplane,ship,2,4,4,laplacian,small_mu,75,75,74,149,24,13829.58524477935,74336.61766937256,small_mu,disjoint_bag_coordinate_me_single_point_probe_v1,ok,,0.9425,1.0
airplane vs ship,airplane,ship,2,4,6,laplacian,small_mu,75,75,74,149,24,13829.58524477935,74336.61766937256,small_mu,disjoint_bag_coordinate_me_single_point_probe_v1,ok,,0.9425,1.0
airplane vs ship,airplane,ship,2,4,8,laplacian,small_mu,75,75,74,149,24,13829.58524477935,74336.61766937256,large_mu,disjoint_bag_coordinate_me_single_point_probe_v1,ok,,0.9425,10.0
airplane vs ship,airplane,ship,2,4,10,laplacian,small_mu,75,75,74,149,24,13829.58524477935,74336.61766937256,large_mu,disjoint_bag_coordinate_me_single_point_probe_v1,ok,,0.94,10.0
airplane vs ship,airplane,ship,2,4,16,rbf,small_mu,75,75,74,149,24,17520.754768003844,98182.84076481602,large_mu,disjoint_bag_coordinate_me_single_point_probe_v1,ok,,0.9325,1.0
airplane vs ship,airplane,ship,2,4,24,laplacian,small_mu,75,75,74,149,24,13829.58524477935,74336.61766937256,large_mu,disjoint_bag_coordinate_me_single_point_probe_v1,ok,,0.9325,1.0
airplane vs ship,airplane,ship,2,8,1,laplacian,large_mu,37,37,37,73,24,14575.734119256613,37791.04067837831,,disjoint_bag_coordinate_me_single_point_probe_v1,ok,,0.9225,10.0
airplane vs ship,airplane,ship,2,8,2,rbf,large_mu,37,37,37,73,24,18710.295332063382,50191.26835763852,small_mu,disjoint_bag_coordinate_me_single_point_probe_v1,ok,,0.925,0.1
airplane vs ship,airplane,ship,2,8,4,rbf,large_mu,37,37,37,73,24,18710.295332063382,50191.26835763852,large_mu,disjoint_bag_coordinate_me_single_point_probe_v1,ok,,0.93,10.0
airplane vs ship,airplane,ship,2,8,6,rbf,large_mu,37,37,37,73,24,18710.295332063382,50191.26835763852,large_mu,disjoint_bag_coordinate_me_single_point_probe_v1,ok,,0.9275,10.0
airplane vs ship,airplane,ship,2,8,8,rbf,large_mu,37,37,37,73,24,18710.295332063382,50191.26835763852,large_mu,disjoint_bag_coordinate_me_single_point_probe_v1,ok,,0.9275,10.0
airplane vs ship,airplane,ship,2,8,10,laplacian,large_mu,37,37,37,73,24,14575.734119256613,37791.04067837831,large_mu,disjoint_bag_coordinate_me_single_point_probe_v1,ok,,0.9325,10.0
airplane vs ship,airplane,ship,2,8,16,rbf,large_mu,37,37,37,73,24,18710.295332063382,50191.26835763852,large_mu,disjoint_bag_coordinate_me_single_point_probe_v1,ok,,0.9275,1.0
airplane vs ship,airplane,ship,2,8,24,rbf,large_mu,37,37,37,73,24,18710.295332063382,50191.26835763852,large_mu,disjoint_bag_coordinate_me_single_point_probe_v1,ok,,0.935,0.1
airplane vs ship,airplane,ship,2,8,1,laplacian,small_mu,37,37,36,73,24,14575.734119256613,37791.04067837831,,disjoint_bag_coordinate_me_single_point_probe_v1,ok,,0.93,10.0
airplane vs ship,airplane,ship,2,8,2,laplacian,small_mu,37,37,36,73,24,14575.734119256613,37791.04067837831,small_mu,disjoint_bag_coordinate_me_single_point_probe_v1,ok,,0.925,1.0
airplane vs ship,airplane,ship,2,8,4,rbf,small_mu,37,37,36,73,24,18710.295332063382,50191.26835763852,large_mu,disjoint_bag_coordinate_me_single_point_probe_v1,ok,,0.9225,1.0
airplane vs ship,airplane,ship,2,8,6,rbf,small_mu,37,37,36,73,24,18710.295332063382,50191.26835763852,large_mu,disjoint_bag_coordinate_me_single_point_probe_v1,ok,,0.92,1.0
airplane vs ship,airplane,ship,2,8,8,laplacian,small_mu,37,37,36,73,24,14575.734119256613,37791.04067837831,large_mu,disjoint_bag_coordinate_me_single_point_probe_v1,ok,,0.935,10.0
airplane vs ship,airplane,ship,2,8,10,rbf,small_mu,37,37,36,73,24,18710.295332063382,50191.26835763852,large_mu,disjoint_bag_coordinate_me_single_point_probe_v1,ok,,0.935,1.0
airplane vs ship,airplane,ship,2,8,16,laplacian,small_mu,37,37,36,73,24,14575.734119256613,37791.04067837831,large_mu,disjoint_bag_coordinate_me_single_point_probe_v1,ok,,0.9325,1.0
airplane vs ship,airplane,ship,2,8,24,rbf,small_mu,37,37,36,73,24,18710.295332063382,50191.26835763852,large_mu,disjoint_bag_coordinate_me_single_point_probe_v1,ok,,0.935,1.0
airplane vs ship,airplane,ship,2,16,1,linear,large_mu,18,18,18,35,19,29954479.335556567,13050828.564463727,,disjoint_bag_coordinate_me_single_point_probe_v1,ok,,0.915,10.0
airplane vs ship,airplane,ship,2,16,2,polynomial,large_mu,18,18,18,35,24,134256.11040756718,91172.8940694585,large_mu,disjoint_bag_coordinate_me_single_point_probe_v1,ok,,0.92,10.0
airplane vs ship,airplane,ship,2,16,4,laplacian,large_mu,18,18,18,35,24,16914.79185461417,18521.272431295976,large_mu,disjoint_bag_coordinate_me_single_point_probe_v1,ok,,0.92,0.1
airplane vs ship,airplane,ship,2,16,6,polynomial,large_mu,18,18,18,35,24,134256.11040756718,91172.8940694585,large_mu,disjoint_bag_coordinate_me_single_point_probe_v1,ok,,0.92,0.1
airplane vs ship,airplane,ship,2,16,8,linear,large_mu,18,18,18,35,19,29954479.335556567,13050828.564463727,large_mu,disjoint_bag_coordinate_me_single_point_probe_v1,ok,,0.9175,10.0
airplane vs ship,airplane,ship,2,16,10,laplacian,large_mu,18,18,18,35,24,16914.79185461417,18521.272431295976,large_mu,disjoint_bag_coordinate_me_single_point_probe_v1,ok,,0.915,1.0
airplane vs ship,airplane,ship,2,16,16,linear,large_mu,18,18,18,35,19,29954479.335556567,13050828.564463727,large_mu,disjoint_bag_coordinate_me_single_point_probe_v1,ok,,0.915,1.0
airplane vs ship,airplane,ship,2,16,1,laplacian,small_mu,18,18,17,35,24,16914.79185461417,18521.272431295976,,disjoint_bag_coordinate_me_single_point_probe_v1,ok,,0.91,0.1
airplane vs ship,airplane,ship,2,16,2,polynomial,small_mu,18,18,17,35,24,134256.11040756718,91172.8940694585,large_mu,disjoint_bag_coordinate_me_single_point_probe_v1,ok,,0.9125,1.0
airplane vs ship,airplane,ship,2,16,4,laplacian,small_mu,18,18,17,35,24,16914.79185461417,18521.272431295976,large_mu,disjoint_bag_coordinate_me_single_point_probe_v1,ok,,0.915,1.0
airplane vs ship,airplane,ship,2,16,6,laplacian,small_mu,18,18,17,35,24,16914.79185461417,18521.272431295976,large_mu,disjoint_bag_coordinate_me_single_point_probe_v1,ok,,0.9175,1.0
airplane vs ship,airplane,ship,2,16,8,rbf,small_mu,18,18,17,35,24,21826.957353736416,24606.364696985547,large_mu,disjoint_bag_coordinate_me_single_point_probe_v1,ok,,0.91,1.0
airplane vs ship,airplane,ship,2,16,10,polynomial,small_mu,18,18,17,35,24,134256.11040756718,91172.8940694585,large_mu,disjoint_bag_coordinate_me_single_point_probe_v1,ok,,0.9125,0.1
airplane vs ship,airplane,ship,2,16,16,rbf,small_mu,18,18,17,35,24,21826.957353736416,24606.364696985547,large_mu,disjoint_bag_coordinate_me_single_point_probe_v1,ok,,0.9125,1.0
automobile vs truck,automobile,truck,0,4,1,laplacian,large_mu,75,75,75,149,24,9888.881752995148,76301.93570695823,,disjoint_bag_coordinate_me_single_point_probe_v1,ok,,0.91,1.0
automobile vs truck,automobile,truck,0,4,2,polynomial,large_mu,75,75,75,149,24,63555.1761141571,294459.5310230659,small_mu,disjoint_bag_coordinate_me_single_point_probe_v1,ok,,0.905,0.1
automobile vs truck,automobile,truck,0,4,4,laplacian,large_mu,75,75,75,149,24,9888.881752995148,76301.93570695823,small_mu,disjoint_bag_coordinate_me_single_point_probe_v1,ok,,0.9125,1.0
automobile vs truck,automobile,truck,0,4,6,laplacian,large_mu,75,75,75,149,24,9888.881752995148,76301.93570695823,small_mu,disjoint_bag_coordinate_me_single_point_probe_v1,ok,,0.9125,0.1
automobile vs truck,automobile,truck,0,4,8,laplacian,large_mu,75,75,75,149,24,9888.881752995148,76301.93570695823,small_mu,disjoint_bag_coordinate_me_single_point_probe_v1,ok,,0.91,0.1
automobile vs truck,automobile,truck,0,4,10,laplacian,large_mu,75,75,75,149,24,9888.881752995148,76301.93570695823,large_mu,disjoint_bag_coordinate_me_single_point_probe_v1,ok,,0.9075,0.1
automobile vs truck,automobile,truck,0,4,16,laplacian,large_mu,75,75,75,149,24,9888.881752995148,76301.93570695823,large_mu,disjoint_bag_coordinate_me_single_point_probe_v1,ok,,0.9075,0.1
automobile vs truck,automobile,truck,0,4,24,laplacian,large_mu,75,75,75,149,24,9888.881752995148,76301.93570695823,large_mu,disjoint_bag_coordinate_me_single_point_probe_v1,ok,,0.905,0.1
automobile vs truck,automobile,truck,0,4,1,laplacian,small_mu,75,75,74,149,24,9888.881752995148,76301.93570695823,,disjoint_bag_coordinate_me_single_point_probe_v1,ok,,0.9075,0.1
automobile vs truck,automobile,truck,0,4,2,laplacian,small_mu,75,75,74,149,24,9888.881752995148,76301.93570695823,small_mu,disjoint_bag_coordinate_me_single_point_probe_v1,ok,,0.91,1.0
automobile vs truck,automobile,truck,0,4,4,laplacian,small_mu,75,75,74,149,24,9888.881752995148,76301.93570695823,small_mu,disjoint_bag_coordinate_me_single_point_probe_v1,ok,,0.9075,0.1
automobile vs truck,automobile,truck,0,4,6,laplacian,small_mu,75,75,74,149,24,9888.881752995148,76301.93570695823,small_mu,disjoint_bag_coordinate_me_single_point_probe_v1,ok,,0.91,1.0
automobile vs truck,automobile,truck,0,4,8,laplacian,small_mu,75,75,74,149,24,9888.881752995148,76301.93570695823,small_mu,disjoint_bag_coordinate_me_single_point_probe_v1,ok,,0.91,0.1
automobile vs truck,automobile,truck,0,4,10,laplacian,small_mu,75,75,74,149,24,9888.881752995148,76301.93570695823,large_mu,disjoint_bag_coordinate_me_single_point_probe_v1,ok,,0.91,0.1
automobile vs truck,automobile,truck,0,4,16,laplacian,small_mu,75,75,74,149,24,9888.881752995148,76301.93570695823,large_mu,disjoint_bag_coordinate_me_single_point_probe_v1,ok,,0.91,1.0
automobile vs truck,automobile,truck,0,4,24,polynomial,small_mu,75,75,74,149,24,63555.1761141571,294459.5310230659,large_mu,disjoint_bag_coordinate_me_single_point_probe_v1,ok,,0.9125,1.0
automobile vs truck,automobile,truck,0,8,1,rbf,large_mu,37,37,37,73,24,14642.030542134338,49440.429564285274,,disjoint_bag_coordinate_me_single_point_probe_v1,ok,,0.9025,0.1
automobile vs truck,automobile,truck,0,8,2,laplacian,large_mu,37,37,37,73,24,10909.929156856417,38384.829516831785,small_mu,disjoint_bag_coordinate_me_single_point_probe_v1,ok,,0.9025,0.1
automobile vs truck,automobile,truck,0,8,4,laplacian,large_mu,37,37,37,73,24,10909.929156856417,38384.829516831785,small_mu,disjoint_bag_coordinate_me_single_point_probe_v1,ok,,0.91,1.0
automobile vs truck,automobile,truck,0,8,6,laplacian,large_mu,37,37,37,73,24,10909.929156856417,38384.829516831785,large_mu,disjoint_bag_coordinate_me_single_point_probe_v1,ok,,0.9125,0.1
automobile vs truck,automobile,truck,0,8,8,laplacian,large_mu,37,37,37,73,24,10909.929156856417,38384.829516831785,large_mu,disjoint_bag_coordinate_me_single_point_probe_v1,ok,,0.9175,0.1
automobile vs truck,automobile,truck,0,8,10,laplacian,large_mu,37,37,37,73,24,10909.929156856417,38384.829516831785,large_mu,disjoint_bag_coordinate_me_single_point_probe_v1,ok,,0.915,0.1
automobile vs truck,automobile,truck,0,8,16,laplacian,large_mu,37,37,37,73,24,10909.929156856417,38384.829516831785,large_mu,disjoint_bag_coordinate_me_single_point_probe_v1,ok,,0.9175,1.0
automobile vs truck,automobile,truck,0,8,24,laplacian,large_mu,37,37,37,73,24,10909.929156856417,38384.829516831785,large_mu,disjoint_bag_coordinate_me_single_point_probe_v1,ok,,0.9125,0.1
automobile vs truck,automobile,truck,0,8,1,laplacian,small_mu,37,37,36,73,24,10909.929156856417,38384.829516831785,,disjoint_bag_coordinate_me_single_point_probe_v1,ok,,0.9075,0.1
automobile vs truck,automobile,truck,0,8,2,laplacian,small_mu,37,37,36,73,24,10909.929156856417,38384.829516831785,small_mu,disjoint_bag_coordinate_me_single_point_probe_v1,ok,,0.905,1.0
automobile vs truck,automobile,truck,0,8,4,laplacian,small_mu,37,37,36,73,24,10909.929156856417,38384.829516831785,small_mu,disjoint_bag_coordinate_me_single_point_probe_v1,ok,,0.9125,10.0
automobile vs truck,automobile,truck,0,8,6,laplacian,small_mu,37,37,36,73,24,10909.929156856417,38384.829516831785,large_mu,disjoint_bag_coordinate_me_single_point_probe_v1,ok,,0.92,1.0
automobile vs truck,automobile,truck,0,8,8,laplacian,small_mu,37,37,36,73,24,10909.929156856417,38384.829516831785,large_mu,disjoint_bag_coordinate_me_single_point_probe_v1,ok,,0.92,1.0
automobile vs truck,automobile,truck,0,8,10,laplacian,small_mu,37,37,36,73,24,10909.929156856417,38384.829516831785,large_mu,disjoint_bag_coordinate_me_single_point_probe_v1,ok,,0.9175,10.0
automobile vs truck,automobile,truck,0,8,16,laplacian,small_mu,37,37,36,73,24,10909.929156856417,38384.829516831785,large_mu,disjoint_bag_coordinate_me_single_point_probe_v1,ok,,0.9175,0.1
automobile vs truck,automobile,truck,0,8,24,laplacian,small_mu,37,37,36,73,24,10909.929156856417,38384.829516831785,large_mu,disjoint_bag_coordinate_me_single_point_probe_v1,ok,,0.915,1.0
automobile vs truck,automobile,truck,0,16,1,laplacian,large_mu,18,18,18,35,24,11311.8724647744,18777.678304907025,,disjoint_bag_coordinate_me_single_point_probe_v1,ok,,0.9025,0.1
automobile vs truck,automobile,truck,0,16,2,laplacian,large_mu,18,18,18,35,24,11311.8724647744,18777.678304907025,small_mu,disjoint_bag_coordinate_me_single_point_probe_v1,ok,,0.9025,0.1
automobile vs truck,automobile,truck,0,16,4,laplacian,large_mu,18,18,18,35,24,11311.8724647744,18777.678304907025,large_mu,disjoint_bag_coordinate_me_single_point_probe_v1,ok,,0.9075,0.1
automobile vs truck,automobile,truck,0,16,6,laplacian,large_mu,18,18,18,35,24,11311.8724647744,18777.678304907025,large_mu,disjoint_bag_coordinate_me_single_point_probe_v1,ok,,0.9075,0.1
automobile vs truck,automobile,truck,0,16,8,laplacian,large_mu,18,18,18,35,24,11311.8724647744,18777.678304907025,large_mu,disjoint_bag_coordinate_me_single_point_probe_v1,ok,,0.9075,0.1
automobile vs truck,automobile,truck,0,16,10,laplacian,large_mu,18,18,18,35,24,11311.8724647744,18777.678304907025,large_mu,disjoint_bag_coordinate_me_single_point_probe_v1,ok,,0.91,1.0
automobile vs truck,automobile,truck,0,16,16,linear,large_mu,18,18,18,35,19,18427732.091260467,12521075.285672612,large_mu,disjoint_bag_coordinate_me_single_point_probe_v1,ok,,0.91,0.1
automobile vs truck,automobile,truck,0,16,1,laplacian,small_mu,18,18,17,35,24,11311.8724647744,18777.678304907025,,disjoint_bag_coordinate_me_single_point_probe_v1,ok,,0.905,0.1
automobile vs truck,automobile,truck,0,16,2,laplacian,small_mu,18,18,17,35,24,11311.8724647744,18777.678304907025,small_mu,disjoint_bag_coordinate_me_single_point_probe_v1,ok,,0.905,10.0
automobile vs truck,automobile,truck,0,16,4,laplacian,small_mu,18,18,17,35,24,11311.8724647744,18777.678304907025,large_mu,disjoint_bag_coordinate_me_single_point_probe_v1,ok,,0.91,1.0
automobile vs truck,automobile,truck,0,16,6,laplacian,small_mu,18,18,17,35,24,11311.8724647744,18777.678304907025,large_mu,disjoint_bag_coordinate_me_single_point_probe_v1,ok,,0.91,10.0
automobile vs truck,automobile,truck,0,16,8,laplacian,small_mu,18,18,17,35,24,11311.8724647744,18777.678304907025,large_mu,disjoint_bag_coordinate_me_single_point_probe_v1,ok,,0.9125,1.0
automobile vs truck,automobile,truck,0,16,10,laplacian,small_mu,18,18,17,35,24,11311.8724647744,18777.678304907025,large_mu,disjoint_bag_coordinate_me_single_point_probe_v1,ok,,0.905,1.0
automobile vs truck,automobile,truck,0,16,16,laplacian,small_mu,18,18,17,35,24,11311.8724647744,18777.678304907025,large_mu,disjoint_bag_coordinate_me_single_point_probe_v1,ok,,0.91,0.1
automobile vs truck,automobile,truck,1,4,1,laplacian,large_mu,75,75,75,149,24,10302.947705015016,76504.36420564693,,disjoint_bag_coordinate_me_single_point_probe_v1,ok,,0.9,0.1
automobile vs truck,automobile,truck,1,4,2,rbf,large_mu,75,75,75,149,24,14068.07413473566,98482.86368056654,small_mu,disjoint_bag_coordinate_me_single_point_probe_v1,ok,,0.895,1.0
automobile vs truck,automobile,truck,1,4,4,laplacian,large_mu,75,75,75,149,24,10302.947705015016,76504.36420564693,small_mu,disjoint_bag_coordinate_me_single_point_probe_v1,ok,,0.9025,0.1
automobile vs truck,automobile,truck,1,4,6,laplacian,large_mu,75,75,75,149,24,10302.947705015016,76504.36420564693,small_mu,disjoint_bag_coordinate_me_single_point_probe_v1,ok,,0.8875,0.1
automobile vs truck,automobile,truck,1,4,8,polynomial,large_mu,75,75,75,149,24,65114.58254644832,299359.57453974214,large_mu,disjoint_bag_coordinate_me_single_point_probe_v1,ok,,0.8825,10.0
automobile vs truck,automobile,truck,1,4,10,laplacian,large_mu,75,75,75,149,24,10302.947705015016,76504.36420564693,large_mu,disjoint_bag_coordinate_me_single_point_probe_v1,ok,,0.88,1.0
automobile vs truck,automobile,truck,1,4,16,laplacian,large_mu,75,75,75,149,24,10302.947705015016,76504.36420564693,large_mu,disjoint_bag_coordinate_me_single_point_probe_v1,ok,,0.895,0.1
automobile vs truck,automobile,truck,1,4,24,linear,large_mu,75,75,75,149,24,10854367.721248474,36754692.7909224,large_mu,disjoint_bag_coordinate_me_single_point_probe_v1,ok,,0.89,0.1
automobile vs truck,automobile,truck,1,4,1,rbf,small_mu,75,75,74,149,24,14068.07413473566,98482.86368056654,,disjoint_bag_coordinate_me_single_point_probe_v1,ok,,0.89,0.1
automobile vs truck,automobile,truck,1,4,2,laplacian,small_mu,75,75,74,149,24,10302.947705015016,76504.36420564693,small_mu,disjoint_bag_coordinate_me_single_point_probe_v1,ok,,0.895,0.1
automobile vs truck,automobile,truck,1,4,4,laplacian,small_mu,75,75,74,149,24,10302.947705015016,76504.36420564693,small_mu,disjoint_bag_coordinate_me_single_point_probe_v1,ok,,0.905,0.1
automobile vs truck,automobile,truck,1,4,6,laplacian,small_mu,75,75,74,149,24,10302.947705015016,76504.36420564693,small_mu,disjoint_bag_coordinate_me_single_point_probe_v1,ok,,0.9,1.0
automobile vs truck,automobile,truck,1,4,8,laplacian,small_mu,75,75,74,149,24,10302.947705015016,76504.36420564693,small_mu,disjoint_bag_coordinate_me_single_point_probe_v1,ok,,0.9,1.0
automobile vs truck,automobile,truck,1,4,10,laplacian,small_mu,75,75,74,149,24,10302.947705015016,76504.36420564693,large_mu,disjoint_bag_coordinate_me_single_point_probe_v1,ok,,0.895,1.0
automobile vs truck,automobile,truck,1,4,16,polynomial,small_mu,75,75,74,149,24,65114.58254644832,299359.57453974214,large_mu,disjoint_bag_coordinate_me_single_point_probe_v1,ok,,0.8925,1.0
automobile vs truck,automobile,truck,1,4,24,laplacian,small_mu,75,75,74,149,24,10302.947705015016,76504.36420564693,large_mu,disjoint_bag_coordinate_me_single_point_probe_v1,ok,,0.8975,1.0
automobile vs truck,automobile,truck,1,8,1,laplacian,large_mu,37,37,37,73,24,11743.002639307004,38479.048767550514,,disjoint_bag_coordinate_me_single_point_probe_v1,ok,,0.9125,1.0
automobile vs truck,automobile,truck,1,8,2,laplacian,large_mu,37,37,37,73,24,11743.002639307004,38479.048767550514,small_mu,disjoint_bag_coordinate_me_single_point_probe_v1,ok,,0.9075,0.1
automobile vs truck,automobile,truck,1,8,4,laplacian,large_mu,37,37,37,73,24,11743.002639307004,38479.048767550514,small_mu,disjoint_bag_coordinate_me_single_point_probe_v1,ok,,0.9125,0.1
automobile vs truck,automobile,truck,1,8,6,rbf,large_mu,37,37,37,73,24,16316.30335809281,49721.909706679704,large_mu,disjoint_bag_coordinate_me_single_point_probe_v1,ok,,0.9025,1.0
automobile vs truck,automobile,truck,1,8,8,rbf,large_mu,37,37,37,73,24,16316.30335809281,49721.909706679704,large_mu,disjoint_bag_coordinate_me_single_point_probe_v1,ok,,0.8975,1.0
automobile vs truck,automobile,truck,1,8,10,laplacian,large_mu,37,37,37,73,24,11743.002639307004,38479.048767550514,large_mu,disjoint_bag_coordinate_me_single_point_probe_v1,ok,,0.9,0.1
automobile vs truck,automobile,truck,1,8,16,rbf,large_mu,37,37,37,73,24,16316.30335809281,49721.909706679704,large_mu,disjoint_bag_coordinate_me_single_point_probe_v1,ok,,0.8975,1.0
automobile vs truck,automobile,truck,1,8,24,laplacian,large_mu,37,37,37,73,24,11743.002639307004,38479.048767550514,large_mu,disjoint_bag_coordinate_me_single_point_probe_v1,ok,,0.9,0.1
automobile vs truck,automobile,truck,1,8,1,rbf,small_mu,37,37,36,73,24,16316.30335809281,49721.909706679704,,disjoint_bag_coordinate_me_single_point_probe_v1,ok,,0.895,0.1
automobile vs truck,automobile,truck,1,8,2,rbf,small_mu,37,37,36,73,24,16316.30335809281,49721.909706679704,small_mu,disjoint_bag_coordinate_me_single_point_probe_v1,ok,,0.9025,0.1
automobile vs truck,automobile,truck,1,8,4,rbf,small_mu,37,37,36,73,24,16316.30335809281,49721.909706679704,small_mu,disjoint_bag_coordinate_me_single_point_probe_v1,ok,,0.9,1.0
automobile vs truck,automobile,truck,1,8,6,rbf,small_mu,37,37,36,73,24,16316.30335809281,49721.909706679704,large_mu,disjoint_bag_coordinate_me_single_point_probe_v1,ok,,0.9,1.0
automobile vs truck,automobile,truck,1,8,8,laplacian,small_mu,37,37,36,73,24,11743.002639307004,38479.048767550514,large_mu,disjoint_bag_coordinate_me_single_point_probe_v1,ok,,0.9025,0.1
automobile vs truck,automobile,truck,1,8,10,rbf,small_mu,37,37,36,73,24,16316.30335809281,49721.909706679704,large_mu,disjoint_bag_coordinate_me_single_point_probe_v1,ok,,0.8975,1.0
automobile vs truck,automobile,truck,1,8,16,laplacian,small_mu,37,37,36,73,24,11743.002639307004,38479.048767550514,large_mu,disjoint_bag_coordinate_me_single_point_probe_v1,ok,,0.9025,1.0
automobile vs truck,automobile,truck,1,8,24,laplacian,small_mu,37,37,36,73,24,11743.002639307004,38479.048767550514,large_mu,disjoint_bag_coordinate_me_single_point_probe_v1,ok,,0.9025,1.0
automobile vs truck,automobile,truck,1,16,1,laplacian,large_mu,18,18,18,35,24,12902.873717080223,18618.166694094056,,disjoint_bag_coordinate_me_single_point_probe_v1,ok,,0.8975,1.0
automobile vs truck,automobile,truck,1,16,2,laplacian,large_mu,18,18,18,35,24,12902.873717080223,18618.166694094056,small_mu,disjoint_bag_coordinate_me_single_point_probe_v1,ok,,0.8975,1.0
automobile vs truck,automobile,truck,1,16,4,rbf,large_mu,18,18,18,35,24,17713.60419774373,23974.19470175545,large_mu,disjoint_bag_coordinate_me_single_point_probe_v1,ok,,0.9,1.0
automobile vs truck,automobile,truck,1,16,6,polynomial,large_mu,18,18,18,35,24,103713.80771269643,78390.24870476179,large_mu,disjoint_bag_coordinate_me_single_point_probe_v1,ok,,0.9025,0.1
automobile vs truck,automobile,truck,1,16,8,polynomial,large_mu,18,18,18,35,24,103713.80771269643,78390.24870476179,large_mu,disjoint_bag_coordinate_me_single_point_probe_v1,ok,,0.9,1.0
automobile vs truck,automobile,truck,1,16,10,polynomial,large_mu,18,18,18,35,24,103713.80771269643,78390.24870476179,large_mu,disjoint_bag_coordinate_me_single_point_probe_v1,ok,,0.9025,1.0
automobile vs truck,automobile,truck,1,16,16,laplacian,large_mu,18,18,18,35,24,12902.873717080223,18618.166694094056,large_mu,disjoint_bag_coordinate_me_single_point_probe_v1,ok,,0.8975,0.1
automobile vs truck,automobile,truck,1,16,1,rbf,small_mu,18,18,17,35,24,17713.60419774373,23974.19470175545,,disjoint_bag_coordinate_me_single_point_probe_v1,ok,,0.9,0.1
automobile vs truck,automobile,truck,1,16,2,rbf,small_mu,18,18,17,35,24,17713.60419774373,23974.19470175545,small_mu,disjoint_bag_coordinate_me_single_point_probe_v1,ok,,0.9,0.1
automobile vs truck,automobile,truck,1,16,4,rbf,small_mu,18,18,17,35,24,17713.60419774373,23974.19470175545,large_mu,disjoint_bag_coordinate_me_single_point_probe_v1,ok,,0.905,10.0
automobile vs truck,automobile,truck,1,16,6,rbf,small_mu,18,18,17,35,24,17713.60419774373,23974.19470175545,large_mu,disjoint_bag_coordinate_me_single_point_probe_v1,ok,,0.9025,1.0
automobile vs truck,automobile,truck,1,16,8,rbf,small_mu,18,18,17,35,24,17713.60419774373,23974.19470175545,large_mu,disjoint_bag_coordinate_me_single_point_probe_v1,ok,,0.9,1.0
automobile vs truck,automobile,truck,1,16,10,laplacian,small_mu,18,18,17,35,24,12902.873717080223,18618.166694094056,large_mu,disjoint_bag_coordinate_me_single_point_probe_v1,ok,,0.9,10.0
automobile vs truck,automobile,truck,1,16,16,laplacian,small_mu,18,18,17,35,24,12902.873717080223,18618.166694094056,large_mu,disjoint_bag_coordinate_me_single_point_probe_v1,ok,,0.9,0.1
automobile vs truck,automobile,truck,2,4,1,polynomial,large_mu,75,75,75,149,24,55049.38107285425,301179.3893446378,,disjoint_bag_coordinate_me_single_point_probe_v1,ok,,0.9275,0.1
automobile vs truck,automobile,truck,2,4,2,polynomial,large_mu,75,75,75,149,24,55049.38107285425,301179.3893446378,small_mu,disjoint_bag_coordinate_me_single_point_probe_v1,ok,,0.93,0.1
automobile vs truck,automobile,truck,2,4,4,rbf,large_mu,75,75,75,149,24,12166.753351019532,98933.06858467108,small_mu,disjoint_bag_coordinate_me_single_point_probe_v1,ok,,0.9225,0.1
automobile vs truck,automobile,truck,2,4,6,polynomial,large_mu,75,75,75,149,24,55049.38107285425,301179.3893446378,small_mu,disjoint_bag_coordinate_me_single_point_probe_v1,ok,,0.9275,0.1
automobile vs truck,automobile,truck,2,4,8,laplacian,large_mu,75,75,75,149,24,9002.470948286453,76847.43125334273,small_mu,disjoint_bag_coordinate_me_single_point_probe_v1,ok,,0.92,1.0
automobile vs truck,automobile,truck,2,4,10,linear,large_mu,75,75,75,149,24,8648173.18940104,37274056.90183878,large_mu,disjoint_bag_coordinate_me_single_point_probe_v1,ok,,0.9225,1.0
automobile vs truck,automobile,truck,2,4,16,linear,large_mu,75,75,75,149,24,8648173.18940104,37274056.90183878,large_mu,disjoint_bag_coordinate_me_single_point_probe_v1,ok,,0.93,1.0
automobile vs truck,automobile,truck,2,4,24,laplacian,large_mu,75,75,75,149,24,9002.470948286453,76847.43125334273,large_mu,disjoint_bag_coordinate_me_single_point_probe_v1,ok,,0.93,0.1
automobile vs truck,automobile,truck,2,4,1,laplacian,small_mu,75,75,74,149,24,9002.470948286453,76847.43125334273,,disjoint_bag_coordinate_me_single_point_probe_v1,ok,,0.925,10.0
automobile vs truck,automobile,truck,2,4,2,rbf,small_mu,75,75,74,149,24,12166.753351019532,98933.06858467108,small_mu,disjoint_bag_coordinate_me_single_point_probe_v1,ok,,0.925,1.0
automobile vs truck,automobile,truck,2,4,4,laplacian,small_mu,75,75,74,149,24,9002.470948286453,76847.43125334273,small_mu,disjoint_bag_coordinate_me_single_point_probe_v1,ok,,0.9275,1.0
automobile vs truck,automobile,truck,2,4,6,laplacian,small_mu,75,75,74,149,24,9002.470948286453,76847.43125334273,small_mu,disjoint_bag_coordinate_me_single_point_probe_v1,ok,,0.93,1.0
automobile vs truck,automobile,truck,2,4,8,rbf,small_mu,75,75,74,149,24,12166.753351019532,98933.06858467108,small_mu,disjoint_bag_coordinate_me_single_point_probe_v1,ok,,0.93,1.0
automobile vs truck,automobile,truck,2,4,10,rbf,small_mu,75,75,74,149,24,12166.753351019532,98933.06858467108,large_mu,disjoint_bag_coordinate_me_single_point_probe_v1,ok,,0.9325,1.0
automobile vs truck,automobile,truck,2,4,16,rbf,small_mu,75,75,74,149,24,12166.753351019532,98933.06858467108,large_mu,disjoint_bag_coordinate_me_single_point_probe_v1,ok,,0.925,1.0
automobile vs truck,automobile,truck,2,4,24,laplacian,small_mu,75,75,74,149,24,9002.470948286453,76847.43125334273,large_mu,disjoint_bag_coordinate_me_single_point_probe_v1,ok,,0.93,1.0
automobile vs truck,automobile,truck,2,8,1,laplacian,large_mu,37,37,37,73,24,10116.384527288154,38854.23932897474,,disjoint_bag_coordinate_me_single_point_probe_v1,ok,,0.915,0.1
automobile vs truck,automobile,truck,2,8,2,laplacian,large_mu,37,37,37,73,24,10116.384527288154,38854.23932897474,small_mu,disjoint_bag_coordinate_me_single_point_probe_v1,ok,,0.9225,0.1
automobile vs truck,automobile,truck,2,8,4,rbf,large_mu,37,37,37,73,24,13777.643776987488,50213.79619146492,small_mu,disjoint_bag_coordinate_me_single_point_probe_v1,ok,,0.925,0.1
automobile vs truck,automobile,truck,2,8,6,rbf,large_mu,37,37,37,73,24,13777.643776987488,50213.79619146492,large_mu,disjoint_bag_coordinate_me_single_point_probe_v1,ok,,0.925,0.1
automobile vs truck,automobile,truck,2,8,8,polynomial,large_mu,37,37,37,73,24,72435.91098745803,163284.59516832762,large_mu,disjoint_bag_coordinate_me_single_point_probe_v1,ok,,0.925,1.0
automobile vs truck,automobile,truck,2,8,10,linear,large_mu,37,37,37,73,24,14360450.13609599,23821522.479126472,large_mu,disjoint_bag_coordinate_me_single_point_probe_v1,ok,,0.925,0.1
automobile vs truck,automobile,truck,2,8,16,linear,large_mu,37,37,37,73,24,14360450.13609599,23821522.479126472,large_mu,disjoint_bag_coordinate_me_single_point_probe_v1,ok,,0.925,1.0
automobile vs truck,automobile,truck,2,8,24,laplacian,large_mu,37,37,37,73,24,10116.384527288154,38854.23932897474,large_mu,disjoint_bag_coordinate_me_single_point_probe_v1,ok,,0.925,0.1
automobile vs truck,automobile,truck,2,8,1,polynomial,small_mu,37,37,36,73,24,72435.91098745803,163284.59516832762,,disjoint_bag_coordinate_me_single_point_probe_v1,ok,,0.9275,0.1
automobile vs truck,automobile,truck,2,8,2,laplacian,small_mu,37,37,36,73,24,10116.384527288154,38854.23932897474,small_mu,disjoint_bag_coordinate_me_single_point_probe_v1,ok,,0.925,10.0
automobile vs truck,automobile,truck,2,8,4,rbf,small_mu,37,37,36,73,24,13777.643776987488,50213.79619146492,small_mu,disjoint_bag_coordinate_me_single_point_probe_v1,ok,,0.93,10.0
automobile vs truck,automobile,truck,2,8,6,laplacian,small_mu,37,37,36,73,24,10116.384527288154,38854.23932897474,large_mu,disjoint_bag_coordinate_me_single_point_probe_v1,ok,,0.9275,1.0
automobile vs truck,automobile,truck,2,8,8,rbf,small_mu,37,37,36,73,24,13777.643776987488,50213.79619146492,large_mu,disjoint_bag_coordinate_me_single_point_probe_v1,ok,,0.9275,10.0
automobile vs truck,automobile,truck,2,8,10,laplacian,small_mu,37,37,36,73,24,10116.384527288154,38854.23932897474,large_mu,disjoint_bag_coordinate_me_single_point_probe_v1,ok,,0.925,1.0
automobile vs truck,automobile,truck,2,8,16,laplacian,small_mu,37,37,36,73,24,10116.384527288154,38854.23932897474,large_mu,disjoint_bag_coordinate_me_single_point_probe_v1,ok,,0.925,10.0
automobile vs truck,automobile,truck,2,8,24,laplacian,small_mu,37,37,36,73,24,10116.384527288154,38854.23932897474,large_mu,disjoint_bag_coordinate_me_single_point_probe_v1,ok,,0.93,1.0
automobile vs truck,automobile,truck,2,16,1,rbf,large_mu,18,18,18,35,24,15010.529901589802,25015.650416727545,,disjoint_bag_coordinate_me_single_point_probe_v1,ok,,0.92,0.1
automobile vs truck,automobile,truck,2,16,2,rbf,large_mu,18,18,18,35,24,15010.529901589802,25015.650416727545,small_mu,disjoint_bag_coordinate_me_single_point_probe_v1,ok,,0.9175,1.0
automobile vs truck,automobile,truck,2,16,4,laplacian,large_mu,18,18,18,35,24,11101.587229037365,19181.983912257,large_mu,disjoint_bag_coordinate_me_single_point_probe_v1,ok,,0.9175,1.0
automobile vs truck,automobile,truck,2,16,6,rbf,large_mu,18,18,18,35,24,15010.529901589802,25015.650416727545,large_mu,disjoint_bag_coordinate_me_single_point_probe_v1,ok,,0.92,1.0
automobile vs truck,automobile,truck,2,16,8,rbf,large_mu,18,18,18,35,24,15010.529901589802,25015.650416727545,large_mu,disjoint_bag_coordinate_me_single_point_probe_v1,ok,,0.92,0.1
automobile vs truck,automobile,truck,2,16,10,rbf,large_mu,18,18,18,35,24,15010.529901589802,25015.650416727545,large_mu,disjoint_bag_coordinate_me_single_point_probe_v1,ok,,0.92,1.0
automobile vs truck,automobile,truck,2,16,16,rbf,large_mu,18,18,18,35,24,15010.529901589802,25015.650416727545,large_mu,disjoint_bag_coordinate_me_single_point_probe_v1,ok,,0.9225,0.1
automobile vs truck,automobile,truck,2,16,1,rbf,small_mu,18,18,17,35,24,15010.529901589802,25015.650416727545,,disjoint_bag_coordinate_me_single_point_probe_v1,ok,,0.9175,10.0
automobile vs truck,automobile,truck,2,16,2,rbf,small_mu,18,18,17,35,24,15010.529901589802,25015.650416727545,small_mu,disjoint_bag_coordinate_me_single_point_probe_v1,ok,,0.9225,0.1
automobile vs truck,automobile,truck,2,16,4,laplacian,small_mu,18,18,17,35,24,11101.587229037365,19181.983912257,large_mu,disjoint_bag_coordinate_me_single_point_probe_v1,ok,,0.92,10.0
automobile vs truck,automobile,truck,2,16,6,rbf,small_mu,18,18,17,35,24,15010.529901589802,25015.650416727545,large_mu,disjoint_bag_coordinate_me_single_point_probe_v1,ok,,0.9225,1.0
automobile vs truck,automobile,truck,2,16,8,rbf,small_mu,18,18,17,35,24,15010.529901589802,25015.650416727545,large_mu,disjoint_bag_coordinate_me_single_point_probe_v1,ok,,0.925,0.1
automobile vs truck,automobile,truck,2,16,10,rbf,small_mu,18,18,17,35,24,15010.529901589802,25015.650416727545,large_mu,disjoint_bag_coordinate_me_single_point_probe_v1,ok,,0.925,0.1
automobile vs truck,automobile,truck,2,16,16,rbf,small_mu,18,18,17,35,24,15010.529901589802,25015.650416727545,large_mu,disjoint_bag_coordinate_me_single_point_probe_v1,ok,,0.925,0.1
cat vs dog,cat,dog,0,4,1,polynomial,large_mu,75,75,75,149,24,36326.41229546272,283337.7312705072,,disjoint_bag_coordinate_me_single_point_probe_v1,ok,,0.835,0.1
cat vs dog,cat,dog,0,4,2,polynomial,large_mu,75,75,75,149,24,36326.41229546272,283337.7312705072,small_mu,disjoint_bag_coordinate_me_single_point_probe_v1,ok,,0.8475,0.1
cat vs dog,cat,dog,0,4,4,polynomial,large_mu,75,75,75,149,24,36326.41229546272,283337.7312705072,small_mu,disjoint_bag_coordinate_me_single_point_probe_v1,ok,,0.855,10.0
cat vs dog,cat,dog,0,4,6,polynomial,large_mu,75,75,75,149,24,36326.41229546272,283337.7312705072,small_mu,disjoint_bag_coordinate_me_single_point_probe_v1,ok,,0.8475,1.0
cat vs dog,cat,dog,0,4,8,polynomial,large_mu,75,75,75,149,24,36326.41229546272,283337.7312705072,small_mu,disjoint_bag_coordinate_me_single_point_probe_v1,ok,,0.85,1.0
cat vs dog,cat,dog,0,4,10,polynomial,large_mu,75,75,75,149,24,36326.41229546272,283337.7312705072,large_mu,disjoint_bag_coordinate_me_single_point_probe_v1,ok,,0.8575,0.1
cat vs dog,cat,dog,0,4,16,polynomial,large_mu,75,75,75,149,24,36326.41229546272,283337.7312705072,large_mu,disjoint_bag_coordinate_me_single_point_probe_v1,ok,,0.8625,10.0
cat vs dog,cat,dog,0,4,24,polynomial,large_mu,75,75,75,149,24,36326.41229546272,283337.7312705072,large_mu,disjoint_bag_coordinate_me_single_point_probe_v1,ok,,0.86,0.1
cat vs dog,cat,dog,0,4,1,polynomial,small_mu,75,75,74,149,24,36326.41229546272,283337.7312705072,,disjoint_bag_coordinate_me_single_point_probe_v1,ok,,0.8325,1.0
cat vs dog,cat,dog,0,4,2,polynomial,small_mu,75,75,74,149,24,36326.41229546272,283337.7312705072,small_mu,disjoint_bag_coordinate_me_single_point_probe_v1,ok,,0.8325,0.1
cat vs dog,cat,dog,0,4,4,polynomial,small_mu,75,75,74,149,24,36326.41229546272,283337.7312705072,small_mu,disjoint_bag_coordinate_me_single_point_probe_v1,ok,,0.84,1.0
cat vs dog,cat,dog,0,4,6,rbf,small_mu,75,75,74,149,24,9156.50666579534,95416.628185835,small_mu,disjoint_bag_coordinate_me_single_point_probe_v1,ok,,0.84,10.0
cat vs dog,cat,dog,0,4,8,polynomial,small_mu,75,75,74,149,24,36326.41229546272,283337.7312705072,small_mu,disjoint_bag_coordinate_me_single_point_probe_v1,ok,,0.8425,10.0
cat vs dog,cat,dog,0,4,10,polynomial,small_mu,75,75,74,149,24,36326.41229546272,283337.7312705072,large_mu,disjoint_bag_coordinate_me_single_point_probe_v1,ok,,0.85,1.0
cat vs dog,cat,dog,0,4,16,polynomial,small_mu,75,75,74,149,24,36326.41229546272,283337.7312705072,large_mu,disjoint_bag_coordinate_me_single_point_probe_v1,ok,,0.845,1.0
cat vs dog,cat,dog,0,4,24,rbf,small_mu,75,75,74,149,24,9156.50666579534,95416.628185835,large_mu,disjoint_bag_coordinate_me_single_point_probe_v1,ok,,0.8425,1.0
cat vs dog,cat,dog,0,8,1,polynomial,large_mu,37,37,37,73,24,57857.33669537658,154590.1673221438,,disjoint_bag_coordinate_me_single_point_probe_v1,ok,,0.83,1.0
cat vs dog,cat,dog,0,8,2,linear,large_mu,37,37,37,73,24,10803475.926410208,21559773.608287647,small_mu,disjoint_bag_coordinate_me_single_point_probe_v1,ok,,0.8275,0.1
cat vs dog,cat,dog,0,8,4,linear,large_mu,37,37,37,73,24,10803475.926410208,21559773.608287647,large_mu,disjoint_bag_coordinate_me_single_point_probe_v1,ok,,0.845,0.1
cat vs dog,cat,dog,0,8,6,linear,large_mu,37,37,37,73,24,10803475.926410208,21559773.608287647,large_mu,disjoint_bag_coordinate_me_single_point_probe_v1,ok,,0.8425,1.0
cat vs dog,cat,dog,0,8,8,linear,large_mu,37,37,37,73,24,10803475.926410208,21559773.608287647,large_mu,disjoint_bag_coordinate_me_single_point_probe_v1,ok,,0.855,0.1
cat vs dog,cat,dog,0,8,10,linear,large_mu,37,37,37,73,24,10803475.926410208,21559773.608287647,large_mu,disjoint_bag_coordinate_me_single_point_probe_v1,ok,,0.855,10.0
cat vs dog,cat,dog,0,8,16,rbf,large_mu,37,37,37,73,24,11820.390845156437,48459.429338146176,large_mu,disjoint_bag_coordinate_me_single_point_probe_v1,ok,,0.85,1.0
cat vs dog,cat,dog,0,8,24,rbf,large_mu,37,37,37,73,24,11820.390845156437,48459.429338146176,large_mu,disjoint_bag_coordinate_me_single_point_probe_v1,ok,,0.8525,10.0
cat vs dog,cat,dog,0,8,1,rbf,small_mu,37,37,36,73,24,11820.390845156437,48459.429338146176,,disjoint_bag_coordinate_me_single_point_probe_v1,ok,,0.8325,0.1
cat vs dog,cat,dog,0,8,2,rbf,small_mu,37,37,36,73,24,11820.390845156437,48459.429338146176,small_mu,disjoint_bag_coordinate_me_single_point_probe_v1,ok,,0.8425,10.0
cat vs dog,cat,dog,0,8,4,rbf,small_mu,37,37,36,73,24,11820.390845156437,48459.429338146176,small_mu,disjoint_bag_coordinate_me_single_point_probe_v1,ok,,0.8425,10.0
cat vs dog,cat,dog,0,8,6,rbf,small_mu,37,37,36,73,24,11820.390845156437,48459.429338146176,large_mu,disjoint_bag_coordinate_me_single_point_probe_v1,ok,,0.84,1.0
cat vs dog,cat,dog,0,8,8,rbf,small_mu,37,37,36,73,24,11820.390845156437,48459.429338146176,large_mu,disjoint_bag_coordinate_me_single_point_probe_v1,ok,,0.8375,1.0
cat vs dog,cat,dog,0,8,10,rbf,small_mu,37,37,36,73,24,11820.390845156437,48459.429338146176,large_mu,disjoint_bag_coordinate_me_single_point_probe_v1,ok,,0.8475,1.0
cat vs dog,cat,dog,0,8,16,rbf,small_mu,37,37,36,73,24,11820.390845156437,48459.429338146176,large_mu,disjoint_bag_coordinate_me_single_point_probe_v1,ok,,0.8475,1.0
cat vs dog,cat,dog,0,8,24,rbf,small_mu,37,37,36,73,24,11820.390845156437,48459.429338146176,large_mu,disjoint_bag_coordinate_me_single_point_probe_v1,ok,,0.8325,0.1
cat vs dog,cat,dog,0,16,1,polynomial,large_mu,18,18,18,35,24,69902.89826337236,81015.58695205604,,disjoint_bag_coordinate_me_single_point_probe_v1,ok,,0.825,0.1
cat vs dog,cat,dog,0,16,2,polynomial,large_mu,18,18,18,35,24,69902.89826337236,81015.58695205604,small_mu,disjoint_bag_coordinate_me_single_point_probe_v1,ok,,0.8275,0.1
cat vs dog,cat,dog,0,16,4,polynomial,large_mu,18,18,18,35,24,69902.89826337236,81015.58695205604,large_mu,disjoint_bag_coordinate_me_single_point_probe_v1,ok,,0.8275,0.1
cat vs dog,cat,dog,0,16,6,polynomial,large_mu,18,18,18,35,24,69902.89826337236,81015.58695205604,large_mu,disjoint_bag_coordinate_me_single_point_probe_v1,ok,,0.83,10.0
cat vs dog,cat,dog,0,16,8,polynomial,large_mu,18,18,18,35,24,69902.89826337236,81015.58695205604,large_mu,disjoint_bag_coordinate_me_single_point_probe_v1,ok,,0.84,1.0
cat vs dog,cat,dog,0,16,10,polynomial,large_mu,18,18,18,35,24,69902.89826337236,81015.58695205604,large_mu,disjoint_bag_coordinate_me_single_point_probe_v1,ok,,0.8475,1.0
cat vs dog,cat,dog,0,16,16,linear,large_mu,18,18,18,35,19,14193024.833762769,12348070.63045548,large_mu,disjoint_bag_coordinate_me_single_point_probe_v1,ok,,0.84,10.0
cat vs dog,cat,dog,0,16,1,laplacian,small_mu,18,18,17,35,24,9647.273807451576,18418.247655120147,,disjoint_bag_coordinate_me_single_point_probe_v1,ok,,0.805,1.0
cat vs dog,cat,dog,0,16,2,polynomial,small_mu,18,18,17,35,24,69902.89826337236,81015.58695205604,small_mu,disjoint_bag_coordinate_me_single_point_probe_v1,ok,,0.8075,0.1
cat vs dog,cat,dog,0,16,4,polynomial,small_mu,18,18,17,35,24,69902.89826337236,81015.58695205604,large_mu,disjoint_bag_coordinate_me_single_point_probe_v1,ok,,0.8325,0.1
cat vs dog,cat,dog,0,16,6,polynomial,small_mu,18,18,17,35,24,69902.89826337236,81015.58695205604,large_mu,disjoint_bag_coordinate_me_single_point_probe_v1,ok,,0.8275,10.0
cat vs dog,cat,dog,0,16,8,polynomial,small_mu,18,18,17,35,24,69902.89826337236,81015.58695205604,large_mu,disjoint_bag_coordinate_me_single_point_probe_v1,ok,,0.8475,1.0
cat vs dog,cat,dog,0,16,10,polynomial,small_mu,18,18,17,35,24,69902.89826337236,81015.58695205604,large_mu,disjoint_bag_coordinate_me_single_point_probe_v1,ok,,0.855,1.0
cat vs dog,cat,dog,0,16,16,polynomial,small_mu,18,18,17,35,24,69902.89826337236,81015.58695205604,large_mu,disjoint_bag_coordinate_me_single_point_probe_v1,ok,,0.84,1.0
cat vs dog,cat,dog,1,4,1,laplacian,large_mu,75,75,75,149,24,7607.406989404965,72694.78641058359,,disjoint_bag_coordinate_me_single_point_probe_v1,ok,,0.825,10.0
cat vs dog,cat,dog,1,4,2,laplacian,large_mu,75,75,75,149,24,7607.406989404965,72694.78641058359,small_mu,disjoint_bag_coordinate_me_single_point_probe_v1,ok,,0.825,1.0
cat vs dog,cat,dog,1,4,4,laplacian,large_mu,75,75,75,149,24,7607.406989404965,72694.78641058359,small_mu,disjoint_bag_coordinate_me_single_point_probe_v1,ok,,0.8125,0.1
cat vs dog,cat,dog,1,4,6,polynomial,large_mu,75,75,75,149,24,45149.35830542061,282236.7561763017,small_mu,disjoint_bag_coordinate_me_single_point_probe_v1,ok,,0.825,0.1
cat vs dog,cat,dog,1,4,8,laplacian,large_mu,75,75,75,149,24,7607.406989404965,72694.78641058359,small_mu,disjoint_bag_coordinate_me_single_point_probe_v1,ok,,0.835,0.1
cat vs dog,cat,dog,1,4,10,laplacian,large_mu,75,75,75,149,24,7607.406989404965,72694.78641058359,small_mu,disjoint_bag_coordinate_me_single_point_probe_v1,ok,,0.8425,1.0
cat vs dog,cat,dog,1,4,16,polynomial,large_mu,75,75,75,149,24,45149.35830542061,282236.7561763017,large_mu,disjoint_bag_coordinate_me_single_point_probe_v1,ok,,0.84,1.0
cat vs dog,cat,dog,1,4,24,laplacian,large_mu,75,75,75,149,24,7607.406989404965,72694.78641058359,large_mu,disjoint_bag_coordinate_me_single_point_probe_v1,ok,,0.84,0.1
cat vs dog,cat,dog,1,4,1,laplacian,small_mu,75,75,74,149,24,7607.406989404965,72694.78641058359,,disjoint_bag_coordinate_me_single_point_probe_v1,ok,,0.8325,1.0
cat vs dog,cat,dog,1,4,2,laplacian,small_mu,75,75,74,149,24,7607.406989404965,72694.78641058359,small_mu,disjoint_bag_coordinate_me_single_point_probe_v1,ok,,0.83,1.0
cat vs dog,cat,dog,1,4,4,laplacian,small_mu,75,75,74,149,24,7607.406989404965,72694.78641058359,small_mu,disjoint_bag_coordinate_me_single_point_probe_v1,ok,,0.83,10.0
cat vs dog,cat,dog,1,4,6,laplacian,small_mu,75,75,74,149,24,7607.406989404965,72694.78641058359,small_mu,disjoint_bag_coordinate_me_single_point_probe_v1,ok,,0.835,1.0
cat vs dog,cat,dog,1,4,8,laplacian,small_mu,75,75,74,149,24,7607.406989404965,72694.78641058359,small_mu,disjoint_bag_coordinate_me_single_point_probe_v1,ok,,0.8325,1.0
cat vs dog,cat,dog,1,4,10,laplacian,small_mu,75,75,74,149,24,7607.406989404965,72694.78641058359,small_mu,disjoint_bag_coordinate_me_single_point_probe_v1,ok,,0.84,1.0
cat vs dog,cat,dog,1,4,16,laplacian,small_mu,75,75,74,149,24,7607.406989404965,72694.78641058359,large_mu,disjoint_bag_coordinate_me_single_point_probe_v1,ok,,0.84,1.0
cat vs dog,cat,dog,1,4,24,polynomial,small_mu,75,75,74,149,24,45149.35830542061,282236.7561763017,large_mu,disjoint_bag_coordinate_me_single_point_probe_v1,ok,,0.835,10.0
cat vs dog,cat,dog,1,8,1,laplacian,large_mu,37,37,37,73,24,8934.244728404929,36984.24376211448,,disjoint_bag_coordinate_me_single_point_probe_v1,ok,,0.8075,1.0
cat vs dog,cat,dog,1,8,2,laplacian,large_mu,37,37,37,73,24,8934.244728404929,36984.24376211448,small_mu,disjoint_bag_coordinate_me_single_point_probe_v1,ok,,0.8075,0.1
cat vs dog,cat,dog,1,8,4,laplacian,large_mu,37,37,37,73,24,8934.244728404929,36984.24376211448,small_mu,disjoint_bag_coordinate_me_single_point_probe_v1,ok,,0.8175,10.0
cat vs dog,cat,dog,1,8,6,laplacian,large_mu,37,37,37,73,24,8934.244728404929,36984.24376211448,large_mu,disjoint_bag_coordinate_me_single_point_probe_v1,ok,,0.8125,0.1
cat vs dog,cat,dog,1,8,8,laplacian,large_mu,37,37,37,73,24,8934.244728404929,36984.24376211448,large_mu,disjoint_bag_coordinate_me_single_point_probe_v1,ok,,0.8125,10.0
cat vs dog,cat,dog,1,8,10,laplacian,large_mu,37,37,37,73,24,8934.244728404929,36984.24376211448,large_mu,disjoint_bag_coordinate_me_single_point_probe_v1,ok,,0.8125,0.1
cat vs dog,cat,dog,1,8,16,laplacian,large_mu,37,37,37,73,24,8934.244728404929,36984.24376211448,large_mu,disjoint_bag_coordinate_me_single_point_probe_v1,ok,,0.8225,0.1
cat vs dog,cat,dog,1,8,24,laplacian,large_mu,37,37,37,73,24,8934.244728404929,36984.24376211448,large_mu,disjoint_bag_coordinate_me_single_point_probe_v1,ok,,0.8275,1.0
cat vs dog,cat,dog,1,8,1,laplacian,small_mu,37,37,36,73,24,8934.244728404929,36984.24376211448,,disjoint_bag_coordinate_me_single_point_probe_v1,ok,,0.815,10.0
cat vs dog,cat,dog,1,8,2,laplacian,small_mu,37,37,36,73,24,8934.244728404929,36984.24376211448,small_mu,disjoint_bag_coordinate_me_single_point_probe_v1,ok,,0.8125,10.0
cat vs dog,cat,dog,1,8,4,laplacian,small_mu,37,37,36,73,24,8934.244728404929,36984.24376211448,small_mu,disjoint_bag_coordinate_me_single_point_probe_v1,ok,,0.81,1.0
cat vs dog,cat,dog,1,8,6,polynomial,small_mu,37,37,36,73,24,61428.659451868014,155929.01883397877,large_mu,disjoint_bag_coordinate_me_single_point_probe_v1,ok,,0.81,0.1
cat vs dog,cat,dog,1,8,8,polynomial,small_mu,37,37,36,73,24,61428.659451868014,155929.01883397877,large_mu,disjoint_bag_coordinate_me_single_point_probe_v1,ok,,0.8075,10.0
cat vs dog,cat,dog,1,8,10,polynomial,small_mu,37,37,36,73,24,61428.659451868014,155929.01883397877,large_mu,disjoint_bag_coordinate_me_single_point_probe_v1,ok,,0.815,1.0
cat vs dog,cat,dog,1,8,16,polynomial,small_mu,37,37,36,73,24,61428.659451868014,155929.01883397877,large_mu,disjoint_bag_coordinate_me_single_point_probe_v1,ok,,0.825,1.0
cat vs dog,cat,dog,1,8,24,laplacian,small_mu,37,37,36,73,24,8934.244728404929,36984.24376211448,large_mu,disjoint_bag_coordinate_me_single_point_probe_v1,ok,,0.825,10.0
cat vs dog,cat,dog,1,16,1,polynomial,large_mu,18,18,18,35,24,71985.31526666746,78629.21254336077,,disjoint_bag_coordinate_me_single_point_probe_v1,ok,,0.8175,0.1
cat vs dog,cat,dog,1,16,2,polynomial,large_mu,18,18,18,35,24,71985.31526666746,78629.21254336077,small_mu,disjoint_bag_coordinate_me_single_point_probe_v1,ok,,0.82,0.1
cat vs dog,cat,dog,1,16,4,sigmoid,large_mu,18,18,18,35,24,25296.686504293564,14192.837386252268,large_mu,disjoint_bag_coordinate_me_single_point_probe_v1,ok,,0.8175,1.0
cat vs dog,cat,dog,1,16,6,polynomial,large_mu,18,18,18,35,24,71985.31526666746,78629.21254336077,large_mu,disjoint_bag_coordinate_me_single_point_probe_v1,ok,,0.82,10.0
cat vs dog,cat,dog,1,16,8,polynomial,large_mu,18,18,18,35,24,71985.31526666746,78629.21254336077,large_mu,disjoint_bag_coordinate_me_single_point_probe_v1,ok,,0.8225,0.1
cat vs dog,cat,dog,1,16,10,polynomial,large_mu,18,18,18,35,24,71985.31526666746,78629.21254336077,large_mu,disjoint_bag_coordinate_me_single_point_probe_v1,ok,,0.8325,0.1
cat vs dog,cat,dog,1,16,16,polynomial,large_mu,18,18,18,35,24,71985.31526666746,78629.21254336077,large_mu,disjoint_bag_coordinate_me_single_point_probe_v1,ok,,0.8375,10.0
cat vs dog,cat,dog,1,16,1,linear,small_mu,18,18,17,35,18,15216760.681847138,11867694.18398099,,disjoint_bag_coordinate_me_single_point_probe_v1,ok,,0.84,1.0
cat vs dog,cat,dog,1,16,2,polynomial,small_mu,18,18,17,35,24,71985.31526666746,78629.21254336077,small_mu,disjoint_bag_coordinate_me_single_point_probe_v1,ok,,0.845,1.0
cat vs dog,cat,dog,1,16,4,linear,small_mu,18,18,17,35,18,15216760.681847138,11867694.18398099,large_mu,disjoint_bag_coordinate_me_single_point_probe_v1,ok,,0.835,0.1
cat vs dog,cat,dog,1,16,6,polynomial,small_mu,18,18,17,35,24,71985.31526666746,78629.21254336077,large_mu,disjoint_bag_coordinate_me_single_point_probe_v1,ok,,0.8375,10.0
cat vs dog,cat,dog,1,16,8,linear,small_mu,18,18,17,35,18,15216760.681847138,11867694.18398099,large_mu,disjoint_bag_coordinate_me_single_point_probe_v1,ok,,0.835,1.0
cat vs dog,cat,dog,1,16,10,linear,small_mu,18,18,17,35,18,15216760.681847138,11867694.18398099,large_mu,disjoint_bag_coordinate_me_single_point_probe_v1,ok,,0.8325,10.0
cat vs dog,cat,dog,1,16,16,polynomial,small_mu,18,18,17,35,24,71985.31526666746,78629.21254336077,large_mu,disjoint_bag_coordinate_me_single_point_probe_v1,ok,,0.8375,1.0
cat vs dog,cat,dog,2,4,1,rbf,large_mu,75,75,75,149,24,9902.269714683753,96489.2644580945,,disjoint_bag_coordinate_me_single_point_probe_v1,ok,,0.8425,10.0
cat vs dog,cat,dog,2,4,2,rbf,large_mu,75,75,75,149,24,9902.269714683753,96489.2644580945,small_mu,disjoint_bag_coordinate_me_single_point_probe_v1,ok,,0.84,1.0
cat vs dog,cat,dog,2,4,4,laplacian,large_mu,75,75,75,149,24,7569.991454641167,73567.704574397,small_mu,disjoint_bag_coordinate_me_single_point_probe_v1,ok,,0.845,1.0
cat vs dog,cat,dog,2,4,6,rbf,large_mu,75,75,75,149,24,9902.269714683753,96489.2644580945,small_mu,disjoint_bag_coordinate_me_single_point_probe_v1,ok,,0.845,0.1
cat vs dog,cat,dog,2,4,8,rbf,large_mu,75,75,75,149,24,9902.269714683753,96489.2644580945,small_mu,disjoint_bag_coordinate_me_single_point_probe_v1,ok,,0.845,0.1
cat vs dog,cat,dog,2,4,10,rbf,large_mu,75,75,75,149,24,9902.269714683753,96489.2644580945,small_mu,disjoint_bag_coordinate_me_single_point_probe_v1,ok,,0.84,1.0
cat vs dog,cat,dog,2,4,16,polynomial,large_mu,75,75,75,149,24,42333.02049891479,294978.53354827734,large_mu,disjoint_bag_coordinate_me_single_point_probe_v1,ok,,0.8475,0.1
cat vs dog,cat,dog,2,4,24,rbf,large_mu,75,75,75,149,24,9902.269714683753,96489.2644580945,large_mu,disjoint_bag_coordinate_me_single_point_probe_v1,ok,,0.8475,0.1
cat vs dog,cat,dog,2,4,1,rbf,small_mu,75,75,74,149,24,9902.269714683753,96489.2644580945,,disjoint_bag_coordinate_me_single_point_probe_v1,ok,,0.8425,0.1
cat vs dog,cat,dog,2,4,2,rbf,small_mu,75,75,74,149,24,9902.269714683753,96489.2644580945,small_mu,disjoint_bag_coordinate_me_single_point_probe_v1,ok,,0.8425,0.1
cat vs dog,cat,dog,2,4,4,laplacian,small_mu,75,75,74,149,24,7569.991454641167,73567.704574397,small_mu,disjoint_bag_coordinate_me_single_point_probe_v1,ok,,0.8475,10.0
cat vs dog,cat,dog,2,4,6,rbf,small_mu,75,75,74,149,24,9902.269714683753,96489.2644580945,small_mu,disjoint_bag_coordinate_me_single_point_probe_v1,ok,,0.8475,0.1
cat vs dog,cat,dog,2,4,8,laplacian,small_mu,75,75,74,149,24,7569.991454641167,73567.704574397,small_mu,disjoint_bag_coordinate_me_single_point_probe_v1,ok,,0.845,10.0
cat vs dog,cat,dog,2,4,10,laplacian,small_mu,75,75,74,149,24,7569.991454641167,73567.704574397,small_mu,disjoint_bag_coordinate_me_single_point_probe_v1,ok,,0.8475,1.0
cat vs dog,cat,dog,2,4,16,laplacian,small_mu,75,75,74,149,24,7569.991454641167,73567.704574397,large_mu,disjoint_bag_coordinate_me_single_point_probe_v1,ok,,0.8475,0.1
cat vs dog,cat,dog,2,4,24,laplacian,small_mu,75,75,74,149,24,7569.991454641167,73567.704574397,large_mu,disjoint_bag_coordinate_me_single_point_probe_v1,ok,,0.8475,0.1
cat vs dog,cat,dog,2,8,1,laplacian,large_mu,37,37,37,73,24,8613.677983597594,36980.87334517726,,disjoint_bag_coordinate_me_single_point_probe_v1,ok,,0.8525,1.0
cat vs dog,cat,dog,2,8,2,laplacian,large_mu,37,37,37,73,24,8613.677983597594,36980.87334517726,small_mu,disjoint_bag_coordinate_me_single_point_probe_v1,ok,,0.85,0.1
cat vs dog,cat,dog,2,8,4,laplacian,large_mu,37,37,37,73,24,8613.677983597594,36980.87334517726,small_mu,disjoint_bag_coordinate_me_single_point_probe_v1,ok,,0.845,0.1
cat vs dog,cat,dog,2,8,6,rbf,large_mu,37,37,37,73,24,11390.517729912031,48711.056024034195,large_mu,disjoint_bag_coordinate_me_single_point_probe_v1,ok,,0.855,0.1
cat vs dog,cat,dog,2,8,8,rbf,large_mu,37,37,37,73,24,11390.517729912031,48711.056024034195,large_mu,disjoint_bag_coordinate_me_single_point_probe_v1,ok,,0.8625,10.0
cat vs dog,cat,dog,2,8,10,rbf,large_mu,37,37,37,73,24,11390.517729912031,48711.056024034195,large_mu,disjoint_bag_coordinate_me_single_point_probe_v1,ok,,0.855,1.0
cat vs dog,cat,dog,2,8,16,rbf,large_mu,37,37,37,73,24,11390.517729912031,48711.056024034195,large_mu,disjoint_bag_coordinate_me_single_point_probe_v1,ok,,0.8575,1.0
cat vs dog,cat,dog,2,8,24,polynomial,large_mu,37,37,37,73,24,57603.11763469932,156060.00755300617,large_mu,disjoint_bag_coordinate_me_single_point_probe_v1,ok,,0.8525,1.0
cat vs dog,cat,dog,2,8,1,rbf,small_mu,37,37,36,73,24,11390.517729912031,48711.056024034195,,disjoint_bag_coordinate_me_single_point_probe_v1,ok,,0.8525,0.1
cat vs dog,cat,dog,2,8,2,rbf,small_mu,37,37,36,73,24,11390.517729912031,48711.056024034195,small_mu,disjoint_bag_coordinate_me_single_point_probe_v1,ok,,0.8525,0.1
cat vs dog,cat,dog,2,8,4,rbf,small_mu,37,37,36,73,24,11390.517729912031,48711.056024034195,small_mu,disjoint_bag_coordinate_me_single_point_probe_v1,ok,,0.8575,1.0
cat vs dog,cat,dog,2,8,6,rbf,small_mu,37,37,36,73,24,11390.517729912031,48711.056024034195,large_mu,disjoint_bag_coordinate_me_single_point_probe_v1,ok,,0.8525,0.1
cat vs dog,cat,dog,2,8,8,rbf,small_mu,37,37,36,73,24,11390.517729912031,48711.056024034195,large_mu,disjoint_bag_coordinate_me_single_point_probe_v1,ok,,0.8525,1.0
cat vs dog,cat,dog,2,8,10,rbf,small_mu,37,37,36,73,24,11390.517729912031,48711.056024034195,large_mu,disjoint_bag_coordinate_me_single_point_probe_v1,ok,,0.855,1.0
cat vs dog,cat,dog,2,8,16,laplacian,small_mu,37,37,36,73,24,8613.677983597594,36980.87334517726,large_mu,disjoint_bag_coordinate_me_single_point_probe_v1,ok,,0.85,0.1
cat vs dog,cat,dog,2,8,24,laplacian,small_mu,37,37,36,73,24,8613.677983597594,36980.87334517726,large_mu,disjoint_bag_coordinate_me_single_point_probe_v1,ok,,0.8575,10.0
cat vs dog,cat,dog,2,16,1,laplacian,large_mu,18,18,18,35,24,9922.85023275844,18039.205920221702,,disjoint_bag_coordinate_me_single_point_probe_v1,ok,,0.84,0.1
cat vs dog,cat,dog,2,16,2,laplacian,large_mu,18,18,18,35,24,9922.85023275844,18039.205920221702,small_mu,disjoint_bag_coordinate_me_single_point_probe_v1,ok,,0.84,1.0
cat vs dog,cat,dog,2,16,4,rbf,large_mu,18,18,18,35,24,12794.399145719844,23579.17857072081,large_mu,disjoint_bag_coordinate_me_single_point_probe_v1,ok,,0.8675,1.0
cat vs dog,cat,dog,2,16,6,rbf,large_mu,18,18,18,35,24,12794.399145719844,23579.17857072081,large_mu,disjoint_bag_coordinate_me_single_point_probe_v1,ok,,0.86,1.0
cat vs dog,cat,dog,2,16,8,rbf,large_mu,18,18,18,35,24,12794.399145719844,23579.17857072081,large_mu,disjoint_bag_coordinate_me_single_point_probe_v1,ok,,0.8625,1.0
cat vs dog,cat,dog,2,16,10,rbf,large_mu,18,18,18,35,24,12794.399145719844,23579.17857072081,large_mu,disjoint_bag_coordinate_me_single_point_probe_v1,ok,,0.86,0.1
cat vs dog,cat,dog,2,16,16,rbf,large_mu,18,18,18,35,24,12794.399145719844,23579.17857072081,large_mu,disjoint_bag_coordinate_me_single_point_probe_v1,ok,,0.8625,0.1
cat vs dog,cat,dog,2,16,1,rbf,small_mu,18,18,17,35,24,12794.399145719844,23579.17857072081,,disjoint_bag_coordinate_me_single_point_probe_v1,ok,,0.8525,0.1
cat vs dog,cat,dog,2,16,2,laplacian,small_mu,18,18,17,35,24,9922.85023275844,18039.205920221702,small_mu,disjoint_bag_coordinate_me_single_point_probe_v1,ok,,0.8525,1.0
cat vs dog,cat,dog,2,16,4,rbf,small_mu,18,18,17,35,24,12794.399145719844,23579.17857072081,large_mu,disjoint_bag_coordinate_me_single_point_probe_v1,ok,,0.855,0.1
cat vs dog,cat,dog,2,16,6,rbf,small_mu,18,18,17,35,24,12794.399145719844,23579.17857072081,large_mu,disjoint_bag_coordinate_me_single_point_probe_v1,ok,,0.8625,10.0
cat vs dog,cat,dog,2,16,8,laplacian,small_mu,18,18,17,35,24,9922.85023275844,18039.205920221702,large_mu,disjoint_bag_coordinate_me_single_point_probe_v1,ok,,0.8575,0.1
cat vs dog,cat,dog,2,16,10,rbf,small_mu,18,18,17,35,24,12794.399145719844,23579.17857072081,large_mu,disjoint_bag_coordinate_me_single_point_probe_v1,ok,,0.8625,1.0
cat vs dog,cat,dog,2,16,16,rbf,small_mu,18,18,17,35,24,12794.399145719844,23579.17857072081,large_mu,disjoint_bag_coordinate_me_single_point_probe_v1,ok,,0.8575,0.1
deer vs horse,deer,horse,0,4,1,polynomial,large_mu,75,75,75,149,24,42074.84882845344,285568.58877344924,,disjoint_bag_coordinate_me_single_point_probe_v1,ok,,0.8275,0.1
deer vs horse,deer,horse,0,4,2,polynomial,large_mu,75,75,75,149,24,42074.84882845344,285568.58877344924,small_mu,disjoint_bag_coordinate_me_single_point_probe_v1,ok,,0.845,10.0
deer vs horse,deer,horse,0,4,4,polynomial,large_mu,75,75,75,149,24,42074.84882845344,285568.58877344924,small_mu,disjoint_bag_coordinate_me_single_point_probe_v1,ok,,0.84,0.1
deer vs horse,deer,horse,0,4,6,rbf,large_mu,75,75,75,149,24,10649.375188903028,96000.36319222576,small_mu,disjoint_bag_coordinate_me_single_point_probe_v1,ok,,0.865,1.0
deer vs horse,deer,horse,0,4,8,polynomial,large_mu,75,75,75,149,24,42074.84882845344,285568.58877344924,large_mu,disjoint_bag_coordinate_me_single_point_probe_v1,ok,,0.85,1.0
deer vs horse,deer,horse,0,4,10,rbf,large_mu,75,75,75,149,24,10649.375188903028,96000.36319222576,small_mu,disjoint_bag_coordinate_me_single_point_probe_v1,ok,,0.8625,1.0
deer vs horse,deer,horse,0,4,16,polynomial,large_mu,75,75,75,149,24,42074.84882845344,285568.58877344924,large_mu,disjoint_bag_coordinate_me_single_point_probe_v1,ok,,0.87,0.1
deer vs horse,deer,horse,0,4,24,polynomial,large_mu,75,75,75,149,24,42074.84882845344,285568.58877344924,large_mu,disjoint_bag_coordinate_me_single_point_probe_v1,ok,,0.8625,0.1
deer vs horse,deer,horse,0,4,1,polynomial,small_mu,75,75,74,149,24,42074.84882845344,285568.58877344924,,disjoint_bag_coordinate_me_single_point_probe_v1,ok,,0.86,0.1
deer vs horse,deer,horse,0,4,2,polynomial,small_mu,75,75,74,149,24,42074.84882845344,285568.58877344924,small_mu,disjoint_bag_coordinate_me_single_point_probe_v1,ok,,0.8575,10.0
deer vs horse,deer,horse,0,4,4,polynomial,small_mu,75,75,74,149,24,42074.84882845344,285568.58877344924,small_mu,disjoint_bag_coordinate_me_single_point_probe_v1,ok,,0.855,10.0
deer vs horse,deer,horse,0,4,6,polynomial,small_mu,75,75,74,149,24,42074.84882845344,285568.58877344924,small_mu,disjoint_bag_coordinate_me_single_point_probe_v1,ok,,0.8575,1.0
deer vs horse,deer,horse,0,4,8,polynomial,small_mu,75,75,74,149,24,42074.84882845344,285568.58877344924,large_mu,disjoint_bag_coordinate_me_single_point_probe_v1,ok,,0.85,0.1
deer vs horse,deer,horse,0,4,10,polynomial,small_mu,75,75,74,149,24,42074.84882845344,285568.58877344924,large_mu,disjoint_bag_coordinate_me_single_point_probe_v1,ok,,0.8525,0.1
deer vs horse,deer,horse,0,4,16,rbf,small_mu,75,75,74,149,24,10649.375188903028,96000.36319222576,large_mu,disjoint_bag_coordinate_me_single_point_probe_v1,ok,,0.86,1.0
deer vs horse,deer,horse,0,4,24,polynomial,small_mu,75,75,74,149,24,42074.84882845344,285568.58877344924,large_mu,disjoint_bag_coordinate_me_single_point_probe_v1,ok,,0.8625,10.0
deer vs horse,deer,horse,0,8,1,polynomial,large_mu,37,37,37,73,24,55387.277691028416,155080.00275916967,,disjoint_bag_coordinate_me_single_point_probe_v1,ok,,0.8075,10.0
deer vs horse,deer,horse,0,8,2,polynomial,large_mu,37,37,37,73,24,55387.277691028416,155080.00275916967,small_mu,disjoint_bag_coordinate_me_single_point_probe_v1,ok,,0.84,0.1
deer vs horse,deer,horse,0,8,4,polynomial,large_mu,37,37,37,73,24,55387.277691028416,155080.00275916967,large_mu,disjoint_bag_coordinate_me_single_point_probe_v1,ok,,0.8425,1.0
deer vs horse,deer,horse,0,8,6,polynomial,large_mu,37,37,37,73,24,55387.277691028416,155080.00275916967,large_mu,disjoint_bag_coordinate_me_single_point_probe_v1,ok,,0.83,0.1
deer vs horse,deer,horse,0,8,8,rbf,large_mu,37,37,37,73,24,12032.601492528787,48846.76853279855,large_mu,disjoint_bag_coordinate_me_single_point_probe_v1,ok,,0.85,10.0
deer vs horse,deer,horse,0,8,10,rbf,large_mu,37,37,37,73,24,12032.601492528787,48846.76853279855,large_mu,disjoint_bag_coordinate_me_single_point_probe_v1,ok,,0.8375,0.1
deer vs horse,deer,horse,0,8,16,rbf,large_mu,37,37,37,73,24,12032.601492528787,48846.76853279855,large_mu,disjoint_bag_coordinate_me_single_point_probe_v1,ok,,0.8575,10.0
deer vs horse,deer,horse,0,8,24,rbf,large_mu,37,37,37,73,24,12032.601492528787,48846.76853279855,large_mu,disjoint_bag_coordinate_me_single_point_probe_v1,ok,,0.86,1.0
deer vs horse,deer,horse,0,8,1,polynomial,small_mu,37,37,36,73,24,55387.277691028416,155080.00275916967,,disjoint_bag_coordinate_me_single_point_probe_v1,ok,,0.85,0.1
deer vs horse,deer,horse,0,8,2,polynomial,small_mu,37,37,36,73,24,55387.277691028416,155080.00275916967,small_mu,disjoint_bag_coordinate_me_single_point_probe_v1,ok,,0.8475,10.0
deer vs horse,deer,horse,0,8,4,polynomial,small_mu,37,37,36,73,24,55387.277691028416,155080.00275916967,large_mu,disjoint_bag_coordinate_me_single_point_probe_v1,ok,,0.845,10.0
deer vs horse,deer,horse,0,8,6,polynomial,small_mu,37,37,36,73,24,55387.277691028416,155080.00275916967,large_mu,disjoint_bag_coordinate_me_single_point_probe_v1,ok,,0.8475,1.0
deer vs horse,deer,horse,0,8,8,rbf,small_mu,37,37,36,73,24,12032.601492528787,48846.76853279855,large_mu,disjoint_bag_coordinate_me_single_point_probe_v1,ok,,0.8625,10.0
deer vs horse,deer,horse,0,8,10,rbf,small_mu,37,37,36,73,24,12032.601492528787,48846.76853279855,large_mu,disjoint_bag_coordinate_me_single_point_probe_v1,ok,,0.85,1.0
deer vs horse,deer,horse,0,8,16,polynomial,small_mu,37,37,36,73,24,55387.277691028416,155080.00275916967,large_mu,disjoint_bag_coordinate_me_single_point_probe_v1,ok,,0.8425,1.0
deer vs horse,deer,horse,0,8,24,rbf,small_mu,37,37,36,73,24,12032.601492528787,48846.76853279855,large_mu,disjoint_bag_coordinate_me_single_point_probe_v1,ok,,0.8575,1.0
deer vs horse,deer,horse,0,16,1,polynomial,large_mu,18,18,18,35,24,75205.38012872684,80633.36206323416,,disjoint_bag_coordinate_me_single_point_probe_v1,ok,,0.7875,1.0
deer vs horse,deer,horse,0,16,2,polynomial,large_mu,18,18,18,35,24,75205.38012872684,80633.36206323416,small_mu,disjoint_bag_coordinate_me_single_point_probe_v1,ok,,0.81,0.1
deer vs horse,deer,horse,0,16,4,sigmoid,large_mu,18,18,18,35,24,28126.050857642513,16352.518562330562,large_mu,disjoint_bag_coordinate_me_single_point_probe_v1,ok,,0.8175,1.0
deer vs horse,deer,horse,0,16,6,polynomial,large_mu,18,18,18,35,24,75205.38012872684,80633.36206323416,large_mu,disjoint_bag_coordinate_me_single_point_probe_v1,ok,,0.8125,0.1
deer vs horse,deer,horse,0,16,8,polynomial,large_mu,18,18,18,35,24,75205.38012872684,80633.36206323416,large_mu,disjoint_bag_coordinate_me_single_point_probe_v1,ok,,0.825,0.1
deer vs horse,deer,horse,0,16,10,polynomial,large_mu,18,18,18,35,24,75205.38012872684,80633.36206323416,large_mu,disjoint_bag_coordinate_me_single_point_probe_v1,ok,,0.8275,10.0
deer vs horse,deer,horse,0,16,16,polynomial,large_mu,18,18,18,35,24,75205.38012872684,80633.36206323416,large_mu,disjoint_bag_coordinate_me_single_point_probe_v1,ok,,0.8325,10.0
deer vs horse,deer,horse,0,16,1,polynomial,small_mu,18,18,17,35,24,75205.38012872684,80633.36206323416,,disjoint_bag_coordinate_me_single_point_probe_v1,ok,,0.815,0.1
deer vs horse,deer,horse,0,16,2,linear,small_mu,18,18,17,35,18,16587755.36372279,12636185.675267544,large_mu,disjoint_bag_coordinate_me_single_point_probe_v1,ok,,0.82,1.0
deer vs horse,deer,horse,0,16,4,polynomial,small_mu,18,18,17,35,24,75205.38012872684,80633.36206323416,large_mu,disjoint_bag_coordinate_me_single_point_probe_v1,ok,,0.815,0.1
deer vs horse,deer,horse,0,16,6,polynomial,small_mu,18,18,17,35,24,75205.38012872684,80633.36206323416,large_mu,disjoint_bag_coordinate_me_single_point_probe_v1,ok,,0.8225,1.0
deer vs horse,deer,horse,0,16,8,polynomial,small_mu,18,18,17,35,24,75205.38012872684,80633.36206323416,large_mu,disjoint_bag_coordinate_me_single_point_probe_v1,ok,,0.83,1.0
deer vs horse,deer,horse,0,16,10,polynomial,small_mu,18,18,17,35,24,75205.38012872684,80633.36206323416,large_mu,disjoint_bag_coordinate_me_single_point_probe_v1,ok,,0.83,10.0
deer vs horse,deer,horse,0,16,16,linear,small_mu,18,18,17,35,18,16587755.36372279,12636185.675267544,large_mu,disjoint_bag_coordinate_me_single_point_probe_v1,ok,,0.8325,1.0
deer vs horse,deer,horse,1,4,1,linear,large_mu,75,75,75,149,24,7560812.887597911,34564141.14111871,,disjoint_bag_coordinate_me_single_point_probe_v1,ok,,0.8075,10.0
deer vs horse,deer,horse,1,4,2,rbf,large_mu,75,75,75,149,24,10592.512714332292,96824.76536154342,small_mu,disjoint_bag_coordinate_me_single_point_probe_v1,ok,,0.85,0.1
deer vs horse,deer,horse,1,4,4,rbf,large_mu,75,75,75,149,24,10592.512714332292,96824.76536154342,small_mu,disjoint_bag_coordinate_me_single_point_probe_v1,ok,,0.86,0.1
deer vs horse,deer,horse,1,4,6,rbf,large_mu,75,75,75,149,24,10592.512714332292,96824.76536154342,small_mu,disjoint_bag_coordinate_me_single_point_probe_v1,ok,,0.8625,1.0
deer vs horse,deer,horse,1,4,8,rbf,large_mu,75,75,75,149,24,10592.512714332292,96824.76536154342,small_mu,disjoint_bag_coordinate_me_single_point_probe_v1,ok,,0.8575,10.0
deer vs horse,deer,horse,1,4,10,rbf,large_mu,75,75,75,149,24,10592.512714332292,96824.76536154342,small_mu,disjoint_bag_coordinate_me_single_point_probe_v1,ok,,0.8575,0.1
deer vs horse,deer,horse,1,4,16,rbf,large_mu,75,75,75,149,24,10592.512714332292,96824.76536154342,large_mu,disjoint_bag_coordinate_me_single_point_probe_v1,ok,,0.86,1.0
deer vs horse,deer,horse,1,4,24,rbf,large_mu,75,75,75,149,24,10592.512714332292,96824.76536154342,large_mu,disjoint_bag_coordinate_me_single_point_probe_v1,ok,,0.8575,0.1
deer vs horse,deer,horse,1,4,1,rbf,small_mu,75,75,74,149,24,10592.512714332292,96824.76536154342,,disjoint_bag_coordinate_me_single_point_probe_v1,ok,,0.86,0.1
deer vs horse,deer,horse,1,4,2,laplacian,small_mu,75,75,74,149,24,7576.501550711733,75293.69212981018,small_mu,disjoint_bag_coordinate_me_single_point_probe_v1,ok,,0.86,1.0
deer vs horse,deer,horse,1,4,4,rbf,small_mu,75,75,74,149,24,10592.512714332292,96824.76536154342,small_mu,disjoint_bag_coordinate_me_single_point_probe_v1,ok,,0.8675,1.0
deer vs horse,deer,horse,1,4,6,rbf,small_mu,75,75,74,149,24,10592.512714332292,96824.76536154342,small_mu,disjoint_bag_coordinate_me_single_point_probe_v1,ok,,0.8575,0.1
deer vs horse,deer,horse,1,4,8,rbf,small_mu,75,75,74,149,24,10592.512714332292,96824.76536154342,small_mu,disjoint_bag_coordinate_me_single_point_probe_v1,ok,,0.8625,1.0
deer vs horse,deer,horse,1,4,10,polynomial,small_mu,75,75,74,149,24,44880.945658444856,287329.1080672827,large_mu,disjoint_bag_coordinate_me_single_point_probe_v1,ok,,0.8625,1.0
deer vs horse,deer,horse,1,4,16,rbf,small_mu,75,75,74,149,24,10592.512714332292,96824.76536154342,large_mu,disjoint_bag_coordinate_me_single_point_probe_v1,ok,,0.8625,10.0
deer vs horse,deer,horse,1,4,24,rbf,small_mu,75,75,74,149,24,10592.512714332292,96824.76536154342,large_mu,disjoint_bag_coordinate_me_single_point_probe_v1,ok,,0.8675,0.1
deer vs horse,deer,horse,1,8,1,polynomial,large_mu,37,37,37,73,24,56883.52678665827,154989.3748734833,,disjoint_bag_coordinate_me_single_point_probe_v1,ok,,0.8275,1.0
deer vs horse,deer,horse,1,8,2,linear,large_mu,37,37,37,73,24,11741644.905740255,22122838.87762297,small_mu,disjoint_bag_coordinate_me_single_point_probe_v1,ok,,0.825,0.1
deer vs horse,deer,horse,1,8,4,polynomial,large_mu,37,37,37,73,24,56883.52678665827,154989.3748734833,large_mu,disjoint_bag_coordinate_me_single_point_probe_v1,ok,,0.825,1.0
deer vs horse,deer,horse,1,8,6,rbf,large_mu,37,37,37,73,24,11566.145489162564,49161.38238793262,large_mu,disjoint_bag_coordinate_me_single_point_probe_v1,ok,,0.8425,1.0
deer vs horse,deer,horse,1,8,8,rbf,large_mu,37,37,37,73,24,11566.145489162564,49161.38238793262,large_mu,disjoint_bag_coordinate_me_single_point_probe_v1,ok,,0.83,0.1
deer vs horse,deer,horse,1,8,10,rbf,large_mu,37,37,37,73,24,11566.145489162564,49161.38238793262,large_mu,disjoint_bag_coordinate_me_single_point_probe_v1,ok,,0.84,1.0
deer vs horse,deer,horse,1,8,16,rbf,large_mu,37,37,37,73,24,11566.145489162564,49161.38238793262,large_mu,disjoint_bag_coordinate_me_single_point_probe_v1,ok,,0.8375,1.0
deer vs horse,deer,horse,1,8,24,rbf,large_mu,37,37,37,73,24,11566.145489162564,49161.38238793262,large_mu,disjoint_bag_coordinate_me_single_point_probe_v1,ok,,0.8425,0.1
deer vs horse,deer,horse,1,8,1,polynomial,small_mu,37,37,36,73,24,56883.52678665827,154989.3748734833,,disjoint_bag_coordinate_me_single_point_probe_v1,ok,,0.835,10.0
deer vs horse,deer,horse,1,8,2,rbf,small_mu,37,37,36,73,24,11566.145489162564,49161.38238793262,small_mu,disjoint_bag_coordinate_me_single_point_probe_v1,ok,,0.835,1.0
deer vs horse,deer,horse,1,8,4,polynomial,small_mu,37,37,36,73,24,56883.52678665827,154989.3748734833,large_mu,disjoint_bag_coordinate_me_single_point_probe_v1,ok,,0.8375,1.0
deer vs horse,deer,horse,1,8,6,polynomial,small_mu,37,37,36,73,24,56883.52678665827,154989.3748734833,large_mu,disjoint_bag_coordinate_me_single_point_probe_v1,ok,,0.8325,0.1
deer vs horse,deer,horse,1,8,8,laplacian,small_mu,37,37,36,73,24,8211.215587065426,37895.393265522944,large_mu,disjoint_bag_coordinate_me_single_point_probe_v1,ok,,0.84,1.0
deer vs horse,deer,horse,1,8,10,polynomial,small_mu,37,37,36,73,24,56883.52678665827,154989.3748734833,large_mu,disjoint_bag_coordinate_me_single_point_probe_v1,ok,,0.84,0.1
deer vs horse,deer,horse,1,8,16,polynomial,small_mu,37,37,36,73,24,56883.52678665827,154989.3748734833,large_mu,disjoint_bag_coordinate_me_single_point_probe_v1,ok,,0.8475,1.0
deer vs horse,deer,horse,1,8,24,polynomial,small_mu,37,37,36,73,24,56883.52678665827,154989.3748734833,large_mu,disjoint_bag_coordinate_me_single_point_probe_v1,ok,,0.8425,1.0
deer vs horse,deer,horse,1,16,1,linear,large_mu,18,18,18,35,19,13554826.515870515,13133114.552496646,,disjoint_bag_coordinate_me_single_point_probe_v1,ok,,0.7775,0.1
deer vs horse,deer,horse,1,16,2,polynomial,large_mu,18,18,18,35,24,64304.8436260002,82750.77069297986,small_mu,disjoint_bag_coordinate_me_single_point_probe_v1,ok,,0.79,0.1
deer vs horse,deer,horse,1,16,4,laplacian,large_mu,18,18,18,35,24,8710.73843847891,19106.2146911922,large_mu,disjoint_bag_coordinate_me_single_point_probe_v1,ok,,0.7925,0.1
deer vs horse,deer,horse,1,16,6,polynomial,large_mu,18,18,18,35,24,64304.8436260002,82750.77069297986,large_mu,disjoint_bag_coordinate_me_single_point_probe_v1,ok,,0.805,10.0
deer vs horse,deer,horse,1,16,8,rbf,large_mu,18,18,18,35,24,12155.749620630018,24884.59862200775,large_mu,disjoint_bag_coordinate_me_single_point_probe_v1,ok,,0.8175,0.1
deer vs horse,deer,horse,1,16,10,rbf,large_mu,18,18,18,35,24,12155.749620630018,24884.59862200775,large_mu,disjoint_bag_coordinate_me_single_point_probe_v1,ok,,0.825,10.0
deer vs horse,deer,horse,1,16,16,rbf,large_mu,18,18,18,35,24,12155.749620630018,24884.59862200775,large_mu,disjoint_bag_coordinate_me_single_point_probe_v1,ok,,0.8375,1.0
deer vs horse,deer,horse,1,16,1,linear,small_mu,18,18,17,35,18,13554826.515870515,13133114.552496646,,disjoint_bag_coordinate_me_single_point_probe_v1,ok,,0.805,1.0
deer vs horse,deer,horse,1,16,2,laplacian,small_mu,18,18,17,35,24,8710.73843847891,19106.2146911922,small_mu,disjoint_bag_coordinate_me_single_point_probe_v1,ok,,0.805,1.0
deer vs horse,deer,horse,1,16,4,rbf,small_mu,18,18,17,35,24,12155.749620630018,24884.59862200775,large_mu,disjoint_bag_coordinate_me_single_point_probe_v1,ok,,0.805,1.0
deer vs horse,deer,horse,1,16,6,rbf,small_mu,18,18,17,35,24,12155.749620630018,24884.59862200775,large_mu,disjoint_bag_coordinate_me_single_point_probe_v1,ok,,0.82,1.0
deer vs horse,deer,horse,1,16,8,rbf,small_mu,18,18,17,35,24,12155.749620630018,24884.59862200775,large_mu,disjoint_bag_coordinate_me_single_point_probe_v1,ok,,0.8225,1.0
deer vs horse,deer,horse,1,16,10,rbf,small_mu,18,18,17,35,24,12155.749620630018,24884.59862200775,large_mu,disjoint_bag_coordinate_me_single_point_probe_v1,ok,,0.8175,1.0
deer vs horse,deer,horse,1,16,16,linear,small_mu,18,18,17,35,18,13554826.515870515,13133114.552496646,large_mu,disjoint_bag_coordinate_me_single_point_probe_v1,ok,,0.825,0.1
deer vs horse,deer,horse,2,4,1,polynomial,large_mu,75,75,75,149,24,40622.36682569202,291746.77306696965,,disjoint_bag_coordinate_me_single_point_probe_v1,ok,,0.855,0.1
deer vs horse,deer,horse,2,4,2,polynomial,large_mu,75,75,75,149,24,40622.36682569202,291746.77306696965,small_mu,disjoint_bag_coordinate_me_single_point_probe_v1,ok,,0.855,0.1
deer vs horse,deer,horse,2,4,4,rbf,large_mu,75,75,75,149,24,9991.132735913316,96934.00395274108,small_mu,disjoint_bag_coordinate_me_single_point_probe_v1,ok,,0.86,0.1
deer vs horse,deer,horse,2,4,6,rbf,large_mu,75,75,75,149,24,9991.132735913316,96934.00395274108,small_mu,disjoint_bag_coordinate_me_single_point_probe_v1,ok,,0.86,0.1
deer vs horse,deer,horse,2,4,8,polynomial,large_mu,75,75,75,149,24,40622.36682569202,291746.77306696965,small_mu,disjoint_bag_coordinate_me_single_point_probe_v1,ok,,0.8775,10.0
deer vs horse,deer,horse,2,4,10,polynomial,large_mu,75,75,75,149,24,40622.36682569202,291746.77306696965,large_mu,disjoint_bag_coordinate_me_single_point_probe_v1,ok,,0.8675,0.1
deer vs horse,deer,horse,2,4,16,polynomial,large_mu,75,75,75,149,24,40622.36682569202,291746.77306696965,large_mu,disjoint_bag_coordinate_me_single_point_probe_v1,ok,,0.8625,10.0
deer vs horse,deer,horse,2,4,24,polynomial,large_mu,75,75,75,149,24,40622.36682569202,291746.77306696965,large_mu,disjoint_bag_coordinate_me_single_point_probe_v1,ok,,0.86,10.0
deer vs horse,deer,horse,2,4,1,polynomial,small_mu,75,75,74,149,24,40622.36682569202,291746.77306696965,,disjoint_bag_coordinate_me_single_point_probe_v1,ok,,0.8525,10.0
deer vs horse,deer,horse,2,4,2,rbf,small_mu,75,75,74,149,24,9991.132735913316,96934.00395274108,small_mu,disjoint_bag_coordinate_me_single_point_probe_v1,ok,,0.85,1.0
deer vs horse,deer,horse,2,4,4,rbf,small_mu,75,75,74,149,24,9991.132735913316,96934.00395274108,small_mu,disjoint_bag_coordinate_me_single_point_probe_v1,ok,,0.85,10.0
deer vs horse,deer,horse,2,4,6,rbf,small_mu,75,75,74,149,24,9991.132735913316,96934.00395274108,small_mu,disjoint_bag_coordinate_me_single_point_probe_v1,ok,,0.855,10.0
deer vs horse,deer,horse,2,4,8,rbf,small_mu,75,75,74,149,24,9991.132735913316,96934.00395274108,small_mu,disjoint_bag_coordinate_me_single_point_probe_v1,ok,,0.855,0.1
deer vs horse,deer,horse,2,4,10,polynomial,small_mu,75,75,74,149,24,40622.36682569202,291746.77306696965,large_mu,disjoint_bag_coordinate_me_single_point_probe_v1,ok,,0.855,10.0
deer vs horse,deer,horse,2,4,16,rbf,small_mu,75,75,74,149,24,9991.132735913316,96934.00395274108,large_mu,disjoint_bag_coordinate_me_single_point_probe_v1,ok,,0.8625,10.0
deer vs horse,deer,horse,2,4,24,rbf,small_mu,75,75,74,149,24,9991.132735913316,96934.00395274108,large_mu,disjoint_bag_coordinate_me_single_point_probe_v1,ok,,0.86,10.0
deer vs horse,deer,horse,2,8,1,polynomial,large_mu,37,37,37,73,24,55622.2107051863,156206.56400772906,,disjoint_bag_coordinate_me_single_point_probe_v1,ok,,0.8,1.0
deer vs horse,deer,horse,2,8,2,rbf,large_mu,37,37,37,73,24,11687.063559045824,49015.623946141495,small_mu,disjoint_bag_coordinate_me_single_point_probe_v1,ok,,0.825,10.0
deer vs horse,deer,horse,2,8,4,polynomial,large_mu,37,37,37,73,24,55622.2107051863,156206.56400772906,large_mu,disjoint_bag_coordinate_me_single_point_probe_v1,ok,,0.85,10.0
deer vs horse,deer,horse,2,8,6,rbf,large_mu,37,37,37,73,24,11687.063559045824,49015.623946141495,large_mu,disjoint_bag_coordinate_me_single_point_probe_v1,ok,,0.85,10.0
deer vs horse,deer,horse,2,8,8,laplacian,large_mu,37,37,37,73,24,8369.031806321078,37952.57246554585,large_mu,disjoint_bag_coordinate_me_single_point_probe_v1,ok,,0.8525,10.0
deer vs horse,deer,horse,2,8,10,rbf,large_mu,37,37,37,73,24,11687.063559045824,49015.623946141495,large_mu,disjoint_bag_coordinate_me_single_point_probe_v1,ok,,0.8475,0.1
deer vs horse,deer,horse,2,8,16,rbf,large_mu,37,37,37,73,24,11687.063559045824,49015.623946141495,large_mu,disjoint_bag_coordinate_me_single_point_probe_v1,ok,,0.86,10.0
deer vs horse,deer,horse,2,8,24,laplacian,large_mu,37,37,37,73,24,8369.031806321078,37952.57246554585,large_mu,disjoint_bag_coordinate_me_single_point_probe_v1,ok,,0.855,10.0
deer vs horse,deer,horse,2,8,1,rbf,small_mu,37,37,36,73,24,11687.063559045824,49015.623946141495,,disjoint_bag_coordinate_me_single_point_probe_v1,ok,,0.8325,0.1
deer vs horse,deer,horse,2,8,2,rbf,small_mu,37,37,36,73,24,11687.063559045824,49015.623946141495,small_mu,disjoint_bag_coordinate_me_single_point_probe_v1,ok,,0.8425,1.0
deer vs horse,deer,horse,2,8,4,laplacian,small_mu,37,37,36,73,24,8369.031806321078,37952.57246554585,small_mu,disjoint_bag_coordinate_me_single_point_probe_v1,ok,,0.8475,10.0
deer vs horse,deer,horse,2,8,6,rbf,small_mu,37,37,36,73,24,11687.063559045824,49015.623946141495,large_mu,disjoint_bag_coordinate_me_single_point_probe_v1,ok,,0.855,1.0
deer vs horse,deer,horse,2,8,8,laplacian,small_mu,37,37,36,73,24,8369.031806321078,37952.57246554585,large_mu,disjoint_bag_coordinate_me_single_point_probe_v1,ok,,0.8525,10.0
deer vs horse,deer,horse,2,8,10,rbf,small_mu,37,37,36,73,24,11687.063559045824,49015.623946141495,large_mu,disjoint_bag_coordinate_me_single_point_probe_v1,ok,,0.85,10.0
deer vs horse,deer,horse,2,8,16,rbf,small_mu,37,37,36,73,24,11687.063559045824,49015.623946141495,large_mu,disjoint_bag_coordinate_me_single_point_probe_v1,ok,,0.86,10.0
deer vs horse,deer,horse,2,8,24,rbf,small_mu,37,37,36,73,24,11687.063559045824,49015.623946141495,large_mu,disjoint_bag_coordinate_me_single_point_probe_v1,ok,,0.8525,0.1
deer vs horse,deer,horse,2,16,1,linear,large_mu,18,18,18,35,19,15992230.36418603,11984565.903150894,,disjoint_bag_coordinate_me_single_point_probe_v1,ok,,0.8,1.0
deer vs horse,deer,horse,2,16,2,linear,large_mu,18,18,18,35,19,15992230.36418603,11984565.903150894,large_mu,disjoint_bag_coordinate_me_single_point_probe_v1,ok,,0.8075,1.0
deer vs horse,deer,horse,2,16,4,rbf,large_mu,18,18,18,35,24,13252.835900694305,23936.046975909452,large_mu,disjoint_bag_coordinate_me_single_point_probe_v1,ok,,0.82,0.1
deer vs horse,deer,horse,2,16,6,linear,large_mu,18,18,18,35,19,15992230.36418603,11984565.903150894,large_mu,disjoint_bag_coordinate_me_single_point_probe_v1,ok,,0.825,1.0
deer vs horse,deer,horse,2,16,8,linear,large_mu,18,18,18,35,19,15992230.36418603,11984565.903150894,large_mu,disjoint_bag_coordinate_me_single_point_probe_v1,ok,,0.8375,10.0
deer vs horse,deer,horse,2,16,10,linear,large_mu,18,18,18,35,19,15992230.36418603,11984565.903150894,large_mu,disjoint_bag_coordinate_me_single_point_probe_v1,ok,,0.84,1.0
deer vs horse,deer,horse,2,16,16,linear,large_mu,18,18,18,35,19,15992230.36418603,11984565.903150894,large_mu,disjoint_bag_coordinate_me_single_point_probe_v1,ok,,0.8375,1.0
deer vs horse,deer,horse,2,16,1,polynomial,small_mu,18,18,17,35,24,72070.17779407247,77859.78513592102,,disjoint_bag_coordinate_me_single_point_probe_v1,ok,,0.8175,1.0
deer vs horse,deer,horse,2,16,2,rbf,small_mu,18,18,17,35,24,13252.835900694305,23936.046975909452,small_mu,disjoint_bag_coordinate_me_single_point_probe_v1,ok,,0.82,1.0
deer vs horse,deer,horse,2,16,4,rbf,small_mu,18,18,17,35,24,13252.835900694305,23936.046975909452,large_mu,disjoint_bag_coordinate_me_single_point_probe_v1,ok,,0.8225,1.0
deer vs horse,deer,horse,2,16,6,rbf,small_mu,18,18,17,35,24,13252.835900694305,23936.046975909452,large_mu,disjoint_bag_coordinate_me_single_point_probe_v1,ok,,0.8225,0.1
deer vs horse,deer,horse,2,16,8,sigmoid,small_mu,18,18,17,35,24,27413.844794700846,14816.000297490466,large_mu,disjoint_bag_coordinate_me_single_point_probe_v1,ok,,0.825,0.1
deer vs horse,deer,horse,2,16,10,rbf,small_mu,18,18,17,35,24,13252.835900694305,23936.046975909452,large_mu,disjoint_bag_coordinate_me_single_point_probe_v1,ok,,0.83,1.0
deer vs horse,deer,horse,2,16,16,linear,small_mu,18,18,17,35,18,15992230.36418603,11984565.903150894,large_mu,disjoint_bag_coordinate_me_single_point_probe_v1,ok,,0.825,1.0
ship vs truck,ship,truck,0,4,1,linear,large_mu,75,75,75,149,24,22732182.915787525,38658614.65638368,,disjoint_bag_coordinate_me_single_point_probe_v1,ok,,0.9575,1.0
ship vs truck,ship,truck,0,4,2,polynomial,large_mu,75,75,75,149,24,139637.0970459408,341013.3022044268,small_mu,disjoint_bag_coordinate_me_single_point_probe_v1,ok,,0.96,10.0
ship vs truck,ship,truck,0,4,4,linear,large_mu,75,75,75,149,24,22732182.915787525,38658614.65638368,large_mu,disjoint_bag_coordinate_me_single_point_probe_v1,ok,,0.96,10.0
ship vs truck,ship,truck,0,4,6,laplacian,large_mu,75,75,75,149,24,21669.49433464013,75245.40437372433,large_mu,disjoint_bag_coordinate_me_single_point_probe_v1,ok,,0.9675,0.1
ship vs truck,ship,truck,0,4,8,laplacian,large_mu,75,75,75,149,24,21669.49433464013,75245.40437372433,large_mu,disjoint_bag_coordinate_me_single_point_probe_v1,ok,,0.9675,0.1
ship vs truck,ship,truck,0,4,10,laplacian,large_mu,75,75,75,149,24,21669.49433464013,75245.40437372433,large_mu,disjoint_bag_coordinate_me_single_point_probe_v1,ok,,0.965,1.0
ship vs truck,ship,truck,0,4,16,linear,large_mu,75,75,75,149,24,22732182.915787525,38658614.65638368,large_mu,disjoint_bag_coordinate_me_single_point_probe_v1,ok,,0.9725,1.0
ship vs truck,ship,truck,0,4,24,polynomial,large_mu,75,75,75,149,24,139637.0970459408,341013.3022044268,large_mu,disjoint_bag_coordinate_me_single_point_probe_v1,ok,,0.97,0.1
ship vs truck,ship,truck,0,4,1,polynomial,small_mu,75,75,74,149,24,139637.0970459408,341013.3022044268,,disjoint_bag_coordinate_me_single_point_probe_v1,ok,,0.965,0.1
ship vs truck,ship,truck,0,4,2,polynomial,small_mu,75,75,74,149,24,139637.0970459408,341013.3022044268,small_mu,disjoint_bag_coordinate_me_single_point_probe_v1,ok,,0.97,1.0
ship vs truck,ship,truck,0,4,4,polynomial,small_mu,75,75,74,149,24,139637.0970459408,341013.3022044268,large_mu,disjoint_bag_coordinate_me_single_point_probe_v1,ok,,0.9725,1.0
ship vs truck,ship,truck,0,4,6,laplacian,small_mu,75,75,74,149,24,21669.49433464013,75245.40437372433,large_mu,disjoint_bag_coordinate_me_single_point_probe_v1,ok,,0.9675,1.0
ship vs truck,ship,truck,0,4,8,laplacian,small_mu,75,75,74,149,24,21669.49433464013,75245.40437372433,large_mu,disjoint_bag_coordinate_me_single_point_probe_v1,ok,,0.9675,10.0
ship vs truck,ship,truck,0,4,10,polynomial,small_mu,75,75,74,149,24,139637.0970459408,341013.3022044268,large_mu,disjoint_bag_coordinate_me_single_point_probe_v1,ok,,0.97,1.0
ship vs truck,ship,truck,0,4,16,polynomial,small_mu,75,75,74,149,24,139637.0970459408,341013.3022044268,large_mu,disjoint_bag_coordinate_me_single_point_probe_v1,ok,,0.97,1.0
ship vs truck,ship,truck,0,4,24,rbf,small_mu,75,75,74,149,24,26749.175443564513,99542.98463452212,large_mu,disjoint_bag_coordinate_me_single_point_probe_v1,ok,,0.965,1.0
ship vs truck,ship,truck,0,8,1,laplacian,large_mu,37,37,37,73,24,24820.06198360249,37731.82588985175,,disjoint_bag_coordinate_me_single_point_probe_v1,ok,,0.9625,0.1
ship vs truck,ship,truck,0,8,2,laplacian,large_mu,37,37,37,73,24,24820.06198360249,37731.82588985175,small_mu,disjoint_bag_coordinate_me_single_point_probe_v1,ok,,0.965,10.0
ship vs truck,ship,truck,0,8,4,laplacian,large_mu,37,37,37,73,24,24820.06198360249,37731.82588985175,large_mu,disjoint_bag_coordinate_me_single_point_probe_v1,ok,,0.965,0.1
ship vs truck,ship,truck,0,8,6,polynomial,large_mu,37,37,37,73,24,175548.2011498641,179318.3600094022,large_mu,disjoint_bag_coordinate_me_single_point_probe_v1,ok,,0.9675,1.0
ship vs truck,ship,truck,0,8,8,polynomial,large_mu,37,37,37,73,24,175548.2011498641,179318.3600094022,large_mu,disjoint_bag_coordinate_me_single_point_probe_v1,ok,,0.9675,1.0
ship vs truck,ship,truck,0,8,10,rbf,large_mu,37,37,37,73,24,30684.67975664114,49894.82042616511,large_mu,disjoint_bag_coordinate_me_single_point_probe_v1,ok,,0.9625,0.1
ship vs truck,ship,truck,0,8,16,laplacian,large_mu,37,37,37,73,24,24820.06198360249,37731.82588985175,large_mu,disjoint_bag_coordinate_me_single_point_probe_v1,ok,,0.9625,10.0
ship vs truck,ship,truck,0,8,24,laplacian,large_mu,37,37,37,73,24,24820.06198360249,37731.82588985175,large_mu,disjoint_bag_coordinate_me_single_point_probe_v1,ok,,0.9675,1.0
ship vs truck,ship,truck,0,8,1,laplacian,small_mu,37,37,36,73,24,24820.06198360249,37731.82588985175,,disjoint_bag_coordinate_me_single_point_probe_v1,ok,,0.965,0.1
ship vs truck,ship,truck,0,8,2,laplacian,small_mu,37,37,36,73,24,24820.06198360249,37731.82588985175,small_mu,disjoint_bag_coordinate_me_single_point_probe_v1,ok,,0.965,1.0
ship vs truck,ship,truck,0,8,4,laplacian,small_mu,37,37,36,73,24,24820.06198360249,37731.82588985175,large_mu,disjoint_bag_coordinate_me_single_point_probe_v1,ok,,0.965,1.0
ship vs truck,ship,truck,0,8,6,laplacian,small_mu,37,37,36,73,24,24820.06198360249,37731.82588985175,large_mu,disjoint_bag_coordinate_me_single_point_probe_v1,ok,,0.965,10.0
ship vs truck,ship,truck,0,8,8,laplacian,small_mu,37,37,36,73,24,24820.06198360249,37731.82588985175,large_mu,disjoint_bag_coordinate_me_single_point_probe_v1,ok,,0.9625,1.0
ship vs truck,ship,truck,0,8,10,rbf,small_mu,37,37,36,73,24,30684.67975664114,49894.82042616511,large_mu,disjoint_bag_coordinate_me_single_point_probe_v1,ok,,0.965,1.0
ship vs truck,ship,truck,0,8,16,laplacian,small_mu,37,37,36,73,24,24820.06198360249,37731.82588985175,large_mu,disjoint_bag_coordinate_me_single_point_probe_v1,ok,,0.9625,1.0
ship vs truck,ship,truck,0,8,24,polynomial,small_mu,37,37,36,73,24,175548.2011498641,179318.3600094022,large_mu,disjoint_bag_coordinate_me_single_point_probe_v1,ok,,0.965,1.0
ship vs truck,ship,truck,0,16,1,linear,large_mu,18,18,18,35,19,48234414.19465819,13009485.325141303,,disjoint_bag_coordinate_me_single_point_probe_v1,ok,,0.955,0.1
ship vs truck,ship,truck,0,16,2,linear,large_mu,18,18,18,35,19,48234414.19465819,13009485.325141303,large_mu,disjoint_bag_coordinate_me_single_point_probe_v1,ok,,0.9575,0.1
ship vs truck,ship,truck,0,16,4,laplacian,large_mu,18,18,18,35,24,27319.620934347822,18307.22288280927,large_mu,disjoint_bag_coordinate_me_single_point_probe_v1,ok,,0.96,0.1
ship vs truck,ship,truck,0,16,6,laplacian,large_mu,18,18,18,35,24,27319.620934347822,18307.22288280927,large_mu,disjoint_bag_coordinate_me_single_point_probe_v1,ok,,0.9625,0.1
ship vs truck,ship,truck,0,16,8,laplacian,large_mu,18,18,18,35,24,27319.620934347822,18307.22288280927,large_mu,disjoint_bag_coordinate_me_single_point_probe_v1,ok,,0.9625,0.1
ship vs truck,ship,truck,0,16,10,laplacian,large_mu,18,18,18,35,24,27319.620934347822,18307.22288280927,large_mu,disjoint_bag_coordinate_me_single_point_probe_v1,ok,,0.9625,0.1
ship vs truck,ship,truck,0,16,16,linear,large_mu,18,18,18,35,19,48234414.19465819,13009485.325141303,large_mu,disjoint_bag_coordinate_me_single_point_probe_v1,ok,,0.965,1.0
ship vs truck,ship,truck,0,16,1,laplacian,small_mu,18,18,17,35,24,27319.620934347822,18307.22288280927,,disjoint_bag_coordinate_me_single_point_probe_v1,ok,,0.96,0.1
ship vs truck,ship,truck,0,16,2,polynomial,small_mu,18,18,17,35,24,210950.78775629992,90320.71074369816,large_mu,disjoint_bag_coordinate_me_single_point_probe_v1,ok,,0.9575,0.1
ship vs truck,ship,truck,0,16,4,laplacian,small_mu,18,18,17,35,24,27319.620934347822,18307.22288280927,large_mu,disjoint_bag_coordinate_me_single_point_probe_v1,ok,,0.9625,1.0
ship vs truck,ship,truck,0,16,6,laplacian,small_mu,18,18,17,35,24,27319.620934347822,18307.22288280927,large_mu,disjoint_bag_coordinate_me_single_point_probe_v1,ok,,0.9625,1.0
ship vs truck,ship,truck,0,16,8,laplacian,small_mu,18,18,17,35,24,27319.620934347822,18307.22288280927,large_mu,disjoint_bag_coordinate_me_single_point_probe_v1,ok,,0.9625,1.0
ship vs truck,ship,truck,0,16,10,laplacian,small_mu,18,18,17,35,24,27319.620934347822,18307.22288280927,large_mu,disjoint_bag_coordinate_me_single_point_probe_v1,ok,,0.9625,1.0
ship vs truck,ship,truck,0,16,16,laplacian,small_mu,18,18,17,35,24,27319.620934347822,18307.22288280927,large_mu,disjoint_bag_coordinate_me_single_point_probe_v1,ok,,0.96,0.1
ship vs truck,ship,truck,1,4,1,laplacian,large_mu,75,75,75,149,24,21776.37012880284,75543.01232003875,,disjoint_bag_coordinate_me_single_point_probe_v1,ok,,0.96,10.0
ship vs truck,ship,truck,1,4,2,laplacian,large_mu,75,75,75,149,24,21776.37012880284,75543.01232003875,small_mu,disjoint_bag_coordinate_me_single_point_probe_v1,ok,,0.965,0.1
ship vs truck,ship,truck,1,4,4,laplacian,large_mu,75,75,75,149,24,21776.37012880284,75543.01232003875,small_mu,disjoint_bag_coordinate_me_single_point_probe_v1,ok,,0.965,0.1
ship vs truck,ship,truck,1,4,6,laplacian,large_mu,75,75,75,149,24,21776.37012880284,75543.01232003875,large_mu,disjoint_bag_coordinate_me_single_point_probe_v1,ok,,0.965,0.1
ship vs truck,ship,truck,1,4,8,laplacian,large_mu,75,75,75,149,24,21776.37012880284,75543.01232003875,large_mu,disjoint_bag_coordinate_me_single_point_probe_v1,ok,,0.965,10.0
ship vs truck,ship,truck,1,4,10,laplacian,large_mu,75,75,75,149,24,21776.37012880284,75543.01232003875,large_mu,disjoint_bag_coordinate_me_single_point_probe_v1,ok,,0.97,10.0
ship vs truck,ship,truck,1,4,16,laplacian,large_mu,75,75,75,149,24,21776.37012880284,75543.01232003875,large_mu,disjoint_bag_coordinate_me_single_point_probe_v1,ok,,0.9675,1.0
ship vs truck,ship,truck,1,4,24,laplacian,large_mu,75,75,75,149,24,21776.37012880284,75543.01232003875,large_mu,disjoint_bag_coordinate_me_single_point_probe_v1,ok,,0.97,0.1
ship vs truck,ship,truck,1,4,1,laplacian,small_mu,75,75,74,149,24,21776.37012880284,75543.01232003875,,disjoint_bag_coordinate_me_single_point_probe_v1,ok,,0.975,0.1
ship vs truck,ship,truck,1,4,2,laplacian,small_mu,75,75,74,149,24,21776.37012880284,75543.01232003875,small_mu,disjoint_bag_coordinate_me_single_point_probe_v1,ok,,0.9725,1.0
ship vs truck,ship,truck,1,4,4,laplacian,small_mu,75,75,74,149,24,21776.37012880284,75543.01232003875,small_mu,disjoint_bag_coordinate_me_single_point_probe_v1,ok,,0.97,1.0
ship vs truck,ship,truck,1,4,6,laplacian,small_mu,75,75,74,149,24,21776.37012880284,75543.01232003875,large_mu,disjoint_bag_coordinate_me_single_point_probe_v1,ok,,0.9725,1.0
ship vs truck,ship,truck,1,4,8,laplacian,small_mu,75,75,74,149,24,21776.37012880284,75543.01232003875,large_mu,disjoint_bag_coordinate_me_single_point_probe_v1,ok,,0.9725,1.0
ship vs truck,ship,truck,1,4,10,laplacian,small_mu,75,75,74,149,24,21776.37012880284,75543.01232003875,large_mu,disjoint_bag_coordinate_me_single_point_probe_v1,ok,,0.9725,10.0
ship vs truck,ship,truck,1,4,16,laplacian,small_mu,75,75,74,149,24,21776.37012880284,75543.01232003875,large_mu,disjoint_bag_coordinate_me_single_point_probe_v1,ok,,0.9725,10.0
ship vs truck,ship,truck,1,4,24,laplacian,small_mu,75,75,74,149,24,21776.37012880284,75543.01232003875,large_mu,disjoint_bag_coordinate_me_single_point_probe_v1,ok,,0.97,1.0
ship vs truck,ship,truck,1,8,1,polynomial,large_mu,37,37,37,73,24,186016.1766705483,176356.93248349358,,disjoint_bag_coordinate_me_single_point_probe_v1,ok,,0.965,1.0
ship vs truck,ship,truck,1,8,2,polynomial,large_mu,37,37,37,73,24,186016.1766705483,176356.93248349358,large_mu,disjoint_bag_coordinate_me_single_point_probe_v1,ok,,0.965,0.1
ship vs truck,ship,truck,1,8,4,laplacian,large_mu,37,37,37,73,24,26659.78380985934,37736.10030379194,large_mu,disjoint_bag_coordinate_me_single_point_probe_v1,ok,,0.97,1.0
ship vs truck,ship,truck,1,8,6,laplacian,large_mu,37,37,37,73,24,26659.78380985934,37736.10030379194,large_mu,disjoint_bag_coordinate_me_single_point_probe_v1,ok,,0.975,1.0
ship vs truck,ship,truck,1,8,8,laplacian,large_mu,37,37,37,73,24,26659.78380985934,37736.10030379194,large_mu,disjoint_bag_coordinate_me_single_point_probe_v1,ok,,0.9675,1.0
ship vs truck,ship,truck,1,8,10,laplacian,large_mu,37,37,37,73,24,26659.78380985934,37736.10030379194,large_mu,disjoint_bag_coordinate_me_single_point_probe_v1,ok,,0.965,10.0
ship vs truck,ship,truck,1,8,16,laplacian,large_mu,37,37,37,73,24,26659.78380985934,37736.10030379194,large_mu,disjoint_bag_coordinate_me_single_point_probe_v1,ok,,0.9675,1.0
ship vs truck,ship,truck,1,8,24,laplacian,large_mu,37,37,37,73,24,26659.78380985934,37736.10030379194,large_mu,disjoint_bag_coordinate_me_single_point_probe_v1,ok,,0.9675,0.1
ship vs truck,ship,truck,1,8,1,laplacian,small_mu,37,37,36,73,24,26659.78380985934,37736.10030379194,,disjoint_bag_coordinate_me_single_point_probe_v1,ok,,0.965,0.1
ship vs truck,ship,truck,1,8,2,laplacian,small_mu,37,37,36,73,24,26659.78380985934,37736.10030379194,small_mu,disjoint_bag_coordinate_me_single_point_probe_v1,ok,,0.9675,1.0
ship vs truck,ship,truck,1,8,4,laplacian,small_mu,37,37,36,73,24,26659.78380985934,37736.10030379194,large_mu,disjoint_bag_coordinate_me_single_point_probe_v1,ok,,0.9675,1.0
ship vs truck,ship,truck,1,8,6,laplacian,small_mu,37,37,36,73,24,26659.78380985934,37736.10030379194,large_mu,disjoint_bag_coordinate_me_single_point_probe_v1,ok,,0.9625,10.0
ship vs truck,ship,truck,1,8,8,laplacian,small_mu,37,37,36,73,24,26659.78380985934,37736.10030379194,large_mu,disjoint_bag_coordinate_me_single_point_probe_v1,ok,,0.97,1.0
ship vs truck,ship,truck,1,8,10,laplacian,small_mu,37,37,36,73,24,26659.78380985934,37736.10030379194,large_mu,disjoint_bag_coordinate_me_single_point_probe_v1,ok,,0.97,1.0
ship vs truck,ship,truck,1,8,16,laplacian,small_mu,37,37,36,73,24,26659.78380985934,37736.10030379194,large_mu,disjoint_bag_coordinate_me_single_point_probe_v1,ok,,0.9775,1.0
ship vs truck,ship,truck,1,8,24,laplacian,small_mu,37,37,36,73,24,26659.78380985934,37736.10030379194,large_mu,disjoint_bag_coordinate_me_single_point_probe_v1,ok,,0.975,1.0
ship vs truck,ship,truck,1,16,1,laplacian,large_mu,18,18,18,35,24,27238.80126071128,18762.816045639996,,disjoint_bag_coordinate_me_single_point_probe_v1,ok,,0.955,1.0
ship vs truck,ship,truck,1,16,2,laplacian,large_mu,18,18,18,35,24,27238.80126071128,18762.816045639996,large_mu,disjoint_bag_coordinate_me_single_point_probe_v1,ok,,0.955,0.1
ship vs truck,ship,truck,1,16,4,polynomial,large_mu,18,18,18,35,24,206768.84651763825,92475.0389070507,large_mu,disjoint_bag_coordinate_me_single_point_probe_v1,ok,,0.9625,10.0
ship vs truck,ship,truck,1,16,6,polynomial,large_mu,18,18,18,35,24,206768.84651763825,92475.0389070507,large_mu,disjoint_bag_coordinate_me_single_point_probe_v1,ok,,0.9625,0.1
ship vs truck,ship,truck,1,16,8,laplacian,large_mu,18,18,18,35,24,27238.80126071128,18762.816045639996,large_mu,disjoint_bag_coordinate_me_single_point_probe_v1,ok,,0.965,0.1
ship vs truck,ship,truck,1,16,10,laplacian,large_mu,18,18,18,35,24,27238.80126071128,18762.816045639996,large_mu,disjoint_bag_coordinate_me_single_point_probe_v1,ok,,0.9675,1.0
ship vs truck,ship,truck,1,16,16,polynomial,large_mu,18,18,18,35,24,206768.84651763825,92475.0389070507,large_mu,disjoint_bag_coordinate_me_single_point_probe_v1,ok,,0.97,1.0
ship vs truck,ship,truck,1,16,1,polynomial,small_mu,18,18,17,35,24,206768.84651763825,92475.0389070507,,disjoint_bag_coordinate_me_single_point_probe_v1,ok,,0.97,1.0
ship vs truck,ship,truck,1,16,2,linear,small_mu,18,18,17,35,18,45683682.130869925,13730230.151716612,large_mu,disjoint_bag_coordinate_me_single_point_probe_v1,ok,,0.97,10.0
ship vs truck,ship,truck,1,16,4,linear,small_mu,18,18,17,35,18,45683682.130869925,13730230.151716612,large_mu,disjoint_bag_coordinate_me_single_point_probe_v1,ok,,0.97,10.0
ship vs truck,ship,truck,1,16,6,polynomial,small_mu,18,18,17,35,24,206768.84651763825,92475.0389070507,large_mu,disjoint_bag_coordinate_me_single_point_probe_v1,ok,,0.97,1.0
ship vs truck,ship,truck,1,16,8,polynomial,small_mu,18,18,17,35,24,206768.84651763825,92475.0389070507,large_mu,disjoint_bag_coordinate_me_single_point_probe_v1,ok,,0.97,10.0
ship vs truck,ship,truck,1,16,10,polynomial,small_mu,18,18,17,35,24,206768.84651763825,92475.0389070507,large_mu,disjoint_bag_coordinate_me_single_point_probe_v1,ok,,0.9675,1.0
ship vs truck,ship,truck,1,16,16,linear,small_mu,18,18,17,35,18,45683682.130869925,13730230.151716612,large_mu,disjoint_bag_coordinate_me_single_point_probe_v1,ok,,0.965,10.0
ship vs truck,ship,truck,2,4,1,laplacian,large_mu,75,75,75,149,24,21563.773854118503,75757.652147266,,disjoint_bag_coordinate_me_single_point_probe_v1,ok,,0.9675,10.0
ship vs truck,ship,truck,2,4,2,laplacian,large_mu,75,75,75,149,24,21563.773854118503,75757.652147266,small_mu,disjoint_bag_coordinate_me_single_point_probe_v1,ok,,0.97,0.1
ship vs truck,ship,truck,2,4,4,laplacian,large_mu,75,75,75,149,24,21563.773854118503,75757.652147266,small_mu,disjoint_bag_coordinate_me_single_point_probe_v1,ok,,0.97,1.0
ship vs truck,ship,truck,2,4,6,laplacian,large_mu,75,75,75,149,24,21563.773854118503,75757.652147266,large_mu,disjoint_bag_coordinate_me_single_point_probe_v1,ok,,0.9725,10.0
ship vs truck,ship,truck,2,4,8,laplacian,large_mu,75,75,75,149,24,21563.773854118503,75757.652147266,large_mu,disjoint_bag_coordinate_me_single_point_probe_v1,ok,,0.975,1.0
ship vs truck,ship,truck,2,4,10,rbf,large_mu,75,75,75,149,24,26406.07025672534,99792.35679363458,large_mu,disjoint_bag_coordinate_me_single_point_probe_v1,ok,,0.97,0.1
ship vs truck,ship,truck,2,4,16,laplacian,large_mu,75,75,75,149,24,21563.773854118503,75757.652147266,large_mu,disjoint_bag_coordinate_me_single_point_probe_v1,ok,,0.9725,0.1
ship vs truck,ship,truck,2,4,24,linear,large_mu,75,75,75,149,24,26447910.726703364,40061599.03570293,large_mu,disjoint_bag_coordinate_me_single_point_probe_v1,ok,,0.97,10.0
ship vs truck,ship,truck,2,4,1,laplacian,small_mu,75,75,74,149,24,21563.773854118503,75757.652147266,,disjoint_bag_coordinate_me_single_point_probe_v1,ok,,0.97,0.1
ship vs truck,ship,truck,2,4,2,laplacian,small_mu,75,75,74,149,24,21563.773854118503,75757.652147266,small_mu,disjoint_bag_coordinate_me_single_point_probe_v1,ok,,0.9725,1.0
ship vs truck,ship,truck,2,4,4,laplacian,small_mu,75,75,74,149,24,21563.773854118503,75757.652147266,small_mu,disjoint_bag_coordinate_me_single_point_probe_v1,ok,,0.9725,10.0
ship vs truck,ship,truck,2,4,6,laplacian,small_mu,75,75,74,149,24,21563.773854118503,75757.652147266,large_mu,disjoint_bag_coordinate_me_single_point_probe_v1,ok,,0.975,10.0
ship vs truck,ship,truck,2,4,8,laplacian,small_mu,75,75,74,149,24,21563.773854118503,75757.652147266,large_mu,disjoint_bag_coordinate_me_single_point_probe_v1,ok,,0.9725,1.0
ship vs truck,ship,truck,2,4,10,laplacian,small_mu,75,75,74,149,24,21563.773854118503,75757.652147266,large_mu,disjoint_bag_coordinate_me_single_point_probe_v1,ok,,0.9725,1.0
ship vs truck,ship,truck,2,4,16,laplacian,small_mu,75,75,74,149,24,21563.773854118503,75757.652147266,large_mu,disjoint_bag_coordinate_me_single_point_probe_v1,ok,,0.9725,1.0
ship vs truck,ship,truck,2,4,24,laplacian,small_mu,75,75,74,149,24,21563.773854118503,75757.652147266,large_mu,disjoint_bag_coordinate_me_single_point_probe_v1,ok,,0.9675,10.0
ship vs truck,ship,truck,2,8,1,polynomial,large_mu,37,37,37,73,24,166801.83816243135,181436.0961259329,,disjoint_bag_coordinate_me_single_point_probe_v1,ok,,0.97,10.0
ship vs truck,ship,truck,2,8,2,polynomial,large_mu,37,37,37,73,24,166801.83816243135,181436.0961259329,small_mu,disjoint_bag_coordinate_me_single_point_probe_v1,ok,,0.97,1.0
ship vs truck,ship,truck,2,8,4,polynomial,large_mu,37,37,37,73,24,166801.83816243135,181436.0961259329,large_mu,disjoint_bag_coordinate_me_single_point_probe_v1,ok,,0.97,0.1
ship vs truck,ship,truck,2,8,6,laplacian,large_mu,37,37,37,73,24,23730.254236302,37725.231997820854,large_mu,disjoint_bag_coordinate_me_single_point_probe_v1,ok,,0.9725,10.0
ship vs truck,ship,truck,2,8,8,laplacian,large_mu,37,37,37,73,24,23730.254236302,37725.231997820854,large_mu,disjoint_bag_coordinate_me_single_point_probe_v1,ok,,0.9725,0.1
ship vs truck,ship,truck,2,8,10,laplacian,large_mu,37,37,37,73,24,23730.254236302,37725.231997820854,large_mu,disjoint_bag_coordinate_me_single_point_probe_v1,ok,,0.97,0.1
ship vs truck,ship,truck,2,8,16,laplacian,large_mu,37,37,37,73,24,23730.254236302,37725.231997820854,large_mu,disjoint_bag_coordinate_me_single_point_probe_v1,ok,,0.9725,1.0
ship vs truck,ship,truck,2,8,24,polynomial,large_mu,37,37,37,73,24,166801.83816243135,181436.0961259329,large_mu,disjoint_bag_coordinate_me_single_point_probe_v1,ok,,0.975,0.1
ship vs truck,ship,truck,2,8,1,polynomial,small_mu,37,37,36,73,24,166801.83816243135,181436.0961259329,,disjoint_bag_coordinate_me_single_point_probe_v1,ok,,0.9725,0.1
ship vs truck,ship,truck,2,8,2,laplacian,small_mu,37,37,36,73,24,23730.254236302,37725.231997820854,small_mu,disjoint_bag_coordinate_me_single_point_probe_v1,ok,,0.9675,10.0
ship vs truck,ship,truck,2,8,4,laplacian,small_mu,37,37,36,73,24,23730.254236302,37725.231997820854,large_mu,disjoint_bag_coordinate_me_single_point_probe_v1,ok,,0.9725,10.0
ship vs truck,ship,truck,2,8,6,laplacian,small_mu,37,37,36,73,24,23730.254236302,37725.231997820854,large_mu,disjoint_bag_coordinate_me_single_point_probe_v1,ok,,0.97,1.0
ship vs truck,ship,truck,2,8,8,laplacian,small_mu,37,37,36,73,24,23730.254236302,37725.231997820854,large_mu,disjoint_bag_coordinate_me_single_point_probe_v1,ok,,0.975,1.0
ship vs truck,ship,truck,2,8,10,laplacian,small_mu,37,37,36,73,24,23730.254236302,37725.231997820854,large_mu,disjoint_bag_coordinate_me_single_point_probe_v1,ok,,0.97,1.0
ship vs truck,ship,truck,2,8,16,laplacian,small_mu,37,37,36,73,24,23730.254236302,37725.231997820854,large_mu,disjoint_bag_coordinate_me_single_point_probe_v1,ok,,0.97,1.0
ship vs truck,ship,truck,2,8,24,laplacian,small_mu,37,37,36,73,24,23730.254236302,37725.231997820854,large_mu,disjoint_bag_coordinate_me_single_point_probe_v1,ok,,0.97,10.0
ship vs truck,ship,truck,2,16,1,polynomial,large_mu,18,18,18,35,24,193975.59090758092,95033.41917964238,,disjoint_bag_coordinate_me_single_point_probe_v1,ok,,0.975,1.0
ship vs truck,ship,truck,2,16,2,polynomial,large_mu,18,18,18,35,24,193975.59090758092,95033.41917964238,large_mu,disjoint_bag_coordinate_me_single_point_probe_v1,ok,,0.975,0.1
ship vs truck,ship,truck,2,16,4,linear,large_mu,18,18,18,35,19,42950571.49595976,13855885.93512811,large_mu,disjoint_bag_coordinate_me_single_point_probe_v1,ok,,0.975,1.0
ship vs truck,ship,truck,2,16,6,rbf,large_mu,18,18,18,35,24,34150.92302353455,24934.14574573063,large_mu,disjoint_bag_coordinate_me_single_point_probe_v1,ok,,0.97,10.0
ship vs truck,ship,truck,2,16,8,linear,large_mu,18,18,18,35,19,42950571.49595976,13855885.93512811,large_mu,disjoint_bag_coordinate_me_single_point_probe_v1,ok,,0.9725,10.0
ship vs truck,ship,truck,2,16,10,linear,large_mu,18,18,18,35,19,42950571.49595976,13855885.93512811,large_mu,disjoint_bag_coordinate_me_single_point_probe_v1,ok,,0.9725,1.0
ship vs truck,ship,truck,2,16,16,rbf,large_mu,18,18,18,35,24,34150.92302353455,24934.14574573063,large_mu,disjoint_bag_coordinate_me_single_point_probe_v1,ok,,0.9725,0.1
ship vs truck,ship,truck,2,16,1,laplacian,small_mu,18,18,17,35,24,26308.345061353684,18766.4701639914,,disjoint_bag_coordinate_me_single_point_probe_v1,ok,,0.975,0.1
ship vs truck,ship,truck,2,16,2,laplacian,small_mu,18,18,17,35,24,26308.345061353684,18766.4701639914,large_mu,disjoint_bag_coordinate_me_single_point_probe_v1,ok,,0.9725,0.1
ship vs truck,ship,truck,2,16,4,laplacian,small_mu,18,18,17,35,24,26308.345061353684,18766.4701639914,large_mu,disjoint_bag_coordinate_me_single_point_probe_v1,ok,,0.975,1.0
ship vs truck,ship,truck,2,16,6,laplacian,small_mu,18,18,17,35,24,26308.345061353684,18766.4701639914,large_mu,disjoint_bag_coordinate_me_single_point_probe_v1,ok,,0.9725,1.0
ship vs truck,ship,truck,2,16,8,laplacian,small_mu,18,18,17,35,24,26308.345061353684,18766.4701639914,large_mu,disjoint_bag_coordinate_me_single_point_probe_v1,ok,,0.9725,1.0
ship vs truck,ship,truck,2,16,10,polynomial,small_mu,18,18,17,35,24,193975.59090758092,95033.41917964238,large_mu,disjoint_bag_coordinate_me_single_point_probe_v1,ok,,0.975,1.0
ship vs truck,ship,truck,2,16,16,polynomial,small_mu,18,18,17,35,24,193975.59090758092,95033.41917964238,large_mu,disjoint_bag_coordinate_me_single_point_probe_v1,ok,,0.9725,1.0
